{"n_joints": 18, "joint_descriptions": [[-0.0835505872964859, 0.41268789768218994, 0.4653353691101074, 0.18464072048664093, -0.03700519725680351, -0.9821091890335083, -0.997223973274231, -0.6886187791824341, 0.46465548872947693, 0.3320135474205017, -0.9995875358581543, -0.9999870657920837, -0.9994949698448181, -0.6000000238418579, 0.002677008742466569, -0.963729739189148, -0.5363103151321411, -0.5047506093978882, -0.9989664554595947, -1.0, -0.9939196109771729, -0.4863238036632538, 0.46027806401252747, -0.7024754285812378, -0.48544633388519287, -0.4135676324367523, -0.9698891043663025, -0.8027917146682739, -0.7492826581001282, -0.7100341320037842], [-0.5315524339675903, 0.37445303797721863, 0.21984489262104034, -0.9558107852935791, 0.021938521414995193, 0.29316282272338867, -0.9959325194358826, 0.01767638884484768, 0.31999844312667847, 0.12391215562820435, -0.9999203085899353, -0.9987956881523132, -0.9998006820678711, -0.6000000238418579, -0.00857264082878828, -0.9443179368972778, -0.4734582304954529, -0.887093722820282, -0.9945296049118042, -1.0, -0.9934887290000916, -0.5078598856925964, 0.43235117197036743, -0.7024754285812378, -0.48544633388519287, -0.4135676324367523, -0.9698891043663025, -0.8027917146682739, -0.7492826581001282, -0.7100341320037842], [0.22865694761276245, 0.38293465971946716, 0.012254846282303333, 0.04602246358990669, 0.9984307289123535, 0.03190702572464943, -0.9923839569091797, 0.36582624912261963, 0.4144410789012909, -0.08375224471092224, -1.0008472204208374, -0.9910809993743896, -0.9985321164131165, -0.6000000238418579, -0.051237691193819046, -0.8827582001686096, -0.7837998270988464, -1.0, -0.989327073097229, -0.43706393241882324, -0.9955484867095947, -0.42658108472824097, 0.4849243760108948, -0.7024754285812378, -0.48544633388519287, -0.4135676324367523, -0.9698891043663025, -0.8027917146682739, -0.7492826581001282, -0.7100341320037842], [0.3170549273490906, 0.4666678011417389, -0.42910876870155334, 0.0009656718466430902, 0.9999193549156189, 0.012662327848374844, -0.998715877532959, 0.22782255709171295, 0.39433446526527405, -0.6501303911209106, -0.999286949634552, -0.9998912811279297, -1.0003859996795654, -0.6000000238418579, 0.1257716715335846, -0.8535893559455872, -0.77934330701828, -0.46156617999076843, -0.9955260157585144, -0.40917885303497314, -0.9964575171470642, -0.002595936879515648, 0.4395780861377716, -0.7024754285812378, -0.48544633388519287, -0.4135676324367523, -0.9698891043663025, -0.8027917146682739, -0.7492826581001282, -0.7100341320037842], [-0.020737526938319206, 0.4377196729183197, -0.8724369406700134, 0.0435570664703846, 0.9984994530677795, -0.03318987041711807, -0.9990463852882385, 0.07469973713159561, 0.4695553481578827, -0.9035941362380981, -0.9997958540916443, -0.9915750026702881, -0.9994285106658936, -1.0, -0.05459076538681984, -0.9126794338226318, -0.8181575536727905, -0.7572657465934753, -0.9909947514533997, -1.0, -0.9966081976890564, -0.23398301005363464, 0.1829712688922882, -0.7024754285812378, -0.48544633388519287, -0.4135676324367523, -0.9698891043663025, -0.8027917146682739, -0.7492826581001282, -0.7100341320037842], [-0.15960876643657684, -0.39883923530578613, 0.4781058430671692, 0.18883401155471802, 0.005018610507249832, -0.9819961786270142, -0.9970179200172424, -0.6317183375358582, -0.4458579421043396, 0.34301987290382385, -0.9994849562644958, -0.9999914765357971, -1.0002484321594238, -0.6000000238418579, 0.009129919111728668, -0.9478225708007812, -0.6958637833595276, -0.4599118232727051, -0.9965232014656067, -1.0, -0.995866060256958, -0.4474693536758423, 0.4760417342185974, -0.7024754285812378, -0.48544633388519287, -0.4135676324367523, -0.9698891043663025, -0.8027917146682739, -0.7492826581001282, -0.7100341320037842], [-0.7068352103233337, -0.4551064074039459, 0.3013418912887573, -0.9659457206726074, 0.05363727733492851, 0.25312432646751404, -0.9960377216339111, -0.21239310503005981, -0.4346217215061188, 0.19874770939350128, -0.9999184608459473, -0.9990262389183044, -0.9999545812606812, -0.6000000238418579, -0.00022323944722302258, -0.9643715023994446, -0.3795265555381775, -0.5625388026237488, -0.9936628341674805, -0.7644747495651245, -0.9956170320510864, -0.45564359426498413, 0.46345290541648865, -0.7024754285812378, -0.48544633388519287, -0.4135676324367523, -0.9698891043663025, -0.8027917146682739, -0.7492826581001282, -0.7100341320037842], [0.13433733582496643, -0.45559319853782654, 0.07778998464345932, -0.061009470373392105, -0.9977017045021057, -0.029480434954166412, -0.9935947060585022, 0.2915969491004944, -0.5702133178710938, -0.06939993798732758, -1.0015034675598145, -0.9933167099952698, -0.9997020959854126, -0.6000000238418579, 0.05040612071752548, -0.8951497077941895, -0.6300716996192932, -0.7150424122810364, -0.989815354347229, -0.622776985168457, -0.9956318736076355, -0.501732587814331, 0.4424741566181183, -0.7024754285812378, -0.48544633388519287, -0.4135676324367523, -0.9698891043663025, -0.8027917146682739, -0.7492826581001282, -0.7100341320037842], [0.21581566333770752, -0.426276832818985, -0.4597674012184143, -0.0396585613489151, -0.9961342811584473, -0.0783819854259491, -0.9988733530044556, 0.04472621530294418, -0.3569473326206207, -0.7096267938613892, -0.9990972876548767, -1.0001063346862793, -1.0004730224609375, -0.6000000238418579, -0.11957375705242157, -0.8266502618789673, -0.7949966788291931, -0.25542715191841125, -0.9923226833343506, -0.983985185623169, -0.9959148168563843, -0.46332061290740967, -0.001370497397147119, -0.7024754285812378, -0.48544633388519287, -0.4135676324367523, -0.9698891043663025, -0.8027917146682739, -0.7492826581001282, -0.7100341320037842], [-0.07219702750444412, -0.3930232524871826, -0.8658736944198608, -0.02680070698261261, -0.9995958209037781, -0.009482767432928085, -0.9994250535964966, 0.05462828278541565, -0.4196752905845642, -0.8943764567375183, -0.9995688199996948, -0.9920026063919067, -0.9995903968811035, -1.0, 0.06609725952148438, -0.9405001997947693, -0.6773886680603027, -0.5154283046722412, -0.9891016483306885, -1.0, -0.99512779712677, -0.18246503174304962, 0.2706852853298187, -0.7024754285812378, -0.48544633388519287, -0.4135676324367523, -0.9698891043663025, -0.8027917146682739, -0.7492826581001282, -0.7100341320037842], [-0.10043083131313324, 0.732961118221283, 0.9994492530822754, -0.05998458340764046, 0.9971266388893127, 0.04626350477337837, -0.9974110722541809, -0.02394001930952072, 0.996430516242981, 1.0, -0.9995425343513489, -0.9999662637710571, -0.9999877214431763, -0.6000000238418579, 0.007007722742855549, -0.9555783271789551, -0.767600953578949, -1.0, -0.9939878582954407, -1.0, -0.9947894811630249, -0.49214568734169006, 0.46115797758102417, -0.7024754285812378, -0.48544633388519287, -0.4135676324367523, -0.9698891043663025, -0.8027917146682739, -0.7492826581001282, -0.7100341320037842], [-0.16635681688785553, 0.965398907661438, 0.9377660751342773, -0.9986297488212585, -0.02845449186861515, 0.04392017424106598, -0.9979483485221863, -0.20438691973686218, 0.9733423590660095, 0.8252096772193909, -0.9999375343322754, -1.0000455379486084, -0.9995933771133423, -0.6000000238418579, -0.009384305216372013, -0.9655300378799438, -0.4908024072647095, -0.6191146373748779, -0.9889355897903442, -0.9295806884765625, -0.9957171082496643, -0.44955626130104065, 0.42904233932495117, -0.7024754285812378, -0.48544633388519287, -0.4135676324367523, -0.9698891043663025, -0.8027917146682739, -0.7492826581001282, -0.7100341320037842], [-0.13058872520923615, 0.9106647968292236, 0.740679919719696, 0.06935937702655792, -0.003173211822286248, 0.9975866675376892, -0.9971595406532288, -0.1340733915567398, 0.9268863797187805, 0.617405891418457, -1.0000395774841309, -0.9993126392364502, -0.9999422430992126, -0.6000000238418579, 0.0066466969437897205, -0.9808527231216431, -0.6069368720054626, -1.0, -0.9908931255340576, -0.5606956481933594, -0.9956404566764832, -0.4724585711956024, 0.47595828771591187, -0.7024754285812378, -0.48544633388519287, 