{"n_joints": 18, "joint_descriptions": [[-0.12727482616901398, 0.4406406283378601, 0.5028782486915588, 0.16146953403949738, -0.05624031648039818, -0.9852738976478577, -0.9981629848480225, -0.7695726156234741, 0.526530385017395, 0.40806490182876587, -0.9997380375862122, -0.9999898672103882, -0.9996597170829773, -0.6000000238418579, 0.002655395306646824, -0.973431408405304, -0.6580559611320496, -0.32876190543174744, -1.0, -1.0, -0.9941025972366333, -0.49854788184165955, 0.46303674578666687, -0.7472423911094666, -0.529915988445282, -0.4580489993095398, -0.9815756678581238, -0.8157082200050354, -0.7897844910621643, -0.7778922915458679], [-0.5412080883979797, 0.38346636295318604, 0.23302438855171204, -0.9560416340827942, 0.059570569545030594, 0.28711631894111633, -0.9973130226135254, -0.03514223173260689, 0.33471107482910156, 0.10828901082277298, -0.999901533126831, -0.9991198778152466, -0.9999819397926331, -0.6000000238418579, -0.011609518900513649, -0.9484454989433289, -0.5738807916641235, -1.0, -0.9962139129638672, -1.0, -0.9937368035316467, -0.5201214551925659, 0.4201068580150604, -0.7472423911094666, -0.529915988445282, -0.4580489993095398, -0.9815756678581238, -0.8157082200050354, -0.7897844910621643, -0.7778922915458679], [0.23348946869373322, 0.4237668216228485, -0.031918928027153015, 0.08250279724597931, 0.9912063479423523, 0.10345631092786789, -0.9954116940498352, 0.3689793646335602, 0.4079039394855499, -0.06766872107982635, -1.000510573387146, -0.9936050176620483, -0.9985248446464539, -0.6000000238418579, -0.048191726207733154, -0.8913689851760864, -0.8617196679115295, -1.0, -0.9901343584060669, -0.2461342215538025, -0.9969621896743774, -0.41434845328330994, 0.4971381723880768, -0.7472423911094666, -0.529915988445282, -0.4580489993095398, -0.9815756678581238, -0.8157082200050354, -0.7897844910621643, -0.7778922915458679], [0.25548306107521057, 0.5609512329101562, -0.42351454496383667, 0.06004142388701439, 0.9980018734931946, 0.01967974193394184, -0.9991539120674133, 0.22133418917655945, 0.4572662115097046, -0.5996232032775879, -0.9995061755180359, -0.9999259114265442, -1.0001842975616455, -0.6000000238418579, 0.12874001264572144, -0.8723183274269104, -0.7900598645210266, -0.28821098804473877, -0.9971192479133606, -0.2105429768562317, -0.9977571368217468, 0.006995137315243483, 0.42737889289855957, -0.7472423911094666, -0.529915988445282, -0.4580489993095398, -0.9815756678581238, -0.8157082200050354, -0.7897844910621643, -0.7778922915458679], [0.015573231503367424, 0.5307656526565552, -0.8196344375610352, 0.13295799493789673, 0.9906012415885925, 0.03211420774459839, -0.999377965927124, 0.07744552940130234, 0.5933703184127808, -0.8429067134857178, -0.9994547367095947, -0.9944712519645691, -0.9996076226234436, -1.0, -0.05157595872879028, -0.9172403216362, -0.8739360570907593, -0.5829446911811829, -0.9912651181221008, -1.0, -0.9978860020637512, -0.22366183996200562, 0.1707257330417633, -0.7472423911094666, -0.529915988445282, -0.4580489993095398, -0.9815756678581238, -0.8157082200050354, -0.7897844910621643, -0.7778922915458679], [-0.25315606594085693, -0.42870965600013733, 0.5589938163757324, 0.15280842781066895, -0.012906983494758606, -0.9881715178489685, -0.998031735420227, -0.703453540802002, -0.5016676783561707, 0.471513956785202, -0.9996651411056519, -1.0000206232070923, -1.000158429145813, -0.6000000238418579, 0.012209268286824226, -0.9514069557189941, -0.7983626127243042, -0.29333561658859253, -0.9979360699653625, -1.0, -0.9972470998764038, -0.4353238642215729, 0.48821547627449036, -0.7472423911094666, -0.529915988445282, -0.4580489993095398, -0.9815756678581238, -0.8157082200050354, -0.7897844910621643, -0.7778922915458679], [-0.7904942631721497, -0.5097060799598694, 0.4238864481449127, -0.9604790210723877, 0.09908093512058258, 0.2601211667060852, -0.9973781704902649, -0.34111860394477844, -0.5309544205665588, 0.307681679725647, -0.9999381899833679, -0.9993659853935242, -0.9999874234199524, -0.6000000238418579, 0.0025636935606598854, -0.9710910320281982, -0.41892415285110474, -0.3791646361351013, -0.9934857487678528, -0.7274327278137207, -0.9955998659133911, -0.44356369972229004, 0.47524169087409973, -0.7472423911094666, -0.529915988445282, -0.4580489993095398, -0.9815756678581238, -0.8157082200050354, -0.7897844910621643, -0.7778922915458679], [0.07653838396072388, -0.5410562753677368, 0.16523073613643646, -0.07622989267110825, -0.9970759153366089, -0.005351091735064983, -0.9961974024772644, 0.25508612394332886, -0.6400961875915527, 0.0210955198854208, -1.00006103515625, -0.9955486059188843, -1.0002615451812744, -0.6000000238418579, 0.04739132896065712, -0.9018638134002686, -0.656172513961792, -0.5266364812850952, -0.9905615448951721, -0.4223096966743469, -0.9959750175476074, -0.514004111289978, 0.4303268790245056, -0.7472423911094666, -0.529915988445282, -0.4580489993095398, -0.9815756678581238, -0.8157082200050354, -0.7897844910621643, -0.7778922915458679], [0.05429806932806969, -0.4944283068180084, -0.33459779620170593, -0.07143819332122803, -0.9948288202285767, 0.07219540327787399, -0.999323308467865, -0.10541902482509613, -0.3831104636192322, -0.5716943144798279, -0.999419629573822, -1.0001780986785889, -1.0002909898757935, -0.6000000238418579, -0.1165696382522583, -0.8346255421638489, -0.8468780517578125, -0.07165436446666718, -0.9923264980316162, -0.7866150140762329, -0.9972895383834839, -0.45238423347473145, -0.013023167848587036, -0.7472423911094666, -0.529915988445282, -0.4580489993095398, -0.9815756678581238, -0.8157082200050354, -0.7897844910621643, -0.7778922915458679], [-0.10032098740339279, -0.45567840337753296, -0.6411810517311096, -0.10041208565235138, -0.9948533773422241, 0.013573034666478634, -0.9996923208236694, -0.016809167340397835, -0.5185520052909851, -0.6445228457450867, -0.9989894032478333, -0.9949007034301758, -1.0000146627426147, -1.0, 0.0636623352766037, -0.9585720896720886, -0.6993392109870911, -0.3427022397518158, -0.9898800253868103, -1.0, -0.9951382279396057, -0.170212522149086, 0.28292250633239746, -0.7472423911094666, -0.529915988445282, -0.4580489993095398, -0.9815756678581238, -0.8157082200050354, -0.7897844910621643, -0.7778922915458679], [-0.2151658535003662, 0.7095505595207214, 0.9863808751106262, 0.05461803451180458, 0.9959665536880493, -0.0711866021156311, -0.9982860684394836, -0.11319862306118011, 1.0, 1.0, -0.9996857643127441, -1.0000056028366089, -1.000022053718567, -0.6000000238418579, 0.010029452852904797, -0.957981288433075, -0.8573976755142212, -1.0, -0.9938260316848755, -1.0, -0.994846522808075, -0.504368245601654, 0.4726105332374573, -0.7472423911094666, -0.529915988445282, -0.4580489993095398, -0.9815756678581238, -0.8157082200050354, -0.7897844910621643, -0.7778922915458679], [-0.3152129650115967, 0.9138807058334351, 0.8893305063247681, -0.9984247088432312, 0.043563347309827805, 0.035359904170036316, -0.9988066554069519, -0.3794664740562439, 0.8958556652069092, 0.8358076810836792, -0.9999351501464844, -1.0000019073486328, -0.9997385144233704, -0.6000000238418579, -0.006702754646539688, -0.9668394327163696, -0.5130571126937866, -0.4302080273628235, -0.9894356727600098, -0.9880547523498535, -0.9957427978515625, -0.43738889694213867, 0.41680535674095154, -0.7472423911094666, -0.529915988445282, -0.4580489993095398, -0.9815756678581238, -0.8157082200050354, -0.7897844910621643, -0.7778922915458679], [-0.26429483294487, 0.8211284875869751, 0.6923120021820068, 0.11372602730989456, -0.026990994811058044, 0.9931454658508301, -0.9982998967170715, -0.24157527089118958, 0.8834566473960876, 0.5627145171165466, -0.9999909996986389, -0.9995004534721375, -0.999995768070221, -0.6000000238418579, 0.009638279676437378, -0.9882841110229492, -0.720839262008667, -1.0, -0.9911252856254578, -0.36897921562194824, -0.9970462918281555, -0.484603613615036, 0.4881129562854767, -0.7472423911094666, -0.529915988445282, -0.4580489993095398, -0.9815756678581238, -0.8157082200050354, -0.7897844910621643, 