{"n_joints": 18, "joint_descriptions": [[-0.17531481385231018, 0.3173072934150696, 0.3663288950920105, 0.16990302503108978, -0.0013371793320402503, -0.9854598641395569, -0.9962318539619446, -0.46657630801200867, 0.31965041160583496, 0.20962241291999817, -0.9999586343765259, -0.999787449836731, -0.9999234080314636, -0.6000000238418579, -4.324789642851101e-06, -0.9588876366615295, -0.4762471914291382, -0.8676036596298218, -0.9924231171607971, -0.9952626824378967, -0.9946135878562927, -0.4643939435482025, 0.46159088611602783, -0.6618576645851135, -0.5153948068618774, -0.3577353060245514, -0.9520359635353088, -0.7766307592391968, -0.6157650947570801, -0.45760589838027954], [-0.45094653964042664, 0.31518304347991943, 0.19352197647094727, -0.9655538201332092, 0.0031575311440974474, 0.2601843774318695, -0.9946749806404114, -0.10359688848257065, 0.2628805935382843, 0.15551315248012543, -0.9999665021896362, -0.9998515248298645, -0.9996927380561829, -0.6000000238418579, -0.0005529316840693355, -0.9607278108596802, -0.49404263496398926, -0.9022059440612793, -0.9926757216453552, -1.0, -0.9945761561393738, -0.4580562710762024, 0.45846426486968994, -0.6618576645851135, -0.5153948068618774, -0.3577353060245514, -0.9520359635353088, -0.7766307592391968, -0.6157650947570801, -0.45760589838027954], [-0.011443120427429676, 0.30624881386756897, 0.11815082281827927, 0.000998842529952526, 0.9999939799308777, 0.0033189686946570873, -0.9883368611335754, 0.1393360197544098, 0.4137924015522003, -0.031594641506671906, -1.003434658050537, -0.9985902309417725, -1.001296043395996, -0.6000000238418579, -0.06337419897317886, -0.9172248840332031, -0.5623051524162292, -0.9160208702087402, -0.9933886528015137, -1.0, -0.9948545694351196, -0.46098893880844116, 0.46407970786094666, -0.6618576645851135, -0.5153948068618774, -0.3577353060245514, -0.9520359635353088, -0.7766307592391968, -0.6157650947570801, -0.45760589838027954], [0.42475154995918274, 0.30810225009918213, -0.3636952340602875, -0.002824553521350026, 0.9999939799308777, -0.0020243260078132153, -0.9984914064407349, 0.20054113864898682, 0.31360796093940735, -0.6180879473686218, -0.9999088048934937, -0.999535083770752, -1.0000178813934326, -0.6000000238418579, 0.12338706105947495, -0.8276807069778442, -0.7906571626663208, -0.8683474063873291, -0.9929598569869995, -1.0, -0.9947299361228943, -0.00046653178287670016, 0.4589191675186157, -0.6618576645851135, -0.5153948068618774, -0.3577353060245514, -0.9520359635353088, -0.7766307592391968, -0.6157650947570801, -0.45760589838027954], [-0.10509055852890015, 0.30579859018325806, -0.8935012817382812, 0.0005499650724232197, 0.9999953508377075, -0.0030010694172233343, -0.9987814426422119, 0.026823213323950768, 0.3082556128501892, -0.9209283590316772, -0.9995597004890442, -0.9988022446632385, -0.9957543015480042, -1.0, -0.062311362475156784, -0.9170249104499817, -0.7496148347854614, -0.9528071880340576, -0.9925764203071594, -0.9370201230049133, -0.9947947859764099, -0.23088480532169342, 0.23463204503059387, -0.6618576645851135, -0.5153948068618774, -0.3577353060245514, -0.9520359635353088, -0.7766307592391968, -0.6157650947570801, -0.45760589838027954], [-0.16377553343772888, -0.33408495783805847, 0.3651074469089508, 0.17287705838680267, 0.00024213087453972548, -0.9849433898925781, -0.996313750743866, -0.4534441828727722, -0.331999808549881, 0.2118373066186905, -0.9999135732650757, -0.9997925758361816, -1.0000171661376953, -0.6000000238418579, -5.10405188833829e-05, -0.9595134854316711, -0.4959069490432739, -0.9306460022926331, -0.9932202100753784, -1.0, -0.9948102831840515, -0.46203404664993286, 0.4608372151851654, -0.6618576645851135, -0.5153948068618774, -0.3577353060245514, -0.9520359635353088, -0.7766307592391968, -0.6157650947570801, -0.45760589838027954], [-0.4332808256149292, -0.3304349184036255, 0.18622387945652008, -0.9658340811729431, -0.0003003746678587049, 0.2591610252857208, -0.9946406483650208, -0.08271655440330505, -0.27660882472991943, 0.14864718914031982, -0.9997820258140564, -0.9998483061790466, -0.9997783899307251, -0.6000000238418579, -0.00015309694572351873, -0.959182620048523, -0.4661875069141388, -0.8583605885505676, -0.9929086565971375, -1.0, -0.9948632121086121, -0.46176815032958984, 0.46225953102111816, -0.6618576645851135, -0.5153948068618774, -0.3577353060245514, -0.9520359635353088, -0.7766307592391968, -0.6157650947570801, -0.45760589838027954], [-0.002793604740872979, -0.3220188021659851, 0.10784615576267242, -0.0003384063020348549, -0.9999999403953552, -0.000119490796350874, -0.9881954789161682, 0.1436987966299057, -0.42580997943878174, -0.04414108023047447, -1.0036498308181763, -0.9990870356559753, -1.0012598037719727, -0.6000000238418579, 0.06244413182139397, -0.9123038053512573, -0.5685051083564758, -0.8561760783195496, -0.9931996464729309, -0.9725633263587952, -0.9948017597198486, -0.46045756340026855, 0.4595823884010315, -0.6618576645851135, -0.5153948068618774, -0.3577353060245514, -0.9520359635353088, -0.7766307592391968, -0.6157650947570801, -0.45760589838027954], [0.42368632555007935, -0.3226057291030884, -0.3742539584636688, -0.0001823607599362731, -0.9999948740005493, 0.00319686159491539, -0.9984598755836487, 0.19025926291942596, -0.32273155450820923, -0.6300238966941833, -0.9998385310173035, -0.9995588064193726, -1.000062108039856, -0.6000000238418579, -0.12364424020051956, -0.8299633264541626, -0.7861453890800476, -0.9578514695167542, -0.9929210543632507, -0.9914647936820984, -0.994782030582428, -0.46154114603996277, -0.001128003466874361, -0.6618576645851135, -0.5153948068618774, -0.3577353060245514, -0.9520359635353088, -0.7766307592391968, -0.6157650947570801, -0.45760589838027954], [-0.11875998228788376, -0.3230261504650116, -0.9066603183746338, -0.0016219847602769732, -0.9999986290931702, 0.00026217952836304903, -0.9987549185752869, 0.0033096540719270706, -0.3232094347476959, -0.9349629878997803, -0.9988101124763489, -0.9987916946411133, -0.9958968758583069, -1.0, 0.061709169298410416, -0.9174916744232178, -0.7422631978988647, -0.9002558588981628, -0.9933009147644043, -1.0, -0.9948055148124695, -0.2348882406949997, 0.22958452999591827, -0.6618576645851135, -0.5153948068618774, -0.3577353060245514, -0.9520359635353088, -0.7766307592391968, -0.6157650947570801, -0.45760589838027954], [-0.05993429198861122, 0.6932554841041565, 0.9972031712532043, 0.005788858514279127, 0.999970018863678, 0.005143546964973211, -0.9965050220489502, -0.010689977556467056, 0.9069321751594543, 0.9974578022956848, -0.9999380707740784, -1.0000205039978027, -0.9998664855957031, -0.6000000238418579, 0.00014133706281427294, -0.9581485390663147, -0.45648276805877686, -0.9711396098136902, -0.9929468035697937, -1.0, -0.9949405193328857, -0.46355491876602173, 0.4610993564128876, -0.6618576645851135, -0.5153948068618774, -0.3577353060245514, -0.9520359635353088, -0.7766307592391968, -0.6157650947570801, -0.45760589838027954], [-0.06079421937465668, 0.9241158962249756, 1.0, -0.9999992251396179, -0.0007037323084659874, 0.0010159113444387913, -0.9964932203292847, -0.05908438190817833, 0.9358978271484375, 0.8322675228118896, -0.9999607801437378, -1.0001791715621948, -0.9999576210975647, -0.6000000238418579, -0.007867987267673016, -0.9594510197639465, -0.4897227883338928, -0.8861007690429688, -0.9933394193649292, -0.9601454734802246, -0.9947719573974609, -0.4628905951976776, 0.45967286825180054, -0.6618576645851135, -0.5153948068618774, -0.3577353060245514, -0.9520359635353088, -0.7766307592391968, -0.6157650947570801, -0.45760589838027954], [-0.05776192620396614, 0.9413009285926819, 0.7885459065437317, 0.0001845725637394935, -0.0567292794585228, 0.9983896017074585, -0.9959365725517273, -0.05679481104016304, 0.8824078440666199, 0.6552207469940186, -1.0002093315124512, -0.9999186396598816, -0.999976396560669, -0.6000000238418579, 0.00048077639075927436, -0.9590874910354614, -0.4923134446144104, -0.9319156408309937, -0.9926013946533203, -1.0, -0.9948907494544983, 