{"n_joints": 18, "joint_descriptions": [[-0.16197143495082855, 0.3182780146598816, 0.3677182197570801, 0.17645318806171417, -0.0019132698653265834, -0.9843071699142456, -0.9961214065551758, -0.4889320135116577, 0.3167074918746948, 0.20338061451911926, -0.9999130964279175, -0.9997930526733398, -0.9998875856399536, -0.6000000238418579, -0.0001905056124087423, -0.959079384803772, -0.48637232184410095, -0.9466800689697266, -0.9918442368507385, -0.979314923286438, -0.9946436285972595, -0.4604092538356781, 0.46177396178245544, -0.6492776870727539, -0.5216768383979797, -0.3631960153579712, -0.9493071436882019, -0.7770185470581055, -0.6147744059562683, -0.491795152425766], [-0.48725301027297974, 0.31884756684303284, 0.19202102720737457, -0.9651855230331421, -0.003358204150572419, 0.26154476404190063, -0.994634211063385, -0.10410766303539276, 0.2684491276741028, 0.1465274542570114, -0.9999842643737793, -0.9997513294219971, -0.9996926784515381, -0.6000000238418579, 0.0006220467621460557, -0.962350070476532, -0.4686426818370819, -0.8520494699478149, -0.9930171370506287, -0.9641796350479126, -0.9949306845664978, -0.4533681571483612, 0.46411576867103577, -0.6492776870727539, -0.5216768383979797, -0.3631960153579712, -0.9493071436882019, -0.7770185470581055, -0.6147744059562683, -0.491795152425766], [0.010054480284452438, 0.3116161823272705, 0.10993362218141556, -0.008588571101427078, 0.9999629855155945, 0.0005059464601799846, -0.9877687692642212, 0.13723796606063843, 0.42422595620155334, -0.03764231503009796, -1.0033835172653198, -0.9977149963378906, -1.001175045967102, -0.6000000238418579, -0.0646737739443779, -0.9212844371795654, -0.5420539379119873, -0.9150202870368958, -0.9936881065368652, -1.0, -0.9946301579475403, -0.4680296778678894, 0.4611611068248749, -0.6492776870727539, -0.5216768383979797, -0.3631960153579712, -0.9493071436882019, -0.7770185470581055, -0.6147744059562683, -0.491795152425766], [0.407183974981308, 0.30438804626464844, -0.3726048767566681, -0.0008569045457988977, 0.9999996423721313, 0.0001511891168775037, -0.998426616191864, 0.21378286182880402, 0.315032958984375, -0.6243577599525452, -0.9998179078102112, -0.9995203018188477, -1.000059962272644, -0.6000000238418579, 0.12240767478942871, -0.8235906362533569, -0.7744027972221375, -0.9492984414100647, -0.9931063055992126, -1.0, -0.9950034022331238, -0.00033204429200850427, 0.46060723066329956, -0.6492776870727539, -0.5216768383979797, -0.3631960153579712, -0.9493071436882019, -0.7770185470581055, -0.6147744059562683, -0.491795152425766], [-0.058602143079042435, 0.3072839081287384, -0.8987386226654053, -0.0016052952269092202, 0.9999986886978149, -0.00024674058659002185, -0.9987488389015198, 0.09442061185836792, 0.30960506200790405, -0.924451470375061, -0.9999122619628906, -0.9979138970375061, -0.995816707611084, -1.0, -0.06324465572834015, -0.9154729843139648, -0.7549495100975037, -0.9089609980583191, -0.9931129217147827, -0.8514395356178284, -0.9949967861175537, -0.2301734983921051, 0.23863984644412994, -0.6492776870727539, -0.5216768383979797, -0.3631960153579712, -0.9493071436882019, -0.7770185470581055, -0.6147744059562683, -0.491795152425766], [-0.15224310755729675, -0.32034775614738464, 0.37181466817855835, 0.17461007833480835, -0.0023718213196843863, -0.9846348166465759, -0.9961737990379333, -0.4982543885707855, -0.3141939640045166, 0.20908811688423157, -0.9998630285263062, -0.999795138835907, -1.0000511407852173, -0.6000000238418579, -0.0018137195147573948, -0.9622688889503479, -0.4548340141773224, -0.9928039908409119, -0.9924401044845581, -0.9604793190956116, -0.9946591258049011, -0.4581972658634186, 0.4647655785083771, -0.6492776870727539, -0.5216768383979797, -0.3631960153579712, -0.9493071436882019, -0.7770185470581055, -0.6147744059562683, -0.491795152425766], [-0.4697250723838806, -0.31660252809524536, 0.18758095800876617, -0.9670340418815613, -0.008747413754463196, 0.25449687242507935, -0.9944772124290466, -0.06849560141563416, -0.26396673917770386, 0.1396854966878891, -0.9998030662536621, -0.9997320771217346, -0.9997708201408386, -0.6000000238418579, -2.9203009034972638e-05, -0.9586774110794067, -0.4895063042640686, -0.9435681700706482, -0.9927370548248291, -0.955603301525116, -0.9946495294570923, -0.4620203673839569, 0.45966464281082153, -0.6492776870727539, -0.5216768383979797, -0.3631960153579712, -0.9493071436882019, -0.7770185470581055, -0.6147744059562683, -0.491795152425766], [0.006030023097991943, -0.30253031849861145, 0.10587660223245621, 0.014252235181629658, -0.9998952746391296, 0.0025158878415822983, -0.9872404336929321, 0.1363428384065628, -0.40636345744132996, -0.04781398922204971, -1.003919005393982, -0.9983404874801636, -1.001325249671936, -0.6000000238418579, 0.06274981051683426, -0.9182648658752441, -0.5601041913032532, -0.8614199161529541, -0.9936422109603882, -0.9840555787086487, -0.9947175979614258, -0.4539938271045685, 0.45926594734191895, -0.6492776870727539, -0.5216768383979797, -0.3631960153579712, -0.9493071436882019, -0.7770185470581055, -0.6147744059562683, -0.491795152425766], [0.38512980937957764, -0.30331727862358093, -0.3669154644012451, 0.014817836694419384, -0.9998786449432373, -0.004804270341992378, -0.9984133839607239, 0.1803639680147171, -0.31415534019470215, -0.6200907230377197, -0.9997616410255432, -0.999559760093689, -1.000098705291748, -0.6000000238418579, -0.12197119742631912, -0.81856369972229, -0.7748268842697144, -0.9401445984840393, -0.9924095273017883, -1.0, -0.9946964383125305, -0.4617003798484802, 0.0012528494698926806, -0.6492776870727539, -0.5216768383979797, -0.3631960153579712, -0.9493071436882019, -0.7770185470581055, -0.6147744059562683, -0.491795152425766], [-0.09969814866781235, -0.31148219108581543, -0.8963686227798462, 0.020557329058647156, -0.9997873902320862, -0.001604194869287312, -0.9986328482627869, 0.0502372607588768, -0.3130035698413849, -0.9228317141532898, -0.9991688132286072, -0.9978981018066406, -0.9957533478736877, -1.0, 0.06260525435209274, -0.9204057455062866, -0.7590234279632568, -0.9661442637443542, -0.9937320947647095, -0.9714984893798828, -0.9948084354400635, -0.23891577124595642, 0.22325849533081055, -0.6492776870727539, -0.5216768383979797, -0.3631960153579712, -0.9493071436882019, -0.7770185470581055, -0.6147744059562683, -0.491795152425766], [-0.026454797014594078, 0.7000649571418762, 0.9933629631996155, -0.007316086441278458, 0.9999702572822571, 0.002444581361487508, -0.9962486028671265, 0.03557173162698746, 0.9074418544769287, 0.9931429028511047, -0.9998928308486938, -1.0000115633010864, -0.9998650550842285, -0.6000000238418579, -0.0017215004190802574, -0.957801878452301, -0.43288111686706543, -0.8950505256652832, -0.9927165508270264, -0.8978722095489502, -0.9945374727249146, -0.457182377576828, 0.4617049992084503, -0.6492776870727539, -0.5216768383979797, -0.3631960153579712, -0.9493071436882019, -0.7770185470581055, -0.6147744059562683, -0.491795152425766], [-0.015655536204576492, 0.9290262460708618, 1.0, -0.9998500347137451, -0.0024305926635861397, -0.017147274687886238, -0.9962486624717712, -0.017613928765058517, 0.9413994550704956, 0.8309646248817444, -0.999967098236084, -1.0001797676086426, -0.999913215637207, -0.6000000238418579, -0.007249811198562384, -0.9580650925636292, -0.4658108353614807, -0.8938462734222412, -0.9936940670013428, -1.0, -0.9947158694267273, -0.45851272344589233, 0.46645885705947876, -0.6492776870727539, -0.5216768383979797, -0.3631960153579712, -0.9493071436882019, -0.7770185470581055, -0.6147744059562683, -0.491795152425766], [-0.0015062085585668683, 0.9515077471733093, 0.7930823564529419, -0.01571298949420452, -0.05066379904747009, 0.9985921382904053, -0.9959304332733154, -0.0029865100514143705, 0.8848689794540405, 0.6633745431900024, -1.0002013444900513, -0.9998571872711182, -0.9999852776527405, -0.6000000238418579, -0.0008525517187081277, -0.9550350904464722, -0.48884493112564087, -0.8111146092414856, -0.993171751499176, -1.0, -0.9945864081382751, 