{"n_joints": 18, "joint_descriptions": [[-0.051106203347444534, 0.3600224256515503, 0.43707433342933655, 0.15852545201778412, 0.006775361485779285, -0.9873316287994385, -0.9968128204345703, -0.6011936068534851, 0.37425923347473145, 0.2854696810245514, -0.999607264995575, -0.9999717473983765, -0.9995755553245544, -0.6000000238418579, -0.0001845767255872488, -0.9599623680114746, -0.4688262343406677, -0.711022675037384, -0.9970739483833313, -0.8952301740646362, -0.9945370554924011, -0.47199246287345886, 0.46188122034072876, -0.6802690029144287, -0.49587175250053406, -0.4226514399051666, -0.9621937870979309, -0.8015416860580444, -0.7064593434333801, -0.6540547609329224], [-0.5054857730865479, 0.3421761393547058, 0.2131982445716858, -0.970372200012207, 0.0038118974771350622, 0.2415849268436432, -0.9952743649482727, 0.057450927793979645, 0.28503191471099854, 0.12890881299972534, -0.9999762773513794, -0.9990004897117615, -0.9998295307159424, -0.6000000238418579, -0.005043291952461004, -0.9466612339019775, -0.48579058051109314, -0.7666103839874268, -0.9929264187812805, -1.0, -0.994096040725708, -0.49300235509872437, 0.44687777757644653, -0.6802690029144287, -0.49587175250053406, -0.4226514399051666, -0.9621937870979309, -0.8015416860580444, -0.7064593434333801, -0.6540547609329224], [0.21733659505844116, 0.337790846824646, 0.05139948055148125, -0.0011595903197303414, 0.9992813467979431, 0.03788740932941437, -0.990307629108429, 0.3555273413658142, 0.4061972498893738, -0.0801055058836937, -1.0010535717010498, -0.9925341010093689, -0.9989315867424011, -0.6000000238418579, -0.05479634925723076, -0.8879073858261108, -0.7081310153007507, -0.9443966150283813, -0.9898645877838135, -0.6379253268241882, -0.9946741461753845, -0.4412289559841156, 0.4707014262676239, -0.6802690029144287, -0.49587175250053406, -0.4226514399051666, -0.9621937870979309, -0.8015416860580444, -0.7064593434333801, -0.6540547609329224], [0.39813515543937683, 0.3940121531486511, -0.40822064876556396, -0.008766479790210724, 0.9996368288993835, 0.02548154816031456, -0.9985349178314209, 0.2438184767961502, 0.359262079000473, -0.6525729894638062, -0.9993472695350647, -0.9997352361679077, -1.0002912282943726, -0.6000000238418579, 0.12295801192522049, -0.8366195559501648, -0.7950563430786133, -0.6944622993469238, -0.9936947226524353, -0.6428375840187073, -0.9951212406158447, 0.0007669366314075887, 0.4536442756652832, -0.6802690029144287, -0.49587175250053406, -0.4226514399051666, -0.9621937870979309, -0.8015416860580444, -0.7064593434333801, -0.6540547609329224], [-0.015506991185247898, 0.39599499106407166, -0.8885887861251831, 0.01788361556828022, 0.9995145201683044, 0.025512611493468285, -0.9988325834274292, 0.10719850659370422, 0.4049427807331085, -0.9206222891807556, -0.9999963641166687, -0.9923920631408691, -0.998528778553009, -1.0, -0.05786683037877083, -0.9186046719551086, -0.765613853931427, -0.9615355134010315, -0.9917671084403992, -1.0, -0.9952574372291565, -0.23274721205234528, 0.1977856159210205, -0.6802690029144287, -0.49587175250053406, -0.4226514399051666, -0.9621937870979309, -0.8015416860580444, -0.7064593434333801, -0.6540547609329224], [-0.10167208313941956, -0.3841041028499603, 0.4382050633430481, 0.16861730813980103, -0.011488362215459347, -0.9856146574020386, -0.9965920448303223, -0.5768988728523254, -0.4104004204273224, 0.2814880907535553, -0.9995261430740356, -0.9999535083770752, -1.0002328157424927, -0.6000000238418579, 0.005366972181946039, -0.9504173398017883, -0.5912234783172607, -0.6280006766319275, -0.9948251843452454, -1.0, -0.9946994185447693, -0.46072372794151306, 0.4625551998615265, -0.6802690029144287, -0.49587175250053406, -0.4226514399051666, -0.9621937870979309, -0.8015416860580444, -0.7064593434333801, -0.6540547609329224], [-0.6256745457649231, -0.42106103897094727, 0.2500948905944824, -0.9677272439002991, 0.039981741458177567, 0.2488081157207489, -0.9954542517662048, -0.10968226939439774, -0.3746093213558197, 0.17088085412979126, -0.9999098777770996, -0.9991070628166199, -0.9999191164970398, -0.6000000238418579, -0.0016561620868742466, -0.9613279700279236, -0.41472843289375305, -0.7652298808097839, -0.9937587976455688, -0.9690794944763184, -0.9954187870025635, -0.4666256904602051, 0.4554518759250641, -0.6802690029144287, -0.49587175250053406, -0.4226514399051666, -0.9621937870979309, -0.8015416860580444, -0.7064593434333801, -0.6540547609329224], [0.1600700318813324, -0.42668136954307556, 0.06600972265005112, -0.04248899221420288, -0.9990696907043457, -0.007374957203865051, -0.9917033910751343, 0.30076688528060913, -0.5351353883743286, -0.07530627399682999, -1.000848412513733, -0.9936515092849731, -0.9998965263366699, -0.6000000238418579, 0.05393776297569275, -0.9010553956031799, -0.5925941467285156, -0.9020928144454956, -0.9903772473335266, -0.864497184753418, -0.9949920177459717, -0.48689794540405273, 0.45621219277381897, -0.6802690029144287, -0.49587175250053406, -0.4226514399051666, -0.9621937870979309, -0.8015416860580444, -0.7064593434333801, -0.6540547609329224], [0.33806100487709045, -0.43236464262008667, -0.4621674716472626, -0.031658101826906204, -0.9987046122550964, -0.03983531519770622, -0.998604416847229, 0.1608843356370926, -0.3990352153778076, -0.7125639915466309, -0.9991784691810608, -0.9999573230743408, -1.0004173517227173, -0.6000000238418579, -0.12301428616046906, -0.8385289907455444, -0.7814008593559265, -0.4511622190475464, -0.9932595491409302, -1.0, -0.9947217702865601, -0.4662988781929016, 0.005571131594479084, -0.6802690029144287, -0.49587175250053406, -0.4226514399051666, -0.9621937870979309, -0.8015416860580444, -0.7064593434333801, -0.6540547609329224], [-0.062012214213609695, -0.42679595947265625, -0.9184826612472534, -0.018408650532364845, -0.9998178482055664, 0.005043982993811369, -0.9991642832756042, 0.09058856219053268, -0.43038031458854675, -0.9525139927864075, -0.9996252655982971, -0.9926381707191467, -0.9989120364189148, -1.0, 0.0648946762084961, -0.9233012199401855, -0.693763017654419, -0.692451000213623, -0.9897760152816772, -1.0, -0.9955472946166992, -0.19731900095939636, 0.2560100853443146, -0.6802690029144287, -0.49587175250053406, -0.4226514399051666, -0.9621937870979309, -0.8015416860580444, -0.7064593434333801, -0.6540547609329224], [-0.012673934921622276, 0.703203022480011, 1.0, -0.05126941204071045, 0.9984340667724609, -0.022379714995622635, -0.9970497488975525, 0.05002140253782272, 0.9376250505447388, 0.9925242066383362, -0.9996120929718018, -0.9999899864196777, -0.9999723434448242, -0.6000000238418579, 0.0035648138727992773, -0.9584980010986328, -0.6729691624641418, -1.0, -0.9938282370567322, -1.0, -0.9953347444534302, -0.47765594720840454, 0.45688968896865845, -0.6802690029144287, -0.49587175250053406, -0.4226514399051666, -0.9621937870979309, -0.8015416860580444, -0.7064593434333801, -0.6540547609329224], [-0.04473290219902992, 0.9468104839324951, 0.9666304588317871, -0.9996016621589661, 0.006669989787042141, 0.02742309309542179, -0.9971960186958313, -0.050208769738674164, 0.9677425026893616, 0.8191567063331604, -0.999950110912323, -1.0000618696212769, -0.9996261596679688, -0.6000000238418579, -0.010236211121082306, -0.9631627798080444, -0.5269262790679932, -0.8240389227867126, -0.9898084998130798, -1.0, -0.9952182173728943, -0.46258705854415894, 0.4436193108558655, -0.6802690029144287, -0.49587175250053406, -0.4226514399051666, -0.9621937870979309, -0.8015416860580444, -0.7064593434333801, -0.6540547609329224], [-0.03392252326011658, 0.9271953701972961, 0.768836259841919, 0.05099020525813103, -0.06511629372835159, 0.9965740442276001, -0.9964034557342529, -0.05316293239593506, 0.9126723408699036, 0.6499472260475159, -1.0001029968261719, -0.9994452595710754, -1.0000107288360596, -0.6000000238418579, 0.003315649926662445, -0.9724130630493164, -0.5095305442810059, -1.0, -0.991762101650238, -0.7620524764060974, -0.9946558475494385, -0.4596671462059021, 0.462626576423645, -0.6802690029144287, -0.49587175250053406, 