{"n_joints": 18, "joint_descriptions": [[-0.10370612889528275, 0.43569275736808777, 0.4891580045223236, 0.12898188829421997, -0.028936758637428284, -0.9912246465682983, -0.9978808760643005, -0.7449126839637756, 0.514528214931488, 0.3825918734073639, -0.999628484249115, -0.9999620914459229, -0.9996585249900818, -0.6000000238418579, 0.0034246209543198347, -0.9707369208335876, -0.6237584948539734, -0.37350544333457947, -1.0, -1.0, -0.9939696788787842, -0.4954710006713867, 0.4661136567592621, -0.7394882440567017, -0.5125798583030701, -0.4397439956665039, -0.978327214717865, -0.8134138584136963, -0.7797300219535828, -0.7569084763526917], [-0.5362353920936584, 0.37738287448883057, 0.22889459133148193, -0.9683534502983093, 0.07990709692239761, 0.23644551634788513, -0.9968994855880737, -0.009502332657575607, 0.32834723591804504, 0.11521560698747635, -0.9998815655708313, -0.998994767665863, -0.9998906850814819, -0.6000000238418579, -0.010840293020009995, -0.9467103481292725, -0.5348105430603027, -1.0, -0.9957835078239441, -1.0, -0.9935831427574158, -0.5170445442199707, 0.42318373918533325, -0.7394882440567017, -0.5125798583030701, -0.4397439956665039, -0.978327214717865, -0.8134138584136963, -0.7797300219535828, -0.7569084763526917], [0.24660691618919373, 0.4010488986968994, -0.016120387241244316, 0.002529773861169815, 0.9976285099983215, 0.06878190487623215, -0.9945793747901917, 0.38312244415283203, 0.4032077193260193, -0.07248049974441528, -0.9992026090621948, -0.9928016662597656, -0.9978260397911072, -0.6000000238418579, -0.04896095022559166, -0.8877254128456116, -0.8414549231529236, -0.9966822862625122, -0.9897863268852234, -0.2961338758468628, -0.9965884685516357, -0.41742536425590515, 0.49406126141548157, -0.7394882440567017, -0.5125798583030701, -0.4397439956665039, -0.978327214717865, -0.8134138584136963, -0.7797300219535828, -0.7569084763526917], [0.26847726106643677, 0.5306851863861084, -0.42358851432800293, -0.022013334557414055, 0.9972200989723206, 0.07118646055459976, -0.9990227818489075, 0.22837908565998077, 0.43325355648994446, -0.6149956583976746, -0.9994612336158752, -0.9998378753662109, -1.0002803802490234, -0.6000000238418579, 0.12797078490257263, -0.860046923160553, -0.7843681573867798, -0.3308667540550232, -0.9967233538627625, -0.260542631149292, -0.9974285364151001, 0.003918236121535301, 0.4304557740688324, -0.7394882440567017, -0.5125798583030701, -0.4397439956665039, -0.978327214717865, -0.8134138584136963, -0.7797300219535828, -0.7569084763526917], [-0.009829378686845303, 0.4851192831993103, -0.8287200331687927, 0.008178135380148888, 0.9955957531929016, 0.09339295327663422, -0.9992823004722595, 0.05872639641165733, 0.5415732264518738, -0.8609704971313477, -0.9995741844177246, -0.9935128092765808, -0.9992049336433411, -1.0, -0.05234518274664879, -0.914923906326294, -0.8593336343765259, -0.6260598301887512, -0.9910860061645508, -1.0, -0.9975647330284119, -0.22673873603343964, 0.17380262911319733, -0.7394882440567017, -0.5125798583030701, -0.4397439956665039, -0.978327214717865, -0.8134138584136963, -0.7797300219535828, -0.7569084763526917], [-0.21374768018722534, -0.421577513217926, 0.5294598937034607, 0.16076602041721344, -0.004045416601002216, -0.9869842529296875, -0.9977277517318726, -0.6769222021102905, -0.4892925024032593, 0.4254243075847626, -0.9996087551116943, -1.0000180006027222, -1.0001972913742065, -0.6000000238418579, 0.011440043337643147, -0.9498397707939148, -0.7720206379890442, -0.33774954080581665, -0.9975944757461548, -1.0, -0.9968895316123962, -0.4384007751941681, 0.48513856530189514, -0.7394882440567017, -0.5125798583030701, -0.4397439956665039, -0.978327214717865, -0.8134138584136963, -0.7797300219535828, -0.7569084763526917], [-0.7615815997123718, -0.49842220544815063, 0.3792603015899658, -0.968164324760437, 0.06564638018608093, 0.24155423045158386, -0.9969754219055176, -0.2920396029949188, -0.5070688128471375, 0.26489555835723877, -0.9999350309371948, -0.9992504715919495, -0.9999905228614807, -0.6000000238418579, 0.0017944681458175182, -0.9682638049125671, -0.40088558197021484, -0.42690151929855347, -0.9934514164924622, -0.6774330139160156, -0.9955518841743469, -0.44664058089256287, 0.4721647799015045, -0.7394882440567017, -0.5125798583030701, -0.4397439956665039, -0.978327214717865, -0.8134138584136963, -0.7797300219535828, -0.7569084763526917], [0.11237230896949768, -0.5150597095489502, 0.13540352880954742, -0.07524140179157257, -0.9971469640731812, -0.00605235667899251, -0.9954906702041626, 0.2853645980358124, -0.6217058300971985, -0.0092316884547472, -1.000974416732788, -0.9948263168334961, -0.9998322129249573, -0.6000000238418579, 0.04816055670380592, -0.8988152742385864, -0.6491012573242188, -0.5752137899398804, -0.9902327060699463, -0.4723093509674072, -0.9959482550621033, -0.5109272003173828, 0.43340378999710083, -0.7394882440567017, -0.5125798583030701, -0.4397439956665039, -0.978327214717865, -0.8134138584136963, -0.7797300219535828, -0.7569084763526917], [0.12041885405778885, -0.47445130348205566, -0.37763211131095886, -0.026398368179798126, -0.999111533164978, 0.03285221382975578, -0.9991995692253113, -0.04404355213046074, -0.38651135563850403, -0.6220672726631165, -0.9993410110473633, -1.0001204013824463, -1.0004249811172485, -0.6000000238418579, -0.11733885854482651, -0.8302804231643677, -0.8319838643074036, -0.11957523226737976, -0.9922150373458862, -0.8366146087646484, -0.9969344139099121, -0.45546114444732666, -0.009946264326572418, -0.7394882440567017, -0.5125798583030701, -0.4397439956665039, -0.978327214717865, -0.8134138584136963, -0.7797300219535828, -0.7569084763526917], [-0.07390151172876358, -0.44440150260925293, -0.7173465490341187, -0.08585074543952942, -0.9940361976623535, 0.06724333763122559, -0.9996254444122314, 0.024046802893280983, -0.498212993144989, -0.7283893823623657, -0.9992961287498474, -0.9939000010490417, -0.9997413158416748, -1.0, 0.0644315630197525, -0.9538469910621643, -0.6897459030151367, -0.3883121907711029, -0.9895380735397339, -1.0, -0.9950640797615051, -0.1732894331216812, 0.27984559535980225, -0.7394882440567017, -0.5125798583030701, -0.4397439956665039, -0.978327214717865, -0.8134138584136963, -0.7797300219535828, -0.7569084763526917], [-0.170762300491333, 0.715107262134552, 0.9866330027580261, 0.0850261002779007, 0.9956895709037781, -0.03705207630991936, -0.9980228543281555, -0.07675667852163315, 1.0, 1.0, -0.9996397495269775, -0.9999734163284302, -1.000016450881958, -0.6000000238418579, 0.009260226972401142, -0.9567868709564209, -0.8344030976295471, -1.0, -0.9937986731529236, -1.0, -0.994755744934082, -0.5012913346290588, 0.46953362226486206, -0.7394882440567017, -0.5125798583030701, -0.4397439956665039, -0.978327214717865, -0.8134138584136963, -0.7797300219535828, -0.7569084763526917], [-0.2639137804508209, 0.9275639653205872, 0.8996432423591614, -0.9983029365539551, -0.04201119393110275, 0.040327947586774826, -0.9985885620117188, -0.32218778133392334, 0.9164841771125793, 0.827421247959137, -0.9999393820762634, -1.0000635385513306, -0.9996941685676575, -0.6000000238418579, -0.007471980527043343, -0.966147243976593, -0.5003559589385986, -0.4797762930393219, -0.9891660809516907, -0.9380550980567932, -0.995702862739563, -0.4404658079147339, 0.41988223791122437, -0.7394882440567017, -0.5125798583030701, -0.4397439956665039, -0.978327214717865, -0.8134138584136963, -0.7797300219535828, -0.7569084763526917], [-0.20775726437568665, 0.843453049659729, 0.7036288380622864, 0.05027847737073898, -0.11229289323091507, 0.9924023151397705, -0.9979878067970276, -0.19246834516525269, 0.8899702429771423, 0.5754826068878174, -1.0001147985458374, -0.9994370937347412, -0.9999886155128479, -0.6000000238418579, 0.008869054727256298, -0.9864317774772644, -0.690101683139801, -1.0, -0.9909423589706421, -0.41897886991500854, -0.9966773390769958, -0.4815267026424408, 0.48503607511520386, -0.7394882440567017, -0.5125798583030701, -0.4397439956665039, -0.978327214717865, 