{"n_joints": 18, "joint_descriptions": [[-0.05640344321727753, 0.32322442531585693, 0.40591126680374146, 0.18241536617279053, 0.006141693331301212, -0.9832023978233337, -0.9962116479873657, -0.5131754279136658, 0.3130585849285126, 0.23992760479450226, -0.9997240900993347, -0.9998684525489807, -0.9997069835662842, -0.6000000238418579, 4.6935419959481806e-05, -0.9595378041267395, -0.47199487686157227, -0.9856814742088318, -0.9936509728431702, -0.9874776005744934, -0.9954275488853455, -0.4537731111049652, 0.4605425298213959, -0.6370221376419067, -0.5263744592666626, -0.3164156973361969, -0.9510367512702942, -0.7947567701339722, -0.6511620283126831, -0.5726191997528076], [-0.4997035562992096, 0.33408060669898987, 0.21003589034080505, -0.9654698967933655, -0.008448170498013496, 0.26037752628326416, -0.9943652749061584, 0.03702091798186302, 0.2842898368835449, 0.1399395912885666, -0.9999976754188538, -0.999258816242218, -0.9998050332069397, -0.6000000238418579, -8.617131970822811e-05, -0.9549322128295898, -0.4914315938949585, -0.9419340491294861, -0.992289125919342, -0.9081885814666748, -0.995275616645813, -0.4679042398929596, 0.4670505225658417, -0.6370221376419067, -0.5263744592666626, -0.3164156973361969, -0.9510367512702942, -0.7947567701339722, -0.6511620283126831, -0.5726191997528076], [0.15968376398086548, 0.31207162141799927, 0.093833789229393, 0.006491018924862146, 0.9999494552612305, -0.007677139714360237, -0.9876931309700012, 0.2889254093170166, 0.41020119190216064, -0.05961083620786667, -1.0023032426834106, -0.9942089319229126, -1.000223994255066, -0.6000000238418579, -0.06100291386246681, -0.9057978391647339, -0.5919267535209656, -0.9311153888702393, -0.9917622208595276, -0.9354992508888245, -0.994955837726593, -0.4638850688934326, 0.4535559117794037, -0.6370221376419067, -0.5263744592666626, -0.3164156973361969, -0.9510367512702942, -0.7947567701339722, -0.6511620283126831, -0.5726191997528076], [0.47940361499786377, 0.3119893968105316, -0.3761557340621948, -0.013702153228223324, 0.9998955726623535, 0.004592609591782093, -0.9983855485916138, 0.29896241426467896, 0.30213868618011475, -0.6332622170448303, -0.9994428753852844, -0.999656617641449, -1.0002079010009766, -0.6000000238418579, 0.12025228142738342, -0.8275025486946106, -0.7947152853012085, -1.0, -0.9917719960212708, -0.9991970658302307, -0.994115948677063, -0.0011900075478479266, 0.46944931149482727, -0.6370221376419067, -0.5263744592666626, -0.3164156973361969, -0.9510367512702942, -0.7947567701339722, -0.6511620283126831, -0.5726191997528076], [0.03783935680985451, 0.3128006160259247, -0.8940739035606384, -0.002206638688221574, 0.9998236894607544, -0.01864657551050186, -0.9986690282821655, 0.20293202996253967, 0.3032458424568176, -0.9199410676956177, -1.0000745058059692, -0.9940214157104492, -0.9974727630615234, -1.0, -0.062177982181310654, -0.9261589050292969, -0.7195684313774109, -0.9757735729217529, -0.9934691190719604, -1.0, -0.9940379858016968, -0.22987909615039825, 0.22293616831302643, -0.6370221376419067, -0.5263744592666626, -0.3164156973361969, -0.9510367512702942, -0.7947567701339722, -0.6511620283126831, -0.5726191997528076], [-0.09233500063419342, -0.3463650643825531, 0.40988340973854065, 0.17450903356075287, -0.0003929872764274478, -0.984655499458313, -0.9961275458335876, -0.5575842261314392, -0.35105177760124207, 0.23559661209583282, -0.9996239542961121, -0.999865710735321, -1.000178575515747, -0.6000000238418579, -0.0005775847239419818, -0.958280086517334, -0.44379010796546936, -0.8702630400657654, -0.9920971989631653, -0.8735085129737854, -0.994653582572937, -0.4687896966934204, 0.4540782868862152, -0.6370221376419067, -0.5263744592666626, -0.3164156973361969, -0.9510367512702942, -0.7947567701339722, -0.6511620283126831, -0.5726191997528076], [-0.5437244176864624, -0.3613303005695343, 0.21905849874019623, -0.9672521352767944, -0.006936169695109129, 0.253722608089447, -0.994612991809845, -0.023603755980730057, -0.3016050457954407, 0.1571682244539261, -0.9998858571052551, -0.9992815256118774, -0.9998530149459839, -0.6000000238418579, 9.046609920915216e-05, -0.9580994248390198, -0.4953623116016388, -1.0, -0.9925357103347778, -1.0, -0.9945312738418579, -0.46275976300239563, 0.4629151225090027, -0.6370221376419067, -0.5263744592666626, -0.3164156973361969, -0.9510367512702942, -0.7947567701339722, -0.6511620283126831, -0.5726191997528076], [0.13384555280208588, -0.35564765334129333, 0.09764715284109116, 0.0009074365952983499, -0.9999957084655762, 0.002793692983686924, -0.988439679145813, 0.2542402148246765, -0.46244150400161743, -0.040101323276758194, -1.0028437376022339, -0.9947035908699036, -1.0004537105560303, -0.6000000238418579, 0.05937712639570236, -0.916443943977356, -0.5641432404518127, -1.0, -0.9921963214874268, -1.0, -0.9946669340133667, -0.46291211247444153, 0.46971508860588074, -0.6370221376419067, -0.5263744592666626, -0.3164156973361969, -0.9510367512702942, -0.7947567701339722, -0.6511620283126831, -0.5726191997528076], [0.44445016980171204, -0.3595145046710968, -0.3845694959163666, 0.005488742608577013, -0.9999738335609436, 0.004715260583907366, -0.9984279274940491, 0.28046417236328125, -0.3669826090335846, -0.6288149356842041, -0.9994059205055237, -0.999772310256958, -1.000303030014038, -0.6000000238418579, -0.12525320053100586, -0.8412582278251648, -0.8061609268188477, -0.7389697432518005, -0.9936449527740479, -0.9762938022613525, -0.994595468044281, -0.4591158330440521, -0.0025985052343457937, -0.6370221376419067, -0.5263744592666626, -0.3164156973361969, -0.9510367512702942, -0.7947567701339722, -0.6511620283126831, -0.5726191997528076], [-0.03364581614732742, -0.3686751127243042, -0.8784129023551941, 0.009515834972262383, -0.9998838305473328, 0.011909128166735172, -0.9987080693244934, 0.14983825385570526, -0.3577662706375122, -0.9086606502532959, -0.9994176030158997, -0.9941148161888123, -0.9974888563156128, -1.0, 0.06034456565976143, -0.9101229310035706, -0.741108238697052, -0.9220452308654785, -0.99199378490448, -0.8844529390335083, -0.9947826862335205, -0.22275182604789734, 0.23236215114593506, -0.6370221376419067, -0.5263744592666626, -0.3164156973361969, -0.9510367512702942, -0.7947567701339722, -0.6511620283126831, -0.5726191997528076], [0.06127481907606125, 0.6963360905647278, 0.9917478561401367, -0.021112089976668358, 0.9997708201408386, -0.0035409817937761545, -0.99656081199646, 0.12719300389289856, 0.90248042345047, 0.9917771220207214, -0.9997075200080872, -0.9999910593032837, -0.9999236464500427, -0.6000000238418579, -0.0010548391146585345, -0.9626449942588806, -0.515724241733551, -0.8039522171020508, -0.9924594759941101, -0.9633381366729736, -0.9951515197753906, -0.4567650854587555, 0.4645255506038666, -0.6370221376419067, -0.5263744592666626, -0.3164156973361969, -0.9510367512702942, -0.7947567701339722, -0.6511620283126831, -0.5726191997528076], [0.0685107633471489, 0.9322677850723267, 0.9881415963172913, -0.9998546838760376, -0.0016449966933578253, -0.0169689804315567, -0.9961597919464111, 0.08427999168634415, 0.9429460763931274, 0.8158742785453796, -0.9999522566795349, -1.0001311302185059, -0.9997167587280273, -0.6000000238418579, -0.008474108763039112, -0.9577094316482544, -0.5002067685127258, -1.0, -0.9919998645782471, -0.9606508612632751, -0.9947382211685181, -0.46789124608039856, 0.4652795195579529, -0.6370221376419067, -0.5263744592666626, -0.3164156973361969, -0.9510367512702942, -0.7947567701339722, -0.6511620283126831, -0.5726191997528076], [0.05146368220448494, 0.9467758536338806, 0.7798498868942261, 0.0003856011026073247, -0.06031167879700661, 0.9981794953346252, -0.9957453608512878, 0.053710389882326126, 0.8947913646697998, 0.649482250213623, -1.0001280307769775, -0.999618649482727, -0.9999962449073792, -0.6000000238418579, -0.0011176739353686571, -0.958406388759613, -0.42224863171577454, -0.9128653407096863, -0.9933826327323914, -1.0, -0.9948937296867371, -0.45627257227897644, 0.45375296473503113, -0.6370221376419067, 