{"n_joints": 18, "joint_descriptions": [[-0.17261715233325958, 0.329433411359787, 0.3777080476284027, 0.17909643054008484, -0.00048257308662869036, -0.9838314056396484, -0.9937707185745239, -0.5295993685722351, 0.3283005356788635, 0.219512939453125, -0.9997252821922302, -0.9997768402099609, -0.9996585845947266, -0.6000000238418579, 0.00096933200256899, -0.9524258375167847, -0.358615905046463, -0.8737953901290894, -0.9906615614891052, -0.8103736639022827, -0.9938216209411621, -0.4589986503124237, 0.45518574118614197, -0.5863534212112427, -0.4843326210975647, -0.2108239382505417, -0.9247420430183411, -0.7427268624305725, -0.6159290671348572, -0.3771384060382843], [-0.5257519483566284, 0.3395254611968994, 0.19777756929397583, -0.9657711982727051, 0.00491470517590642, 0.25934892892837524, -0.9915204048156738, -0.11794353276491165, 0.2910482883453369, 0.15272995829582214, -0.9999209642410278, -0.9992660880088806, -0.9996905326843262, -0.6000000238418579, 0.00013635850336868316, -0.9521614909172058, -0.4077950716018677, -0.8750908374786377, -0.9928212761878967, -1.0, -0.9938427805900574, -0.45336827635765076, 0.4689190685749054, -0.5863534212112427, -0.4843326210975647, -0.2108239382505417, -0.9247420430183411, -0.7427268624305725, -0.6159290671348572, -0.3771384060382843], [0.018540386110544205, 0.3169804811477661, 0.11167185753583908, 0.009140793234109879, 0.9999441504478455, -0.005307803861796856, -0.9826605319976807, 0.1764482855796814, 0.4315445125102997, -0.029528070241212845, -1.003427267074585, -0.9941225051879883, -1.0006579160690308, -0.6000000238418579, -0.06449846178293228, -0.8991191983222961, -0.45564109086990356, -0.945609986782074, -0.9908343553543091, -0.9315348863601685, -0.9940818548202515, -0.4668167233467102, 0.45303815603256226, -0.5863534212112427, -0.4843326210975647, -0.2108239382505417, -0.9247420430183411, -0.7427268624305725, -0.6159290671348572, -0.3771384060382843], [0.4608738422393799, 0.32241323590278625, -0.36060887575149536, 0.006368274800479412, 0.9999718070030212, 0.003982482012361288, -0.9976357817649841, 0.27572664618492126, 0.3192537724971771, -0.6115190386772156, -0.9994215965270996, -0.9994754791259766, -1.0001866817474365, -0.6000000238418579, 0.12139169871807098, -0.7977761626243591, -0.7703215479850769, -0.7676347494125366, -0.9908655285835266, -1.0, -0.9939656853675842, 0.0011947681196033955, 0.4550218880176544, -0.5863534212112427, -0.4843326210975647, -0.2108239382505417, -0.9247420430183411, -0.7427268624305725, -0.6159290671348572, -0.3771384060382843], [-0.05049525201320648, 0.3144187331199646, -0.8896671533584595, 0.0055611226707696915, 0.9998849034309387, -0.01411668211221695, -0.9980018138885498, 0.08401206880807877, 0.30701297521591187, -0.91524338722229, -0.9988892078399658, -0.9938840270042419, -0.9957252740859985, -1.0, -0.06055230274796486, -0.9072412848472595, -0.7079764008522034, -0.9142628908157349, -0.9919155240058899, -0.999835193157196, -0.9938254356384277, -0.2355906218290329, 0.23581187427043915, -0.5863534212112427, -0.4843326210975647, -0.2108239382505417, -0.9247420430183411, -0.7427268624305725, -0.6159290671348572, -0.3771384060382843], [-0.15973424911499023, -0.34861743450164795, 0.36921969056129456, 0.16727423667907715, -0.0036941394209861755, -0.9859035015106201, -0.9942448735237122, -0.522903323173523, -0.34895235300064087, 0.2080616056919098, -0.999605655670166, -0.9997818470001221, -1.0001412630081177, -0.6000000238418579, 0.001720921602100134, -0.9534249305725098, -0.45666393637657166, -0.9321441054344177, -0.9919607043266296, -0.8645330667495728, -0.9939505457878113, -0.46156272292137146, 0.4678332805633545, -0.5863534212112427, -0.4843326210975647, -0.2108239382505417, -0.9247420430183411, -0.7427268624305725, -0.6159290671348572, -0.3771384060382843], [-0.49849429726600647, -0.3470099866390228, 0.18801411986351013, -0.9670628905296326, 0.014704829081892967, 0.2541123330593109, -0.9916889667510986, -0.08502856642007828, -0.2942768633365631, 0.13959769904613495, -0.9997513294219971, -0.9992701411247253, -0.9998196363449097, -0.6000000238418579, 0.0008371055009774864, -0.951619029045105, -0.49681976437568665, -0.9985812902450562, -0.9913468956947327, -0.7709194421768188, -0.9942370653152466, -0.4535667300224304, 0.46238595247268677, -0.5863534212112427, -0.4843326210975647, -0.2108239382505417, -0.9247420430183411, -0.7427268624305725, -0.6159290671348572, -0.3771384060382843], [0.028010113164782524, -0.33211246132850647, 0.09793329983949661, -0.003885784884914756, -0.9999902844429016, -0.00206931889988482, -0.9817972779273987, 0.15797573328018188, -0.4355340301990509, -0.052881985902786255, -1.004254698753357, -0.994051456451416, -1.0007908344268799, -0.6000000238418579, 0.06120927259325981, -0.9087927937507629, -0.4588510990142822, -0.8794558644294739, -0.9906301498413086, -0.8740435838699341, -0.9931573867797852, -0.4607551097869873, 0.4630281627178192, -0.5863534212112427, -0.4843326210975647, -0.2108239382505417, -0.9247420430183411, -0.7427268624305725, -0.6159290671348572, -0.3771384060382843], [0.43652695417404175, -0.34243151545524597, -0.3830810487270355, -0.017458375543355942, -0.9998122453689575, -0.008406550623476505, -0.9975394010543823, 0.2210227996110916, -0.33962374925613403, -0.6306573152542114, -0.999340832233429, -0.9995747804641724, -1.0002731084823608, -0.6000000238418579, -0.12240082770586014, -0.8159394264221191, -0.7691783308982849, -0.6049734950065613, -0.991030752658844, -1.0, -0.9948396682739258, -0.4615479111671448, 0.007016890216618776, -0.5863534212112427, -0.4843326210975647, -0.2108239382505417, -0.9247420430183411, -0.7427268624305725, -0.6159290671348572, -0.3771384060382843], [-0.10498353093862534, -0.34230276942253113, -0.9076229929924011, -0.011094748973846436, -0.9999322891235352, 0.0035188118927180767, -0.9981155395507812, 0.056389983743429184, -0.334407240152359, -0.9303343296051025, -0.9980901479721069, -0.9940261244773865, -0.9960283041000366, -1.0, 0.06231806427240372, -0.9138684272766113, -0.656727135181427, -0.9141433835029602, -0.9914817810058594, -0.8503391742706299, -0.9932118058204651, -0.2382315844297409, 0.23863135278224945, -0.5863534212112427, -0.4843326210975647, -0.2108239382505417, -0.9247420430183411, -0.7427268624305725, -0.6159290671348572, -0.3771384060382843], [-0.02436818741261959, 0.6873490214347839, 0.9977447390556335, -0.004212936852127314, 0.9999866485595703, -0.0029833391308784485, -0.9945396780967712, 0.03378957137465477, 0.908505380153656, 0.9932929873466492, -0.9996753931045532, -1.000030279159546, -0.9998603463172913, -0.6000000238418579, -0.0017461106181144714, -0.9513198137283325, -0.5193145871162415, -0.8008537888526917, -0.9926995038986206, -1.0, -0.9946978688240051, -0.45962071418762207, 0.462159126996994, -0.5863534212112427, -0.4843326210975647, -0.2108239382505417, -0.9247420430183411, -0.7427268624305725, -0.6159290671348572, -0.3771384060382843], [-0.032039765268564224, 0.9259166717529297, 0.99374920129776, -0.9999662041664124, 0.0002988866181112826, -0.008219395764172077, -0.9943841695785522, -0.0373229905962944, 0.9264456033706665, 0.8254010677337646, -0.9998985528945923, -1.0001869201660156, -0.9997243881225586, -0.6000000238418579, -0.0051105129532516, -0.9557219743728638, -0.3495125472545624, -0.9848543405532837, -0.9919683933258057, -1.0, -0.9948403239250183, -0.4545055627822876, 0.4666000306606293, -0.5863534212112427, -0.4843326210975647, -0.2108239382505417, -0.9247420430183411, -0.7427268624305725, -0.6159290671348572, -0.3771384060382843], [-0.03905395045876503, 0.9370681047439575, 0.7872745394706726, -0.006117204669862986, -0.03164241835474968, 0.9994805455207825, -0.9935919046401978, -0.03066425211727619, 0.8705422878265381, 0.6571070551872253, -1.0002312660217285, -0.9995943307876587, -0.9999653100967407, -0.6000000238418579, 0.0015031303046271205, -0.9564765095710754, -0.45648354291915894, -0.9593821167945862, -0.9908633828163147, -1.0, -0.993532657623291, -0.46095526218414307, 