{"n_joints": 18, "joint_descriptions": [[-0.22273844480514526, 0.29933100938796997, 0.36476418375968933, 0.1716054528951645, 0.0007190757896751165, -0.9851654767990112, -0.9958070516586304, -0.5002337694168091, 0.29315054416656494, 0.20907174050807953, -0.9999473094940186, -0.999897301197052, -0.9998446106910706, -0.6000000238418579, -0.0014030374586582184, -0.957679271697998, -0.4640428423881531, -0.8873922824859619, -0.992843747138977, -1.0, -0.9949423670768738, -0.4609037935733795, 0.4628438949584961, -0.6437446475028992, -0.48793765902519226, -0.3456328809261322, -0.9451149702072144, -0.7456378936767578, -0.659168004989624, -0.3441242277622223], [-0.48677921295166016, 0.2992740273475647, 0.1904306858778, -0.9661590456962585, -0.006754875183105469, 0.25785866379737854, -0.9940130114555359, -0.1386319249868393, 0.25179094076156616, 0.15460115671157837, -0.9998617172241211, -0.9997279644012451, -0.9998443126678467, -0.6000000238418579, -0.00022943557996768504, -0.9549493789672852, -0.4626752734184265, -0.8625548481941223, -0.9922526478767395, -0.8962954878807068, -0.9949360489845276, -0.4645496606826782, 0.45888325572013855, -0.6437446475028992, -0.48793765902519226, -0.3456328809261322, -0.9451149702072144, -0.7456378936767578, -0.659168004989624, -0.3441242277622223], [-0.0646766647696495, 0.30109164118766785, 0.11709944158792496, -0.0020115484949201345, 0.9999978542327881, 0.00044548764708451927, -0.9862901568412781, 0.09448553621768951, 0.39294037222862244, -0.03708425909280777, -1.0017575025558472, -0.9978101849555969, -1.000182867050171, -0.6000000238418579, -0.061787527054548264, -0.9058005809783936, -0.5962237119674683, -0.9318209886550903, -0.9927889704704285, -1.0, -0.9941613078117371, -0.4616091251373291, 0.46457579731941223, -0.6437446475028992, -0.48793765902519226, -0.3456328809261322, -0.9451149702072144, -0.7456378936767578, -0.659168004989624, -0.3441242277622223], [0.3913196921348572, 0.29999545216560364, -0.37658774852752686, -0.0056832777336239815, 0.9999834895133972, -0.0008704412612132728, -0.9982222318649292, 0.13196048140525818, 0.30734121799468994, -0.6349225640296936, -0.9997916221618652, -0.9997618794441223, -1.0000563859939575, -0.6000000238418579, 0.12385661900043488, -0.8196622729301453, -0.772254228591919, -0.960803747177124, -0.9925521016120911, -0.9529985785484314, -0.9944306015968323, 0.002653963165357709, 0.4627710282802582, -0.6437446475028992, -0.48793765902519226, -0.3456328809261322, -0.9451149702072144, -0.7456378936767578, -0.659168004989624, -0.3441242277622223], [-0.1900089681148529, 0.2988395690917969, -0.9119905829429626, 0.0011603771708905697, 0.9999405741691589, 0.01083863340318203, -0.9985780119895935, -0.06398997455835342, 0.30121514201164246, -0.9390075206756592, -0.9978206753730774, -0.9978470206260681, -0.9978380799293518, -1.0, -0.06272858381271362, -0.9100258946418762, -0.7364823222160339, -0.8656454086303711, -0.9924685955047607, -0.9694063663482666, -0.9945753216743469, -0.23107947409152985, 0.23033824563026428, -0.6437446475028992, -0.48793765902519226, -0.3456328809261322, -0.9451149702072144, -0.7456378936767578, -0.659168004989624, -0.3441242277622223], [-0.22680741548538208, -0.32886746525764465, 0.36753371357917786, 0.17357613146305084, 6.479477451648563e-05, -0.9848204255104065, -0.9955315589904785, -0.5064219236373901, -0.3313845694065094, 0.21153932809829712, -0.999826967716217, -0.99989914894104, -1.0000072717666626, -0.6000000238418579, -0.0009877360425889492, -0.9579961895942688, -0.41767051815986633, -0.8987380862236023, -0.9926320910453796, -1.0, -0.9948757290840149, -0.46275004744529724, 0.4600045084953308, -0.6437446475028992, -0.48793765902519226, -0.3456328809261322, -0.9451149702072144, -0.7456378936767578, -0.659168004989624, -0.3441242277622223], [-0.48692721128463745, -0.3313327431678772, 0.19045837223529816, -0.9678810238838196, -0.013638765551149845, 0.25103843212127686, -0.9939277768135071, -0.14180785417556763, -0.2780509293079376, 0.15432873368263245, -0.9997919201850891, -0.9997286200523376, -0.9999649524688721, -0.6000000238418579, 0.0003298751835245639, -0.957054615020752, -0.43127748370170593, -0.8755033016204834, -0.9923364520072937, -1.0, -0.9946186542510986, -0.4645649492740631, 0.4616876542568207, -0.6437446475028992, -0.48793765902519226, -0.3456328809261322, -0.9451149702072144, -0.7456378936767578, -0.659168004989624, -0.3441242277622223], [-0.0475233718752861, -0.32476359605789185, 0.11439971625804901, 0.0026957045774906874, -0.9999861121177673, -0.004532917402684689, -0.9864477515220642, 0.12009795755147934, -0.42488422989845276, -0.03709050267934799, -1.0020108222961426, -0.9981033802032471, -1.0002315044403076, -0.6000000238418579, 0.062021415680646896, -0.9020721316337585, -0.5482869744300842, -0.8774890303611755, -0.9933775067329407, -1.0, -0.9948135018348694, -0.46144038438796997, 0.46090206503868103, -0.6437446475028992, -0.48793765902519226, -0.3456328809261322, -0.9451149702072144, -0.7456378936767578, -0.659168004989624, -0.3441242277622223], [0.4218279719352722, -0.32725170254707336, -0.37420305609703064, -0.006490007974207401, -0.9998594522476196, 0.015458626672625542, -0.9981918931007385, 0.17747379839420319, -0.3238133490085602, -0.634113073348999, -0.9997555613517761, -0.9998118877410889, -1.000084400177002, -0.6000000238418579, -0.12257260829210281, -0.8157975077629089, -0.7620440125465393, -0.9333428144454956, -0.9925200939178467, -0.9627694487571716, -0.9939108490943909, -0.46221792697906494, -0.0025242113042622805, -0.6437446475028992, -0.48793765902519226, -0.3456328809261322, -0.9451149702072144, -0.7456378936767578, -0.659168004989624, -0.3441242277622223], [-0.1472463756799698, -0.32448849081993103, -0.9108793139457703, -0.01121609378606081, -0.9999369978904724, 0.00042912946082651615, -0.9985561370849609, -0.0304680485278368, -0.3262787461280823, -0.9403613805770874, -0.9974559545516968, -0.9978470206260681, -0.9981806874275208, -1.0, 0.06204711273312569, -0.9116899967193604, -0.752035915851593, -0.9027901887893677, -0.992621898651123, -1.0, -0.9947522282600403, -0.2280711531639099, 0.22854405641555786, -0.6437446475028992, -0.48793765902519226, -0.3456328809261322, -0.9451149702072144, -0.7456378936767578, -0.659168004989624, -0.3441242277622223], [-0.13566385209560394, 0.6757684946060181, 0.9981537461280823, 0.0027886112220585346, 0.9999961256980896, 7.121808448573574e-05, -0.9959249496459961, -0.08762674778699875, 0.8722400665283203, 0.9995245933532715, -0.9998883008956909, -1.0000615119934082, -0.9999343156814575, -0.6000000238418579, 0.0003894100955221802, -0.9595931172370911, -0.42590269446372986, -0.9505538940429688, -0.9917200803756714, -0.9720664620399475, -0.9943254590034485, -0.465956449508667, 0.46182116866111755, -0.6437446475028992, -0.48793765902519226, -0.3456328809261322, -0.9451149702072144, -0.7456378936767578, -0.659168004989624, -0.3441242277622223], [-0.1240600198507309, 0.8912233114242554, 1.0, -0.9999706149101257, 0.0057585593312978745, 0.005061298608779907, -0.9958905577659607, -0.12435445189476013, 0.9148850440979004, 0.8277084231376648, -0.9998913407325745, -1.0000942945480347, -0.9999217391014099, -0.6000000238418579, -0.009213165380060673, -0.9572283029556274, -0.47180071473121643, -0.9214795827865601, -0.991960883140564, -0.9332521557807922, -0.9939084649085999, -0.4628700613975525, 0.46106770634651184, -0.6437446475028992, -0.48793765902519226, -0.3456328809261322, -0.9451149702072144, -0.7456378936767578, -0.659168004989624, -0.3441242277622223], [-0.12009993940591812, 0.916626513004303, 0.7867633700370789, 0.0006949674570932984, -0.05520991235971451, 0.9984745383262634, -0.9953961968421936, -0.1310955435037613, 0.8687942624092102, 0.6530618071556091, -1.000099778175354, -0.9998546242713928, -0.9999284744262695, -0.6000000238418579, 1.886163227027282e-05, -0.9566049575805664, -0.4159599542617798, -0.9278623461723328, -0.9927659034729004, -0.9741394519805908, -0.9945191740989685, -0.4613134264945984,