{"n_joints": 18, "joint_descriptions": [[-0.09327530115842819, 0.38147804141044617, 0.37753239274024963, 0.18006742000579834, -0.003910827916115522, -0.9836465120315552, -0.9930696487426758, -0.49509453773498535, 0.4023519456386566, 0.21366052329540253, -0.9996589422225952, -0.9995583295822144, -0.9996104836463928, -0.6000000238418579, 0.005420664791017771, -0.955407440662384, -0.4116394817829132, -0.7276891469955444, -0.9912698864936829, -0.6136401295661926, -0.9921306371688843, -0.4628342092037201, 0.46752631664276123, -0.579725444316864, -0.44659531116485596, -0.21755926311016083, -0.9185631275177002, -0.7659860849380493, -0.5604982972145081, -0.45940133929252625], [-0.48439133167266846, 0.39087098836898804, 0.19084836542606354, -0.9655656814575195, 0.038088321685791016, 0.2573562562465668, -0.9903499484062195, -0.005301387049257755, 0.3344992399215698, 0.13600608706474304, -0.9999793171882629, -0.9991320967674255, -0.9994015097618103, -0.6000000238418579, 0.0010764809558168054, -0.9605086445808411, -0.3568791449069977, -0.7889986634254456, -0.9920322895050049, -1.0, -0.9921547174453735, -0.4602203369140625, 0.4643213152885437, -0.579725444316864, -0.44659531116485596, -0.21755926311016083, -0.9185631275177002, -0.7659860849380493, -0.5604982972145081, -0.45940133929252625], [0.14966534078121185, 0.339859277009964, 0.08926764130592346, 0.03552188351750374, 0.9991048574447632, 0.02297130599617958, -0.9803394079208374, 0.28518450260162354, 0.47022727131843567, -0.057540591806173325, -1.0071897506713867, -0.9923567771911621, -1.0022882223129272, -0.6000000238418579, -0.06096130982041359, -0.9168781042098999, -0.3517133295536041, -1.0, -0.992136538028717, -1.0, -0.9955753087997437, -0.4534279704093933, 0.46123191714286804, -0.579725444316864, -0.44659531116485596, -0.21755926311016083, -0.9185631275177002, -0.7659860849380493, -0.5604982972145081, -0.45940133929252625], [0.5417797565460205, 0.33414924144744873, -0.3544747531414032, 0.03731517866253853, 0.9993023872375488, -0.0015301383100450039, -0.9974215030670166, 0.36365723609924316, 0.31983044743537903, -0.6015519499778748, -0.9992783665657043, -0.9990407228469849, -1.000225305557251, -0.6000000238418579, 0.1175759807229042, -0.8015790581703186, -0.7668939828872681, -0.8800942301750183, -0.9907743334770203, -1.0, -0.993253231048584, -0.013789442367851734, 0.46751120686531067, -0.579725444316864, -0.44659531116485596, -0.21755926311016083, -0.9185631275177002, -0.7659860849380493, -0.5604982972145081, -0.45940133929252625], [0.07201208174228668, 0.3505406677722931, -0.8703381419181824, 0.07634557783603668, 0.9966579675674438, 0.029056014493107796, -0.9979292154312134, 0.24033421277999878, 0.3403840661048889, -0.9045991897583008, -1.0000752210617065, -0.9925759434700012, -0.9909037351608276, -1.0, -0.06375530362129211, -0.9245535135269165, -0.724612295627594, -1.0, -0.9913486242294312, -0.9006599187850952, -0.9940726161003113, -0.2219201773405075, 0.22276228666305542, -0.579725444316864, -0.44659531116485596, -0.21755926311016083, -0.9185631275177002, -0.7659860849380493, -0.5604982972145081, -0.45940133929252625], [-0.05197546258568764, -0.30616089701652527, 0.35743436217308044, 0.17361287772655487, -0.012270964682102203, -0.9847375154495239, -0.9947184920310974, -0.45810025930404663, -0.30072978138923645, 0.19268468022346497, -0.9995700716972351, -0.999631941318512, -1.000154972076416, -0.6000000238418579, 0.0003114258870482445, -0.9557644724845886, -0.5596382021903992, -0.855886697769165, -0.9909931421279907, -0.946332573890686, -0.9922965168952942, -0.46767643094062805, 0.45571064949035645, -0.579725444316864, -0.44659531116485596, -0.21755926311016083, -0.9185631275177002, -0.7659860849380493, -0.5604982972145081, -0.45940133929252625], [-0.44009900093078613, -0.2996869683265686, 0.16816078126430511, -0.961782693862915, 0.03596213832497597, 0.2714419364929199, -0.9903587102890015, 0.04498555511236191, -0.25126394629478455, 0.12046857178211212, -0.9996148943901062, -0.9991741180419922, -0.9994917511940002, -0.6000000238418579, -0.0013303657760843635, -0.954600989818573, -0.5825436115264893, -0.8750205039978027, -0.990644097328186, -0.5590312480926514, -0.9936596751213074, -0.46247240900993347, 0.4601004123687744, -0.579725444316864, -0.44659531116485596, -0.21755926311016083, -0.9185631275177002, -0.7659860849380493, -0.5604982972145081, -0.45940133929252625], [0.12957514822483063, -0.29266873002052307, 0.06761642545461655, -0.017684126272797585, -0.9997279047966003, 0.015209601260721684, -0.9807594418525696, 0.2555692791938782, -0.39027243852615356, -0.08046324551105499, -1.0081555843353271, -0.9938668012619019, -1.0020222663879395, -0.6000000238418579, 0.059728413820266724, -0.9287490844726562, -0.5229160785675049, -0.8266887068748474, -0.9880940914154053, -0.9806376099586487, -0.993745744228363, -0.46169495582580566, 0.4585397243499756, -0.579725444316864, -0.44659531116485596, -0.21755926311016083, -0.9185631275177002, -0.7659860849380493, -0.5604982972145081, -0.45940133929252625], [0.4763806462287903, -0.28535374999046326, -0.4051065742969513, 0.03052939660847187, -0.9989736676216125, -0.033460065722465515, -0.9975749850273132, 0.2719399333000183, -0.30853644013404846, -0.6531227231025696, -0.9992392063140869, -0.9989762902259827, -1.000376582145691, -0.6000000238418579, -0.12430190294981003, -0.7814372777938843, -0.7980327010154724, -0.38008353114128113, -0.992908239364624, -1.0, -0.9964936971664429, -0.45959407091140747, -0.004046083893626928, -0.579725444316864, -0.44659531116485596, -0.21755926311016083, -0.9185631275177002, -0.7659860849380493, -0.5604982972145081, -0.45940133929252625], [-0.03225863352417946, -0.30139467120170593, -0.9131677746772766, 0.039172884076833725, -0.9992156624794006, 0.005787822417914867, -0.9979838132858276, 0.1359005719423294, -0.2928450405597687, -0.9376251101493835, -0.9985443949699402, -0.992943525314331, -0.9906949400901794, -1.0, 0.06325479596853256, -0.8992457389831543, -0.5942590832710266, -0.8515661358833313, -0.9923436641693115, -0.5887539982795715, -0.9935443997383118, -0.22762231528759003, 0.23346780240535736, -0.579725444316864, -0.44659531116485596, -0.21755926311016083, -0.9185631275177002, -0.7659860849380493, -0.5604982972145081, -0.45940133929252625], [0.07793925702571869, 0.7395263314247131, 0.9756424427032471, 0.010321310721337795, 0.9999430775642395, -0.0027096441481262445, -0.9940885305404663, 0.1328207105398178, 0.9785584807395935, 0.9793410897254944, -0.9996551275253296, -1.0000048875808716, -0.999739944934845, -0.6000000238418579, -0.002863110275939107, -0.9409651756286621, -0.6219474077224731, -0.7919321656227112, -0.9948647022247314, -0.9635602235794067, -0.9935406446456909, -0.44334712624549866, 0.46014177799224854, -0.579725444316864, -0.44659531116485596, -0.21755926311016083, -0.9185631275177002, -0.7659860849380493, -0.5604982972145081, -0.45940133929252625], [0.04205247014760971, 0.9962953925132751, 0.979552149772644, -0.9995172023773193, 0.025943446904420853, -0.01709737814962864, -0.9943506121635437, 0.06058283895254135, 1.0, 0.8172793984413147, -0.9999175071716309, -1.0003845691680908, -0.9996655583381653, -0.6000000238418579, -0.0012108463561162353, -0.9553712606430054, -0.33819153904914856, -0.77333664894104, -0.9940354824066162, -1.0, -0.9964917302131653, -0.45708465576171875, 0.45329660177230835, -0.579725444316864, -0.44659531116485596, -0.21755926311016083, -0.9185631275177002, -0.7659860849380493, -0.5604982972145081, -0.45940133929252625], [0.05441413074731827, 0.9993730187416077, 0.7749031782150269, -0.017075635492801666, 0.0014466334832832217, 0.9998531341552734, -0.9932747483253479, 0.09429845213890076, 0.929194986820221, 0.6499200463294983, -1.0004035234451294, -0.9995658993721008, -1.0000073909759521, -0.6000000238418579, -0.0005733512807637453, -0.9546540975570679, -0.562649667263031, -0.8745648264884949, -0.9921281337738037, -1.0, -0.9947990775108337, -0.4615478217601776, 0.46744707226753235, 