{"n_joints": 18, "joint_descriptions": [[-0.19433335959911346, 0.30852600932121277, 0.37348315119743347, 0.17304952442646027, 0.0001503103121649474, -0.9849131107330322, -0.9942233562469482, -0.5365870594978333, 0.29988807439804077, 0.21722078323364258, -0.9997777938842773, -0.9998371005058289, -0.9996895790100098, -0.6000000238418579, -0.00043759759864769876, -0.9517570734024048, -0.35912737250328064, -0.9241706132888794, -0.9909504652023315, -0.8760117292404175, -0.9943656921386719, -0.4606792628765106, 0.45311877131462097, -0.6018198728561401, -0.4882860481739044, -0.23078763484954834, -0.9285051822662354, -0.7370582818984985, -0.6368713974952698, -0.3541765511035919], [-0.5296486616134644, 0.3139122426509857, 0.1953277289867401, -0.9657669067382812, -0.002625388326123357, 0.2593981921672821, -0.9919963479042053, -0.14367322623729706, 0.264009565114975, 0.15373849868774414, -0.999894917011261, -0.9993521571159363, -0.9997530579566956, -0.6000000238418579, -0.0005510800983756781, -0.9503377676010132, -0.4369146227836609, -0.897770881652832, -0.9926772713661194, -1.0, -0.9943836331367493, -0.45413219928741455, 0.4671892523765564, -0.6018198728561401, -0.4882860481739044, -0.23078763484954834, -0.9285051822662354, -0.7370582818984985, -0.6368713974952698, -0.3541765511035919], [-0.01856366917490959, 0.30126628279685974, 0.11343634873628616, -0.004992901813238859, 0.9999566078186035, -0.007864220067858696, -0.9834813475608826, 0.14514997601509094, 0.4130544662475586, -0.027568675577640533, -1.002669334411621, -0.994891345500946, -1.000289797782898, -0.6000000238418579, -0.06483820080757141, -0.8953070044517517, -0.4943879246711731, -0.8927168846130371, -0.9907783269882202, -0.8834344744682312, -0.9937116503715515, -0.46958374977111816, 0.453298419713974, -0.6018198728561401, -0.4882860481739044, -0.23078763484954834, -0.9285051822662354, -0.7370582818984985, -0.6368713974952698, -0.3541765511035919], [0.43798375129699707, 0.3163241744041443, -0.3670364022254944, -0.011520417407155037, 0.9999321103096008, 0.001748531823977828, -0.997722864151001, 0.24237409234046936, 0.31954869627952576, -0.620291531085968, -0.9995006918907166, -0.9995721578598022, -1.000150442123413, -0.6000000238418579, 0.12259571999311447, -0.8041871786117554, -0.7666124105453491, -0.7785636782646179, -0.9914014935493469, -1.0, -0.9942885637283325, 0.005213282536715269, 0.45292192697525024, -0.6018198728561401, -0.4882860481739044, -0.23078763484954834, -0.9285051822662354, -0.7370582818984985, -0.6368713974952698, -0.3541765511035919], [-0.08521370589733124, 0.3065321445465088, -0.898844301700592, -0.0022565422113984823, 0.9999914169311523, -0.0034763249568641186, -0.9980965256690979, 0.043951068073511124, 0.301765114068985, -0.922461211681366, -0.9983260631561279, -0.9947670102119446, -0.9966630935668945, -1.0, -0.06011463701725006, -0.9031513929367065, -0.7056713104248047, -0.8390021920204163, -0.9918750524520874, -1.0, -0.9939597845077515, -0.23853927850723267, 0.23843704164028168, -0.6018198728561401, -0.4882860481739044, -0.23078763484954834, -0.9285051822662354, -0.7370582818984985, -0.6368713974952698, -0.3541765511035919], [-0.19323666393756866, -0.36707770824432373, 0.3690183460712433, 0.16319429874420166, 0.0011025296989828348, -0.9865933060646057, -0.9942753911018372, -0.5331452488899231, -0.3668672740459442, 0.21085913479328156, -0.9996379613876343, -0.9998345375061035, -1.0001174211502075, -0.6000000238418579, 0.001509194727987051, -0.9524017572402954, -0.4287802278995514, -0.9138873219490051, -0.992144763469696, -0.8881893157958984, -0.9944655299186707, -0.4590604305267334, 0.46980902552604675, -0.6018198728561401, -0.4882860481739044, -0.23078763484954834, -0.9285051822662354, -0.7370582818984985, -0.6368713974952698, -0.3541765511035919], [-0.5156219005584717, -0.3677147328853607, 0.1900913268327713, -0.9663693308830261, 0.008278022520244122, 0.2570248246192932, -0.9922099113464355, -0.1237695962190628, -0.3150978982448578, 0.1427467316389084, -0.9997747540473938, -0.99934983253479, -0.9998865127563477, -0.6000000238418579, 0.0010983992833644152, -0.9515764713287354, -0.4730589985847473, -0.9727056622505188, -0.9919034838676453, -0.8421405553817749, -0.9941890835762024, -0.4534262418746948, 0.4610644578933716, -0.6018198728561401, -0.4882860481739044, -0.23078763484954834, -0.9285051822662354, -0.7370582818984985, -0.6368713974952698, -0.3541765511035919], [-0.00788422953337431, -0.3515065610408783, 0.10448184609413147, -0.009131614118814468, -0.9999578595161438, 0.0009677440975792706, -0.9824656844139099, 0.1303018480539322, -0.46025121212005615, -0.04628780111670494, -1.0035494565963745, -0.9948756098747253, -1.0004856586456299, -0.6000000238418579, 0.06189335882663727, -0.9031925201416016, -0.4539904296398163, -0.8957162499427795, -0.9915106892585754, -0.8910120725631714, -0.9933295845985413, -0.4608043134212494, 0.4621831774711609, -0.6018198728561401, -0.4882860481739044, -0.23078763484954834, -0.9285051822662354, -0.7370582818984985, -0.6368713974952698, -0.3541765511035919], [0.4185711145401001, -0.36909207701683044, -0.3785916566848755, -0.00994067545980215, -0.99994295835495, 0.003906609956175089, -0.9976280331611633, 0.19615742564201355, -0.3657188415527344, -0.6273183226585388, -0.9994340538978577, -0.9996963143348694, -1.0002299547195435, -0.6000000238418579, -0.12229865044355392, -0.8236048817634583, -0.76263028383255, -0.6860532760620117, -0.9907374978065491, -1.0, -0.9943427443504333, -0.4630219340324402, 0.008328279480338097, -0.6018198728561401, -0.4882860481739044, -0.23078763484954834, -0.9285051822662354, -0.7370582818984985, -0.6368713974952698, -0.3541765511035919], [-0.13244077563285828, -0.37808725237846375, -0.90717613697052, 0.00443150382488966, -0.9999492764472961, 0.009046146646142006, -0.9981851577758789, 0.02023947238922119, -0.3733581304550171, -0.931973934173584, -0.9977483749389648, -0.9948207139968872, -0.9970260858535767, -1.0, 0.06135845556855202, -0.9165317416191101, -0.6805919408798218, -0.9041184186935425, -0.9913746118545532, -0.9377244710922241, -0.9934758543968201, -0.23924610018730164, 0.23697564005851746, -0.6018198728561401, -0.4882860481739044, -0.23078763484954834, -0.9285051822662354, -0.7370582818984985, -0.6368713974952698, -0.3541765511035919], [-0.060404807329177856, 0.6721183657646179, 0.9995565414428711, 0.0002921629638876766, 0.9999999403953552, 0.00020173411758150905, -0.994831919670105, -4.4074084144085646e-05, 0.8875000476837158, 0.9941851496696472, -0.9997166395187378, -1.0000423192977905, -0.9998912811279297, -0.6000000238418579, -0.0008090052288025618, -0.9548015594482422, -0.48817968368530273, -0.8506194353103638, -0.9920371770858765, -1.0, -0.9948809742927551, -0.4644770622253418, 0.46056249737739563, -0.6018198728561401, -0.4882860481739044, -0.23078763484954834, -0.9285051822662354, -0.7370582818984985, -0.6368713974952698, -0.3541765511035919], [-0.0595875047147274, 0.9051127433776855, 0.9954333305358887, -0.9999135136604309, -0.005631470121443272, -0.011883805505931377, -0.9945714473724365, -0.07092633843421936, 0.9079494476318359, 0.8247359991073608, -0.9998843669891357, -1.000145673751831, -0.9997689723968506, -0.6000000238418579, -0.006418589968234301, -0.9546423554420471, -0.3753504157066345, -1.0, -0.9914519786834717, -1.0, -0.9943441152572632, -0.4568222463130951, 0.46929726004600525, -0.6018198728561401, -0.4882860481739044, -0.23078763484954834, -0.9285051822662354, -0.7370582818984985, -0.6368713974952698, -0.3541765511035919], [-0.06900860369205475, 0.9187034964561462, 0.7865954637527466, -0.005575723946094513, -0.04394090175628662, 0.9990185499191284, -0.9938828945159912, -0.07045748084783554, 0.8575299978256226, 0.6552474498748779, -1.0001695156097412, -0.9996261596679688, -0.9999570846557617, -0.6000000238418579, 0.0011570241767913103, -0.9556308388710022, -0.4275510311126709, -0.9509413242340088, -0.990818440914154, -1.0, -0.9933307766914368, -0.4612502157688141, 0.4589309096336365, 