{"n_joints": 18, "joint_descriptions": [[-0.22332608699798584, 0.2998320162296295, 0.3647127151489258, 0.17626817524433136, 3.5715816920856014e-05, -0.9843421578407288, -0.9957566857337952, -0.5018917322158813, 0.2912560701370239, 0.20874370634555817, -0.9999417066574097, -0.999901294708252, -0.9998347759246826, -0.6000000238418579, -0.0017425206024199724, -0.9576730132102966, -0.4543461203575134, -0.9020994901657104, -0.9928598999977112, -1.0, -0.9950259923934937, -0.46048158407211304, 0.4616765081882477, -0.6446619033813477, -0.4846384525299072, -0.3425629138946533, -0.9441622495651245, -0.7433808445930481, -0.6601566076278687, -0.3373851776123047], [-0.49171170592308044, 0.29787901043891907, 0.19054310023784637, -0.9654150605201721, -0.009488160721957684, 0.26054519414901733, -0.9939308166503906, -0.14318694174289703, 0.2503509521484375, 0.1542864441871643, -0.9998556971549988, -0.9997060894966125, -0.999849259853363, -0.6000000238418579, -0.00033653515856713057, -0.9539386630058289, -0.4526732563972473, -0.851306140422821, -0.9921251535415649, -0.8863458037376404, -0.9950211048126221, -0.464665025472641, 0.45823681354522705, -0.6446619033813477, -0.4846384525299072, -0.3425629138946533, -0.9441622495651245, -0.7433808445930481, -0.6601566076278687, -0.3373851776123047], [-0.06767634302377701, 0.30175912380218506, 0.11662857234477997, -0.015349162742495537, 0.9998557567596436, -0.007270407862961292, -0.9860901832580566, 0.0923638790845871, 0.3935593068599701, -0.03663678467273712, -1.0017017126083374, -0.9976604580879211, -1.0001126527786255, -0.6000000238418579, -0.06191597506403923, -0.9036321640014648, -0.5951972007751465, -0.9193129539489746, -0.9926308393478394, -0.9883873462677002, -0.9940077066421509, -0.46295589208602905, 0.4644169211387634, -0.6446619033813477, -0.4846384525299072, -0.3425629138946533, -0.9441622495651245, -0.7433808445930481, -0.6601566076278687, -0.3373851776123047], [0.38959023356437683, 0.30268049240112305, -0.3777955174446106, -0.009276099503040314, 0.9999569654464722, -1.951339618244674e-05, -0.9981880187988281, 0.13002704083919525, 0.3113342225551605, -0.6359725594520569, -0.9997732639312744, -0.9997660517692566, -1.00006103515625, -0.6000000238418579, 0.12407974898815155, -0.8192156553268433, -0.7688661813735962, -0.9565718173980713, -0.9926417469978333, -0.9552858471870422, -0.9943616390228271, 0.004059908911585808, 0.46158844232559204, -0.6446619033813477, -0.4846384525299072, -0.3425629138946533, -0.9441622495651245, -0.7433808445930481, -0.6601566076278687, -0.3373851776123047], [-0.19314169883728027, 0.2995637059211731, -0.9120131134986877, -0.01038399338722229, 0.9998242855072021, 0.015606419183313847, -0.9985566735267639, -0.0656045451760292, 0.30374857783317566, -0.9381712079048157, -0.9977229833602905, -0.9976916313171387, -0.9979082345962524, -1.0, -0.06254064291715622, -0.9081091284751892, -0.7361323833465576, -0.8404300212860107, -0.9924259781837463, -0.9644665718078613, -0.9945054650306702, -0.2324635535478592, 0.2316470444202423, -0.6446619033813477, -0.4846384525299072, -0.3425629138946533, -0.9441622495651245, -0.7433808445930481, -0.6601566076278687, -0.3373851776123047], [-0.2290439009666443, -0.3254803419113159, 0.3679264187812805, 0.17153696715831757, -0.0011581386206671596, -0.9851769804954529, -0.995408833026886, -0.5122806429862976, -0.32737311720848083, 0.2122429758310318, -0.9998123049736023, -0.9999049305915833, -1.0000070333480835, -0.6000000238418579, -0.0010038145119324327, -0.9576979279518127, -0.4112323522567749, -0.8834982514381409, -0.9925014972686768, -1.0, -0.9949660301208496, -0.46314793825149536, 0.46115487813949585, -0.6446619033813477, -0.4846384525299072, -0.3425629138946533, -0.9441622495651245, -0.7433808445930481, -0.6601566076278687, -0.3373851776123047], [-0.49195146560668945, -0.3279505670070648, 0.19161254167556763, -0.9658892750740051, -0.0187760628759861, 0.2582738399505615, -0.9938399791717529, -0.14420758187770844, -0.2750912308692932, 0.15385180711746216, -0.9997897148132324, -0.9997063875198364, -0.9999751448631287, -0.6000000238418579, 0.00020066136494278908, -0.9571626782417297, -0.4310523271560669, -0.8568347692489624, -0.9923476576805115, -1.0, -0.9946009516716003, -0.46424323320388794, 0.4615272283554077, -0.6446619033813477, -0.4846384525299072, -0.3425629138946533, -0.9441622495651245, -0.7433808445930481, -0.6601566076278687, -0.3373851776123047], [-0.048669733107089996, -0.32008588314056396, 0.11520923674106598, 0.01896711252629757, -0.9998016357421875, 0.00607641413807869, -0.9861723184585571, 0.11839449405670166, -0.416827529668808, -0.0364476703107357, -1.001997709274292, -0.9979467988014221, -1.0001846551895142, -0.6000000238418579, 0.06200495734810829, -0.9005486369132996, -0.5385771989822388, -0.8701837062835693, -0.9934157729148865, -1.0, -0.9947946071624756, -0.4617491662502289, 0.46145376563072205, -0.6446619033813477, -0.4846384525299072, -0.3425629138946533, -0.9441622495651245, -0.7433808445930481, -0.6601566076278687, -0.3373851776123047], [0.41207006573677063, -0.3151896595954895, -0.37391361594200134, 0.008635626174509525, -0.9998304843902588, -0.01626277156174183, -0.9981549382209778, 0.1642487645149231, -0.3105955123901367, -0.6324864625930786, -0.9997459053993225, -0.9998145699501038, -1.00009024143219, -0.6000000238418579, -0.12274058908224106, -0.817257285118103, -0.7605834603309631, -0.9198521375656128, -0.9922890663146973, -0.9588145613670349, -0.9938158988952637, -0.4621029198169708, -0.0016215327195823193, -0.6446619033813477, -0.4846384525299072, -0.3425629138946533, -0.9441622495651245, -0.7433808445930481, -0.6601566076278687, -0.3373851776123047], [-0.1697729229927063, -0.31446802616119385, -0.9079974293708801, 0.01736326329410076, -0.9998196959495544, -0.007685100194066763, -0.9985367655754089, -0.052846718579530716, -0.3145303726196289, -0.9383524656295776, -0.9974132180213928, -0.9976300001144409, -0.9982580542564392, -1.0, 0.06202021241188049, -0.9120594263076782, -0.7500947713851929, -0.893286406993866, -0.9926650524139404, -1.0, -0.9947778582572937, -0.22884081304073334, 0.22787781059741974, -0.6446619033813477, -0.4846384525299072, -0.3425629138946533, -0.9441622495651245, -0.7433808445930481, -0.6601566076278687, -0.3373851776123047], [-0.13640956580638885, 0.6746549010276794, 0.9978998303413391, -0.0014913997147232294, 0.9999970197677612, -0.0019332022638991475, -0.9958762526512146, -0.08728822320699692, 0.8693392276763916, 0.9985712766647339, -0.9998795986175537, -1.0000640153884888, -0.9999367594718933, -0.6000000238418579, 0.0006256391643546522, -0.9600100517272949, -0.4258413314819336, -0.9663092494010925, -0.9915689826011658, -0.9893710613250732, -0.99436354637146, -0.46725645661354065, 0.4613574147224426, -0.6446619033813477, -0.4846384525299072, -0.3425629138946533, -0.9441622495651245, -0.7433808445930481, -0.6601566076278687, -0.3373851776123047], [-0.12400713562965393, 0.8879945278167725, 1.0, -0.9999561309814453, -0.008420536294579506, 0.00410103052854538, -0.9958165884017944, -0.1275247037410736, 0.91139817237854, 0.8274717330932617, -0.9998852610588074, -1.000091314315796, -0.9999153017997742, -0.6000000238418579, -0.00925985723733902, -0.9564434885978699, -0.47264835238456726, -0.9398449659347534, -0.9917540550231934, -0.9384106397628784, -0.99381422996521, -0.4637734889984131, 0.4624095857143402, -0.6446619033813477, -0.4846384525299072, -0.3425629138946533, -0.9441622495651245, -0.7433808445930481, -0.6601566076278687, -0.3373851776123047], [-0.12097262591123581, 0.9130870699882507, 0.7867968082427979, 0.0033048666082322598, -0.061586644500494, 0.9980962872505188, -0.9953063130378723, -0.13460853695869446, 0.8672385811805725, 0.6530670523643494, -1.000096082687378, -0.9998407363891602, -0.9999248385429382, -0.6000000238418579, -0.00028041479527018964, -0.9558172225952148, -0.4091898798942566, -0.9307482838630676, -0.9926170706748962, -0.9901934266090393, -0.994360625743866, -0.4616427421569824, 