{"n_joints": 18, "joint_descriptions": [[-0.21295812726020813, 0.30109453201293945, 0.3657892346382141, 0.17356255650520325, 0.0009542382904328406, -0.9848223924636841, -0.9958590865135193, -0.4938572347164154, 0.30043095350265503, 0.2114221602678299, -0.9999541640281677, -0.999883234500885, -0.9998631477355957, -0.6000000238418579, -0.0004886911483481526, -0.9572530388832092, -0.47914788126945496, -0.8698922991752625, -0.9926785230636597, -1.0, -0.9947096109390259, -0.46208640933036804, 0.4643200933933258, -0.642394483089447, -0.4984801709651947, -0.344135046005249, -0.9464665651321411, -0.7529030442237854, -0.6500306129455566, -0.3607214093208313], [-0.472474604845047, 0.30368703603744507, 0.19117872416973114, -0.9657096862792969, -0.002617770107463002, 0.2596110999584198, -0.9940986037254333, -0.12290772050619125, 0.25597456097602844, 0.15522579848766327, -0.9998788237571716, -0.9997659921646118, -0.9998252987861633, -0.6000000238418579, -0.00021219321934040636, -0.9570977091789246, -0.4756856858730316, -0.8841763734817505, -0.9925821423530579, -0.9359683394432068, -0.9947023987770081, -0.46299687027931213, 0.46106716990470886, -0.642394483089447, -0.4984801709651947, -0.344135046005249, -0.9464665651321411, -0.7529030442237854, -0.6500306129455566, -0.3607214093208313], [-0.048598870635032654, 0.3007800281047821, 0.11741609126329422, -0.003393007442355156, 0.9999925494194031, 0.0018274799222126603, -0.986686646938324, 0.10922501236200333, 0.39618220925331116, -0.03692430257797241, -1.0020153522491455, -0.9980781674385071, -1.0003657341003418, -0.6000000238418579, -0.06190599128603935, -0.9102884531021118, -0.5919057130813599, -0.937920868396759, -0.9929510354995728, -1.0, -0.9945060610771179, -0.4594287872314453, 0.4634626507759094, -0.642394483089447, -0.4984801709651947, -0.344135046005249, -0.9464665651321411, -0.7529030442237854, -0.6500306129455566, -0.3607214093208313], [0.4069075882434845, 0.30474647879600525, -0.37253618240356445, -0.005136426538228989, 0.9999854564666748, 0.001642549061216414, -0.9982766509056091, 0.15244844555854797, 0.3092198967933655, -0.6301066875457764, -0.9998223781585693, -0.9997366070747375, -1.0000475645065308, -0.6000000238418579, 0.12319070100784302, -0.8205931186676025, -0.7793416380882263, -0.9472065567970276, -0.992406964302063, -0.9690735340118408, -0.9946328401565552, -0.00044347820221446455, 0.4642508327960968, -0.642394483089447, -0.4984801709651947, -0.344135046005249, -0.9464665651321411, -0.7529030442237854, -0.6500306129455566, -0.3607214093208313], [-0.1703505963087082, 0.30811572074890137, -0.9089760780334473, -0.008930260315537453, 0.9999352693557739, -0.007047464605420828, -0.9986076951026917, -0.04800058901309967, 0.30833473801612854, -0.9377493858337402, -0.9981363415718079, -0.9981291890144348, -0.997527003288269, -1.0, -0.06278494000434875, -0.9142635464668274, -0.7361098527908325, -0.9220699667930603, -0.9926397800445557, -0.9910475015640259, -0.9945852160453796, -0.22872763872146606, 0.2282615303993225, -0.642394483089447, -0.4984801709651947, -0.344135046005249, -0.9464665651321411, -0.7529030442237854, -0.6500306129455566, -0.3607214093208313], [-0.21494728326797485, -0.33066076040267944, 0.3669067919254303, 0.17468231916427612, -0.0028297489043325186, -0.9846208095550537, -0.995754599571228, -0.49261364340782166, -0.3323788046836853, 0.21152076125144958, -0.9998522996902466, -0.9998845458030701, -1.0000041723251343, -0.6000000238418579, -0.000633833697065711, -0.9577845931053162, -0.4351270794868469, -0.9097501635551453, -0.9927182197570801, -1.0, -0.9946439266204834, -0.46107247471809387, 0.45858052372932434, -0.642394483089447, -0.4984801709651947, -0.344135046005249, -0.9464665651321411, -0.7529030442237854, -0.6500306129455566, -0.3607214093208313], [-0.476258784532547, -0.3336317539215088, 0.18854881823062897, -0.9654445648193359, -0.010523284785449505, 0.2603960633277893, -0.9940680265426636, -0.13308054208755493, -0.28142645955085754, 0.154292032122612, -0.9997954964637756, -0.9997662901878357, -0.9999380707740784, -0.6000000238418579, 0.0004572563339024782, -0.9570191502571106, -0.43374165892601013, -0.914125919342041, -0.9924675226211548, -1.0, -0.994561493396759, -0.4638075530529022, 0.4610825479030609, -0.642394483089447, -0.4984801709651947, -0.344135046005249, -0.9464665651321411, -0.7529030442237854, -0.6500306129455566, -0.3607214093208313], [-0.041520219296216965, -0.32773974537849426, 0.11185094714164734, 0.0007640314288437366, -0.9999945759773254, 0.0032017540652304888, -0.9868665337562561, 0.12298750132322311, -0.4291527569293976, -0.04053603857755661, -1.002192497253418, -0.9983892440795898, -1.0003762245178223, -0.6000000238418579, 0.06202932074666023, -0.9060648679733276, -0.5633295774459839, -0.8879130482673645, -0.9931423664093018, -1.0, -0.9947226643562317, -0.46131736040115356, 0.46110281348228455, -0.642394483089447, -0.4984801709651947, -0.344135046005249, -0.9464665651321411, -0.7529030442237854, -0.6500306129455566, -0.3607214093208313], [0.42631837725639343, -0.3274793326854706, -0.37696874141693115, -0.0036442740820348263, -0.9999680519104004, 0.007115974090993404, -0.9982607960700989, 0.17601259052753448, -0.32767605781555176, -0.6362165808677673, -0.9997830390930176, -0.9997730851173401, -1.0000749826431274, -0.6000000238418579, -0.12249883264303207, -0.8145948648452759, -0.7658718228340149, -0.9520934820175171, -0.9928998351097107, -0.9932715892791748, -0.9941868185997009, -0.46120646595954895, -0.0031816281843930483, -0.642394483089447, -0.4984801709651947, -0.344135046005249, -0.9464665651321411, -0.7529030442237854, -0.6500306129455566, -0.3607214093208313], [-0.14353536069393158, -0.3266388773918152, -0.9135143756866455, -0.001614759094081819, -0.9999861121177673, -0.005015944596379995, -0.9985864162445068, -0.0248532947152853, -0.32497039437294006, -0.9417330622673035, -0.9977267980575562, -0.9981299638748169, -0.9978556632995605, -1.0, 0.06175342574715614, -0.9120694994926453, -0.7523083090782166, -0.8997010588645935, -0.9924991130828857, -1.0, -0.9946122765541077, -0.22779347002506256, 0.23077964782714844, -0.642394483089447, -0.4984801709651947, -0.344135046005249, -0.9464665651321411, -0.7529030442237854, -0.6500306129455566, -0.3607214093208313], [-0.1212504580616951, 0.6744879484176636, 0.9980162382125854, -0.0022631024476140738, 0.9999973773956299, -0.0003849887871183455, -0.9960091710090637, -0.07411031424999237, 0.8745716214179993, 1.0, -0.9999030828475952, -1.0000536441802979, -0.9999250173568726, -0.6000000238418579, 0.0002175697300117463, -0.9583161473274231, -0.42947763204574585, -0.9138510227203369, -0.9921197295188904, -0.9470739960670471, -0.9943454265594482, -0.46268197894096375, 0.46139219403266907, -0.642394483089447, -0.4984801709651947, -0.344135046005249, -0.9464665651321411, -0.7529030442237854, -0.6500306129455566, -0.3607214093208313], [-0.11457817256450653, 0.8938454985618591, 0.9983139038085938, -0.9999988079071045, 0.00019095705647487193, 0.0015461399452760816, -0.9959933757781982, -0.1117553561925888, 0.9153258204460144, 0.8262219429016113, -0.9999033808708191, -1.000104546546936, -0.9999322891235352, -0.6000000238418579, -0.008883239701390266, -0.958365261554718, -0.46394965052604675, -0.8889501094818115, -0.9924389123916626, -0.9421346187591553, -0.9941831827163696, -0.4607124328613281, 0.45893433690071106, -0.642394483089447, -0.4984801709651947, -0.344135046005249, -0.9464665651321411, -0.7529030442237854, -0.6500306129455566, -0.3607214093208313], [-0.11520389467477798, 0.9165354371070862, 0.7847132682800293, 0.0045629506930708885, -0.05857635661959648, 0.9982724785804749, -0.995531439781189, -0.12064163386821747, 0.8652586936950684, 0.650930643081665, -1.0001120567321777, -0.9998759627342224, -0.999937891960144, -0.6000000238418579, 0.0004553000908344984, -0.9581149220466614, -0.4343584179878235, -0.9414594173431396, -0.9929213523864746, -0.9476894736289978, -0.9947875738143921, -0.461834579706192, 