{"n_joints": 18, "joint_descriptions": [[-0.22464020550251007, 0.29256683588027954, 0.36830827593803406, 0.17652049660682678, -0.004148317500948906, -0.984288215637207, -0.9950515031814575, -0.5336347222328186, 0.2765865623950958, 0.21309731900691986, -0.9998764991760254, -0.9998794794082642, -0.9997604489326477, -0.6000000238418579, -0.0020775855518877506, -0.9536523222923279, -0.3876158893108368, -0.9640737771987915, -0.9919518232345581, -0.9752761721611023, -0.9950118064880371, -0.4630539119243622, 0.45408114790916443, -0.6317421197891235, -0.4847126305103302, -0.284379243850708, -0.9358140826225281, -0.7317361831665039, -0.6597384810447693, -0.3284999132156372], [-0.5257147550582886, 0.28772425651550293, 0.19279590249061584, -0.9658519625663757, -0.01278549712151289, 0.258778840303421, -0.9928925037384033, -0.16932444274425507, 0.23594772815704346, 0.15453176200389862, -0.9998587369918823, -0.9995186924934387, -0.9998196959495544, -0.6000000238418579, -0.0011688583763316274, -0.9497334957122803, -0.44435635209083557, -0.8779812455177307, -0.9921510219573975, -0.9375168085098267, -0.9950206279754639, -0.45899859070777893, 0.46156418323516846, -0.6317421197891235, -0.4847126305103302, -0.284379243850708, -0.9358140826225281, -0.7317361831665039, -0.6597384810447693, -0.3284999132156372], [-0.06807174533605576, 0.289724737405777, 0.11623356491327286, 0.005906494800001383, 0.999982476234436, 0.0003837505355477333, -0.9847382307052612, 0.09890564531087875, 0.3891557455062866, -0.028961455449461937, -1.0018607378005981, -0.9962443113327026, -0.9999350309371948, -0.6000000238418579, -0.06398511677980423, -0.8942905068397522, -0.5539001822471619, -0.8450745940208435, -0.9913195371627808, -0.8732574582099915, -0.9934695959091187, -0.46995779871940613, 0.45774751901626587, -0.6317421197891235, -0.4847126305103302, -0.284379243850708, -0.9358140826225281, -0.7317361831665039, -0.6597384810447693, -0.3284999132156372], [0.3960281312465668, 0.2957878112792969, -0.3743720054626465, -0.010276177898049355, 0.9999423027038574, -0.003133245510980487, -0.9978950023651123, 0.17255428433418274, 0.304319828748703, -0.6308411359786987, -0.9996290802955627, -0.9997090697288513, -1.0001237392425537, -0.6000000238418579, 0.12405551970005035, -0.8092336654663086, -0.7605998516082764, -0.8518013954162598, -0.9924278855323792, -1.0, -0.9944556355476379, 0.008456658571958542, 0.453890860080719, -0.6317421197891235, -0.4847126305103302, -0.284379243850708, -0.9358140826225281, -0.7317361831665039, -0.6597384810447693, -0.3284999132156372], [-0.15066179633140564, 0.28091514110565186, -0.9070180654525757, -0.0028909833636134863, 0.9999662041664124, -0.007698714267462492, -0.9982970356941223, -0.02395949512720108, 0.28365880250930786, -0.9296947121620178, -0.9977250099182129, -0.9961826801300049, -0.9976640343666077, -1.0, -0.06063283234834671, -0.9009292721748352, -0.7169613242149353, -0.7701303958892822, -0.9920560121536255, -1.0, -0.9943216443061829, -0.23927047848701477, 0.23862646520137787, -0.6317421197891235, -0.4847126305103302, -0.284379243850708, -0.9358140826225281, -0.7317361831665039, -0.6597384810447693, -0.3284999132156372], [-0.2357856184244156, -0.3618779480457306, 0.3695280849933624, 0.18851161003112793, -0.0004313459212426096, -0.9820708632469177, -0.9946245551109314, -0.5373820662498474, -0.3601226210594177, 0.215224489569664, -0.9997135996818542, -0.9998869299888611, -1.0000605583190918, -0.6000000238418579, 0.0003616770263761282, -0.9531596899032593, -0.40079131722450256, -0.84892338514328, -0.9920417070388794, -0.9751923680305481, -0.9950404167175293, -0.45922204852104187, 0.4687376618385315, -0.6317421197891235, -0.4847126305103302, -0.284379243850708, -0.9358140826225281, -0.7317361831665039, -0.6597384810447693, -0.3284999132156372], [-0.5275352001190186, -0.3660436272621155, 0.19354572892189026, -0.968235194683075, -0.009590767323970795, 0.24985726177692413, -0.9930451512336731, -0.1636534333229065, -0.31612440943717957, 0.14967875182628632, -0.9997859597206116, -0.9995154142379761, -0.9999591708183289, -0.6000000238418579, 0.0004621049447450787, -0.9544167518615723, -0.4441611170768738, -0.8760896325111389, -0.9925429224967957, -0.9528048038482666, -0.9940924644470215, -0.45732271671295166, 0.46179693937301636, -0.6317421197891235, -0.4847126305103302, -0.284379243850708, -0.9358140826225281, -0.7317361831665039, -0.6597384810447693, -0.3284999132156372], [-0.054584018886089325, -0.35029587149620056, 0.1149430125951767, 0.0016606564167886972, -0.9999735355377197, -0.007079968228936195, -0.9840958118438721, 0.1010148674249649, -0.4587364196777344, -0.037357717752456665, -1.0024397373199463, -0.9963759779930115, -1.0001780986785889, -0.6000000238418579, 0.06238345801830292, -0.8976008296012878, -0.47507742047309875, -0.8769626021385193, -0.992803692817688, -0.9770150184631348, -0.9940133094787598, -0.4617860019207001, 0.460086464881897, -0.6317421197891235, -0.4847126305103302, -0.284379243850708, -0.9358140826225281, -0.7317361831665039, -0.6597384810447693, -0.3284999132156372], [0.3895122706890106, -0.36447781324386597, -0.3706877827644348, -0.012343145906925201, -0.9999198913574219, -0.0028024481143802404, -0.9978621602058411, 0.1569574773311615, -0.35426652431488037, -0.6231173872947693, -0.9995969533920288, -0.9998046159744263, -1.0001522302627563, -0.6000000238418579, -0.12286274880170822, -0.8268097043037415, -0.7571202516555786, -0.8065903782844543, -0.9909521341323853, -1.0, -0.9937730431556702, -0.46112534403800964, 0.0061083040200173855, -0.6317421197891235, -0.4847126305103302, -0.284379243850708, -0.9358140826225281, -0.7317361831665039, -0.6597384810447693, -0.3284999132156372], [-0.17551715672016144, -0.36525896191596985, -0.9023070931434631, 0.008115336298942566, -0.9999623894691467, -0.0030608251690864563, -0.9983425140380859, -0.04254807531833649, -0.3666715621948242, -0.9314737915992737, -0.9973224997520447, -0.9962078332901001, -0.9980903267860413, -1.0, 0.060705944895744324, -0.9165723919868469, -0.7187613844871521, -0.851367712020874, -0.9919302463531494, -1.0, -0.9942153096199036, -0.23653094470500946, 0.23129647970199585, -0.6317421197891235, -0.4847126305103302, -0.284379243850708, -0.9358140826225281, -0.7317361831665039, -0.6597384810447693, -0.3284999132156372], [-0.11865535378456116, 0.6639037728309631, 1.0, -0.005784551613032818, 0.9999791979789734, 0.0028533528093248606, -0.9953722357749939, -0.060071300715208054, 0.8668802380561829, 0.9961458444595337, -0.9998003244400024, -1.0000641345977783, -0.999928891658783, -0.6000000238418579, 0.0008900583488866687, -0.9592054486274719, -0.4473324120044708, -0.9512532353401184, -0.9913149476051331, -1.0, -0.9948123097419739, -0.46959763765335083, 0.46210384368896484, -0.6317421197891235, -0.4847126305103302, -0.284379243850708, -0.9358140826225281, -0.7317361831665039, -0.6597384810447693, -0.3284999132156372], [-0.10868498682975769, 0.8846875429153442, 0.9992596507072449, -0.9997745156288147, -0.008290224708616734, 0.01955033652484417, -0.9951605796813965, -0.12357603013515472, 0.8973475098609924, 0.8282501101493835, -0.9998699426651001, -1.0000962018966675, -0.9998462796211243, -0.6000000238418579, -0.008278564549982548, -0.9533507823944092, -0.431743860244751, -1.0, -0.9910637140274048, -1.0, -0.9937743544578552, -0.46249982714653015, 0.46952587366104126, -0.6317421197891235, -0.4847126305103302, -0.284379243850708, -0.9358140826225281, -0.7317361831665039, -0.6597384810447693, -0.3284999132156372], [-0.11594563722610474, 0.909128725528717, 0.7859610915184021, 0.010822379030287266, -0.052981700748205185, 0.9985368251800537, -0.9945247769355774, -0.1310775876045227, 0.8598016500473022, 0.6530799865722656, -1.000120759010315, -0.9997265934944153, -0.999923825263977, -0.6000000238418579, -0.00029275979613885283, -0.9539321064949036, -0.3983515202999115, -0.9313471913337708, -0.9913594722747803, -1.0, -0.993464469909668, -0.46161946654319763, 0.45961809158325195, 