{"n_joints": 18, "joint_descriptions": [[-0.23175230622291565, 0.31492894887924194, 0.3696437478065491, 0.1677924394607544, 0.0008776084869168699, -0.9858219623565674, -0.9952136874198914, -0.510656476020813, 0.31622761487960815, 0.21765483915805817, -1.000026822090149, -0.9998927116394043, -0.9998335838317871, -0.6000000238418579, -0.0016307546757161617, -0.9556499123573303, -0.4867301285266876, -0.46172958612442017, -0.9950322508811951, -0.9111777544021606, -0.9920888543128967, -0.4692560136318207, 0.472354531288147, -0.6342834830284119, -0.37982603907585144, -0.4239925742149353, -0.9398391842842102, -0.7356105446815491, -0.6441289186477661, -0.24305948615074158], [-0.4467649459838867, 0.3356882631778717, 0.1866077482700348, -0.9633305072784424, -0.007578021846711636, 0.2682104706764221, -0.9931094646453857, -0.11226458847522736, 0.326416015625, 0.13797123730182648, -0.9997395873069763, -0.9998177289962769, -0.9998432397842407, -0.6000000238418579, -0.0038118434604257345, -0.9575986266136169, -0.4913501441478729, -0.9550410509109497, -0.9922740459442139, -1.0, -0.9938973188400269, -0.455356240272522, 0.48258569836616516, -0.6342834830284119, -0.37982603907585144, -0.4239925742149353, -0.9398391842842102, -0.7356105446815491, -0.6441289186477661, -0.24305948615074158], [-0.07728855311870575, 0.29685327410697937, 0.12883980572223663, -0.003096511121839285, 0.999994695186615, 0.0010029083350673318, -0.984414279460907, 0.0922379121184349, 0.4038359820842743, -0.018427813425660133, -1.0019410848617554, -0.9986177086830139, -1.000002145767212, -0.6000000238418579, -0.06796777993440628, -0.9020188450813293, -0.376568466424942, -1.0, -0.9877243041992188, -1.0, -0.9943609237670898, -0.45850488543510437, 0.43825244903564453, -0.6342834830284119, -0.37982603907585144, -0.4239925742149353, -0.9398391842842102, -0.7356105446815491, -0.6441289186477661, -0.24305948615074158], [0.53072190284729, 0.27789220213890076, -0.33843159675598145, -0.02803584188222885, 0.9994718432426453, 0.01643379218876362, -0.9982796907424927, 0.22154319286346436, 0.2638399600982666, -0.588463306427002, -0.9998623132705688, -0.999774694442749, -1.0000035762786865, -0.6000000238418579, 0.12619829177856445, -0.8305900692939758, -0.7473598718643188, -1.0, -0.992641806602478, -1.0, -0.9945253133773804, 0.0026119493413716555, 0.440127432346344, -0.6342834830284119, -0.37982603907585144, -0.4239925742149353, -0.9398391842842102, -0.7356105446815491, -0.6441289186477661, -0.24305948615074158], [-0.08903516083955765, 0.3048626482486725, -0.8782313466072083, -0.03239508345723152, 0.9990800023078918, 0.028101570904254913, -0.9984440207481384, 0.027274426072835922, 0.33454352617263794, -0.8955770134925842, -0.9954906702041626, -0.9987806677818298, -0.9971342086791992, -1.0, -0.06220374256372452, -0.8883472084999084, -0.7849283218383789, -1.0, -0.993918240070343, -0.7577073574066162, -0.9940284490585327, -0.21203218400478363, 0.23529642820358276, -0.6342834830284119, -0.37982603907585144, -0.4239925742149353, -0.9398391842842102, -0.7356105446815491, -0.6441289186477661, -0.24305948615074158], [-0.2336025983095169, -0.30306151509284973, 0.34128338098526, 0.1717371642589569, -0.0012175258016213775, -0.9851420521736145, -0.9957374334335327, -0.4656749963760376, -0.3348933458328247, 0.21066883206367493, -0.9998525381088257, -0.9999035596847534, -0.9999293088912964, -0.6000000238418579, 0.0012519520241767168, -0.9553832411766052, -0.36585527658462524, -0.8663995265960693, -0.9959360957145691, -1.0, -0.9925089478492737, -0.4532599151134491, 0.4334851801395416, -0.6342834830284119, -0.37982603907585144, -0.4239925742149353, -0.9398391842842102, -0.7356105446815491, -0.6441289186477661, -0.24305948615074158], [-0.44974109530448914, -0.3369196951389313, 0.16915634274482727, -0.9546065926551819, -0.015985259786248207, 0.2974403202533722, -0.9938838481903076, -0.12108273059129715, -0.31973814964294434, 0.13609983026981354, -0.9996933341026306, -0.9998372793197632, -1.0000176429748535, -0.6000000238418579, -0.007737990468740463, -0.9407729506492615, -0.2791759967803955, -0.42191243171691895, -0.9917185306549072, -1.0, -0.9949010610580444, -0.4603823721408844, 0.45863229036331177, -0.6342834830284119, -0.37982603907585144, -0.4239925742149353, -0.9398391842842102, -0.7356105446815491, -0.6441289186477661, -0.24305948615074158], [-0.059442561119794846, -0.3168570101261139, 0.11526908725500107, -0.0203330647200346, -0.9989726543426514, -0.040499791502952576, -0.9867062568664551, 0.12825196981430054, -0.3984157145023346, -0.03801625967025757, -1.001865267753601, -0.9987264275550842, -0.9999679923057556, -0.6000000238418579, 0.06788841634988785, -0.9304309487342834, -0.46887892484664917, -0.5832422375679016, -0.9916930794715881, -1.0, -0.9919779896736145, -0.48027876019477844, 0.4578070640563965, -0.6342834830284119, -0.37982603907585144, -0.4239925742149353, -0.9398391842842102, -0.7356105446815491, -0.6441289186477661, -0.24305948615074158], [0.5050140023231506, -0.2631928026676178, -0.36370283365249634, -0.03070099465548992, -0.9979747533798218, -0.05571240931749344, -0.9978635907173157, 0.26413196325302124, -0.2133682668209076, -0.6228766441345215, -0.9998056888580322, -0.9997918605804443, -1.0000218152999878, -0.6000000238418579, -0.12400685995817184, -0.7921144366264343, -0.7521620988845825, -0.9302100539207458, -0.9962656497955322, -0.9350452423095703, -0.9949175119400024, -0.4786495268344879, 0.0009049007785506546, -0.6342834830284119, -0.37982603907585144, -0.4239925742149353, -0.9398391842842102, -0.7356105446815491, -0.6441289186477661, -0.24305948615074158], [-0.11671928316354752, -0.17357797920703888, -0.9066685438156128, -0.0078070810995996, -0.9984467625617981, -0.05516388639807701, -0.9984608292579651, 0.010727169923484325, -0.16417133808135986, -0.9140881896018982, -0.9951998591423035, -0.998603343963623, -0.998094916343689, -1.0, 0.06757739931344986, -0.9077762365341187, -0.6959904432296753, -0.46086975932121277, -0.9962393045425415, -1.0, -0.9920634031295776, -0.22550958395004272, 0.2248065173625946, -0.6342834830284119, -0.37982603907585144, -0.4239925742149353, -0.9398391842842102, -0.7356105446815491, -0.6441289186477661, -0.24305948615074158], [-0.12877534329891205, 0.6728227138519287, 0.9872388243675232, -0.004618708975613117, 0.9999114871025085, 0.012479457072913647, -0.9951889514923096, -0.10380971431732178, 0.9094423055648804, 0.9698134660720825, -0.9999128580093384, -1.0001486539840698, -0.9999370574951172, -0.6000000238418579, 0.012895308434963226, -0.955441415309906, -0.48286330699920654, -0.9109787344932556, -0.9928803443908691, -1.0, -0.9943861961364746, -0.48017892241477966, 0.44942256808280945, -0.6342834830284119, -0.37982603907585144, -0.4239925742149353, -0.9398391842842102, -0.7356105446815491, -0.6441289186477661, -0.24305948615074158], [-0.07617189735174179, 0.892559826374054, 0.9853063225746155, -0.9921738505363464, -0.03607868030667305, 0.1195383295416832, -0.9956753849983215, -0.08534692227840424, 0.9116737246513367, 0.8136380910873413, -0.9997973442077637, -1.000095009803772, -0.999983549118042, -0.6000000238418579, -0.00561294611543417, -0.9534757733345032, -0.634063720703125, -0.9621321558952332, -0.9898066520690918, -1.0, -0.9944846630096436, -0.45329761505126953, 0.46252936124801636, -0.6342834830284119, -0.37982603907585144, -0.4239925742149353, -0.9398391842842102, -0.7356105446815491, -0.6441289186477661, -0.24305948615074158], [-0.1258373111486435, 0.9037930369377136, 0.7539517879486084, 0.08969919383525848, -0.03004387766122818, 0.9955156445503235, -0.9941424131393433, -0.17912381887435913, 0.8539934754371643, 0.6223516464233398, -1.0000810623168945, -0.9998898506164551, -0.9998112916946411, -0.6000000238418579, -0.0013129061553627253, -0.9561842679977417, -0.4105933606624603, -0.821683406829834, -0.9919073581695557, -0.8416646122932434, -0.9946767091751099, -0.46295711398124695, 0.46003150939941406, -0.6342834830284119, -0.37982603907585144, 