{"n_joints": 18, "joint_descriptions": [[-0.16158568859100342, 0.3329245150089264, 0.3709573745727539, 0.17284417152404785, -0.006673970725387335, -0.9849265813827515, -0.9946777820587158, -0.4848056137561798, 0.33253443241119385, 0.22084327042102814, -0.9998677968978882, -0.9997530579566956, -0.9997873306274414, -0.6000000238418579, 0.0020812656730413437, -0.9538260698318481, -0.398497998714447, -0.7925326228141785, -0.9913913011550903, -1.0, -0.9942987561225891, -0.4528931677341461, 0.4531337022781372, -0.6138097643852234, -0.4681750237941742, -0.25956621766090393, -0.9298968315124512, -0.7489129900932312, -0.6014591455459595, -0.3647443652153015], [-0.4806400239467621, 0.33357906341552734, 0.19626574218273163, -0.966576337814331, 0.009605146013200283, 0.25619903206825256, -0.9923650622367859, -0.10360152274370193, 0.2811596393585205, 0.15689606964588165, -0.9999117255210876, -0.9995607733726501, -0.9996500015258789, -0.6000000238418579, 0.0007125938427634537, -0.9490723609924316, -0.3997159004211426, -0.7289057970046997, -0.9918141961097717, -0.8731449246406555, -0.9943736791610718, -0.4629116952419281, 0.4568061828613281, -0.6138097643852234, -0.4681750237941742, -0.25956621766090393, -0.9298968315124512, -0.7489129900932312, -0.6014591455459595, -0.3647443652153015], [0.012132599018514156, 0.3222965598106384, 0.10959335416555405, 0.018769782036542892, 0.9998196363449097, -0.0028996686451137066, -0.9825288653373718, 0.18621791899204254, 0.42259475588798523, -0.0430496446788311, -1.0041394233703613, -0.996241569519043, -1.001197099685669, -0.6000000238418579, -0.061047669500112534, -0.9027568697929382, -0.5051804780960083, -0.7589990496635437, -0.9913429617881775, -1.0, -0.9941570162773132, -0.4591795802116394, 0.46449190378189087, -0.6138097643852234, -0.4681750237941742, -0.25956621766090393, -0.9298968315124512, -0.7489129900932312, -0.6014591455459595, -0.3647443652153015], [0.45082205533981323, 0.3126468062400818, -0.37706243991851807, 0.0067708310671150684, 0.9999764561653137, 0.0010983883403241634, -0.9977683424949646, 0.22212789952754974, 0.32137012481689453, -0.6302070021629333, -0.9996927976608276, -0.9994454979896545, -1.000089406967163, -0.6000000238418579, 0.12132646143436432, -0.78421550989151, -0.7840602993965149, -0.833721399307251, -0.9920013546943665, -0.9571598172187805, -0.9941976070404053, -0.007145581301301718, 0.4653973877429962, -0.6138097643852234, -0.4681750237941742, -0.25956621766090393, -0.9298968315124512, -0.7489129900932312, -0.6014591455459595, -0.3647443652153015], [-0.09426163136959076, 0.3068232536315918, -0.8995922803878784, -0.003661868628114462, 0.9998413324356079, -0.017431670799851418, -0.998175323009491, 0.03782906383275986, 0.30331283807754517, -0.9303987622261047, -0.9987233281135559, -0.99637770652771, -0.9950168132781982, -1.0, -0.064357690513134, -0.9123117923736572, -0.6917184591293335, -0.7807207107543945, -0.9907869696617126, -1.0, -0.9939326047897339, -0.23663181066513062, 0.22849293053150177, -0.6138097643852234, -0.4681750237941742, -0.25956621766090393, -0.9298968315124512, -0.7489129900932312, -0.6014591455459595, -0.3647443652153015], [-0.16357210278511047, -0.31473469734191895, 0.3741905987262726, 0.16288021206855774, 0.001087035983800888, -0.9866452813148499, -0.9944764375686646, -0.49781522154808044, -0.3157615661621094, 0.21947190165519714, -0.9997463822364807, -0.9997511506080627, -1.0000581741333008, -0.6000000238418579, -0.00017978475079871714, -0.9510173201560974, -0.4719754159450531, -0.8676302433013916, -0.9918398261070251, -1.0, -0.9945679306983948, -0.4700440466403961, 0.4614429473876953, -0.6138097643852234, -0.4681750237941742, -0.25956621766090393, -0.9298968315124512, -0.7489129900932312, -0.6014591455459595, -0.3647443652153015], [-0.47824692726135254, -0.31767335534095764, 0.19215406477451324, -0.9657617807388306, -0.003792659379541874, 0.2594027817249298, -0.9921448230743408, -0.09801863133907318, -0.2621867060661316, 0.1583928018808365, -0.9996938705444336, -0.999569296836853, -0.9997690916061401, -0.6000000238418579, -0.0022833452094346285, -0.9536404013633728, -0.4129571318626404, -0.6922687292098999, -0.9917416572570801, -0.96083664894104, -0.9938257336616516, -0.46204322576522827, 0.4584852457046509, -0.6138097643852234, -0.4681750237941742, -0.25956621766090393, -0.9298968315124512, -0.7489129900932312, -0.6014591455459595, -0.3647443652153015], [0.021684933453798294, -0.3133447766304016, 0.10634004324674606, -0.009692266583442688, -0.9999195337295532, -0.008182835765182972, -0.981891930103302, 0.17892327904701233, -0.41530904173851013, -0.04343795403838158, -1.0047202110290527, -0.9969977736473083, -1.0011258125305176, -0.6000000238418579, 0.0615801103413105, -0.8978675007820129, -0.557603657245636, -0.9707236886024475, -0.9929983615875244, -1.0, -0.994221568107605, -0.4558607041835785, 0.46321791410446167, -0.6138097643852234, -0.4681750237941742, -0.25956621766090393, -0.9298968315124512, -0.7489129900932312, -0.6014591455459595, -0.3647443652153015], [0.47174587845802307, -0.31033819913864136, -0.37245404720306396, 0.0018741381354629993, -0.9999445080757141, -0.010367559269070625, -0.997802197933197, 0.22756943106651306, -0.31556132435798645, -0.6236969232559204, -0.9996001720428467, -0.9995007514953613, -1.000148892402649, -0.6000000238418579, -0.12160494923591614, -0.8156799674034119, -0.7337088584899902, -0.7428663969039917, -0.9921720027923584, -1.0, -0.9938758611679077, -0.455226868391037, 0.004549537785351276, -0.6138097643852234, -0.4681750237941742, -0.25956621766090393, -0.9298968315124512, -0.7489129900932312, -0.6014591455459595, -0.3647443652153015], [-0.05658263340592384, -0.3074239194393158, -0.8958013653755188, 0.001979205524548888, -0.9999353289604187, -0.011197793297469616, -0.9982309937477112, 0.06414102017879486, -0.31057286262512207, -0.921893298625946, -0.997855007648468, -0.9966201186180115, -0.9954620003700256, -1.0, 0.06162416562438011, -0.9079718589782715, -0.6977125406265259, -0.8280329704284668, -0.9920198321342468, -1.0, -0.9942817091941833, -0.2322264313697815, 0.23338310420513153, -0.6138097643852234, -0.4681750237941742, -0.25956621766090393, -0.9298968315124512, -0.7489129900932312, -0.6014591455459595, -0.3647443652153015], [-0.05781818926334381, 0.7028894424438477, 1.0, 0.001325016375631094, 0.9998932480812073, -0.014552482403814793, -0.9950647354125977, -0.0021934821270406246, 0.9141995310783386, 0.9985413551330566, -0.9998123645782471, -1.0000438690185547, -0.9998552799224854, -0.6000000238418579, 0.0075628492049872875, -0.9567969441413879, -0.35354214906692505, -0.9210115671157837, -0.9920932054519653, -1.0, -0.9941468238830566, -0.4556836783885956, 0.46951475739479065, -0.6138097643852234, -0.4681750237941742, -0.25956621766090393, -0.9298968315124512, -0.7489129900932312, -0.6014591455459595, -0.3647443652153015], [-0.04634016007184982, 0.9341601729393005, 0.9991904497146606, -0.998797595500946, 0.0039565288461744785, 0.04886465519666672, -0.9947717785835266, -0.07540245354175568, 0.9424795508384705, 0.8265132308006287, -0.9998994469642639, -1.0002168416976929, -0.999857485294342, -0.6000000238418579, -0.005639524664729834, -0.953469455242157, -0.4441012144088745, -0.8817877769470215, -0.9925760626792908, -1.0, -0.994159996509552, -0.47014209628105164, 0.45501232147216797, -0.6138097643852234, -0.4681750237941742, -0.25956621766090393, -0.9298968315124512, -0.7489129900932312, -0.6014591455459595, -0.3647443652153015], [-0.08456035703420639, 0.9537947773933411, 0.7876079082489014, 0.061156436800956726, -0.03651358559727669, 0.997460126876831, -0.9941648244857788, -0.08909724652767181, 0.8949150443077087, 0.6607967019081116, -1.0002424716949463, -0.9997599124908447, -0.9999380111694336, -0.6000000238418579, -0.0013824478955939412, -0.9534648060798645, -0.4298775792121887, -0.9008140563964844, -0.9918846487998962, -1.0, -0.994071900844574, -0.4614420533180237, 0.46779051423072815, -0.6138097643852234, -0.4681750237941742, 