{"n_joints": 18, "joint_descriptions": [[-0.1558239459991455, 0.3217643201351166, 0.36970269680023193, 0.17291885614395142, -0.0033146077767014503, -0.9849305152893066, -0.994935154914856, -0.49174946546554565, 0.3205641210079193, 0.21043360233306885, -0.9998312592506409, -0.9997933506965637, -0.9997708201408386, -0.6000000238418579, -0.0001597594964550808, -0.9549835920333862, -0.4447319805622101, -0.937975287437439, -0.9912780523300171, -0.9813106060028076, -0.994947612285614, -0.4624197781085968, 0.4603384733200073, -0.6238419413566589, -0.5058056712150574, -0.25563845038414, -0.9351953864097595, -0.7564051747322083, -0.6177607178688049, -0.4101408123970032], [-0.4829534888267517, 0.3149595558643341, 0.19632111489772797, -0.9661211371421814, -0.0027863127179443836, 0.25807398557662964, -0.9927629828453064, -0.08320445567369461, 0.2549552619457245, 0.15872927010059357, -0.9999424815177917, -0.9994924664497375, -0.9996904730796814, -0.6000000238418579, 0.0010767546482384205, -0.9562911987304688, -0.4446028769016266, -0.8900831937789917, -0.9920272827148438, -1.0, -0.9942084550857544, -0.46070051193237305, 0.45477306842803955, -0.6238419413566589, -0.5058056712150574, -0.25563845038414, -0.9351953864097595, -0.7564051747322083, -0.6177607178688049, -0.4101408123970032], [0.03831130638718605, 0.31429359316825867, 0.10913213342428207, 0.001044585253112018, 0.9999973177909851, -0.002074538031592965, -0.9845315217971802, 0.18178287148475647, 0.41576653718948364, -0.039697617292404175, -1.0034167766571045, -0.9958006143569946, -1.0008383989334106, -0.6000000238418579, -0.0614585243165493, -0.9060351848602295, -0.5786342620849609, -0.8677449226379395, -0.9932361245155334, -1.0, -0.9942441582679749, -0.4637899398803711, 0.4683277904987335, -0.6238419413566589, -0.5058056712150574, -0.25563845038414, -0.9351953864097595, -0.7564051747322083, -0.6177607178688049, -0.4101408123970032], [0.43490880727767944, 0.3192562460899353, -0.37561872601509094, 0.0034546982496976852, 0.999949038028717, -0.00948620680719614, -0.9978522658348083, 0.2333439290523529, 0.3210761547088623, -0.6332416534423828, -0.9996131062507629, -0.9994996786117554, -1.0001217126846313, -0.6000000238418579, 0.12091835588216782, -0.811325192451477, -0.7611698508262634, -0.9260714650154114, -0.9920085072517395, -1.0, -0.994269847869873, 0.0029393660370260477, 0.46781203150749207, -0.6238419413566589, -0.5058056712150574, -0.25563845038414, -0.9351953864097595, -0.7564051747322083, -0.6177607178688049, -0.4101408123970032], [-0.07971657812595367, 0.30796366930007935, -0.9044007062911987, -0.004881691187620163, 0.9999386668205261, -0.009944028221070766, -0.998319685459137, 0.06564006954431534, 0.3005790114402771, -0.9351900815963745, -0.9991145730018616, -0.996081531047821, -0.9958221912384033, -1.0, -0.06185271590948105, -0.9171670079231262, -0.7072873115539551, -0.9264469146728516, -0.9918956160545349, -1.0, -0.9943760633468628, -0.23628543317317963, 0.23059391975402832, -0.6238419413566589, -0.5058056712150574, -0.25563845038414, -0.9351953864097595, -0.7564051747322083, -0.6177607178688049, -0.4101408123970032], [-0.15448716282844543, -0.33414924144744873, 0.3774930238723755, 0.16990065574645996, 0.0008132958319038153, -0.9854608774185181, -0.9947841763496399, -0.5079562067985535, -0.32622408866882324, 0.2124129980802536, -0.9997285008430481, -0.9997931122779846, -1.0000954866409302, -0.6000000238418579, -0.0005323088262230158, -0.9564947485923767, -0.45226263999938965, -0.9034824967384338, -0.9910896420478821, -0.9649338126182556, -0.9948186278343201, -0.46084102988243103, 0.4693816304206848, -0.6238419413566589, -0.5058056712150574, -0.25563845038414, -0.9351953864097595, -0.7564051747322083, -0.6177607178688049, -0.4101408123970032], [-0.4830504357814789, -0.3277198374271393, 0.1981317698955536, -0.968025803565979, 0.006778623443096876, 0.2507590055465698, -0.9925734400749207, -0.07568731904029846, -0.2662316858768463, 0.1511702835559845, -0.9997680187225342, -0.999498188495636, -0.9997958540916443, -0.6000000238418579, 0.001857379567809403, -0.959074854850769, -0.4759613275527954, -0.8799912929534912, -0.9923637509346008, -0.8980936408042908, -0.9944004416465759, -0.46186190843582153, 0.46344467997550964, -0.6238419413566589, -0.5058056712150574, -0.25563845038414, -0.9351953864097595, -0.7564051747322083, -0.6177607178688049, -0.4101408123970032], [0.030086040496826172, -0.31311529874801636, 0.10554256290197372, 0.0073335859924554825, -0.9999152421951294, 0.01075794268399477, -0.9838349223136902, 0.175659641623497, -0.41833215951919556, -0.04370831325650215, -1.0040949583053589, -0.9964319467544556, -1.001024603843689, -0.6000000238418579, 0.061211857944726944, -0.8969892859458923, -0.5372999310493469, -0.9821625351905823, -0.991783857345581, -0.9908589124679565, -0.9949678182601929, -0.45598435401916504, 0.4612339735031128, -0.6238419413566589, -0.5058056712150574, -0.25563845038414, -0.9351953864097595, -0.7564051747322083, -0.6177607178688049, -0.4101408123970032], [0.437010258436203, -0.3176213502883911, -0.3768247961997986, 0.0049382480792701244, -0.9999590516090393, 0.007585270330309868, -0.9979757070541382, 0.21334265172481537, -0.3270443081855774, -0.6297884583473206, -0.999563992023468, -0.9995977878570557, -1.0001858472824097, -0.6000000238418579, -0.12273532897233963, -0.8044090867042542, -0.7737274169921875, -0.9240731000900269, -0.9911082983016968, -0.9916235208511353, -0.9944055676460266, -0.45670750737190247, -0.003290379187092185, -0.6238419413566589, -0.5058056712150574, -0.25563845038414, -0.9351953864097595, -0.7564051747322083, -0.6177607178688049, -0.4101408123970032], [-0.08823253214359283, -0.3261074423789978, -0.9016419649124146, 0.010151262395083904, -0.9999129176139832, 0.00842968188226223, -0.9982914328575134, 0.055883098393678665, -0.3229621350765228, -0.9364210367202759, -0.9984174966812134, -0.9959388971328735, -0.9961190819740295, -1.0, 0.060381725430488586, -0.9111164808273315, -0.7279425859451294, -0.9681267142295837, -0.9909972548484802, -0.9470158219337463, -0.9949569702148438, -0.22951442003250122, 0.2290542870759964, -0.6238419413566589, -0.5058056712150574, -0.25563845038414, -0.9351953864097595, -0.7564051747322083, -0.6177607178688049, -0.4101408123970032], [-0.04239412397146225, 0.6988261938095093, 0.9937417507171631, 0.004585080314427614, 0.9999894499778748, 0.00031491019763052464, -0.9953536987304688, 0.0202240739017725, 0.9006896615028381, 1.0, -0.9997961521148682, -1.000027060508728, -0.9998722672462463, -0.6000000238418579, 0.0013741820584982634, -0.9530595541000366, -0.4133719503879547, -0.9171854853630066, -0.9919854402542114, -0.864120364189148, -0.9942461848258972, -0.45611757040023804, 0.4639706313610077, -0.6238419413566589, -0.5058056712150574, -0.25563845038414, -0.9351953864097595, -0.7564051747322083, -0.6177607178688049, -0.4101408123970032], [-0.052624382078647614, 0.9267623424530029, 0.9937028288841248, -0.999963104724884, -0.008198468945920467, -0.002558549167588353, -0.9952108860015869, -0.06881671398878098, 0.9394752383232117, 0.82716965675354, -0.9999220371246338, -1.000185251235962, -0.9998326301574707, -0.6000000238418579, -0.008176926523447037, -0.9550589323043823, -0.3840571641921997, -0.9077000617980957, -0.992868185043335, -0.948911190032959, -0.9942222833633423, -0.4611779749393463, 0.4646777808666229, -0.6238419413566589, -0.5058056712150574, -0.25563845038414, -0.9351953864097595, -0.7564051747322083, -0.6177607178688049, -0.4101408123970032], [-0.05965127423405647, 0.9409892559051514, 0.7900816202163696, 0.01420106552541256, -0.050948210060596466, 0.9986003041267395, -0.9947216510772705, -0.06198393180966377, 0.8858255743980408, 0.656318724155426, -1.0001929998397827, -0.9997289776802063, -0.9999698400497437, -0.6000000238418579, 0.000880872830748558, -0.9547789692878723, -0.43110719323158264, -0.9581809043884277, -0.9922213554382324, -1.0, -0.9941529035568237, -0.4615558385848999, 0.4582946002483368, 