{"n_joints": 18, "joint_descriptions": [[-0.33810076117515564, 0.17978203296661377, 0.35823339223861694, 0.16331888735294342, -0.03812170401215553, -0.9858365654945374, -0.9959116578102112, -0.471508264541626, 0.18618862330913544, 0.203268364071846, -1.0003466606140137, -0.9999977946281433, -0.999657392501831, -0.6000000238418579, -0.00810070987790823, -0.9590332508087158, -0.40358754992485046, -0.021538760513067245, -0.9986307621002197, -1.0, -0.9906957149505615, -0.4955897331237793, 0.49884986877441406, -0.6852015852928162, -0.34213146567344666, -0.6191691756248474, -0.9577850699424744, -0.7131797671318054, -0.7413231134414673, -0.03844870254397392], [-0.3727136552333832, 0.24799157679080963, 0.17551246285438538, -0.9602260589599609, -0.0258143600076437, 0.2780279815196991, -0.9950657486915588, -0.1334938406944275, 0.31679224967956543, 0.1326342672109604, -0.9991419911384583, -0.9999486804008484, -0.9998801946640015, -0.6000000238418579, -0.010292785242199898, -0.9747763872146606, -0.5120612978935242, -1.0, -0.9931014776229858, -1.0, -0.9958984851837158, -0.477843701839447, 0.5095461010932922, -0.6852015852928162, -0.34213146567344666, -0.6191691756248474, -0.9577850699424744, -0.7131797671318054, -0.7413231134414673, -0.03844870254397392], [-0.18771205842494965, 0.16150878369808197, 0.14879626035690308, -0.06787460297346115, 0.997597336769104, -0.013877296820282936, -0.9890557527542114, -0.013558836653828621, 0.30476146936416626, 0.010327647440135479, -1.0012304782867432, -1.000174641609192, -0.9983088374137878, -0.6000000238418579, -0.07319029420614243, -0.9237054586410522, -0.3035995364189148, -1.0, -0.9855908155441284, -0.9643363952636719, -0.9947647452354431, -0.4828944504261017, 0.41131100058555603, -0.6852015852928162, -0.34213146567344666, -0.6191691756248474, -0.9577850699424744, -0.7131797671318054, -0.7413231134414673, -0.03844870254397392], [0.6406095027923584, 0.2055283933877945, -0.290423184633255, -0.0987761914730072, 0.9949930310249329, 0.015234737657010555, -0.9989225268363953, 0.24030373990535736, 0.13713879883289337, -0.5405906438827515, -0.999933123588562, -0.9999710917472839, -0.9998844265937805, -0.6000000238418579, 0.13273434340953827, -0.9021837711334229, -0.7066948413848877, -0.8042842149734497, -0.9919971227645874, -0.7750455141067505, -0.9952511191368103, 0.028295163065195084, 0.41324883699417114, -0.6852015852928162, -0.34213146567344666, -0.6191691756248474, -0.9577850699424744, -0.7131797671318054, -0.7413231134414673, -0.03844870254397392], [-0.05724925920367241, 0.2898402512073517, -0.8459075689315796, -0.11323315650224686, 0.993564784526825, 0.002690031426027417, -0.9988948702812195, 0.03408040106296539, 0.3806687295436859, -0.8539983034133911, -0.9869020581245422, -0.9998080730438232, -0.9969392418861389, -1.0, -0.05579516664147377, -0.8738806247711182, -0.8889939188957214, -1.0, -0.9978811144828796, -0.3245235085487366, -0.996620774269104, -0.1852043718099594, 0.2199290543794632, -0.6852015852928162, -0.34213146567344666, -0.6191691756248474, -0.9577850699424744, -0.7131797671318054, -0.7413231134414673, -0.03844870254397392], [-0.33118370175361633, -0.44573068618774414, 0.3117690086364746, 0.19979718327522278, 0.027128184214234352, -0.979461669921875, -0.9970335960388184, -0.3970029354095459, -0.5439335107803345, 0.1998877078294754, -0.9998144507408142, -0.9999862313270569, -0.9996277689933777, -0.6000000238418579, -0.0037090429104864597, -0.972114622592926, -0.26796790957450867, -0.8689022660255432, -0.9997280240058899, -0.6720376014709473, -0.9910814762115479, -0.4270620048046112, 0.4064699709415436, -0.6852015852928162, -0.34213146567344666, -0.6191691756248474, -0.9577850699424744, -0.7131797671318054, -0.7413231134414673, -0.03844870254397392], [-0.3804266154766083, -0.5473107695579529, 0.1617903709411621, -0.9607246518135071, 0.05837445333600044, 0.27129435539245605, -0.9959703683853149, -0.18256743252277374, -0.580047070980072, 0.13231495022773743, -0.9993306398391724, -1.0000436305999756, -1.0004239082336426, -0.6000000238418579, -0.003334124805405736, -0.9338638186454773, -0.1907413750886917, -0.05899903550744057, -0.9949517846107483, -1.0, -0.993841826915741, -0.4561430513858795, 0.4833100438117981, -0.6852015852928162, -0.34213146567344666, -0.6191691756248474, -0.9577850699424744, -0.7131797671318054, -0.7413231134414673, -0.03844870254397392], [-0.1801418662071228, -0.5330606698989868, 0.13855086266994476, 0.07895129173994064, -0.9968783855438232, -0.0004029284173157066, -0.9924889206886292, 0.08391735702753067, -0.6206939220428467, -0.010430630296468735, -1.0008771419525146, -1.0000711679458618, -0.9985771775245667, -0.6000000238418579, 0.0685679242014885, -0.9652679562568665, -0.3883880078792572, -0.12192563712596893, -0.9898832440376282, -0.8502863049507141, -0.9905946850776672, -0.5071378350257874, 0.47487974166870117, -0.6852015852928162, -0.34213146567344666, -0.6191691756248474, -0.9577850699424744, -0.7131797671318054, -0.7413231134414673, -0.03844870254397392], [0.5089537501335144, -0.4586132764816284, -0.34722673892974854, 0.03463846445083618, -0.9976328015327454, -0.0594053715467453, -0.9983800649642944, 0.28273501992225647, -0.36703792214393616, -0.6106042861938477, -0.9999361634254456, -0.9999731779098511, -0.9998787641525269, -0.6000000238418579, -0.11987826973199844, -0.849740207195282, -0.8414641618728638, -1.0, -1.0, -1.0, -0.9937251210212708, -0.5054741501808167, -0.02412441559135914, -0.6852015852928162, -0.34213146567344666, -0.6191691756248474, -0.9577850699424744, -0.7131797671318054, -0.7413231134414673, -0.03844870254397392], [-0.18561165034770966, -0.4210565388202667, -0.9083609580993652, 0.08567316085100174, -0.9946896433830261, -0.05703212693333626, -0.9986579418182373, -0.06547695398330688, -0.43393251299858093, -0.9049698114395142, -0.9821624755859375, -0.9987950325012207, -0.9996212720870972, -1.0, 0.07433892786502838, -0.9274245500564575, -0.8005015850067139, -0.010056721977889538, -1.0, -0.5899152159690857, -0.9906721115112305, -0.24734951555728912, 0.24548743665218353, -0.6852015852928162, -0.34213146567344666, -0.6191691756248474, -0.9577850699424744, -0.7131797671318054, -0.7413231134414673, -0.03844870254397392], [-0.26056912541389465, 0.5334435105323792, 0.9565646648406982, -0.04895386844873428, 0.9983579516410828, 0.029747972264885902, -0.9963843822479248, -0.222182497382164, 0.8146247267723083, 0.929797351360321, -0.9999260902404785, -1.0005241632461548, -0.9999837875366211, -0.6000000238418579, 0.012905036099255085, -0.9478919506072998, -0.6940728425979614, -1.0, -0.9906593561172485, -1.0, -0.9948034286499023, -0.5070623159408569, 0.42274776101112366, -0.6852015852928162, -0.34213146567344666, -0.6191691756248474, -0.9577850699424744, -0.7131797671318054, -0.7413231134414673, -0.03844870254397392], [-0.17128193378448486, 0.703536868095398, 0.9635869264602661, -0.997806966304779, -0.0650181695818901, 0.012405019253492355, -0.996279239654541, -0.14823588728904724, 0.7444400191307068, 0.8020599484443665, -0.9992789030075073, -1.000022053718567, -1.0001276731491089, -0.6000000238418579, -0.008240777999162674, -0.9695661664009094, -0.8340263366699219, -0.8838406205177307, -0.9877067804336548, -0.6852850914001465, -0.9952099323272705, -0.4269222617149353, 0.4881077706813812, -0.6852015852928162, -0.34213146567344666, -0.6191691756248474, -0.9577850699424744, -0.7131797671318054, -0.7413231134414673, -0.03844870254397392], [-0.20003388822078705, 0.6969539523124695, 0.722376823425293, 0.12781159579753876, -0.06936220079660416, 0.9893700480461121, -0.9956754446029663, -0.30355551838874817, 0.6728689074516296, 0.5808652639389038, -0.9999483227729797, -0.9999325275421143, -0.9993055462837219, -0.6000000238418579, 0.004896469414234161, -0.9607949256896973, -0.5232659578323364, -1.0, -0.9934313893318176, -0.41685736179351807, -0.9942378997802734, -0.4671746790409088, 0.4347080588340759, -0.6852015852928162, -0.34213146567344666, -0.6191691756248474, -0.9577850699424744, 