{"n_joints": 18, "joint_descriptions": [[-0.15176750719547272, 0.3303113877773285, 0.36980095505714417, 0.17264947295188904, -0.003832202171906829, -0.9849758744239807, -0.994795560836792, -0.4785209894180298, 0.3342648446559906, 0.21499057114124298, -0.9998321533203125, -0.9997634887695312, -0.9997702836990356, -0.6000000238418579, 0.0010091279400512576, -0.9537920951843262, -0.41223007440567017, -0.8991521596908569, -0.9908831119537354, -1.0, -0.9949542284011841, -0.457540363073349, 0.45551612973213196, -0.6178685426712036, -0.5010582208633423, -0.23795287311077118, -0.9317270517349243, -0.752148449420929, -0.60858553647995, -0.39679160714149475], [-0.47928452491760254, 0.3250088095664978, 0.19847175478935242, -0.9666826725006104, 0.001466557732783258, 0.2559735178947449, -0.99252849817276, -0.09217466413974762, 0.2635515332221985, 0.1618426889181137, -0.9999382495880127, -0.9994913935661316, -0.9996395111083984, -0.6000000238418579, 0.0013766622869297862, -0.9535171985626221, -0.4317631423473358, -0.8138424754142761, -0.9919748306274414, -0.9358627796173096, -0.9940164089202881, -0.46404749155044556, 0.4524569809436798, -0.6178685426712036, -0.5010582208633423, -0.23795287311077118, -0.9317270517349243, -0.752148449420929, -0.60858553647995, -0.39679160714149475], [0.0351734422147274, 0.322713166475296, 0.10794288665056229, 0.006045700516551733, 0.9999707341194153, 0.004691672045737505, -0.9835295081138611, 0.18824297189712524, 0.42549046874046326, -0.04219354689121246, -1.0040372610092163, -0.9956937432289124, -1.001057505607605, -0.6000000238418579, -0.060351498425006866, -0.9013210535049438, -0.5607382655143738, -0.785766065120697, -0.9928451776504517, -1.0, -0.9941397905349731, -0.4650161862373352, 0.46990111470222473, -0.6178685426712036, -0.5010582208633423, -0.23795287311077118, -0.9317270517349243, -0.752148449420929, -0.60858553647995, -0.39679160714149475], [0.426360160112381, 0.32608672976493835, -0.3790377974510193, 0.009925941936671734, 0.9999403357505798, -0.004558381624519825, -0.9977424144744873, 0.21986089646816254, 0.33514338731765747, -0.6334024667739868, -0.9996234178543091, -0.9994322657585144, -1.0001220703125, -0.6000000238418579, 0.12057477235794067, -0.7966926097869873, -0.7722771763801575, -0.881049394607544, -0.9919743537902832, -1.0, -0.9941307902336121, -0.0001094410617952235, 0.4698636829853058, -0.6178685426712036, -0.5010582208633423, -0.23795287311077118, -0.9317270517349243, -0.752148449420929, -0.60858553647995, -0.39679160714149475], [-0.09469203650951385, 0.3184390068054199, -0.9029593467712402, 0.004825741983950138, 0.9998539090156555, -0.016398053616285324, -0.9982197880744934, 0.05085441470146179, 0.30916255712509155, -0.9360288977622986, -0.9992448687553406, -0.9960069060325623, -0.9951872825622559, -1.0, -0.06290910392999649, -0.9182144403457642, -0.6893988847732544, -0.8499673008918762, -0.9911177754402161, -1.0, -0.9944687485694885, -0.23944246768951416, 0.2323223203420639, -0.6178685426712036, -0.5010582208633423, -0.23795287311077118, -0.9317270517349243, -0.752148449420929, -0.60858553647995, -0.39679160714149475], [-0.15312623977661133, -0.32523173093795776, 0.3804817795753479, 0.1752743273973465, -0.0008449442684650421, -0.9845192432403564, -0.9944262504577637, -0.5036096572875977, -0.3186134696006775, 0.2171609252691269, -0.9997206926345825, -0.9997497797012329, -1.0000931024551392, -0.6000000238418579, -0.0009499576408416033, -0.9553599953651428, -0.4713134765625, -0.8498788475990295, -0.9909073114395142, -0.9487319588661194, -0.994976818561554, -0.4657457172870636, 0.46929171681404114, -0.6178685426712036, -0.5010582208633423, -0.23795287311077118, -0.9317270517349243, -0.752148449420929, -0.60858553647995, -0.39679160714149475], [-0.47921672463417053, -0.32034847140312195, 0.20107361674308777, -0.9692546129226685, -0.0020670106168836355, 0.2460513710975647, -0.9921621084213257, -0.08501048386096954, -0.2570604383945465, 0.1591513305902481, -0.9997177720069885, -0.9995006918907166, -0.9997686743736267, -0.6000000238418579, 0.0009303113911300898, -0.9583697319030762, -0.4633006751537323, -0.817571222782135, -0.992508590221405, -0.87034672498703, -0.9941830635070801, -0.4612484276294708, 0.46460211277008057, -0.6178685426712036, -0.5010582208633423, -0.23795287311077118, -0.9317270517349243, -0.752148449420929, -0.60858553647995, -0.39679160714149475], [0.03194389492273331, -0.30955803394317627, 0.10808177292346954, 0.004422718193382025, -0.9999010562896729, 0.013354343362152576, -0.9824510812759399, 0.1763429343700409, -0.4145188629627228, -0.041154030710458755, -1.0048048496246338, -0.9965246319770813, -1.0012387037277222, -0.6000000238418579, 0.06028014048933983, -0.8933399319648743, -0.5550895929336548, -1.0, -0.9922225475311279, -1.0, -0.9949349164962769, -0.45296236872673035, 0.4600508213043213, -0.6178685426712036, -0.5010582208633423, -0.23795287311077118, -0.9317270517349243, -0.752148449420929, -0.60858553647995, -0.39679160714149475], [0.4446219503879547, -0.31669527292251587, -0.37313076853752136, 0.0104379178956151, -0.9999277591705322, 0.00595557177439332, -0.9978891611099243, 0.20952124893665314, -0.3315649628639221, -0.6233288645744324, -0.9995600581169128, -0.9995157122612, -1.0001920461654663, -0.6000000238418579, -0.12233329564332962, -0.8078288435935974, -0.758891761302948, -0.8491607308387756, -0.9910950064659119, -1.0, -0.994057834148407, -0.45328834652900696, -0.00249186297878623, -0.6178685426712036, -0.5010582208633423, -0.23795287311077118, -0.9317270517349243, -0.752148449420929, -0.60858553647995, -0.39679160714149475], [-0.07607734948396683, -0.3316224217414856, -0.8920602798461914, 0.016977006569504738, -0.9998397827148438, 0.005672386381775141, -0.9981908202171326, 0.05607183277606964, -0.3313574492931366, -0.9257465600967407, -0.9981858134269714, -0.9961410164833069, -0.9953163266181946, -1.0, 0.06028677523136139, -0.9069236516952515, -0.7241415977478027, -0.9373757839202881, -0.9909159541130066, -1.0, -0.9949526190757751, -0.23260658979415894, 0.23143664002418518, -0.6178685426712036, -0.5010582208633423, -0.23795287311077118, -0.9317270517349243, -0.752148449420929, -0.60858553647995, -0.39679160714149475], [-0.05073034390807152, 0.7078884243965149, 0.9946361184120178, 0.008484436199069023, 0.999946117401123, 0.0059823282063007355, -0.9951622486114502, 0.015186872333288193, 0.9123806357383728, 1.0, -0.9997903108596802, -1.0000282526016235, -0.9998528361320496, -0.6000000238418579, 0.0036968851927667856, -0.9531126618385315, -0.3752187490463257, -0.9072661399841309, -0.9915282130241394, -0.874931812286377, -0.9941896200180054, -0.4529571235179901, 0.4684162139892578, -0.6178685426712036, -0.5010582208633423, -0.23795287311077118, -0.9317270517349243, -0.752148449420929, -0.60858553647995, -0.39679160714149475], [-0.056105151772499084, 0.9366609454154968, 0.9965839385986328, -0.999369204044342, 0.007146042305976152, 0.03478637710213661, -0.9948486685752869, -0.08093120902776718, 0.9511215686798096, 0.8297746181488037, -0.9999144673347473, -1.0002180337905884, -0.9998303055763245, -0.6000000238418579, -0.007360151037573814, -0.9558601975440979, -0.39053940773010254, -0.9375910758972168, -0.9931207895278931, -0.9541350603103638, -0.9941893219947815, -0.4660787880420685, 0.46226614713668823, -0.6178685426712036, -0.5010582208633423, -0.23795287311077118, -0.9317270517349243, -0.752148449420929, -0.60858553647995, -0.39679160714149475], [-0.07585994899272919, 0.9537879824638367, 0.7927011251449585, 0.023444481194019318, -0.04889306798577309, 0.9985288381576538, -0.9944182634353638, -0.07471965253353119, 0.8975136280059814, 0.6609781384468079, -1.0002244710922241, -0.9997273683547974, -0.9999605417251587, -0.6000000238418579, 0.0004590420867316425, -0.9539181590080261, -0.40333688259124756, -0.9854651093482971, -0.9921492338180542, -1.0, -0.9942498803138733, -0.4614570438861847, 0.4606112539768219, -0.6178685426712036, -0.5010582208633423, -0.23795287311077118, 