{"n_joints": 18, "joint_descriptions": [[-0.17798085510730743, 0.31940317153930664, 0.3737458288669586, 0.1724495142698288, 0.0014353349106386304, -0.9850172996520996, -0.9953704476356506, -0.5184045433998108, 0.3185426890850067, 0.21496501564979553, -0.9998579025268555, -0.9998537302017212, -0.9997966885566711, -0.6000000238418579, -0.00043521076440811157, -0.9561156034469604, -0.44347620010375977, -0.951249897480011, -0.9925609827041626, -0.9959065318107605, -0.9943866729736328, -0.46278098225593567, 0.4638630449771881, -0.6363239288330078, -0.48831358551979065, -0.31569215655326843, -0.9412493705749512, -0.7565867900848389, -0.6395719647407532, -0.40850749611854553], [-0.49770694971084595, 0.3205130100250244, 0.19337452948093414, -0.9659202694892883, -0.0025379019789397717, 0.2588273286819458, -0.9934280514717102, -0.09669408202171326, 0.2683109939098358, 0.1497359424829483, -0.9999334812164307, -0.9995657205581665, -0.9997894167900085, -0.6000000238418579, -0.00029905885457992554, -0.9556289315223694, -0.449259877204895, -0.8829947113990784, -0.9923688769340515, -1.0, -0.9943860769271851, -0.46218568086624146, 0.462909460067749, -0.6363239288330078, -0.48831358551979065, -0.31569215655326843, -0.9412493705749512, -0.7565867900848389, -0.6395719647407532, -0.40850749611854553], [0.0005017040530219674, 0.30953630805015564, 0.11088268458843231, -0.003157115774229169, 0.9999765157699585, 0.006083768792450428, -0.9857182502746582, 0.150153249502182, 0.41264668107032776, -0.03864911571145058, -1.00235915184021, -0.996475338935852, -1.0004239082336426, -0.6000000238418579, -0.06310585141181946, -0.9071915149688721, -0.5676277279853821, -0.9516680240631104, -0.9926986694335938, -1.0, -0.9944333434104919, -0.4607648253440857, 0.4602431654930115, -0.6363239288330078, -0.48831358551979065, -0.31569215655326843, -0.9412493705749512, -0.7565867900848389, -0.6395719647407532, -0.40850749611854553], [0.4215638339519501, 0.3147899806499481, -0.3704630732536316, -0.0008348628762178123, 0.9999905824661255, 0.004265387076884508, -0.9981020092964172, 0.2053757607936859, 0.3146730065345764, -0.6266180276870728, -0.9996565580368042, -0.9996532797813416, -1.0001118183135986, -0.6000000238418579, 0.12241436541080475, -0.8193277716636658, -0.7678189873695374, -0.895931601524353, -0.992308497428894, -0.9955171942710876, -0.9944128394126892, -0.001133376033976674, 0.45985648036003113, -0.6363239288330078, -0.48831358551979065, -0.31569215655326843, -0.9412493705749512, -0.7565867900848389, -0.6395719647407532, -0.40850749611854553], [-0.09993849694728851, 0.3185027241706848, -0.9013875126838684, -9.331466571893543e-06, 0.9999836087226868, 0.0057248882949352264, -0.9984752535820007, 0.04075630381703377, 0.32057636976242065, -0.9269593954086304, -0.9989830851554871, -0.9964713454246521, -0.9969980120658875, -1.0, -0.061896760016679764, -0.9111225008964539, -0.7402562499046326, -0.9503507018089294, -0.9926744103431702, -0.97430020570755, -0.994360089302063, -0.22860391438007355, 0.23125576972961426, -0.6363239288330078, -0.48831358551979065, -0.31569215655326843, -0.9412493705749512, -0.7565867900848389, -0.6395719647407532, -0.40850749611854553], [-0.18031960725784302, -0.33225908875465393, 0.3709620535373688, 0.17096459865570068, 0.0006929908995516598, -0.9852769374847412, -0.9954272508621216, -0.5144339799880981, -0.3307318389415741, 0.21233752369880676, -0.9997630715370178, -0.9998584985733032, -1.0000760555267334, -0.6000000238418579, -7.40660789233516e-06, -0.9554644823074341, -0.43144527077674866, -0.883014440536499, -0.9923344254493713, -1.0, -0.994260311126709, -0.45998847484588623, 0.46192631125450134, -0.6363239288330078, -0.48831358551979065, -0.31569215655326843, -0.9412493705749512, -0.7565867900848389, -0.6395719647407532, -0.40850749611854553], [-0.4993553161621094, -0.33218568563461304, 0.19096492230892181, -0.9664438366889954, -0.001963238464668393, 0.2568705976009369, -0.9934716820716858, -0.1025632992386818, -0.281792551279068, 0.14705537259578705, -0.9998138546943665, -0.9995606541633606, -0.9998788833618164, -0.6000000238418579, 0.000587421702221036, -0.9564234614372253, -0.4574696719646454, -0.9258795976638794, -0.9922335147857666, -1.0, -0.9943963885307312, -0.46164098381996155, 0.46024346351623535, -0.6363239288330078, -0.48831358551979065, -0.31569215655326843, -0.9412493705749512, -0.7565867900848389, -0.6395719647407532, -0.40850749611854553], [-0.002507978118956089, -0.32503026723861694, 0.10737588256597519, -0.0011352522997185588, -0.9999849796295166, 0.005366746801882982, -0.9858776330947876, 0.14773768186569214, -0.42820075154304504, -0.0426759347319603, -1.0027965307235718, -0.9967842102050781, -1.0005509853363037, -0.6000000238418579, 0.06249487027525902, -0.9088956713676453, -0.5194137096405029, -0.8548445105552673, -0.9923744201660156, -0.9974948167800903, -0.9944217205047607, -0.46365320682525635, 0.46076807379722595, -0.6363239288330078, -0.48831358551979065, -0.31569215655326843, -0.9412493705749512, -0.7565867900848389, -0.6395719647407532, -0.40850749611854553], [0.4128086566925049, -0.3313088119029999, -0.37630823254585266, 0.0011620046570897102, -0.9999923706054688, 0.0037303518038243055, -0.9980948567390442, 0.19298793375492096, -0.3319495618343353, -0.631768524646759, -0.9996187090873718, -0.9997233152389526, -1.0001575946807861, -0.6000000238418579, -0.12316915392875671, -0.8180731534957886, -0.7735402584075928, -0.8930885791778564, -0.9921423196792603, -1.0, -0.9943515062332153, -0.4639124274253845, 0.0012466012267395854, -0.6363239288330078, -0.48831358551979065, -0.31569215655326843, -0.9412493705749512, -0.7565867900848389, -0.6395719647407532, -0.40850749611854553], [-0.12592671811580658, -0.3379391133785248, -0.9064108729362488, 0.0035479452926665545, -0.9999861121177673, 0.0039001472759991884, -0.9984841346740723, 0.015308894217014313, -0.3387375473976135, -0.9358704090118408, -0.9985165596008301, -0.9964630007743835, -0.9972676634788513, -1.0, 0.06177982687950134, -0.9123643040657043, -0.7195388078689575, -0.9505271315574646, -0.9922530651092529, -0.9905937314033508, -0.9944007992744446, -0.23155871033668518, 0.2316311001777649, -0.6363239288330078, -0.48831358551979065, -0.31569215655326843, -0.9412493705749512, -0.7565867900848389, -0.6395719647407532, -0.40850749611854553], [-0.06146615743637085, 0.6887801885604858, 0.9984883666038513, 0.0031079223845154047, 0.9999921321868896, 0.0024529665242880583, -0.9956386089324951, -0.006105457898229361, 0.89626544713974, 1.0, -0.9998201131820679, -1.00002920627594, -0.9999066591262817, -0.6000000238418579, -0.001225341111421585, -0.956987738609314, -0.4627517759799957, -0.9185997247695923, -0.9924278855323792, -0.9751297831535339, -0.9944220185279846, -0.4637376666069031, 0.45887264609336853, -0.6363239288330078, -0.48831358551979065, -0.31569215655326843, -0.9412493705749512, -0.7565867900848389, -0.6395719647407532, -0.40850749611854553], [-0.0668676570057869, 0.9174028635025024, 0.9989333152770996, -0.9999433159828186, 0.00131666858214885, -0.010566133074462414, -0.99559485912323, -0.06162702292203903, 0.9324960112571716, 0.8280366063117981, -0.9999246001243591, -1.0001301765441895, -0.9998508095741272, -0.6000000238418579, -0.00792460422962904, -0.9562385082244873, -0.42013558745384216, -0.9204794764518738, -0.992119312286377, -0.9840856790542603, -0.9944319725036621, -0.45981577038764954, 0.4602378308773041, -0.6363239288330078, -0.48831358551979065, -0.31569215655326843, -0.9412493705749512, -0.7565867900848389, -0.6395719647407532, -0.40850749611854553], [-0.058986034244298935, 0.935832679271698, 0.790149450302124, -0.0075186570174992085, -0.05426450073719025, 0.998498260974884, -0.9950673580169678, -0.06142154335975647, 0.881783127784729, 0.659269392490387, -1.000143051147461, -0.9997629523277283, -0.9999657869338989, -0.6000000238418579, -0.0002560860593803227, -0.9562253355979919, -0.4421546757221222, -0.9257528185844421, -0.9923895001411438, -0.9760873317718506, 