{"n_joints": 18, "joint_descriptions": [[-0.15703071653842926, 0.33642643690109253, 0.3707358241081238, 0.1761472076177597, -0.0013259734259918332, -0.9843629598617554, -0.9946807622909546, -0.4806952476501465, 0.3377380669116974, 0.22003179788589478, -0.9998533129692078, -0.9997483491897583, -0.9997814297676086, -0.6000000238418579, 0.0019852202385663986, -0.9541025161743164, -0.3920706510543823, -0.8261920809745789, -0.9911173582077026, -1.0, -0.9945438504219055, -0.4533081650733948, 0.4528317153453827, -0.6168310642242432, -0.47945356369018555, -0.24779477715492249, -0.9298367500305176, -0.7492979764938354, -0.6031695604324341, -0.37471532821655273], [-0.48072710633277893, 0.33491718769073486, 0.19765806198120117, -0.9649279117584229, 0.013420533388853073, 0.26217174530029297, -0.9923789501190186, -0.10254672169685364, 0.2782078981399536, 0.15911613404750824, -0.9999158382415771, -0.9995352625846863, -0.9996360540390015, -0.6000000238418579, 0.0010259596165269613, -0.9498636722564697, -0.4027041494846344, -0.7394956350326538, -0.9917132258415222, -0.8749949932098389, -0.9942798018455505, -0.4642924666404724, 0.4546961188316345, -0.6168310642242432, -0.47945356369018555, -0.24779477715492249, -0.9298367500305176, -0.7492979764938354, -0.6031695604324341, -0.37471532821655273], [0.01861424371600151, 0.32575035095214844, 0.10821475833654404, 0.017170248553156853, 0.9998513460159302, 0.0015728475991636515, -0.9826769828796387, 0.18697553873062134, 0.42690858244895935, -0.04440072178840637, -1.0042082071304321, -0.9959651827812195, -1.0011590719223022, -0.6000000238418579, -0.060536231845617294, -0.900777280330658, -0.5223906636238098, -0.7490656971931458, -0.9918218851089478, -0.9985701441764832, -0.9941579103469849, -0.46124500036239624, 0.4668278992176056, -0.6168310642242432, -0.47945356369018555, -0.24779477715492249, -0.9298367500305176, -0.7492979764938354, -0.6031695604324341, -0.37471532821655273], [0.4339880645275116, 0.31718218326568604, -0.3797470033168793, 0.01889185421168804, 0.9998054504394531, -0.005669983569532633, -0.9977380037307739, 0.21195417642593384, 0.328944593667984, -0.6318218111991882, -0.9996662139892578, -0.99942946434021, -1.0001084804534912, -0.6000000238418579, 0.1209692731499672, -0.7851302027702332, -0.7829242944717407, -0.8309884667396545, -0.9921044111251831, -0.9540928602218628, -0.9941495656967163, -0.005647266283631325, 0.4674915373325348, -0.6168310642242432, -0.47945356369018555, -0.24779477715492249, -0.9298367500305176, -0.7492979764938354, -0.6031695604324341, -0.37471532821655273], [-0.10671403259038925, 0.31440138816833496, -0.9008557796478271, 0.0066281091421842575, 0.9998269081115723, -0.017383577302098274, -0.9981709122657776, 0.029242370277643204, 0.30779606103897095, -0.9330918788909912, -0.9989067316055298, -0.9962436556816101, -0.9949042797088623, -1.0, -0.0640900656580925, -0.9147500395774841, -0.68687903881073, -0.7869681715965271, -0.9907212257385254, -1.0, -0.9941257238388062, -0.23837025463581085, 0.22967413067817688, -0.6168310642242432, -0.47945356369018555, -0.24779477715492249, -0.9298367500305176, -0.7492979764938354, -0.6031695604324341, -0.37471532821655273], [-0.15973322093486786, -0.3164418935775757, 0.37727090716362, 0.17617662250995636, 0.006818871479481459, -0.9843349456787109, -0.9943853616714478, -0.49962833523750305, -0.31397920846939087, 0.21966537833213806, -0.999735951423645, -0.9997386932373047, -1.0000673532485962, -0.6000000238418579, -0.0005292213754728436, -0.9521188139915466, -0.47648870944976807, -0.8423166275024414, -0.991455078125, -1.0, -0.9947560429573059, -0.469744473695755, 0.4643331468105316, -0.6168310642242432, -0.47945356369018555, -0.24779477715492249, -0.9298367500305176, -0.7492979764938354, -0.6031695604324341, -0.37471532821655273], [-0.4786634147167206, -0.31594160199165344, 0.1958056092262268, -0.9665035009384155, 0.0029665997717529535, 0.2566363215446472, -0.9920980930328369, -0.09581393003463745, -0.25809434056282043, 0.1601424217224121, -0.9997134208679199, -0.9995359182357788, -0.9997532367706299, -0.6000000238418579, -0.0013085571117699146, -0.9552496671676636, -0.42929381132125854, -0.7273844480514526, -0.9920176863670349, -0.9213999509811401, -0.9938299059867859, -0.4613542854785919, 0.4606005549430847, -0.6168310642242432, -0.47945356369018555, -0.24779477715492249, -0.9298367500305176, -0.7492979764938354, -0.6031695604324341, -0.37471532821655273], [0.02547682262957096, -0.3123384118080139, 0.10695189982652664, 0.00907293800264597, -0.9999547004699707, -0.0028870406094938517, -0.9817817211151123, 0.17804759740829468, -0.41540640592575073, -0.04325711727142334, -1.0048993825912476, -0.9967889785766602, -1.0011627674102783, -0.6000000238418579, 0.060898683965206146, -0.895416796207428, -0.5610698461532593, -0.9969468712806702, -0.9928626418113708, -1.0, -0.9944795966148376, -0.454121857881546, 0.46252256631851196, -0.6168310642242432, -0.47945356369018555, -0.24779477715492249, -0.9298367500305176, -0.7492979764938354, -0.6031695604324341, -0.37471532821655273], [0.46113139390945435, -0.3105543851852417, -0.37288421392440796, 0.0022157717030495405, -0.9999150037765503, -0.012849141843616962, -0.9978103041648865, 0.21871992945671082, -0.31746697425842285, -0.6227795481681824, -0.9995797276496887, -0.9994840621948242, -1.000159740447998, -0.6000000238418579, -0.12146873027086258, -0.8155410289764404, -0.739242434501648, -0.7609952688217163, -0.9917649030685425, -1.0, -0.9938098192214966, -0.4537449777126312, 0.002581146080046892, -0.6168310642242432, -0.47945356369018555, -0.24779477715492249, -0.9298367500305176, -0.7492979764938354, -0.6031695604324341, -0.37471532821655273], [-0.06201581284403801, -0.3096793293952942, -0.8936212062835693, -0.0005680848262272775, -0.999931275844574, -0.011708949692547321, -0.9982005953788757, 0.060223352164030075, -0.31313902139663696, -0.9221441149711609, -0.998004674911499, -0.9964431524276733, -0.995261013507843, -1.0, 0.0610976442694664, -0.9062681198120117, -0.7056265473365784, -0.8641840815544128, -0.9915943741798401, -1.0, -0.994530200958252, -0.23338989913463593, 0.23387059569358826, -0.6168310642242432, -0.47945356369018555, -0.24779477715492249, -0.9298367500305176, -0.7492979764938354, -0.6031695604324341, -0.37471532821655273], [-0.05668579787015915, 0.7103690505027771, 0.9987878799438477, 0.01314668357372284, 0.9999135732650757, 8.282341877929866e-05, -0.9950631260871887, 0.0030825287103652954, 0.9202656745910645, 1.0, -0.9998010993003845, -1.000035047531128, -0.999849796295166, -0.6000000238418579, 0.006548470817506313, -0.9557427763938904, -0.35293203592300415, -0.9142315983772278, -0.9918143153190613, -0.9636527299880981, -0.9940930604934692, -0.4539736807346344, 0.47015324234962463, -0.6168310642242432, -0.47945356369018555, -0.24779477715492249, -0.9298367500305176, -0.7492979764938354, -0.6031695604324341, -0.37471532821655273], [-0.050772856920957565, 0.941903293132782, 0.9997730851173401, -0.9991010427474976, 0.0013063362566754222, 0.042371902614831924, -0.9947121143341064, -0.07992242276668549, 0.9541590213775635, 0.8288312554359436, -0.9999006986618042, -1.000225305557251, -0.9998489022254944, -0.6000000238418579, -0.006070902105420828, -0.9544864892959595, -0.4251156449317932, -0.9032871127128601, -0.9928423762321472, -1.0, -0.9940842390060425, -0.4699055850505829, 0.4567183256149292, -0.6168310642242432, -0.47945356369018555, -0.24779477715492249, -0.9298367500305176, -0.7492979764938354, -0.6031695604324341, -0.37471532821655273], [-0.08469667285680771, 0.9631266593933105, 0.79100102186203, 0.045639362186193466, -0.035638101398944855, 0.998322069644928, -0.9942137002944946, -0.08441679924726486, 0.9058737754821777, 0.6630496382713318, -1.0002472400665283, -0.999749481678009, -0.9999475479125977, -0.6000000238418579, -0.0008730108966119587, -0.953657329082489, -0.4169413447380066, -0.9346264004707336, -0.991828203201294, -1.0, -0.994195282459259, -0.46214115619659424, 