{"n_joints": 18, "joint_descriptions": [[-0.15536877512931824, 0.32608214020729065, 0.3695627450942993, 0.17463138699531555, 0.006378659512847662, -0.9846132397651672, -0.9949125647544861, -0.48985153436660767, 0.3265153169631958, 0.2110225260257721, -0.9998302459716797, -0.999788761138916, -0.9997698664665222, -0.6000000238418579, 8.161337063938845e-06, -0.9548941254615784, -0.44101640582084656, -0.9334401488304138, -0.9911818504333496, -0.9875184893608093, -0.9949702620506287, -0.46174174547195435, 0.4595564603805542, -0.6220816373825073, -0.5059748291969299, -0.2515067458152771, -0.9345933794975281, -0.7556076049804688, -0.616068959236145, -0.40867239236831665], [-0.4829255938529968, 0.31991133093833923, 0.19680456817150116, -0.9662238955497742, -0.0016240671975538135, 0.2576989531517029, -0.992719829082489, -0.08559747785329819, 0.2593596279621124, 0.1592019498348236, -0.9999409317970276, -0.9994907379150391, -0.9996795654296875, -0.6000000238418579, 0.0011571906507015228, -0.9559905529022217, -0.4445277750492096, -0.8799363374710083, -0.9920259118080139, -1.0, -0.9941540360450745, -0.46119001507759094, 0.45418646931648254, -0.6220816373825073, -0.5059748291969299, -0.2515067458152771, -0.9345933794975281, -0.7556076049804688, -0.616068959236145, -0.40867239236831665], [0.0372593067586422, 0.3194325268268585, 0.10860219597816467, -0.01006089337170124, 0.9999481439590454, -0.001595193869434297, -0.9843747615814209, 0.1796858012676239, 0.42236703634262085, -0.040267426520586014, -1.0035231113433838, -0.9957519769668579, -1.0008584260940552, -0.6000000238418579, -0.06123771145939827, -0.9055299758911133, -0.5769593715667725, -0.8539033532142639, -0.9932101964950562, -1.0, -0.994247317314148, -0.46424195170402527, 0.46881231665611267, -0.6220816373825073, -0.5059748291969299, -0.2515067458152771, -0.9345933794975281, -0.7556076049804688, -0.616068959236145, -0.40867239236831665], [0.4267125427722931, 0.32907265424728394, -0.3773089051246643, -0.006347832269966602, 0.9999592900276184, -0.00641021691262722, -0.997833251953125, 0.22241370379924774, 0.3312737047672272, -0.6344201564788818, -0.9996176958084106, -0.999485194683075, -1.0001325607299805, -0.6000000238418579, 0.12082584202289581, -0.8091531991958618, -0.7625435590744019, -0.9227938652038574, -0.9919580221176147, -1.0, -0.9942721724510193, 0.0027331230230629444, 0.4683537483215332, -0.6220816373825073, -0.5059748291969299, -0.2515067458152771, -0.9345933794975281, -0.7556076049804688, -0.616068959236145, -0.40867239236831665], [-0.09292445331811905, 0.31618359684944153, -0.9046867489814758, 0.0043116905726492405, 0.9999906420707703, -0.00031709540053270757, -0.9983022809028625, 0.05256868153810501, 0.3078325688838959, -0.9361988306045532, -0.999215304851532, -0.9959244132041931, -0.9958265423774719, -1.0, -0.06199154257774353, -0.9175488948822021, -0.7038611173629761, -0.9152638912200928, -0.9917662739753723, -1.0, -0.9944088459014893, -0.23697210848331451, 0.23100343346595764, -0.6220816373825073, -0.5059748291969299, -0.2515067458152771, -0.9345933794975281, -0.7556076049804688, -0.616068959236145, -0.40867239236831665], [-0.15418235957622528, -0.3297234773635864, 0.3781673014163971, 0.1702495515346527, 0.0016091505531221628, -0.9853996634483337, -0.9947159886360168, -0.5075103640556335, -0.3218449056148529, 0.2130887806415558, -0.9997273683547974, -0.9997832775115967, -1.0000944137573242, -0.6000000238418579, -0.0006326783332042396, -0.9564756155014038, -0.45563244819641113, -0.8982861638069153, -0.991023600101471, -0.9585890173912048, -0.9948610067367554, -0.4615427553653717, 0.46963220834732056, -0.6220816373825073, -0.5059748291969299, -0.2515067458152771, -0.9345933794975281, -0.7556076049804688, -0.616068959236145, -0.40867239236831665], [-0.48243847489356995, -0.32338207960128784, 0.19891636073589325, -0.9654936790466309, -0.01903265342116356, 0.2597299814224243, -0.9924860596656799, -0.07701566070318222, -0.26123079657554626, 0.1526317596435547, -0.9997661113739014, -0.999491810798645, -0.999794065952301, -0.6000000238418579, 0.0017936438089236617, -0.9590942859649658, -0.47513267397880554, -0.8716794848442078, -0.9924150109291077, -0.8897783160209656, -0.9943939447402954, -0.4619631767272949, 0.4638999104499817, -0.6220816373825073, -0.5059748291969299, -0.2515067458152771, -0.9345933794975281, -0.7556076049804688, -0.616068959236145, -0.40867239236831665], [0.030542679131031036, -0.3088948130607605, 0.10612312704324722, 0.00840671081095934, -0.9998953938484192, 0.011768951080739498, -0.983596920967102, 0.17532476782798767, -0.41385453939437866, -0.043007008731365204, -1.0042423009872437, -0.9964419603347778, -1.0010292530059814, -0.6000000238418579, 0.06100388616323471, -0.8961369395256042, -0.5403845906257629, -0.9910001158714294, -0.9918214678764343, -0.9873993992805481, -0.9949849247932434, -0.4553185701370239, 0.4608928859233856, -0.6220816373825073, -0.5059748291969299, -0.2515067458152771, -0.9345933794975281, -0.7556076049804688, -0.616068959236145, -0.40867239236831665], [0.4379398226737976, -0.3136293590068817, -0.3759844899177551, 0.009327050298452377, -0.9998268485069275, 0.016103005036711693, -0.9979644417762756, 0.2125769555568695, -0.3253137767314911, -0.6284911036491394, -0.9995593428611755, -0.9995889067649841, -1.0001897811889648, -0.6000000238418579, -0.12277702987194061, -0.8041465282440186, -0.7719324827194214, -0.9151968359947205, -0.9910709261894226, -0.9995280504226685, -0.9943699836730957, -0.4560035765171051, -0.0034753407817333937, -0.6220816373825073, -0.5059748291969299, -0.2515067458152771, -0.9345933794975281, -0.7556076049804688, -0.616068959236145, -0.40867239236831665], [-0.08593330532312393, -0.3254523277282715, -0.8997448682785034, 0.003746076487004757, -0.9998874664306641, 0.01452681701630354, -0.998270571231842, 0.05640382319688797, -0.32321450114250183, -0.9346340298652649, -0.998397946357727, -0.9960796236991882, -0.9958378672599792, -1.0, 0.06032050400972366, -0.9106800556182861, -0.7282286286354065, -0.9653552770614624, -0.9909440875053406, -0.9522548913955688, -0.9949780106544495, -0.22989417612552643, 0.22917257249355316, -0.6220816373825073, -0.5059748291969299, -0.2515067458152771, -0.9345933794975281, -0.7556076049804688, -0.616068959236145, -0.40867239236831665], [-0.044050585478544235, 0.7036609053611755, 0.9937278628349304, -0.005215147044509649, 0.9999863505363464, 0.0003585095691960305, -0.9953239560127258, 0.019498074427247047, 0.9057106375694275, 1.0, -0.9997951984405518, -1.0000274181365967, -0.9998682737350464, -0.6000000238418579, 0.0017148933839052916, -0.9528754949569702, -0.4069612920284271, -0.9157525897026062, -0.9918867349624634, -0.8614857196807861, -0.99421626329422, -0.4554331302642822, 0.46474552154541016, -0.6220816373825073, -0.5059748291969299, -0.2515067458152771, -0.9345933794975281, -0.7556076049804688, -0.616068959236145, -0.40867239236831665], [-0.05384714901447296, 0.9315207004547119, 0.9939957857131958, -0.9999417662620544, 0.010781760327517986, 0.0004616674850694835, -0.9951521158218384, -0.07121250033378601, 0.9441455006599426, 0.8276269435882568, -0.9999228119850159, -1.0001929998397827, -0.9998329877853394, -0.6000000238418579, -0.008084486238658428, -0.9552339315414429, -0.38361209630966187, -0.9142840504646301, -0.9929283261299133, -0.9458221793174744, -0.9942225813865662, -0.4618951380252838, 0.464591383934021, -0.6220816373825073, -0.5059748291969299, -0.2515067458152771, -0.9345933794975281, -0.7556076049804688, -0.616068959236145, -0.40867239236831665], [-0.06224003806710243, 0.9457048177719116, 0.7905045747756958, 0.0076286206021904945, -0.05490956827998161, 0.9984622001647949, -0.9946702718734741, -0.06346049159765244, 0.8899085521697998, 0.6568582653999329, -1.000200629234314, -0.9997302889823914, -0.9999625086784363, -0.6000000238418579, 0.0008808434940874577, -0.9547510743141174, -0.42575812339782715, -0.9658225774765015, -0.9922458529472351, -1.0, -0.9941452145576477, -0.46133729815483093,