{"n_joints": 18, "joint_descriptions": [[-0.19096159934997559, 0.34219133853912354, 0.3699359595775604, 0.16693416237831116, -0.011530449613928795, -0.9859006404876709, -0.9948496222496033, -0.5058873891830444, 0.3389292359352112, 0.21949276328086853, -0.9999288320541382, -0.9998037219047546, -0.9998185038566589, -0.6000000238418579, 0.0011904912535101175, -0.9542075991630554, -0.4526365399360657, -0.6581484079360962, -0.9928830862045288, -0.928227961063385, -0.9932905435562134, -0.456906259059906, 0.4591367244720459, -0.6212491393089294, -0.4254755675792694, -0.3228514790534973, -0.9327318668365479, -0.7447860836982727, -0.61390221118927, -0.3235410451889038], [-0.47726258635520935, 0.3505178391933441, 0.1895613670349121, -0.9678230881690979, 0.010617011226713657, 0.2514075040817261, -0.9925132989883423, -0.11171748489141464, 0.3139132857322693, 0.14476871490478516, -0.999860942363739, -0.9996772408485413, -0.9997279644012451, -0.6000000238418579, -0.000956281553953886, -0.9500849843025208, -0.43519946932792664, -0.7770012617111206, -0.9921668171882629, -0.955283522605896, -0.994232714176178, -0.45650017261505127, 0.467280775308609, -0.6212491393089294, -0.4254755675792694, -0.3228514790534973, -0.9327318668365479, -0.7447860836982727, -0.61390221118927, -0.3235410451889038], [-0.027761856094002724, 0.32703572511672974, 0.1139119565486908, 0.00966686848551035, 0.9999405145645142, 0.005051704589277506, -0.9828072786331177, 0.15247638523578644, 0.4269408583641052, -0.037956368178129196, -1.0032087564468384, -0.9972661137580872, -1.0007951259613037, -0.6000000238418579, -0.06391074508428574, -0.907548189163208, -0.44369035959243774, -0.8794584274291992, -0.9896090626716614, -0.9975098371505737, -0.9941477179527283, -0.4543624520301819, 0.4536140561103821, -0.6212491393089294, -0.4254755675792694, -0.3228514790534973, -0.9327318668365479, -0.7447860836982727, -0.61390221118927, -0.3235410451889038], [0.48454660177230835, 0.30929797887802124, -0.368036687374115, 0.008296212181448936, 0.9999623894691467, -0.002531718695536256, -0.9979337453842163, 0.22074809670448303, 0.31667232513427734, -0.6245733499526978, -0.9997538924217224, -0.9995860457420349, -1.0000439882278442, -0.6000000238418579, 0.12318499386310577, -0.7960816621780396, -0.7745183706283569, -0.9287152886390686, -0.9917410612106323, -1.0, -0.9940674901008606, -0.007153256796300411, 0.4551352560520172, -0.6212491393089294, -0.4254755675792694, -0.3228514790534973, -0.9327318668365479, -0.7447860836982727, -0.61390221118927, -0.3235410451889038], [-0.09171739220619202, 0.3271958827972412, -0.8988670110702515, 0.017998868599534035, 0.9998365640640259, 0.0016846612561494112, -0.9982603788375854, 0.02997351810336113, 0.3343726694583893, -0.9237970113754272, -0.9976505041122437, -0.997355580329895, -0.9958793520927429, -1.0, -0.06425067782402039, -0.9015735387802124, -0.7260867953300476, -0.8387216329574585, -0.9917995929718018, -0.9683520793914795, -0.9935064315795898, -0.22697585821151733, 0.22942985594272614, -0.6212491393089294, -0.4254755675792694, -0.3228514790534973, -0.9327318668365479, -0.7447860836982727, -0.61390221118927, -0.3235410451889038], [-0.19062620401382446, -0.2966422438621521, 0.3584556579589844, 0.1837352216243744, -0.0056729912757873535, -0.9829593896865845, -0.9950108528137207, -0.4890422224998474, -0.30814459919929504, 0.21379318833351135, -0.9997988939285278, -0.9998186230659485, -1.0000184774398804, -0.6000000238418579, 0.0010266591561958194, -0.9499998092651367, -0.4342522621154785, -0.9457226395606995, -0.9935745596885681, -1.0, -0.9936769008636475, -0.46570590138435364, 0.44936689734458923, -0.6212491393089294, -0.4254755675792694, -0.3228514790534973, -0.9327318668365479, -0.7447860836982727, -0.61390221118927, -0.3235410451889038], [-0.47252029180526733, -0.31002384424209595, 0.1764291524887085, -0.9690208435058594, 0.0197894386947155, 0.24618491530418396, -0.9926396608352661, -0.10456615686416626, -0.2700662612915039, 0.14503133296966553, -0.9997106790542603, -0.9996757507324219, -0.9998548030853271, -0.6000000238418579, -0.0054194629192352295, -0.9475257992744446, -0.35153594613075256, -0.5735488533973694, -0.9911062121391296, -1.0, -0.9943389892578125, -0.4615894854068756, 0.45381033420562744, -0.6212491393089294, -0.4254755675792694, -0.3228514790534973, -0.9327318668365479, -0.7447860836982727, -0.61390221118927, -0.3235410451889038], [-0.006312456913292408, -0.3023744225502014, 0.10405586659908295, -0.006667016539722681, -0.9991858005523682, -0.039790257811546326, -0.9834973216056824, 0.16240301728248596, -0.39330971240997314, -0.04850027710199356, -1.0034101009368896, -0.9976433515548706, -1.0007017850875854, -0.6000000238418579, 0.06469541043043137, -0.9107606410980225, -0.5260497331619263, -0.8234555125236511, -0.9928180575370789, -0.9621904492378235, -0.9931871294975281, -0.465433806180954, 0.4609581232070923, -0.6212491393089294, -0.4254755675792694, -0.3228514790534973, -0.9327318668365479, -0.7447860836982727, -0.61390221118927, -0.3235410451889038], [0.49879977107048035, -0.2738749384880066, -0.37384581565856934, -0.01626569963991642, -0.9990041255950928, -0.04154720902442932, -0.9978161454200745, 0.2543470561504364, -0.2544575333595276, -0.631050169467926, -0.9996889233589172, -0.999624490737915, -1.0000859498977661, -0.6000000238418579, -0.12330348044633865, -0.8039588928222656, -0.7283354997634888, -0.7666395902633667, -0.993922770023346, -0.9311885833740234, -0.9944954514503479, -0.46414345502853394, 0.007545016705989838, -0.6212491393089294, -0.4254755675792694, -0.3228514790534973, -0.9327318668365479, -0.7447860836982727, -0.61390221118927, -0.3235410451889038], [-0.06196320056915283, -0.2274813950061798, -0.9092825055122375, -0.017163792625069618, -0.9993399977684021, -0.03201517462730408, -0.9983580708503723, 0.06020766496658325, -0.22413970530033112, -0.926353931427002, -0.9973268508911133, -0.9973024725914001, -0.9964757561683655, -1.0, 0.06403448432683945, -0.9122867584228516, -0.6805477142333984, -0.678749144077301, -0.9938436150550842, -1.0, -0.9932669401168823, -0.22629325091838837, 0.22783434391021729, -0.6212491393089294, -0.4254755675792694, -0.3228514790534973, -0.9327318668365479, -0.7447860836982727, -0.61390221118927, -0.3235410451889038], [-0.07814481109380722, 0.7022406458854675, 1.0, 0.007395638152956963, 0.9999716281890869, 0.0014296895824372768, -0.9950900077819824, -0.040111567825078964, 0.9244475960731506, 0.9910483360290527, -0.9998542666435242, -1.0000696182250977, -0.9998908042907715, -0.6000000238418579, 0.010559354908764362, -0.9584049582481384, -0.39015471935272217, -0.9308199882507324, -0.9929813742637634, -1.0, -0.9941272735595703, -0.46525537967681885, 0.4628055989742279, -0.6212491393089294, -0.4254755675792694, -0.3228514790534973, -0.9327318668365479, -0.7447860836982727, -0.61390221118927, -0.3235410451889038], [-0.04753653332591057, 0.9337784647941589, 0.9963637590408325, -0.9956278204917908, -0.0007987985154613853, 0.09340538829565048, -0.9952011704444885, -0.0703408345580101, 0.9405481815338135, 0.8203004598617554, -0.999868631362915, -1.000160813331604, -0.9999066591262817, -0.6000000238418579, -0.004805914591997862, -0.9508407711982727, -0.5238198041915894, -0.8609506487846375, -0.9913381338119507, -1.0, -0.9941098093986511, -0.465709388256073, 0.45385876297950745, -0.6212491393089294, -0.4254755675792694, -0.3228514790534973, -0.9327318668365479, -0.7447860836982727, -0.61390221118927, -0.3235410451889038], [-0.0947619080543518, 0.95232093334198, 0.7739760875701904, 0.06516063213348389, -0.04620054364204407, 0.9968047142028809, -0.9940330386161804, -0.11714602261781693, 0.8946073055267334, 0.6468470096588135, -1.0001990795135498, -0.9998224973678589, -0.9998963475227356, -0.6000000238418579, -0.0023862337693572044, -0.954203724861145, -0.44948744773864746, -0.8035507202148438, -0.9923282861709595, -1.0, -0.9939426779747009, -0.46121031045913696, 0.4688192903995514, -0.6212491393089294, 