{"n_joints": 18, "joint_descriptions": [[-0.1740688532590866, 0.29619544744491577, 0.3665359616279602, 0.16896669566631317, -0.0019200589740648866, -0.9856199026107788, -0.9959520101547241, -0.4779547452926636, 0.284390389919281, 0.21886330842971802, -0.9999776482582092, -0.999809741973877, -0.9999170303344727, -0.6000000238418579, -0.00184990547131747, -0.9579082131385803, -0.45242950320243835, -0.8019915819168091, -0.9918044805526733, -0.8734273910522461, -0.9952056407928467, -0.4528539776802063, 0.4688197672367096, -0.6402966976165771, -0.4737369418144226, -0.36746400594711304, -0.9486697912216187, -0.7654773592948914, -0.6203904151916504, -0.3960701823234558], [-0.417172908782959, 0.29522594809532166, 0.19495491683483124, -0.9655917882919312, -0.026155967265367508, 0.25874391198158264, -0.9943851828575134, -0.1012050062417984, 0.24746516346931458, 0.16872847080230713, -0.999937891960144, -0.9998541474342346, -0.9997166395187378, -0.6000000238418579, 0.00323498179204762, -0.9565236568450928, -0.48332786560058594, -0.9173123240470886, -0.99333256483078, -1.0, -0.9947221875190735, -0.46393337845802307, 0.455313116312027, -0.6402966976165771, -0.4737369418144226, -0.36746400594711304, -0.9486697912216187, -0.7654773592948914, -0.6203904151916504, -0.3960701823234558], [0.02429846115410328, 0.282785028219223, 0.1267489492893219, -0.03005642257630825, 0.998996376991272, -0.033209893852472305, -0.9874942898750305, 0.16304495930671692, 0.3861028254032135, -0.023023616522550583, -1.0033355951309204, -0.9988036751747131, -1.0012353658676147, -0.6000000238418579, -0.06389749050140381, -0.9097874164581299, -0.5448039770126343, -1.0, -0.9924185276031494, -1.0, -0.9945424199104309, -0.45358654856681824, 0.4685736894607544, -0.6402966976165771, -0.4737369418144226, -0.36746400594711304, -0.9486697912216187, -0.7654773592948914, -0.6203904151916504, -0.3960701823234558], [0.4836479425430298, 0.27278369665145874, -0.35715797543525696, -0.031862977892160416, 0.999098539352417, -0.028050711378455162, -0.9983424544334412, 0.2780996263027191, 0.25920528173446655, -0.6120420098304749, -0.9999215006828308, -0.9995569586753845, -1.0000232458114624, -0.6000000238418579, 0.11768526583909988, -0.8442134261131287, -0.8098945021629333, -1.0, -0.9919965863227844, -0.9038645029067993, -0.9953575134277344, 0.008104419335722923, 0.45325085520744324, -0.6402966976165771, -0.4737369418144226, -0.36746400594711304, -0.9486697912216187, -0.7654773592948914, -0.6203904151916504, -0.3960701823234558], [0.0098117021843791, 0.24159668385982513, -0.8950427770614624, -0.030147118493914604, 0.9989895224571228, -0.03333324193954468, -0.9987674355506897, 0.15390819311141968, 0.24241991341114044, -0.9204400181770325, -0.9991844892501831, -0.9987908601760864, -0.9961340427398682, -1.0, -0.0644456148147583, -0.9227770566940308, -0.7254303693771362, -0.7956858277320862, -0.993644654750824, -1.0, -0.9940013289451599, -0.22830499708652496, 0.23195843398571014, -0.6402966976165771, -0.4737369418144226, -0.36746400594711304, -0.9486697912216187, -0.7654773592948914, -0.6203904151916504, -0.3960701823234558], [-0.19527947902679443, -0.37194907665252686, 0.36692026257514954, 0.17412252724170685, 0.00016154862532857805, -0.9847239851951599, -0.9961530566215515, -0.4939740300178528, -0.3703812062740326, 0.21739846467971802, -0.9999136924743652, -0.9997965097427368, -1.0000003576278687, -0.6000000238418579, -0.001580741023644805, -0.9557082653045654, -0.4347831606864929, -0.809965968132019, -0.9930849075317383, -1.0, -0.9949699640274048, -0.46822959184646606, 0.4684153199195862, -0.6402966976165771, -0.4737369418144226, -0.36746400594711304, -0.9486697912216187, -0.7654773592948914, -0.6203904151916504, -0.3960701823234558], [-0.4591483175754547, -0.38704830408096313, 0.19522689282894135, -0.9661940336227417, -0.009549446403980255, 0.25763899087905884, -0.9945615530014038, -0.13584232330322266, -0.3269827365875244, 0.1586068719625473, -0.9997662901878357, -0.9998664855957031, -0.9998112916946411, -0.6000000238418579, 0.0007641523261554539, -0.9568129777908325, -0.5203210115432739, -0.7334603667259216, -0.9922502636909485, -0.9693920016288757, -0.9946317076683044, -0.45512765645980835, 0.46237313747406006, -0.6402966976165771, -0.4737369418144226, -0.36746400594711304, -0.9486697912216187, -0.7654773592948914, -0.6203904151916504, -0.3960701823234558], [-0.052648838609457016, -0.3771544098854065, 0.11802247911691666, 0.01499931514263153, -0.9998865127563477, -0.0013955674367025495, -0.9875724911689758, 0.09983424097299576, -0.4886869192123413, -0.03630343824625015, -1.0034458637237549, -0.9992636442184448, -1.0010977983474731, -0.6000000238418579, 0.06276343762874603, -0.9088296890258789, -0.6292979717254639, -0.8382039666175842, -0.9917501211166382, -1.0, -0.994706928730011, -0.4531652629375458, 0.46316027641296387, -0.6402966976165771, -0.4737369418144226, -0.36746400594711304, -0.9486697912216187, -0.7654773592948914, -0.6203904151916504, -0.3960701823234558], [0.40090709924697876, -0.3883207142353058, -0.35944342613220215, 0.005117951892316341, -0.999947726726532, 0.00885208323597908, -0.9983943700790405, 0.18946711719036102, -0.3930254280567169, -0.6120662093162537, -0.9998427629470825, -0.9995900988578796, -1.0000519752502441, -0.6000000238418579, -0.12069988250732422, -0.8385690450668335, -0.7651041746139526, -0.9543329477310181, -0.9926857352256775, -1.0, -0.9939932227134705, -0.4698357582092285, 0.0073477113619446754, -0.6402966976165771, -0.4737369418144226, -0.36746400594711304, -0.9486697912216187, -0.7654773592948914, -0.6203904151916504, -0.3960701823234558], [-0.14439062774181366, -0.3962855935096741, -0.8894731998443604, 0.003994854167103767, -0.9999690055847168, 0.006786114536225796, -0.9986916184425354, -0.010243467055261135, -0.3936436176300049, -0.9125506281852722, -0.9983717203140259, -0.9988125562667847, -0.9962654709815979, -1.0, 0.05909159779548645, -0.9099028706550598, -0.7546551823616028, -0.9445770978927612, -0.9917705059051514, -1.0, -0.9948102235794067, -0.22631607949733734, 0.2240537405014038, -0.6402966976165771, -0.4737369418144226, -0.36746400594711304, -0.9486697912216187, -0.7654773592948914, -0.6203904151916504, -0.3960701823234558], [-0.09681911766529083, 0.679870069026947, 0.9815114736557007, 0.0059802113100886345, 0.9999821186065674, -0.00019016911392100155, -0.9963544607162476, -0.05316947400569916, 0.8880200386047363, 0.9804014563560486, -0.9999379515647888, -1.0000358819961548, -0.9998818039894104, -0.6000000238418579, 0.005542121361941099, -0.9578534960746765, -0.46587496995925903, -0.8975762128829956, -0.9923765063285828, -1.0, -0.9948779940605164, -0.45480841398239136, 0.45941922068595886, -0.6402966976165771, -0.4737369418144226, -0.36746400594711304, -0.9486697912216187, -0.7654773592948914, -0.6203904151916504, -0.3960701823234558], [-0.10842795670032501, 0.9079490303993225, 0.9806768894195557, -0.9989933967590332, -0.006427166052162647, 0.04439432919025421, -0.9960188269615173, -0.12537668645381927, 0.9211531281471252, 0.8074393272399902, -0.9999335408210754, -1.000182867050171, -0.9999662637710571, -0.6000000238418579, -0.007833820767700672, -0.9586194157600403, -0.523948073387146, -1.0, -0.9926028251647949, -0.8455730676651001, -0.9953945875167847, -0.4652707874774933, 0.45334216952323914, -0.6402966976165771, -0.4737369418144226, -0.36746400594711304, -0.9486697912216187, -0.7654773592948914, -0.6203904151916504, -0.3960701823234558], [-0.11484935879707336, 0.9277204871177673, 0.7721437811851501, 0.027617337182164192, -0.05031328275799751, 0.9983515739440918, -0.9956135153770447, -0.13075990974903107, 0.8777346014976501, 0.641104519367218, -1.000209093093872, -0.9999266266822815, -0.9999516010284424, -0.6000000238418579, 0.0023164665326476097, -0.9584221839904785, -0.4502843916416168, -0.9899663925170898, -0.9924815893173218, -1.0, -0.9946926236152649, -0.46202176809310913, 0.4589444100856781, -0.6402966976165771, -0.4737369418144226, 