{"n_joints": 18, "joint_descriptions": [[-0.14640502631664276, 0.3183823823928833, 0.3688243329524994, 0.1639017015695572, 0.009217544458806515, -0.9864336252212524, -0.995550274848938, -0.46796339750289917, 0.31216806173324585, 0.20906312763690948, -0.9999237656593323, -0.9997193813323975, -0.9998888969421387, -0.6000000238418579, -0.00039474526420235634, -0.9566653370857239, -0.5137391090393066, -0.7872520089149475, -0.9923136234283447, -1.0, -0.9938991665840149, -0.457975834608078, 0.4663010239601135, -0.6637330055236816, -0.5186041593551636, -0.28574350476264954, -0.944681704044342, -0.7734563946723938, -0.5918787121772766, -0.44860783219337463], [-0.46241506934165955, 0.32684749364852905, 0.19635514914989471, -0.9679290652275085, -0.003595679998397827, 0.2511979341506958, -0.9940162897109985, -0.07479973882436752, 0.2747774124145508, 0.1590881198644638, -0.9999694228172302, -0.9997555613517761, -0.9996156096458435, -0.6000000238418579, 0.00027592547121457756, -0.9610613584518433, -0.41239726543426514, -1.0, -0.993397057056427, -1.0, -0.9944702386856079, -0.4589569568634033, 0.46830105781555176, -0.6637330055236816, -0.5186041593551636, -0.28574350476264954, -0.944681704044342, -0.7734563946723938, -0.5918787121772766, -0.44860783219337463], [0.0012690088478848338, 0.324270635843277, 0.11146678775548935, -0.010822447016835213, 0.9999408721923828, 0.0010396643774583936, -0.9865389466285706, 0.14966325461864471, 0.42292702198028564, -0.04109834507107735, -1.0046429634094238, -0.9978979229927063, -1.0017963647842407, -0.6000000238418579, -0.06493625789880753, -0.9184609651565552, -0.6029350757598877, -1.0, -0.9913986325263977, -0.8925489783287048, -0.9952830672264099, -0.45858487486839294, 0.45970040559768677, -0.6637330055236816, -0.5186041593551636, -0.28574350476264954, -0.944681704044342, -0.7734563946723938, -0.5918787121772766, -0.44860783219337463], [0.4452928900718689, 0.3281453847885132, -0.3677002489566803, -0.005354180000722408, 0.9999849796295166, 0.0011771575082093477, -0.9981516599655151, 0.23042097687721252, 0.3272194564342499, -0.6223608255386353, -0.9998409152030945, -0.9993953108787537, -1.0000457763671875, -0.6000000238418579, 0.11907389760017395, -0.8072843551635742, -0.7759579420089722, -0.8860376477241516, -0.9917123913764954, -0.887905478477478, -0.9944233894348145, 0.0020633831154555082, 0.4602179229259491, -0.6637330055236816, -0.5186041593551636, -0.28574350476264954, -0.944681704044342, -0.7734563946723938, -0.5918787121772766, -0.44860783219337463], [-0.036330319941043854, 0.33137160539627075, -0.8956518769264221, -0.0031794128008186817, 0.9999073147773743, 0.01323648914694786, -0.9985950589179993, 0.09958607703447342, 0.33317914605140686, -0.9142794013023376, -0.9997953176498413, -0.9980666637420654, -0.9945541024208069, -1.0, -0.06262251734733582, -0.911027193069458, -0.7581058144569397, -1.0, -0.9923741817474365, -1.0, -0.9945164322853088, -0.2322550266981125, 0.22208507359027863, -0.6637330055236816, -0.5186041593551636, -0.28574350476264954, -0.944681704044342, -0.7734563946723938, -0.5918787121772766, -0.44860783219337463], [-0.15404707193374634, -0.33979782462120056, 0.3692551851272583, 0.1737268716096878, 0.001556636649183929, -0.9847926497459412, -0.9953869581222534, -0.47189396619796753, -0.34828928112983704, 0.2104480117559433, -0.9998651146888733, -0.9997075796127319, -1.0000379085540771, -0.6000000238418579, 0.00012271963350940496, -0.9586036801338196, -0.47369247674942017, -0.961707592010498, -0.9925141334533691, -0.882215142250061, -0.9942519068717957, -0.4602777361869812, 0.46049243211746216, -0.6637330055236816, -0.5186041593551636, -0.28574350476264954, -0.944681704044342, -0.7734563946723938, -0.5918787121772766, -0.44860783219337463], [-0.44338589906692505, -0.3401837646961212, 0.18966662883758545, -0.9657660126686096, 0.002120592398568988, 0.2594060003757477, -0.9938004612922668, -0.08041733503341675, -0.29630333185195923, 0.143474742770195, -0.999734103679657, -0.999769389629364, -0.999704122543335, -0.6000000238418579, 0.0012084200279787183, -0.9523860812187195, -0.4508340656757355, -0.9235703349113464, -0.9929389357566833, -0.8706725239753723, -0.9937698245048523, -0.4646466374397278, 0.46988534927368164, -0.6637330055236816, -0.5186041593551636, -0.28574350476264954, -0.944681704044342, -0.7734563946723938, -0.5918787121772766, -0.44860783219337463], [0.019769078120589256, -0.3269210159778595, 0.10344143956899643, 0.01353702787309885, -0.9998804330825806, 0.007477773819118738, -0.9865255951881409, 0.17455977201461792, -0.4372864365577698, -0.051115717738866806, -1.0046643018722534, -0.9985710978507996, -1.0015374422073364, -0.6000000238418579, 0.0637153759598732, -0.899811327457428, -0.5421820878982544, -0.8718757629394531, -0.9932597279548645, -0.9600445032119751, -0.9945676922798157, -0.45807650685310364, 0.4606930613517761, -0.6637330055236816, -0.5186041593551636, -0.28574350476264954, -0.944681704044342, -0.7734563946723938, -0.5918787121772766, -0.44860783219337463], [0.45844322443008423, -0.32001060247421265, -0.37367233633995056, 0.01232636533677578, -0.9999240040779114, -6.161121564218774e-05, -0.9981465339660645, 0.24019066989421844, -0.323898047208786, -0.6296464800834656, -0.9997753500938416, -0.9994155764579773, -1.0000829696655273, -0.6000000238418579, -0.12432050704956055, -0.8325020670890808, -0.7721827626228333, -0.7582846879959106, -0.9935740828514099, -1.0, -0.9943922758102417, -0.46287310123443604, -0.0013373109977692366, -0.6637330055236816, -0.5186041593551636, -0.28574350476264954, -0.944681704044342, -0.7734563946723938, -0.5918787121772766, -0.44860783219337463], [-0.0773668885231018, -0.3244026005268097, -0.8940810561180115, 0.0033322039525955915, -0.9998059272766113, 0.019415710121393204, -0.9985493421554565, 0.06231745705008507, -0.32464542984962463, -0.9230802655220032, -0.9988633394241333, -0.9981681704521179, -0.9947978258132935, -1.0, 0.06302104145288467, -0.9214403033256531, -0.7263069152832031, -0.7657658457756042, -0.9917991161346436, -0.979801595211029, -0.9953129291534424, -0.23419280350208282, 0.22389522194862366, -0.6637330055236816, -0.5186041593551636, -0.28574350476264954, -0.944681704044342, -0.7734563946723938, -0.5918787121772766, -0.44860783219337463], [-0.025635352358222008, 0.6811708211898804, 0.9861785173416138, 0.003214118769392371, 0.9999948143959045, -0.00028454503626562655, -0.9960947632789612, 0.036866866052150726, 0.8920690417289734, 0.9924102425575256, -0.9998967051506042, -1.000020146369934, -0.9998323917388916, -0.6000000238418579, 0.003470135387033224, -0.9571869969367981, -0.455096572637558, -0.9203823804855347, -0.9914321899414062, -0.8900014758110046, -0.9953041672706604, -0.4683014750480652, 0.4699282646179199, -0.6637330055236816, -0.5186041593551636, -0.28574350476264954, -0.944681704044342, -0.7734563946723938, -0.5918787121772766, -0.44860783219337463], [-0.012434130534529686, 0.9003912210464478, 0.9792941808700562, -0.9995694160461426, 0.008349715732038021, 0.028128620237112045, -0.9958891868591309, -0.019077567383646965, 0.9136766195297241, 0.8120790123939514, -0.9999620914459229, -1.0002398490905762, -0.9999306797981262, -0.6000000238418579, -0.00965400692075491, -0.9578869938850403, -0.5092672109603882, -0.9388177990913391, -0.9923898577690125, -0.9525524973869324, -0.994880199432373, -0.45358240604400635, 0.45775556564331055, -0.6637330055236816, -0.5186041593551636, -0.28574350476264954, -0.944681704044342, -0.7734563946723938, -0.5918787121772766, -0.44860783219337463], [-0.03330136090517044, 0.9271430373191833, 0.7783106565475464, 0.016345540061593056, -0.05528012663125992, 0.9983370900154114, -0.995292067527771, -0.024515148252248764, 0.8814727067947388, 0.6470969319343567, -1.0002716779708862, -0.9998739957809448, -0.9999704360961914, -0.6000000238418579, 0.0015000287676230073, -0.957106351852417, -0.39754989743232727, -0.9246875643730164, -0.9927979111671448, -1.0, -0.9946949481964111, -0.46166670322418213, 