{"n_joints": 18, "joint_descriptions": [[-0.14697429537773132, 0.3188869059085846, 0.367100328207016, 0.17912495136260986, 0.016929257661104202, -0.9836806654930115, -0.9956135749816895, -0.4690028429031372, 0.3103499114513397, 0.20975461602210999, -0.9999387264251709, -0.9997358918190002, -0.9998959898948669, -0.6000000238418579, -0.0010055879829451442, -0.9575205445289612, -0.5044059753417969, -0.7613282203674316, -0.992019534111023, -0.9681342244148254, -0.9941418766975403, -0.4552730917930603, 0.4685229957103729, -0.6601768136024475, -0.5091176629066467, -0.3006245791912079, -0.9454171657562256, -0.7732242345809937, -0.596459686756134, -0.4383000135421753], [-0.4533781111240387, 0.32768526673316956, 0.19655703008174896, -0.9667836427688599, -0.006050816271454096, 0.25552454590797424, -0.994082510471344, -0.07789014279842377, 0.27742838859558105, 0.162905752658844, -0.9999605417251587, -0.9997803568840027, -0.9996314644813538, -0.6000000238418579, 0.0011579340789467096, -0.9604043960571289, -0.42554953694343567, -1.0, -0.99355548620224, -1.0, -0.9946159720420837, -0.4590984284877777, 0.46598613262176514, -0.6601768136024475, -0.5091176629066467, -0.3006245791912079, -0.9454171657562256, -0.7732242345809937, -0.596459686756134, -0.4383000135421753], [0.009449399076402187, 0.32500603795051575, 0.11505766957998276, -0.005763540975749493, 0.9999426007270813, 0.00903317891061306, -0.9866802096366882, 0.15607212483882904, 0.42316049337387085, -0.037572648376226425, -1.0044530630111694, -0.9980903267860413, -1.0017406940460205, -0.6000000238418579, -0.06489407271146774, -0.9174399971961975, -0.5933233499526978, -1.0, -0.9914446473121643, -0.9322276711463928, -0.9951935410499573, -0.45593103766441345, 0.46222132444381714, -0.6601768136024475, -0.5091176629066467, -0.3006245791912079, -0.9454171657562256, -0.7732242345809937, -0.596459686756134, -0.4383000135421753], [0.4614237844944, 0.3282245993614197, -0.36410221457481384, -0.004153887275606394, 0.9999558925628662, -0.008422372862696648, -0.9981832504272461, 0.24933314323425293, 0.3253481388092041, -0.6187826991081238, -0.9998670816421509, -0.9994184970855713, -1.0000331401824951, -0.6000000238418579, 0.11838782578706741, -0.8149425387382507, -0.7834885716438293, -0.9325486421585083, -0.9915602207183838, -0.8638982772827148, -0.9946927428245544, 0.004834129009395838, 0.4573860466480255, -0.6601768136024475, -0.5091176629066467, -0.3006245791912079, -0.9454171657562256, -0.7732242345809937, -0.596459686756134, -0.4383000135421753], [-0.010687713511288166, 0.33268484473228455, -0.8924239873886108, 0.006968548987060785, 0.9999536275863647, 0.0066475109197199345, -0.9986497163772583, 0.13052202761173248, 0.3319559097290039, -0.9112868905067444, -0.9998046159744263, -0.998397946357727, -0.9948420524597168, -1.0, -0.06344256550073624, -0.9132646918296814, -0.7520310282707214, -1.0, -0.9927598834037781, -1.0, -0.9943004250526428, -0.230772465467453, 0.22326253354549408, -0.6601768136024475, -0.5091176629066467, -0.3006245791912079, -0.9454171657562256, -0.7732242345809937, -0.596459686756134, -0.4383000135421753], [-0.159793883562088, -0.3455672562122345, 0.3669951260089874, 0.1743534356355667, -0.0027884365990757942, -0.9846791625022888, -0.995532751083374, -0.477915495634079, -0.35330647230148315, 0.20986495912075043, -0.9998760223388672, -0.9997207522392273, -1.0000327825546265, -0.6000000238418579, -0.0004911230062134564, -0.9580252766609192, -0.4641055166721344, -0.9428321123123169, -0.9928069114685059, -0.9233746528625488, -0.994313657283783, -0.46270114183425903, 0.46298378705978394, -0.6601768136024475, -0.5091176629066467, -0.3006245791912079, -0.9454171657562256, -0.7732242345809937, -0.596459686756134, -0.4383000135421753], [-0.44542571902275085, -0.3505505323410034, 0.1893594115972519, -0.9663808941841125, -0.001036143978126347, 0.257112592458725, -0.9940250515937805, -0.09155935794115067, -0.30455246567726135, 0.14441777765750885, -0.9997468590736389, -0.9998013377189636, -0.9997169375419617, -0.6000000238418579, 0.0016456927405670285, -0.9525958299636841, -0.4730750024318695, -0.8807743191719055, -0.9928854703903198, -0.8695222735404968, -0.9938569068908691, -0.46264564990997314, 0.4694213569164276, -0.6601768136024475, -0.5091176629066467, -0.3006245791912079, -0.9454171657562256, -0.7732242345809937, -0.596459686756134, -0.4383000135421753], [0.004604802466928959, -0.3371583819389343, 0.10439442843198776, 0.015171634033322334, -0.9997134208679199, 0.01851743459701538, -0.9868113398551941, 0.15884703397750854, -0.4511125683784485, -0.05044855922460556, -1.004408836364746, -0.9987726807594299, -1.0016192197799683, -0.6000000238418579, 0.06377126276493073, -0.9002993106842041, -0.5620945692062378, -0.836395800113678, -0.9929640889167786, -1.0, -0.9946095943450928, -0.4553946852684021, 0.462252676486969, -0.6601768136024475, -0.5091176629066467, -0.3006245791912079, -0.9454171657562256, -0.7732242345809937, -0.596459686756134, -0.4383000135421753], [0.4538639485836029, -0.3382435739040375, -0.3716835081577301, 0.0016194534255191684, -0.9999980330467224, -0.0011365441605448723, -0.9981852769851685, 0.2394687682390213, -0.34027695655822754, -0.6269457936286926, -0.9997804164886475, -0.9994415044784546, -1.0000728368759155, -0.6000000238418579, -0.12363742291927338, -0.837601900100708, -0.766215980052948, -0.790678858757019, -0.993492841720581, -1.0, -0.9941782355308533, -0.4657153785228729, 0.0013329716166481376, -0.6601768136024475, -0.5091176629066467, -0.3006245791912079, -0.9454171657562256, -0.7732242345809937, -0.596459686756134, -0.4383000135421753], [-0.08654128015041351, -0.3394988477230072, -0.8913658857345581, 0.026203222572803497, -0.9996531009674072, 0.0026662994641810656, -0.9985747337341309, 0.055921196937561035, -0.3399142920970917, -0.9187377095222473, -0.9988065361976624, -0.9983862638473511, -0.9950393438339233, -1.0, 0.06217353790998459, -0.9192866086959839, -0.7338127493858337, -0.7924180626869202, -0.9915649890899658, -0.9525583982467651, -0.9953041076660156, -0.23320278525352478, 0.22228200733661652, -0.6601768136024475, -0.5091176629066467, -0.3006245791912079, -0.9454171657562256, -0.7732242345809937, -0.596459686756134, -0.4383000135421753], [-0.033990953117609024, 0.6836441159248352, 0.9816036820411682, -0.00328713352791965, 0.9999944567680359, -0.0005794995231553912, -0.99617999792099, 0.02813524566590786, 0.8924794793128967, 0.9867940545082092, -0.9999096989631653, -1.0000207424163818, -0.9998412132263184, -0.6000000238418579, 0.004243991803377867, -0.9577816724777222, -0.44970691204071045, -0.903123140335083, -0.991456151008606, -0.9332011938095093, -0.9953196048736572, -0.4658164083957672, 0.4684891700744629, -0.6601768136024475, -0.5091176629066467, -0.3006245791912079, -0.9454171657562256, -0.7732242345809937, -0.596459686756134, -0.4383000135421753], [-0.02553950995206833, 0.9034321308135986, 0.9752949476242065, -0.9991930723190308, 0.00032100945827551186, 0.04016277194023132, -0.9958919882774353, -0.03096407651901245, 0.9163022041320801, 0.8066468238830566, -0.9999521970748901, -1.0002317428588867, -0.999938428401947, -0.6000000238418579, -0.009491357952356339, -0.9589573740959167, -0.5229072570800781, -0.9942206740379333, -0.9924601912498474, -0.9063881635665894, -0.9951349496841431, -0.4554201066493988, 0.45518261194229126, -0.6601768136024475, -0.5091176629066467, -0.3006245791912079, -0.9454171657562256, -0.7732242345809937, -0.596459686756134, -0.4383000135421753], [-0.04458659142255783, 0.9304978251457214, 0.77431720495224, 0.03305220603942871, -0.051615361124277115, 0.9981199502944946, -0.9953076243400574, -0.0405791737139225, 0.8859240412712097, 0.6443015933036804, -1.0002650022506714, -0.9998865723609924, -0.9999650716781616, -0.6000000238418579, 0.002077413024380803, -0.9573330879211426, -0.40162163972854614, -0.9524481296539307, -0.9928479790687561, -1.0, -0.994839072227478, -0.46205294132232666, 0.4629375636577606, -0.6601768136024475, 