{"n_joints": 18, "joint_descriptions": [[-0.2337522655725479, 0.28612056374549866, 0.36247941851615906, 0.18056519329547882, 0.011614452116191387, -0.9834944605827332, -0.9966141581535339, -0.48309803009033203, 0.2861073315143585, 0.22000975906848907, -1.0000221729278564, -0.999896228313446, -0.9999194741249084, -0.6000000238418579, -0.0008195470436476171, -0.9604103565216064, -0.38688966631889343, -0.9677228927612305, -0.9927496314048767, -0.9049415588378906, -0.9965741038322449, -0.45962753891944885, 0.460409939289093, -0.6174817681312561, -0.43918168544769287, -0.46122828125953674, -0.9550104737281799, -0.7519547343254089, -0.667923629283905, -0.3353850543498993], [-0.3896430432796478, 0.27091994881629944, 0.18688134849071503, -0.9543799161911011, 0.0033635732252150774, 0.2985760569572449, -0.9947488307952881, -0.16034089028835297, 0.21395903825759888, 0.1632693111896515, -0.9998466372489929, -0.9999260902404785, -0.9998233318328857, -0.6000000238418579, 0.00397313991561532, -0.951593816280365, -0.5704759359359741, -0.7181473970413208, -0.9924933910369873, -0.9588398337364197, -0.9947425127029419, -0.4669466018676758, 0.441143274307251, -0.6174817681312561, -0.43918168544769287, -0.46122828125953674, -0.9550104737281799, -0.7519547343254089, -0.667923629283905, -0.3353850543498993], [-0.0023047858849167824, 0.24245598912239075, 0.13352158665657043, -0.017033478245139122, 0.9994616508483887, -0.028041349723935127, -0.9890449643135071, 0.1478019803762436, 0.3544178307056427, -0.015409215353429317, -1.0019230842590332, -0.9994068145751953, -1.0004409551620483, -0.6000000238418579, -0.06163497269153595, -0.8994947671890259, -0.48705801367759705, -0.9032756686210632, -0.9942412972450256, -1.0, -0.9936461448669434, -0.4603008031845093, 0.4673866629600525, -0.6174817681312561, -0.43918168544769287, -0.46122828125953674, -0.9550104737281799, -0.7519547343254089, -0.667923629283905, -0.3353850543498993], [0.4493172764778137, 0.21283505856990814, -0.3627384603023529, -0.016161741688847542, 0.9995203614234924, -0.026417208835482597, -0.9985989332199097, 0.22535735368728638, 0.20504377782344818, -0.6229503154754639, -0.9999637603759766, -0.9997480511665344, -1.000003457069397, -0.6000000238418579, 0.11892329901456833, -0.8798799514770508, -0.8456551432609558, -1.0, -0.9935392737388611, -1.0, -0.9953977465629578, 0.0023798868060112, 0.45816904306411743, -0.6174817681312561, -0.43918168544769287, -0.46122828125953674, -0.9550104737281799, -0.7519547343254089, -0.667923629283905, -0.3353850543498993], [-0.09515458345413208, 0.16110678017139435, -0.9124078154563904, -0.013112431392073631, 0.9993657469749451, -0.033108796924352646, -0.998847246170044, 0.024625448510050774, 0.16448841989040375, -0.9500373005867004, -0.9976341128349304, -0.999369204044342, -0.9976509213447571, -1.0, -0.06275751441717148, -0.928007960319519, -0.694203794002533, -0.5816068649291992, -0.9936937093734741, -0.9765378832817078, -0.9945455193519592, -0.2333909571170807, 0.24544575810432434, -0.6174817681312561, -0.43918168544769287, -0.46122828125953674, -0.9550104737281799, -0.7519547343254089, -0.667923629283905, -0.3353850543498993], [-0.24750567972660065, -0.379253625869751, 0.36343422532081604, 0.1766834706068039, 0.00526451226323843, -0.9842536449432373, -0.9969693422317505, -0.4903191328048706, -0.3557492792606354, 0.21779318153858185, -0.9999372363090515, -0.9998952746391296, -0.9999531507492065, -0.6000000238418579, -0.00012536470603663474, -0.9568889141082764, -0.4510883688926697, -0.7387410402297974, -0.9925950765609741, -1.0, -0.9954947829246521, -0.4662455916404724, 0.4660624861717224, -0.6174817681312561, -0.43918168544769287, -0.46122828125953674, -0.9550104737281799, -0.7519547343254089, -0.667923629283905, -0.3353850543498993], [-0.45786696672439575, -0.3923055827617645, 0.19278346002101898, -0.96332186460495, -0.0009283962426707149, 0.26834699511528015, -0.9950130581855774, -0.1732466220855713, -0.31367027759552, 0.170181542634964, -0.999756932258606, -0.9999365210533142, -0.9999625086784363, -0.6000000238418579, -0.002091450849547982, -0.9647231698036194, -0.5189468860626221, -0.5487260818481445, -0.9921734929084778, -1.0, -0.9959016442298889, -0.45383891463279724, 0.4498259723186493, -0.6174817681312561, -0.43918168544769287, -0.46122828125953674, -0.9550104737281799, -0.7519547343254089, -0.667923629283905, -0.3353850543498993], [-0.11149388551712036, -0.3914740979671478, 0.1295420378446579, -0.009887984953820705, -0.9998666048049927, -0.013000339269638062, -0.9887765049934387, 0.04552723839879036, -0.48877668380737305, -0.022108865901827812, -1.0021146535873413, -0.9996599555015564, -1.0004117488861084, -0.6000000238418579, 0.06034393981099129, -0.9249052405357361, -0.7114555835723877, -0.9685529470443726, -0.9904394149780273, -0.9579651355743408, -0.9948824644088745, -0.46023398637771606, 0.4582825303077698, -0.6174817681312561, -0.43918168544769287, -0.46122828125953674, -0.9550104737281799, -0.7519547343254089, -0.667923629283905, -0.3353850543498993], [0.3667009472846985, -0.41013815999031067, -0.3593505918979645, -0.014061624184250832, -0.9998478293418884, -0.010325372219085693, -0.9986486434936523, 0.12891824543476105, -0.40018516778945923, -0.6150984168052673, -0.999898374080658, -0.9997750520706177, -0.9999990463256836, -0.6000000238418579, -0.1169181689620018, -0.8248515725135803, -0.7920063138008118, -1.0, -0.991528332233429, -1.0, -0.9946704506874084, -0.46503275632858276, 0.005378019064664841, -0.6174817681312561, -0.43918168544769287, -0.46122828125953674, -0.9550104737281799, -0.7519547343254089, -0.667923629283905, -0.3353850543498993], [-0.18867425620555878, -0.3953899145126343, -0.9099066853523254, -0.014366058632731438, -0.9998968243598938, 1.0124756499862997e-06, -0.9988757967948914, -0.08791331201791763, -0.3928104043006897, -0.9348530173301697, -0.9972344040870667, -0.9994341135025024, -0.9979994893074036, -1.0, 0.0554121769964695, -0.8994171619415283, -0.7621999979019165, -1.0, -0.9931841492652893, -1.0, -0.9939700961112976, -0.22313594818115234, 0.23387542366981506, -0.6174817681312561, -0.43918168544769287, -0.46122828125953674, -0.9550104737281799, -0.7519547343254089, -0.667923629283905, -0.3353850543498993], [-0.1911887377500534, 0.6988903284072876, 0.9926038980484009, -0.005185362417250872, 0.9999814629554749, 0.003190448274835944, -0.9965152144432068, -0.1697717308998108, 0.9208692908287048, 0.9832793474197388, -0.9999658465385437, -1.0000609159469604, -0.9999257326126099, -0.6000000238418579, 0.005420083645731211, -0.9606185555458069, -0.51481032371521, -0.9867920875549316, -0.9941756129264832, -1.0, -0.9940600991249084, -0.44047045707702637, 0.44581130146980286, -0.6174817681312561, -0.43918168544769287, -0.46122828125953674, -0.9550104737281799, -0.7519547343254089, -0.667923629283905, -0.3353850543498993], [-0.22557711601257324, 0.9478539228439331, 1.0, -0.9995684623718262, -0.0031895043794065714, 0.029200328513979912, -0.9964120984077454, -0.2552165389060974, 0.9632706642150879, 0.82428377866745, -0.9998826384544373, -1.0001131296157837, -0.999997079372406, -0.6000000238418579, -0.004842597525566816, -0.9571306109428406, -0.48335209488868713, -1.0, -0.9931492209434509, -0.9340219497680664, -0.9949714541435242, -0.47913840413093567, 0.46055129170417786, -0.6174817681312561, -0.43918168544769287, -0.46122828125953674, -0.9550104737281799, -0.7519547343254089, -0.667923629283905, -0.3353850543498993], [-0.20973888039588928, 0.9495672583580017, 0.776677668094635, 0.033742666244506836, -0.03633729740977287, 0.9987697601318359, -0.996252179145813, -0.2495005875825882, 0.882567822933197, 0.6438035368919373, -1.0001143217086792, -0.9999629259109497, -0.9999205470085144, -0.6000000238418579, 0.00036640744656324387, -0.9600805044174194, -0.5418789386749268, -0.9244421124458313, -0.992942750453949, -1.0, -0.9944302439689636, -0.4606010317802429, 0.4613097608089447, -0.6174817681312561, -0.43918168544769287, -0.46122828125953674, 