{"n_joints": 18, "joint_descriptions": [[-0.37184926867485046, 0.21790969371795654, 0.3532833158969879, 0.16327789425849915, 0.09171698987483978, -0.9823076725006104, -0.9878514409065247, -0.6510406136512756, 0.23811815679073334, 0.18892605602741241, -0.9993668794631958, -0.9997047185897827, -0.997829794883728, -0.6000000238418579, -0.0018569381209090352, -0.9118666052818298, -0.7976146936416626, -1.0, -0.9891095757484436, -0.21190369129180908, -0.9972695112228394, -0.43962040543556213, 0.5126614570617676, -0.7103527188301086, -0.6189025044441223, 0.16229262948036194, -0.8202788233757019, -0.5133196711540222, -0.6396512389183044, 0.14217834174633026], [-0.5639923810958862, 0.1403876543045044, 0.20341041684150696, -0.9837090373039246, 0.01595662534236908, 0.1790584772825241, -0.9811654090881348, -0.2339196354150772, 0.09211347997188568, 0.1613209843635559, -0.9977836012840271, -0.9957929253578186, -0.9998236298561096, -0.6000000238418579, 0.006185592617839575, -0.9117289185523987, 0.028035515919327736, -0.7944040894508362, -0.9861626625061035, -0.19554531574249268, -0.9867751598358154, -0.5019556283950806, 0.5130642652511597, -0.7103527188301086, -0.6189025044441223, 0.16229262948036194, -0.8202788233757019, -0.5133196711540222, -0.6396512389183044, 0.14217834174633026], [-0.2222660630941391, 0.17455264925956726, 0.1251017153263092, -0.035685375332832336, 0.9993512034416199, 0.004876215010881424, -0.9493626356124878, -0.08119478821754456, 0.21015802025794983, -0.036948200315237045, -1.0047756433486938, -0.9627038240432739, -0.9909887909889221, -0.6000000238418579, -0.047601368278265, -0.8414461016654968, -0.6915105581283569, -1.0, -0.9996210932731628, -1.0, -0.9897361993789673, -0.5225303173065186, 0.5174630284309387, -0.7103527188301086, -0.6189025044441223, 0.16229262948036194, -0.8202788233757019, -0.5133196711540222, -0.6396512389183044, 0.14217834174633026], [0.08261572569608688, 0.07124077528715134, -0.3931373059749603, 0.0028611395973712206, 0.9999818801879883, 0.00529524777084589, -0.9951425194740295, -0.17023853957653046, 0.03893030062317848, -0.6203394532203674, -0.9973195791244507, -0.99962317943573, -1.0008734464645386, -0.6000000238418579, 0.11511924117803574, -0.5935545563697815, -0.6631649732589722, -1.0, -0.9909655451774597, -1.0, -0.9878382086753845, 0.01344253309071064, 0.43176737427711487, -0.7103527188301086, -0.6189025044441223, 0.16229262948036194, -0.8202788233757019, -0.5133196711540222, -0.6396512389183044, 0.14217834174633026], [-0.4899914264678955, 0.05731161683797836, -0.9310201406478882, -0.025979463011026382, 0.9989701509475708, 0.03719768673181534, -0.993172824382782, -0.3471604585647583, 0.1023559719324112, -0.9511899352073669, -0.9490109086036682, -0.9663929343223572, -0.9915683269500732, -1.0, -0.07470583915710449, -0.839199423789978, -0.3894718885421753, -0.09235495328903198, -0.9924740791320801, -1.0, -0.9914301037788391, -0.2720614969730377, 0.22302401065826416, -0.7103527188301086, -0.6189025044441223, 0.16229262948036194, -0.8202788233757019, -0.5133196711540222, -0.6396512389183044, 0.14217834174633026], [-0.37788721919059753, -0.5095569491386414, 0.37233972549438477, 0.16478906571865082, 0.04366208240389824, -0.9853619337081909, -0.9866549372673035, -0.6778787970542908, -0.547606348991394, 0.21610653400421143, -0.9975506067276001, -0.9998775720596313, -0.9999079704284668, -0.6000000238418579, -0.0005920851253904402, -0.9603344202041626, -0.37188899517059326, -1.0, -0.9918475151062012, -0.6491986513137817, -0.9910863041877747, -0.46990126371383667, 0.46230995655059814, -0.7103527188301086, -0.6189025044441223, 0.16229262948036194, -0.8202788233757019, -0.5133196711540222, -0.6396512389183044, 0.14217834174633026], [-0.6580665111541748, -0.5032326579093933, 0.2128884196281433, -0.9835692644119263, 0.016739308834075928, 0.17975351214408875, -0.9791965484619141, -0.3094460964202881, -0.4702945053577423, 0.1747649908065796, -0.9974209666252136, -0.9949719309806824, -1.0017876625061035, -0.6000000238418579, 0.012013660743832588, -0.9791821241378784, 0.06114223226904869, -1.0, -0.9788051247596741, -1.0, -0.9944543242454529, -0.4594211280345917, 0.41068035364151, -0.7103527188301086, -0.6189025044441223, 0.16229262948036194, -0.8202788233757019, -0.5133196711540222, -0.6396512389183044, 0.14217834174633026], [-0.2637861967086792, -0.4675391912460327, 0.15217222273349762, 0.003848958993330598, -0.9956557750701904, 0.09303105622529984, -0.9558854103088379, -0.091679148375988, -0.6199349761009216, 0.023119159042835236, -1.0065414905548096, -0.9667187929153442, -0.9973710775375366, -0.6000000238418579, 0.06222725659608841, -0.9005116820335388, -0.5485495924949646, -1.0, -0.9792850017547607, -1.0, -0.9987371563911438, -0.4925103187561035, 0.4178575873374939, -0.7103527188301086, -0.6189025044441223, 0.16229262948036194, -0.8202788233757019, -0.5133196711540222, -0.6396512389183044, 0.14217834174633026], [0.18766069412231445, -0.5403895974159241, -0.33670249581336975, 0.045897189527750015, -0.9951225519180298, 0.08731861412525177, -0.9940054416656494, -0.054815568029880524, -0.6292710900306702, -0.5791195034980774, -0.9964742064476013, -1.0001243352890015, -1.001461148262024, -0.6000000238418579, -0.1321151703596115, -0.8537576198577881, -0.6191608905792236, 0.0015492095844820142, -0.9982367157936096, -1.0, -0.989824652671814, -0.422174334526062, -0.04296638444066048, -0.7103527188301086, -0.6189025044441223, 0.16229262948036194, -0.8202788233757019, -0.5133196711540222, -0.6396512389183044, 0.14217834174633026], [-0.34459230303764343, -0.7295585870742798, -0.8383616805076599, -0.028032446280121803, -0.9985226392745972, 0.04654856398701668, -0.9934630990028381, -0.23930591344833374, -0.7894569635391235, -0.8449581861495972, -0.9573418498039246, -0.9723948836326599, -1.0002233982086182, -1.0, 0.07646197825670242, -0.7955154180526733, -0.46196943521499634, -0.21623757481575012, -0.9874194264411926, -0.20316952466964722, -0.9900566935539246, -0.2102578729391098, 0.18010957539081573, -0.7103527188301086, -0.6189025044441223, 0.16229262948036194, -0.8202788233757019, -0.5133196711540222, -0.6396512389183044, 0.14217834174633026], [-0.28008103370666504, 0.5332033634185791, 1.0, -0.017520153895020485, 0.9969186186790466, -0.07646112143993378, -0.9829209446907043, -0.18292638659477234, 0.7815630435943604, 0.993596076965332, -0.9983101487159729, -1.0008982419967651, -1.0000464916229248, -0.6000000238418579, -0.0008816327899694443, -0.9332451224327087, -0.15376605093479156, -0.5101581811904907, -0.995963454246521, -0.8009116649627686, -0.9946492314338684, -0.44269824028015137, 0.45350879430770874, -0.7103527188301086, -0.6189025044441223, 0.16229262948036194, -0.8202788233757019, -0.5133196711540222, -0.6396512389183044, 0.14217834174633026], [-0.32200437784194946, 0.8052980303764343, 0.9900588393211365, -0.995983898639679, -0.08777187019586563, 0.017669349908828735, -0.9889087080955505, -0.30616652965545654, 0.8864637613296509, 0.8006995320320129, -0.998291552066803, -1.000163197517395, -0.9987969398498535, -0.6000000238418579, -0.009620632976293564, -0.9144919514656067, -0.4121508300304413, -0.22820384800434113, -0.9849291443824768, -0.6031303405761719, -0.9851211905479431, -0.4611780047416687, 0.4920836389064789, -0.7103527188301086, -0.6189025044441223, 0.16229262948036194, -0.8202788233757019, -0.5133196711540222, -0.6396512389183044, 0.14217834174633026], [-0.28540897369384766, 0.8101491928100586, 0.7774202227592468, -0.0597355030477047, 0.012462634593248367, 0.9981364607810974, -0.9772489070892334, -0.25517380237579346, 0.7083823084831238, 0.6656832695007324, -0.9998310208320618, -0.997974693775177, -0.9988746047019958, -0.6000000238418579, -0.013130047358572483, -0.8958564400672913, 0.08501932770013809, -1.0, -0.9779351949691772, -0.8245919942855835, -0.98499596118927, -0.484915167093277, 0.4856293499469757, -0.7103527188301086, -0.6189025044441223, 0.16229262948036194, -0.8202788233757019, -0.5133196711540222, 