{"n_joints": 18, "joint_descriptions": [[-0.1769248992204666, 0.314830482006073, 0.3701818585395813, 0.17532677948474884, -0.0007771590608172119, -0.9845100045204163, -0.9955030679702759, -0.47889068722724915, 0.31310606002807617, 0.21497298777103424, -0.9999328255653381, -0.9997950196266174, -0.9998688101768494, -0.6000000238418579, 0.0003436815459281206, -0.9563185572624207, -0.42249786853790283, -0.9044433236122131, -0.9924005270004272, -1.0, -0.9946926832199097, -0.4624139964580536, 0.4626244604587555, -0.6391661167144775, -0.49067384004592896, -0.31691744923591614, -0.9421824812889099, -0.7594531774520874, -0.6112703084945679, -0.3990553617477417], [-0.459126740694046, 0.31894367933273315, 0.1937686651945114, -0.9658376574516296, -0.0012710323790088296, 0.25914472341537476, -0.993550181388855, -0.10125482827425003, 0.2673637568950653, 0.1548815816640854, -0.9999281764030457, -0.9997467398643494, -0.9996949434280396, -0.6000000238418579, 0.00021359800302889198, -0.956007719039917, -0.4331446588039398, -0.8816854953765869, -0.9923384189605713, -1.0, -0.9942425489425659, -0.46410319209098816, 0.4621242582798004, -0.6391661167144775, -0.49067384004592896, -0.31691744923591614, -0.9421824812889099, -0.7594531774520874, -0.6112703084945679, -0.3990553617477417], [-0.009669824503362179, 0.3103868365287781, 0.11653980612754822, 0.001922997529618442, 0.9999977946281433, -0.00081352744018659, -0.985675036907196, 0.15113013982772827, 0.409288227558136, -0.033114176243543625, -1.0034480094909668, -0.9977713227272034, -1.0011261701583862, -0.6000000238418579, -0.06419499963521957, -0.9077931046485901, -0.5615016222000122, -0.9500728249549866, -0.9922609329223633, -1.0, -0.9943740367889404, -0.45972397923469543, 0.4610667824745178, -0.6391661167144775, -0.49067384004592896, -0.31691744923591614, -0.9421824812889099, -0.7594531774520874, -0.6112703084945679, -0.3990553617477417], [0.4485281705856323, 0.3074392080307007, -0.36658746004104614, 0.0019704834558069706, 0.999997079372406, -0.0013822776963934302, -0.9981515407562256, 0.22794292867183685, 0.30964338779449463, -0.6240046620368958, -0.9998247027397156, -0.9995359182357788, -1.0000439882278442, -0.6000000238418579, 0.12227199971675873, -0.8106082677841187, -0.7759802937507629, -0.9021932482719421, -0.992499828338623, -0.968366265296936, -0.9944612383842468, -0.0005451973993331194, 0.4617097079753876, -0.6391661167144775, -0.49067384004592896, -0.31691744923591614, -0.9421824812889099, -0.7594531774520874, -0.6112703084945679, -0.3990553617477417], [-0.07680054008960724, 0.30636948347091675, -0.9058969616889954, 0.0007788229850120842, 0.9999995231628418, -0.0006211332511156797, -0.9984806776046753, 0.053239379078149796, 0.309207558631897, -0.9326157569885254, -0.9989408254623413, -0.997957170009613, -0.995742678642273, -1.0, -0.061927732080221176, -0.9147122502326965, -0.7448688745498657, -0.8941836953163147, -0.992264986038208, -0.976760745048523, -0.9944710731506348, -0.23358285427093506, 0.23019364476203918, -0.6391661167144775, -0.49067384004592896, -0.31691744923591614, -0.9421824812889099, -0.7594531774520874, -0.6112703084945679, -0.3990553617477417], [-0.1772886961698532, -0.3306686282157898, 0.3685689866542816, 0.17325235903263092, -0.0016245662700384855, -0.9848760962486267, -0.9954676032066345, -0.47234824299812317, -0.3284585773944855, 0.2130257487297058, -0.9998525381088257, -0.9997944831848145, -1.0000256299972534, -0.6000000238418579, 0.00041494236211292446, -0.9563758373260498, -0.4502088725566864, -0.8762043118476868, -0.9924964904785156, -0.9858794808387756, -0.994479775428772, -0.4618772566318512, 0.46166810393333435, -0.6391661167144775, -0.49067384004592896, -0.31691744923591614, -0.9421824812889099, -0.7594531774520874, -0.6112703084945679, -0.3990553617477417], [-0.4620291590690613, -0.3310435712337494, 0.1905050277709961, -0.9656657576560974, 0.001201354549266398, 0.25978487730026245, -0.9935182929039001, -0.09779578447341919, -0.2813134491443634, 0.15212297439575195, -0.9997524619102478, -0.9997426867485046, -0.9998050928115845, -0.6000000238418579, -0.0004058228514622897, -0.9565895199775696, -0.4310548007488251, -0.8944962620735168, -0.9923117160797119, -1.0, -0.9944619536399841, -0.4616691768169403, 0.4600781500339508, -0.6391661167144775, -0.49067384004592896, -0.31691744923591614, -0.9421824812889099, -0.7594531774520874, -0.6112703084945679, -0.3990553617477417], [-0.005431818310171366, -0.32182395458221436, 0.11269135028123856, -0.005127016920596361, -0.9999740719795227, -0.00505239050835371, -0.9857960939407349, 0.15447966754436493, -0.42458420991897583, -0.038169484585523605, -1.0036817789077759, -0.9982807040214539, -1.0010521411895752, -0.6000000238418579, 0.06225263327360153, -0.9064635634422302, -0.5308292508125305, -0.8468450903892517, -0.9923823475837708, -1.0, -0.99454265832901, -0.4614008367061615, 0.4587186276912689, -0.6391661167144775, -0.49067384004592896, -0.31691744923591614, -0.9421824812889099, -0.7594531774520874, -0.6112703084945679, -0.3990553617477417], [0.43831655383110046, -0.31918197870254517, -0.37276050448417664, -0.004469611681997776, -0.9999869465827942, -0.0024864617735147476, -0.9981300234794617, 0.20196965336799622, -0.3194413483142853, -0.6285616755485535, -0.9997503757476807, -0.9995750784873962, -1.0000903606414795, -0.6000000238418579, -0.12327899038791656, -0.8218574523925781, -0.7701564431190491, -0.9029229283332825, -0.9924023151397705, -0.9983208775520325, -0.9943761825561523, -0.45904263854026794, -0.0028762987349182367, -0.6391661167144775, -0.49067384004592896, -0.31691744923591614, -0.9421824812889099, -0.7594531774520874, -0.6112703084945679, -0.3990553617477417], [-0.11137705296278, -0.31781652569770813, -0.9057005047798157, -0.009817787446081638, -0.9999493956565857, -0.0022066845558583736, -0.9984815120697021, 0.015383696183562279, -0.32017087936401367, -0.9332239627838135, -0.9981623291969299, -0.997967004776001, -0.9959980845451355, -1.0, 0.06082705408334732, -0.9111826419830322, -0.7263858318328857, -0.9147754311561584, -0.9924538135528564, -0.9843756556510925, -0.9944214224815369, -0.2312813103199005, 0.22938485443592072, -0.6391661167144775, -0.49067384004592896, -0.31691744923591614, -0.9421824812889099, -0.7594531774520874, -0.6112703084945679, -0.3990553617477417], [-0.06892773509025574, 0.6847578287124634, 0.999096691608429, -0.0007936613401398063, 0.9999979138374329, -0.0018915815744549036, -0.995783269405365, -0.018995778635144234, 0.8956159353256226, 0.9986041784286499, -0.9998962879180908, -1.0000364780426025, -0.9998695254325867, -0.6000000238418579, 0.00011655098205665126, -0.9562472105026245, -0.45360276103019714, -0.9335216879844666, -0.9926480650901794, -0.9937589168548584, -0.9944067001342773, -0.46086299419403076, 0.46228542923927307, -0.6391661167144775, -0.49067384004592896, -0.31691744923591614, -0.9421824812889099, -0.7594531774520874, -0.6112703084945679, -0.3990553617477417], [-0.071950763463974, 0.9129284620285034, 1.0, -0.9999870657920837, -0.00138106441590935, 0.004896133206784725, -0.9956808686256409, -0.07142549753189087, 0.9280838966369629, 0.8285473585128784, -0.99992835521698, -1.0001816749572754, -0.9999238848686218, -0.6000000238418579, -0.008473708294332027, -0.9570336937904358, -0.43882429599761963, -0.8761944770812988, -0.9923474788665771, -0.9643926620483398, -0.9943660497665405, -0.4615321159362793, 0.4611249566078186, -0.6391661167144775, -0.49067384004592896, -0.31691744923591614, -0.9421824812889099, -0.7594531774520874, -0.6112703084945679, -0.3990553617477417], [-0.07059386372566223, 0.931875467300415, 0.7873719930648804, 0.001710039796307683, -0.0560661181807518, 0.9984256029129028, -0.9951252341270447, -0.06905749440193176, 0.8772160410881042, 0.6542155742645264, -1.000204086303711, -0.9998636245727539, -0.9999575614929199, -0.6000000238418579, -0.000303034670650959, -0.9559312462806702, -0.44179973006248474, -0.9118747711181641, -0.992530107498169, -0.9758906364440918, 