{"n_joints": 18, "joint_descriptions": [[-0.20556239783763885, 0.3060799539089203, 0.3653797209262848, 0.17058634757995605, 0.011304570361971855, -0.9852778911590576, -0.9957206845283508, -0.4583592712879181, 0.306908518075943, 0.21060706675052643, -0.9999804496765137, -0.9998453259468079, -0.9998918175697327, -0.6000000238418579, -0.0012986593646928668, -0.9568142294883728, -0.4299885928630829, -0.7788745164871216, -0.9925344586372375, -1.0, -0.9942715764045715, -0.45888859033584595, 0.45374417304992676, -0.6227771639823914, -0.468197226524353, -0.33365413546562195, -0.9457916021347046, -0.7534011006355286, -0.6380002498626709, -0.3586902916431427], [-0.46086791157722473, 0.314565509557724, 0.1837073117494583, -0.9629995822906494, -0.007631504908204079, 0.26939478516578674, -0.9939765334129333, -0.1319749355316162, 0.26458609104156494, 0.15077511966228485, -0.9998817443847656, -0.9998343586921692, -0.9997756481170654, -0.6000000238418579, -0.0005890942411497235, -0.9567486643791199, -0.4904797077178955, -0.837226390838623, -0.9925748109817505, -1.0, -0.9948503375053406, -0.4579688012599945, 0.45334121584892273, -0.6227771639823914, -0.468197226524353, -0.33365413546562195, -0.9457916021347046, -0.7534011006355286, -0.6380002498626709, -0.3586902916431427], [-0.05308878794312477, 0.3033822178840637, 0.11027964949607849, -0.003944413270801306, 0.9999874830245972, -0.0030781987588852644, -0.9869562983512878, 0.1068926677107811, 0.41146937012672424, -0.04361973702907562, -1.002661108970642, -0.9985352754592896, -1.0006639957427979, -0.6000000238418579, -0.059607233852148056, -0.91172856092453, -0.5278140902519226, -0.8204441666603088, -0.9915945529937744, -0.9858843684196472, -0.994653046131134, -0.4538717567920685, 0.45315253734588623, -0.6227771639823914, -0.468197226524353, -0.33365413546562195, -0.9457916021347046, -0.7534011006355286, -0.6380002498626709, -0.3586902916431427], [0.39480701088905334, 0.3154056966304779, -0.37473806738853455, -0.007711957208812237, 0.9999696612358093, 0.0010988666908815503, -0.9982491135597229, 0.11687371879816055, 0.3164323568344116, -0.6325816512107849, -0.9998807311058044, -0.9996597170829773, -1.0000255107879639, -0.6000000238418579, 0.12464581429958344, -0.8300510048866272, -0.7715515494346619, -0.7908167839050293, -0.992518424987793, -0.8721387386322021, -0.9944481253623962, -0.0013485017698258162, 0.45919135212898254, -0.6227771639823914, -0.468197226524353, -0.33365413546562195, -0.9457916021347046, -0.7534011006355286, -0.6380002498626709, -0.3586902916431427], [-0.22046227753162384, 0.31751370429992676, -0.9003400206565857, -0.003849911503493786, 0.9999924898147583, 0.0004375918360892683, -0.9986829161643982, -0.10960575193166733, 0.315153032541275, -0.9309821128845215, -0.9981889128684998, -0.9986403584480286, -0.9969915747642517, -1.0, -0.06045439839363098, -0.9120067358016968, -0.7552883625030518, -1.0, -0.9929137825965881, -0.9782800078392029, -0.9945468306541443, -0.22664876282215118, 0.2296178787946701, -0.6227771639823914, -0.468197226524353, -0.33365413546562195, -0.9457916021347046, -0.7534011006355286, -0.6380002498626709, -0.3586902916431427], [-0.20938415825366974, -0.33950990438461304, 0.3615882992744446, 0.17253942787647247, 0.0019921299535781145, -0.9850006103515625, -0.9958134293556213, -0.45514196157455444, -0.3448924124240875, 0.20935915410518646, -0.9998890161514282, -0.999848484992981, -0.9999914765357971, -0.6000000238418579, -0.001635033288039267, -0.9585214257240295, -0.45673060417175293, -0.9297012090682983, -0.9925796389579773, -0.9474883079528809, -0.9946096539497375, -0.46250882744789124, 0.46095559000968933, -0.6227771639823914, -0.468197226524353, -0.33365413546562195, -0.9457916021347046, -0.7534011006355286, -0.6380002498626709, -0.3586902916431427], [-0.43811383843421936, -0.3418149948120117, 0.18253590166568756, -0.9641415476799011, -0.019287144765257835, 0.26468685269355774, -0.9941901564598083, -0.12566831707954407, -0.2871731221675873, 0.1507260948419571, -0.9997765421867371, -0.9998341798782349, -0.9998971819877625, -0.6000000238418579, -0.001057946472428739, -0.9531668424606323, -0.5000050663948059, -0.765188455581665, -0.9936437010765076, -1.0, -0.9947088956832886, -0.4609571397304535, 0.4689113199710846, -0.6227771639823914, -0.468197226524353, -0.33365413546562195, -0.9457916021347046, -0.7534011006355286, -0.6380002498626709, -0.3586902916431427], [-0.04122771695256233, -0.32818007469177246, 0.10896047204732895, 0.009961320087313652, -0.9999368786811829, -0.005202778615057468, -0.9868422150611877, 0.11194628477096558, -0.42973262071609497, -0.04429064691066742, -1.0028479099273682, -0.9989274144172668, -1.0006624460220337, -0.6000000238418579, 0.06084819510579109, -0.9140655994415283, -0.5648177862167358, -0.7481365203857422, -0.9935535192489624, -0.9733105301856995, -0.9939087629318237, -0.46304798126220703, 0.46659785509109497, -0.6227771639823914, -0.468197226524353, -0.33365413546562195, -0.9457916021347046, -0.7534011006355286, -0.6380002498626709, -0.3586902916431427], [0.4236890375614166, -0.3273483216762543, -0.3810563087463379, 0.006425976287573576, -0.9999527931213379, -0.007291324436664581, -0.9982789158821106, 0.17140519618988037, -0.32806962728500366, -0.63847416639328, -0.9998346567153931, -0.9996979236602783, -1.0000494718551636, -0.6000000238418579, -0.12187882512807846, -0.8150246143341064, -0.7828245759010315, -1.0, -0.9916354417800903, -0.9945338368415833, -0.9946871995925903, -0.4644821584224701, 0.004604919347912073, -0.6227771639823914, -0.468197226524353, -0.33365413546562195, -0.9457916021347046, -0.7534011006355286, -0.6380002498626709, -0.3586902916431427], [-0.17135557532310486, -0.3228268623352051, -0.9184238910675049, 0.018205616623163223, -0.9998037219047546, -0.007817552424967289, -0.9986538290977478, -0.05735919252038002, -0.3123847544193268, -0.9523088932037354, -0.9977058172225952, -0.9985941648483276, -0.9971898794174194, -1.0, 0.06010650843381882, -0.9227905869483948, -0.7280248403549194, -1.0, -0.9926056265830994, -1.0, -0.9947529435157776, -0.22853341698646545, 0.23839297890663147, -0.6227771639823914, -0.468197226524353, -0.33365413546562195, -0.9457916021347046, -0.7534011006355286, -0.6380002498626709, -0.3586902916431427], [-0.12252634763717651, 0.6905393600463867, 0.9941308498382568, -0.011862451210618019, 0.99992835521698, 0.001598545117303729, -0.9961878657341003, -0.0905047357082367, 0.8961003422737122, 0.9942159652709961, -0.999929666519165, -1.000055193901062, -0.9999073147773743, -0.6000000238418579, 0.0010140362428501248, -0.9573135375976562, -0.46555912494659424, -0.8620125651359558, -0.9924232959747314, -0.9929652810096741, -0.9947859048843384, -0.4609851837158203, 0.46247613430023193, -0.6227771639823914, -0.468197226524353, -0.33365413546562195, -0.9457916021347046, -0.7534011006355286, -0.6380002498626709, -0.3586902916431427], [-0.10979406535625458, 0.9113729596138, 0.9920179843902588, -0.999948263168335, 0.009066655300557613, 0.004608622286468744, -0.9960265159606934, -0.11305615305900574, 0.9275628924369812, 0.8254913091659546, -0.9999040961265564, -1.0001341104507446, -0.9999536275863647, -0.6000000238418579, -0.00787766370922327, -0.9560523629188538, -0.4736664593219757, -0.9424492120742798, -0.9925916194915771, -0.9556921720504761, -0.9952811598777771, -0.46112459897994995, 0.4633799195289612, -0.6227771639823914, -0.468197226524353, -0.33365413546562195, -0.9457916021347046, -0.7534011006355286, -0.6380002498626709, -0.3586902916431427], [-0.11738206446170807, 0.9286302924156189, 0.7788260579109192, -0.0075673796236515045, -0.04573945701122284, 0.998924732208252, -0.9957703351974487, -0.1212029680609703, 0.8849632143974304, 0.6403024196624756, -1.0001460313796997, -0.9999089241027832, -0.9999410510063171, -0.6000000238418579, 0.0020477627404034138, -0.9615947604179382, -0.4614255130290985, -0.9924630522727966, -0.9936190843582153, -1.0, -0.9952948689460754, -0.46457815170288086, 0.4648432731628418, 