{"n_joints": 18, "joint_descriptions": [[-0.0826951116323471, 0.33545631170272827, 0.3764905035495758, 0.1744982898235321, 0.00748888636007905, -0.9846289753913879, -0.9958498477935791, -0.5510420799255371, 0.33490216732025146, 0.211156964302063, -0.9996829032897949, -0.9998705387115479, -0.9996602535247803, -0.6000000238418579, -0.001971891615539789, -0.9611356854438782, -0.4233497977256775, -0.9275818467140198, -0.9924548864364624, -0.9856299757957458, -0.9950535297393799, -0.464883416891098, 0.4620939791202545, -0.6214858889579773, -0.5080907940864563, -0.32701703906059265, -0.9456613659858704, -0.7849199175834656, -0.6585095524787903, -0.533392608165741], [-0.544673502445221, 0.3438875675201416, 0.1858455240726471, -0.9631747603416443, -0.002591932425275445, 0.26886364817619324, -0.9941107630729675, -0.014351355843245983, 0.2953426241874695, 0.12081519514322281, -1.000008225440979, -0.9991146922111511, -0.999840259552002, -0.6000000238418579, 0.00228863419033587, -0.9525886178016663, -0.4799736738204956, -0.9478178024291992, -0.9919102787971497, -0.9863563776016235, -0.9947025775909424, -0.46449705958366394, 0.46933043003082275, -0.6214858889579773, -0.5080907940864563, -0.32701703906059265, -0.9456613659858704, -0.7849199175834656, -0.6585095524787903, -0.533392608165741], [0.1224173828959465, 0.3323934078216553, 0.08516320586204529, -0.01839514449238777, 0.9992892742156982, -0.0329030342400074, -0.9870341420173645, 0.2352530062198639, 0.4313989579677582, -0.054884057492017746, -1.0020924806594849, -0.9932670593261719, -1.000045657157898, -0.6000000238418579, -0.059075720608234406, -0.9035506844520569, -0.616847813129425, -0.6916525363922119, -0.9934667944908142, -0.9957277178764343, -0.9941260814666748, -0.45559990406036377, 0.4612693190574646, -0.6214858889579773, -0.5080907940864563, -0.32701703906059265, -0.9456613659858704, -0.7849199175834656, -0.6585095524787903, -0.533392608165741], [0.4225640594959259, 0.3342367112636566, -0.39636486768722534, -0.026850389316678047, 0.9991828799247742, -0.030209798365831375, -0.9982258081436157, 0.22832053899765015, 0.32130664587020874, -0.6501830816268921, -0.9993211627006531, -0.9996693134307861, -1.0002787113189697, -0.6000000238418579, 0.12112628668546677, -0.8245072960853577, -0.7634809017181396, -1.0, -0.9934297204017639, -1.0, -0.9950218796730042, -0.002275074366480112, 0.46397799253463745, -0.6214858889579773, -0.5080907940864563, -0.32701703906059265, -0.9456613659858704, -0.7849199175834656, -0.6585095524787903, -0.533392608165741], [-0.03622686117887497, 0.3146336078643799, -0.9002920389175415, -0.02239352837204933, 0.9992802739143372, -0.030618587508797646, -0.9986186623573303, 0.15489676594734192, 0.3191531002521515, -0.9273614287376404, -0.9999492764472961, -0.9931237697601318, -0.9975857734680176, -1.0, -0.060204923152923584, -0.9150165915489197, -0.7149034142494202, -0.7964260578155518, -0.9935925006866455, -0.87154620885849, -0.9938563108444214, -0.22418944537639618, 0.2389397919178009, -0.6214858889579773, -0.5080907940864563, -0.32701703906059265, -0.9456613659858704, -0.7849199175834656, -0.6585095524787903, -0.533392608165741], [-0.08470224589109421, -0.34527432918548584, 0.38021084666252136, 0.1726580411195755, 0.002112071728333831, -0.9849795699119568, -0.9956507086753845, -0.5470467805862427, -0.34476613998413086, 0.2150583416223526, -0.9995526671409607, -0.9998696446418762, -1.000211238861084, -0.6000000238418579, -0.000815812440123409, -0.9549229145050049, -0.4193263053894043, -0.9395585060119629, -0.9925382733345032, -0.7992110252380371, -0.9946950674057007, -0.462272047996521, 0.4644063413143158, -0.6214858889579773, -0.5080907940864563, -0.32701703906059265, -0.9456613659858704, -0.7849199175834656, -0.6585095524787903, -0.533392608165741], [-0.5215892195701599, -0.35802987217903137, 0.1988978087902069, -0.9647421836853027, -0.00832595955580473, 0.26306504011154175, -0.994175374507904, -0.01340103056281805, -0.3076012134552002, 0.14022864401340485, -0.999890923500061, -0.9991186261177063, -0.9998739361763, -0.6000000238418579, 0.001997902523726225, -0.9551597833633423, -0.5255590081214905, -0.8576624393463135, -0.9925594329833984, -1.0, -0.9953170418739319, -0.45310792326927185, 0.4546550512313843, -0.6214858889579773, -0.5080907940864563, -0.32701703906059265, -0.9456613659858704, -0.7849199175834656, -0.6585095524787903, -0.533392608165741], [0.14064595103263855, -0.3388521075248718, 0.08600438386201859, 0.02059604413807392, -0.9997133612632751, 0.012208358384668827, -0.9866551756858826, 0.25448495149612427, -0.4487367272377014, -0.059119805693626404, -1.0029903650283813, -0.9934201836585999, -1.0003656148910522, -0.6000000238418579, 0.06317390501499176, -0.9193605184555054, -0.5155001282691956, -1.0, -0.9918695688247681, -1.0, -0.9943786263465881, -0.4529871344566345, 0.46021363139152527, -0.6214858889579773, -0.5080907940864563, -0.32701703906059265, -0.9456613659858704, -0.7849199175834656, -0.6585095524787903, -0.533392608165741], [0.46794381737709045, -0.3402908146381378, -0.37997403740882874, 0.016466829925775528, -0.9996834993362427, 0.01902114786207676, -0.9983203411102295, 0.26577702164649963, -0.3476572334766388, -0.6298463344573975, -0.9993086457252502, -0.9997692108154297, -1.000298261642456, -0.6000000238418579, -0.12492123991250992, -0.8198525905609131, -0.7555850744247437, -0.9268026351928711, -0.9925628304481506, -0.983500599861145, -0.994640588760376, -0.46905583143234253, 0.0039809700101614, -0.6214858889579773, -0.5080907940864563, -0.32701703906059265, -0.9456613659858704, -0.7849199175834656, -0.6585095524787903, -0.533392608165741], [-0.01487345714122057, -0.3559889495372772, -0.8795065879821777, 0.0016148807480931282, -0.9999265074729919, 0.012013593688607216, -0.998557984828949, 0.1558047980070114, -0.3666958808898926, -0.9117046594619751, -0.9994857907295227, -0.9930838346481323, -0.9975134134292603, -1.0, 0.06129008159041405, -0.9152015447616577, -0.7293172478675842, -0.9267576336860657, -0.9927735328674316, -1.0, -0.9948848485946655, -0.2284611016511917, 0.23366191983222961, -0.6214858889579773, -0.5080907940864563, -0.32701703906059265, -0.9456613659858704, -0.7849199175834656, -0.6585095524787903, -0.533392608165741], [0.05594509467482567, 0.7084644436836243, 0.9920433163642883, 0.004257143475115299, 0.9999819993972778, 0.004231506027281284, -0.9960464835166931, 0.14122220873832703, 0.9337196350097656, 1.0, -0.9996481537818909, -0.9999954700469971, -0.9999167323112488, -0.6000000238418579, -0.0007847609813325107, -0.9586569666862488, -0.4464983344078064, -0.7954892516136169, -0.9915512204170227, -1.0, -0.994445264339447, -0.4618551433086395, 0.45574599504470825, -0.6214858889579773, -0.5080907940864563, -0.32701703906059265, -0.9456613659858704, -0.7849199175834656, -0.6585095524787903, -0.533392608165741], [0.06353852152824402, 0.9537256360054016, 0.9880066514015198, -0.9999838471412659, 0.0022401369642466307, -0.005222785286605358, -0.9959187507629395, 0.05811947211623192, 0.9730873107910156, 0.8273003101348877, -0.9999452233314514, -1.0001134872436523, -0.9997045993804932, -0.6000000238418579, -0.006488378159701824, -0.9557343125343323, -0.484883189201355, -0.928193986415863, -0.9935351610183716, -1.0, -0.9952447414398193, -0.4606766998767853, 0.46167290210723877, -0.6214858889579773, -0.5080907940864563, -0.32701703906059265, -0.9456613659858704, -0.7849199175834656, -0.6585095524787903, -0.533392608165741], [0.07802804559469223, 0.9681231379508972, 0.7806362509727478, 0.0011025292333215475, -0.046234384179115295, 0.998930037021637, -0.9953882694244385, 0.07371614128351212, 0.9114230871200562, 0.6535044312477112, -1.0001164674758911, -0.9995516538619995, -1.0000011920928955, -0.6000000238418579, -0.0013717843685299158, -0.9575471878051758, -0.41371631622314453, -0.8953459858894348, -0.9931961894035339, -1.0, -0.9944524765014648, -0.4698900878429413, 0.4603290557861328, -0.6214858889579773, -0.5080907940864563, -0.32701703906059265, 