{"n_joints": 18, "joint_descriptions": [[-0.17240911722183228, 0.3382566273212433, 0.3781510889530182, 0.17408953607082367, -0.0003948931989725679, -0.9847297668457031, -0.9964461922645569, -0.5042666792869568, 0.34809577465057373, 0.22235903143882751, -0.9999410510063171, -0.999871015548706, -0.9999097585678101, -0.6000000238418579, 0.002054948126897216, -0.9620289206504822, -0.5452675223350525, -0.8808341026306152, -0.993156373500824, -0.9893954992294312, -0.9947546124458313, -0.45930740237236023, 0.4612800180912018, -0.6658764481544495, -0.5347015857696533, -0.3915327489376068, -0.9579374194145203, -0.7863748073577881, -0.6539795398712158, -0.4759400486946106], [-0.46389687061309814, 0.3414921164512634, 0.19839701056480408, -0.9661210775375366, 0.011088058352470398, 0.25785091519355774, -0.9951805472373962, -0.08770622313022614, 0.2867319881916046, 0.1569160670042038, -0.9999681115150452, -0.9998136162757874, -0.9998114705085754, -0.6000000238418579, -0.0023079889360815287, -0.9614691138267517, -0.5415646433830261, -0.9869040846824646, -0.9927287697792053, -1.0, -0.9956172108650208, -0.4596315026283264, 0.45916515588760376, -0.6658764481544495, -0.5347015857696533, -0.3915327489376068, -0.9579374194145203, -0.7863748073577881, -0.6539795398712158, -0.4759400486946106], [0.02798556350171566, 0.33096152544021606, 0.11606020480394363, 0.019306588917970657, 0.9996827840805054, 0.016173342242836952, -0.9898459315299988, 0.19920329749584198, 0.42753538489341736, -0.030724575743079185, -1.0019418001174927, -0.9982928037643433, -1.000576138496399, -0.6000000238418579, -0.06298244744539261, -0.920219898223877, -0.5695502758026123, -0.9696448445320129, -0.9927887320518494, -1.0, -0.9945735931396484, -0.46517229080200195, 0.46118098497390747, -0.6658764481544495, -0.5347015857696533, -0.3915327489376068, -0.9579374194145203, -0.7863748073577881, -0.6539795398712158, -0.4759400486946106], [0.46778663992881775, 0.34097132086753845, -0.3583434522151947, 0.018747122958302498, 0.9997463226318359, 0.012482913210988045, -0.9985852837562561, 0.25016164779663086, 0.3599238395690918, -0.6051329970359802, -0.9998571276664734, -0.9997147917747498, -1.0000349283218384, -0.6000000238418579, 0.12308918684720993, -0.8500502705574036, -0.8103970885276794, -0.7965793609619141, -0.993621289730072, -0.8729443550109863, -0.995441734790802, 0.008090946823358536, 0.4610416889190674, -0.6658764481544495, -0.5347015857696533, -0.3915327489376068, -0.9579374194145203, -0.7863748073577881, -0.6539795398712158, -0.4759400486946106], [-0.07347340881824493, 0.3581531047821045, -0.8850088715553284, 0.016486963257193565, 0.999745786190033, 0.01538106519728899, -0.998894453048706, 0.06953900307416916, 0.355989933013916, -0.9195469617843628, -0.9995222091674805, -0.9984498620033264, -0.9974378347396851, -1.0, -0.06102961674332619, -0.9218243956565857, -0.7491899132728577, -0.8841180801391602, -0.9922642111778259, -0.9308134317398071, -0.994929313659668, -0.2274804264307022, 0.22906576097011566, -0.6658764481544495, -0.5347015857696533, -0.3915327489376068, -0.9579374194145203, -0.7863748073577881, -0.6539795398712158, -0.4759400486946106], [-0.16276928782463074, -0.31524309515953064, 0.3625063896179199, 0.1731518656015396, 0.0003512880066409707, -0.9848950505256653, -0.9968666434288025, -0.4983774423599243, -0.31382787227630615, 0.20563744008541107, -0.999897301197052, -0.9998810291290283, -1.0000295639038086, -0.6000000238418579, 0.00026141238049604, -0.9647558927536011, -0.5217334032058716, -0.8556191921234131, -0.994030773639679, -1.0, -0.9950597882270813, -0.46909987926483154, 0.46047505736351013, -0.6658764481544495, -0.5347015857696533, -0.3915327489376068, -0.9579374194145203, -0.7863748073577881, -0.6539795398712158, -0.4759400486946106], [-0.46041998267173767, -0.3138899803161621, 0.18408633768558502, -0.9659243226051331, -0.0008878595544956625, 0.2588231563568115, -0.9950847029685974, -0.07617980241775513, -0.26933205127716064, 0.13972891867160797, -0.999862551689148, -0.9998094439506531, -0.9998792409896851, -0.6000000238418579, -0.00013676367234438658, -0.9576223492622375, -0.48360875248908997, -0.8898189663887024, -0.9921839833259583, -0.9671288132667542, -0.994977593421936, -0.46258240938186646, 0.4645935595035553, -0.6658764481544495, -0.5347015857696533, -0.3915327489376068, -0.9579374194145203, -0.7863748073577881, -0.6539795398712158, -0.4759400486946106], [0.03084932081401348, -0.30789729952812195, 0.10537026077508926, -0.0009165840456262231, -0.9999951720237732, -0.0029619578272104263, -0.9894755482673645, 0.17585036158561707, -0.40982675552368164, -0.046323634684085846, -1.0022345781326294, -0.9986888766288757, -1.0005974769592285, -0.6000000238418579, 0.06077266484498978, -0.91822350025177, -0.5572356581687927, -0.9524751305580139, -0.9934184551239014, -1.0, -0.9944244623184204, -0.46922892332077026, 0.45360904932022095, -0.6658764481544495, -0.5347015857696533, -0.3915327489376068, -0.9579374194145203, -0.7863748073577881, -0.6539795398712158, -0.4759400486946106], [0.41827476024627686, -0.3109379708766937, -0.3773689568042755, 0.0008482193225063384, -0.9999721646308899, 0.007411903701722622, -0.998596727848053, 0.2003343254327774, -0.3136228621006012, -0.6284781694412231, -0.9998225569725037, -0.9997525811195374, -1.000069499015808, -0.6000000238418579, -0.12133021652698517, -0.8367215394973755, -0.8126888275146484, -0.9024277925491333, -0.9931347370147705, -0.9907729625701904, -0.9949824810028076, -0.46383726596832275, -0.0028850343078374863, -0.6658764481544495, -0.5347015857696533, -0.3915327489376068, -0.9579374194145203, -0.7863748073577881, -0.6539795398712158, -0.4759400486946106], [-0.107052281498909, -0.30350640416145325, -0.9030116200447083, -0.007615768350660801, -0.999936580657959, 0.008296520449221134, -0.9989336133003235, 0.033561721444129944, -0.29399573802948, -0.9233459234237671, -0.9991838932037354, -0.9985379576683044, -0.9977032542228699, -1.0, 0.06415633857250214, -0.9220327734947205, -0.7516422271728516, -0.8813093304634094, -0.9931341409683228, -0.8618012070655823, -0.9955370426177979, -0.23045821487903595, 0.22979602217674255, -0.6658764481544495, -0.5347015857696533, -0.3915327489376068, -0.9579374194145203, -0.7863748073577881, -0.6539795398712158, -0.4759400486946106], [-0.037008751183748245, 0.710160493850708, 0.9866344332695007, -0.0002718473842833191, 0.9999982118606567, 0.001869873725809157, -0.9969977140426636, 0.029235469177365303, 0.9225045442581177, 0.9890671372413635, -0.9999250173568726, -1.0000146627426147, -0.9999277591705322, -0.6000000238418579, 0.0003933538682758808, -0.9640687704086304, -0.50760817527771, -0.9437034726142883, -0.9931197762489319, -0.987692654132843, -0.9950634837150574, -0.45338115096092224, 0.4647828936576843, -0.6658764481544495, -0.5347015857696533, -0.3915327489376068, -0.9579374194145203, -0.7863748073577881, -0.6539795398712158, -0.4759400486946106], [-0.0452575758099556, 0.9376088380813599, 0.9893175959587097, -0.9999279379844666, -0.006626024376600981, -0.010012311860918999, -0.9968797564506531, -0.030465614050626755, 0.9511200189590454, 0.8197292685508728, -0.9999624490737915, -1.0001039505004883, -0.9999386072158813, -0.6000000238418579, -0.006236087065190077, -0.9575937390327454, -0.47892603278160095, -0.9246125817298889, -0.9928721785545349, -0.9290568232536316, -0.9951848983764648, -0.4616919755935669, 0.46117597818374634, -0.6658764481544495, -0.5347015857696533, -0.3915327489376068, -0.9579374194145203, -0.7863748073577881, -0.6539795398712158, -0.4759400486946106], [-0.05550983175635338, 0.9619919061660767, 0.7756316065788269, 0.0037859205622226, -0.0475708469748497, 0.9988607168197632, -0.9964429140090942, -0.07336689531803131, 0.9034283757209778, 0.6451176404953003, -1.0001177787780762, -0.9998944997787476, -0.9999802708625793, -0.6000000238418579, -0.0011999366106465459, -0.960646390914917, -0.5175374150276184, -0.9561342000961304, -0.9937151670455933, -0.8581600785255432, 