{"n_joints": 18, "joint_descriptions": [[-0.07616432756185532, 0.33372601866722107, 0.37587133049964905, 0.1726784110069275, 0.00804753415286541, -0.9849453568458557, -0.9957569241523743, -0.5512954592704773, 0.3301689922809601, 0.21081964671611786, -0.9996474385261536, -0.9998644590377808, -0.9996167421340942, -0.6000000238418579, -0.0025127974804490805, -0.960171103477478, -0.4048087000846863, -0.9434559345245361, -0.9923666715621948, -0.980802059173584, -0.995063304901123, -0.4659036695957184, 0.4618437588214874, -0.6192018985748291, -0.4990232586860657, -0.3255177140235901, -0.9434170722961426, -0.7832051515579224, -0.6555640697479248, -0.5334113240242004], [-0.551476776599884, 0.3402676284313202, 0.18591202795505524, -0.9644696712493896, -0.026070738211274147, 0.26290416717529297, -0.9938821792602539, -0.012593611143529415, 0.292702853679657, 0.12005706876516342, -1.0000137090682983, -0.9990009069442749, -0.999838650226593, -0.6000000238418579, 0.0028429944068193436, -0.9520020484924316, -0.46633800864219666, -0.9279223084449768, -0.9919319152832031, -0.9893516302108765, -0.9944860339164734, -0.4655398428440094, 0.4693639576435089, -0.6192018985748291, -0.4990232586860657, -0.3255177140235901, -0.9434170722961426, -0.7832051515579224, -0.6555640697479248, -0.5334113240242004], [0.12480951100587845, 0.328437477350235, 0.08424197137355804, -0.006727308500558138, 0.9995818734169006, -0.028121883049607277, -0.9864412546157837, 0.23194937407970428, 0.42760169506073, -0.056592341512441635, -1.0022156238555908, -0.9924779534339905, -1.0000768899917603, -0.6000000238418579, -0.05862366780638695, -0.9015329480171204, -0.6220102310180664, -0.6601690649986267, -0.993441104888916, -0.9721552729606628, -0.9941666126251221, -0.45490923523902893, 0.46098968386650085, -0.6192018985748291, -0.4990232586860657, -0.3255177140235901, -0.9434170722961426, -0.7832051515579224, -0.6555640697479248, -0.5334113240242004], [0.4138290584087372, 0.3224642872810364, -0.39729294180870056, -0.025246595963835716, 0.9995272159576416, -0.017549483105540276, -0.9981756210327148, 0.21962091326713562, 0.30483704805374146, -0.6517438888549805, -0.9992458820343018, -0.9996197819709778, -1.000307321548462, -0.6000000238418579, 0.12109563499689102, -0.8185529708862305, -0.7557822465896606, -1.0, -0.9932029247283936, -1.0, -0.9948421120643616, -0.004145487677305937, 0.46411585807800293, -0.6192018985748291, -0.4990232586860657, -0.3255177140235901, -0.9434170722961426, -0.7832051515579224, -0.6555640697479248, -0.5334113240242004], [-0.03802775219082832, 0.29722362756729126, -0.8984324932098389, -0.021911369636654854, 0.9994011521339417, -0.02678089402616024, -0.9985669851303101, 0.15366175770759583, 0.30453526973724365, -0.9238022565841675, -0.999905526638031, -0.9923130869865417, -0.9974833726882935, -1.0, -0.060422517359256744, -0.9142435789108276, -0.7133183479309082, -0.8101648092269897, -0.9937623739242554, -0.8873664140701294, -0.9938290119171143, -0.22520658373832703, 0.2388484925031662, -0.6192018985748291, -0.4990232586860657, -0.3255177140235901, -0.9434170722961426, -0.7832051515579224, -0.6555640697479248, -0.5334113240242004], [-0.08094803988933563, -0.3465149998664856, 0.383317232131958, 0.17513544857501984, 0.001552857575006783, -0.9845431447029114, -0.9954155087471008, -0.5479798316955566, -0.34651800990104675, 0.21719153225421906, -0.9994944930076599, -0.9998615384101868, -1.0002394914627075, -0.6000000238418579, -0.0010955305770039558, -0.9532886743545532, -0.4098706841468811, -0.9266359210014343, -0.9922269582748413, -0.7740751504898071, -0.9946393370628357, -0.460568368434906, 0.46426209807395935, -0.6192018985748291, -0.4990232586860657, -0.3255177140235901, -0.9434170722961426, -0.7832051515579224, -0.6555640697479248, -0.5334113240242004], [-0.5275591015815735, -0.3601682484149933, 0.20124901831150055, -0.9654710292816162, -0.004552167374640703, 0.2604706585407257, -0.9940288066864014, -0.012725316919386387, -0.30752745270729065, 0.14207932353019714, -0.999889075756073, -0.9990137815475464, -0.9998740553855896, -0.6000000238418579, 0.001848683226853609, -0.9553572535514832, -0.525285542011261, -0.8428065776824951, -0.9927005767822266, -1.0, -0.9952251315116882, -0.4533272087574005, 0.45406797528266907, -0.6192018985748291, -0.4990232586860657, -0.3255177140235901, -0.9434170722961426, -0.7832051515579224, -0.6555640697479248, -0.5334113240242004], [0.14310409128665924, -0.33976489305496216, 0.08548837155103683, 0.017574580386281013, -0.9998354911804199, 0.004484039265662432, -0.9861868023872375, 0.25606098771095276, -0.4501904845237732, -0.05905861407518387, -1.0032813549041748, -0.9926542639732361, -1.0003660917282104, -0.6000000238418579, 0.06331522762775421, -0.9176264405250549, -0.5150642395019531, -0.99282306432724, -0.991706907749176, -1.0, -0.9944493770599365, -0.4508476257324219, 0.46192699670791626, -0.6192018985748291, -0.4990232586860657, -0.3255177140235901, -0.9434170722961426, -0.7832051515579224, -0.6555640697479248, -0.5334113240242004], [0.46715304255485535, -0.3428564965724945, -0.3793598413467407, 0.017487747594714165, -0.999830424785614, 0.005766923539340496, -0.9982758164405823, 0.2656269073486328, -0.35179242491722107, -0.6286987066268921, -0.9992366433143616, -0.9997700452804565, -1.0003702640533447, -0.6000000238418579, -0.12540319561958313, -0.8193629384040833, -0.7469984889030457, -0.920295000076294, -0.9924655556678772, -0.9735658168792725, -0.9945857524871826, -0.46822357177734375, 0.004928202368319035, -0.6192018985748291, -0.4990232586860657, -0.3255177140235901, -0.9434170722961426, -0.7832051515579224, -0.6555640697479248, -0.5334113240242004], [-0.017881235107779503, -0.36515697836875916, -0.8756588101387024, 0.018043600022792816, -0.9997629523277283, 0.012185013853013515, -0.9984877705574036, 0.15348392724990845, -0.37749364972114563, -0.9101551175117493, -0.9995321035385132, -0.9921104311943054, -0.9973932504653931, -1.0, 0.0607944019138813, -0.9135726094245911, -0.7225100994110107, -0.9142932295799255, -0.99273282289505, -1.0, -0.9946870803833008, -0.2281629741191864, 0.23355978727340698, -0.6192018985748291, -0.4990232586860657, -0.3255177140235901, -0.9434170722961426, -0.7832051515579224, -0.6555640697479248, -0.5334113240242004], [0.05871335789561272, 0.706748902797699, 0.9927063584327698, 0.004484044853597879, 0.9999783039093018, 0.004831032361835241, -0.995876669883728, 0.1424710750579834, 0.9313902854919434, 1.0, -0.9996029138565063, -0.9999933838844299, -0.9999091625213623, -0.6000000238418579, -0.0010200771503150463, -0.9572950005531311, -0.44527238607406616, -0.7970811128616333, -0.9914990067481995, -1.0, -0.9942771196365356, -0.46363475918769836, 0.4549570083618164, -0.6192018985748291, -0.4990232586860657, -0.3255177140235901, -0.9434170722961426, -0.7832051515579224, -0.6555640697479248, -0.5334113240242004], [0.06907635927200317, 0.9520930647850037, 0.9878790974617004, -0.9999343752861023, -2.4807959562167525e-05, -0.011454956606030464, -0.995751142501831, 0.06051754206418991, 0.970714807510376, 0.8275273442268372, -0.999939501285553, -1.0001215934753418, -0.9996657967567444, -0.6000000238418579, -0.006777193862944841, -0.9559580683708191, -0.4862382411956787, -0.9425885081291199, -0.9934624433517456, -1.0, -0.995111882686615, -0.46063798666000366, 0.4620476961135864, -0.6192018985748291, -0.4990232586860657, -0.3255177140235901, -0.9434170722961426, -0.7832051515579224, -0.6555640697479248, -0.5334113240242004], [0.08737960457801819, 0.9644282460212708, 0.7825744152069092, -0.015529708005487919, -0.04070623591542244, 0.9990504384040833, -0.9951788187026978, 0.08730945736169815, 0.9090800881385803, 0.65688157081604, -1.0001277923583984, -0.9994960427284241, -1.000001311302185, -0.6000000238418579, -0.0010614651255309582, -0.9571704268455505, -0.40450868010520935, -0.9073190689086914, -0.9929517507553101, -1.0, -0.9943972229957581, -0.4699002504348755, 0.45849311351776123, -0.6192018985748291, 