{"n_joints": 18, "joint_descriptions": [[-0.116757832467556, 0.34699952602386475, 0.37687915563583374, 0.1728760451078415, -0.0008018834632821381, -0.9849432706832886, -0.9961468577384949, -0.5485103726387024, 0.35489919781684875, 0.2108241319656372, -0.9998048543930054, -0.9998828768730164, -0.999782383441925, -0.6000000238418579, -0.00011325452942401171, -0.9634272456169128, -0.4827745854854584, -0.8702773451805115, -0.9929488301277161, -0.9894377589225769, -0.9949176907539368, -0.46073997020721436, 0.46129101514816284, -0.6334446668624878, -0.5275752544403076, -0.33624085783958435, -0.9523801803588867, -0.7880610823631287, -0.6639868021011353, -0.5274602770805359], [-0.5224251747131348, 0.35833612084388733, 0.186245858669281, -0.9644185900688171, -0.012210780754685402, 0.2640978693962097, -0.994748055934906, -0.036667678505182266, 0.3066905736923218, 0.12832523882389069, -0.99998939037323, -0.9994597434997559, -0.9998416900634766, -0.6000000238418579, 0.00033031636849045753, -0.9554528594017029, -0.5199576616287231, -0.9997703433036804, -0.9919852018356323, -1.0, -0.9953363537788391, -0.460476279258728, 0.46735820174217224, -0.6334446668624878, -0.5275752544403076, -0.33624085783958435, -0.9523801803588867, -0.7880610823631287, -0.6639868021011353, -0.5274602770805359], [0.09692283719778061, 0.34781190752983093, 0.09284448623657227, -0.011594035662710667, 0.9999182224273682, -0.005394727922976017, -0.9886797666549683, 0.23333732783794403, 0.4437887668609619, -0.047931987792253494, -1.0017691850662231, -0.9956784844398499, -1.0001482963562012, -0.6000000238418579, -0.060646068304777145, -0.9113911390304565, -0.5992404818534851, -0.8019422888755798, -0.993333101272583, -1.0, -0.9940977096557617, -0.45939570665359497, 0.46139925718307495, -0.6334446668624878, -0.5275752544403076, -0.33624085783958435, -0.9523801803588867, -0.7880610823631287, -0.6639868021011353, -0.5274602770805359], [0.44359007477760315, 0.3642236590385437, -0.3888513743877411, -0.005891242064535618, 0.9999266266822815, -0.010584474541246891, -0.9983927607536316, 0.25031399726867676, 0.3704448342323303, -0.6417584419250488, -0.9995889067649841, -0.9997116923332214, -1.0001622438430786, -0.6000000238418579, 0.1215921938419342, -0.8420282602310181, -0.7876772284507751, -0.9072268009185791, -0.993972897529602, -1.0, -0.9954966306686401, 0.0037094459403306246, 0.4617730975151062, -0.6334446668624878, -0.5275752544403076, -0.33624085783958435, -0.9523801803588867, -0.7880610823631287, -0.6639868021011353, -0.5274602770805359], [-0.04225979745388031, 0.3672054409980774, -0.9057420492172241, 0.0030317690689116716, 0.9999947547912598, 0.0011524083092808723, -0.9987738132476807, 0.13967731595039368, 0.3651297092437744, -0.9381998181343079, -0.9997759461402893, -0.9957103133201599, -0.9976483583450317, -1.0, -0.059786830097436905, -0.9189086556434631, -0.7238858342170715, -0.777027428150177, -0.9930166602134705, -0.8417925834655762, -0.9940940141677856, -0.22224977612495422, 0.23735779523849487, -0.6334446668624878, -0.5275752544403076, -0.33624085783958435, -0.9523801803588867, -0.7880610823631287, -0.6639868021011353, -0.5274602770805359], [-0.10957416146993637, -0.3284960389137268, 0.36856532096862793, 0.17224843800067902, 0.0011159413261339068, -0.9850528836250305, -0.9963376522064209, -0.5392225384712219, -0.32917460799217224, 0.20417135953903198, -0.999724805355072, -0.9998894929885864, -1.0001252889633179, -0.6000000238418579, 0.00025472595007158816, -0.9600865840911865, -0.4606707692146301, -0.9507819414138794, -0.9934925436973572, -0.8872183561325073, -0.994756281375885, -0.46738889813423157, 0.4629076421260834, -0.6334446668624878, -0.5275752544403076, -0.33624085783958435, -0.9523801803588867, -0.7880610823631287, -0.6639868021011353, -0.5274602770805359], [-0.49974504113197327, -0.3372562527656555, 0.18708571791648865, -0.9661076068878174, 0.00091360550140962, 0.25813809037208557, -0.9946221113204956, -0.025248108431696892, -0.2947728931903839, 0.13084475696086884, -0.9998893141746521, -0.9994468688964844, -0.9998858571052551, -0.6000000238418579, 0.0019398592412471771, -0.955048143863678, -0.519241213798523, -0.9244139790534973, -0.9921748638153076, -1.0, -0.9954524636268616, -0.45428940653800964, 0.4582023620605469, -0.6334446668624878, -0.5275752544403076, -0.33624085783958435, -0.9523801803588867, -0.7880610823631287, -0.6639868021011353, -0.5274602770805359], [0.11615999042987823, -0.32648205757141113, 0.08632255345582962, -0.001825121813453734, -0.9999579787254333, 0.008985050022602081, -0.9880848526954651, 0.2326378971338272, -0.4359584152698517, -0.0617886558175087, -1.0024646520614624, -0.9959442019462585, -1.0004510879516602, -0.6000000238418579, 0.06244371831417084, -0.9229353666305542, -0.5226232409477234, -1.0, -0.9925561547279358, -1.0, -0.9942195415496826, -0.4603310227394104, 0.45509833097457886, -0.6334446668624878, -0.5275752544403076, -0.33624085783958435, -0.9523801803588867, -0.7880610823631287, -0.6639868021011353, -0.5274602770805359], [0.4526127576828003, -0.33627352118492126, -0.38813504576683044, -0.005682087503373623, -0.9996777772903442, 0.024738870561122894, -0.9984574317932129, 0.24731850624084473, -0.340198814868927, -0.6397184133529663, -0.999557375907898, -0.9998013377189636, -1.0001897811889648, -0.6000000238418579, -0.12327606230974197, -0.8239898085594177, -0.783305287361145, -0.9078502655029297, -0.9929225444793701, -1.0, -0.994747519493103, -0.47022441029548645, -0.00010051269055111334, -0.6334446668624878, -0.5275752544403076, -0.33624085783958435, -0.9523801803588867, -0.7880610823631287, -0.6639868021011353, -0.5274602770805359], [-0.03281445801258087, -0.33661067485809326, -0.9009243845939636, -0.015114345587790012, -0.9998359680175781, 0.009977461770176888, -0.9987579584121704, 0.1334449052810669, -0.3394586443901062, -0.9262682199478149, -0.9994287490844727, -0.9958726763725281, -0.997871458530426, -1.0, 0.06290639191865921, -0.9190122485160828, -0.7493420839309692, -0.9318029880523682, -0.9927544593811035, -0.968558132648468, -0.9954367876052856, -0.23089754581451416, 0.23206426203250885, -0.6334446668624878, -0.5275752544403076, -0.33624085783958435, -0.9523801803588867, -0.7880610823631287, -0.6639868021011353, -0.5274602770805359], [0.032504092901945114, 0.7184966802597046, 0.9912404417991638, 0.0007888592663221061, 0.9999995231628418, 0.0005776527686975896, -0.9965537190437317, 0.11863376945257187, 0.9425158500671387, 1.0, -0.9997864365577698, -1.0000009536743164, -0.9999303817749023, -0.6000000238418579, -0.00010363852197770029, -0.9625921249389648, -0.45902031660079956, -0.8172829747200012, -0.9919240474700928, -1.0, -0.9949796199798584, -0.4563330411911011, 0.4597933888435364, -0.6334446668624878, -0.5275752544403076, -0.33624085783958435, -0.9523801803588867, -0.7880610823631287, -0.6639868021011353, -0.5274602770805359], [0.03144056349992752, 0.9596164226531982, 0.9905881881713867, -0.9999749064445496, 0.004763409961014986, 0.0052419668063521385, -0.9964308738708496, 0.03812255337834358, 0.9793620109558105, 0.8257377743721008, -0.9999585151672363, -1.000095009803772, -0.9998196363449097, -0.6000000238418579, -0.005748149007558823, -0.9554746747016907, -0.47815239429473877, -0.8802419304847717, -0.9935540556907654, -1.0, -0.99552983045578, -0.4620778560638428, 0.4610511064529419, -0.6334446668624878, -0.5275752544403076, -0.33624085783958435, -0.9523801803588867, -0.7880610823631287, -0.6639868021011353, -0.5274602770805359], [0.03519778326153755, 0.9801254868507385, 0.7763112783432007, -5.633759428746998e-06, -0.03532097488641739, 0.9993759989738464, -0.9960036277770996, 0.01964082010090351, 0.9187412261962891, 0.6442934274673462, -1.0001024007797241, -0.9997197985649109, -0.9999940991401672, -0.6000000238418579, -0.002099599689245224, -0.9588707685470581, -0.4538423717021942, -0.8745537996292114, -0.9938499331474304, -0.9132229685783386, -0.9947899580001831, -0.4679822623729706, 0.466097354888916, -0.6334446668624878, 