{"n_joints": 18, "joint_descriptions": [[-0.12718012928962708, 0.34685420989990234, 0.37758341431617737, 0.1739514023065567, 0.0005030242609791458, -0.9847540855407715, -0.9962032437324524, -0.5475982427597046, 0.3564209043979645, 0.2119060456752777, -0.9998262524604797, -0.9998847842216492, -0.9998056888580322, -0.6000000238418579, 0.0002673064300324768, -0.9636598229408264, -0.49416816234588623, -0.8603410720825195, -0.9930662512779236, -0.9859552979469299, -0.9948756098747253, -0.45989081263542175, 0.4611586630344391, -0.6368421912193298, -0.5286850929260254, -0.3403923213481903, -0.9535656571388245, -0.7878351807594299, -0.6644272804260254, -0.5239728093147278], [-0.5181387662887573, 0.35840505361557007, 0.18768277764320374, -0.9671700596809387, -0.006428317632526159, 0.25404873490333557, -0.9948498010635376, -0.04621504619717598, 0.30571916699409485, 0.1315249651670456, -0.9999855756759644, -0.9995220303535461, -0.999841570854187, -0.6000000238418579, -8.557776891393587e-05, -0.9562193155288696, -0.5266162157058716, -1.0, -0.9920360445976257, -1.0, -0.9954402446746826, -0.4596981108188629, 0.46654918789863586, -0.6368421912193298, -0.5286850929260254, -0.3403923213481903, -0.9535656571388245, -0.7878351807594299, -0.6644272804260254, -0.5239728093147278], [0.08615194261074066, 0.34721457958221436, 0.09591878205537796, -0.0012232064036652446, 0.9999863505363464, -0.005074948538094759, -0.9889463782310486, 0.22848032414913177, 0.4418601393699646, -0.045534297823905945, -1.0017201900482178, -0.9961201548576355, -1.0001968145370483, -0.6000000238418579, -0.06097793206572533, -0.9131147861480713, -0.5954583883285522, -0.8255659341812134, -0.9932647943496704, -1.0, -0.994118869304657, -0.46041542291641235, 0.4611770808696747, -0.6368421912193298, -0.5286850929260254, -0.3403923213481903, -0.9535656571388245, -0.7878351807594299, -0.6644272804260254, -0.5239728093147278], [0.4456767141819, 0.36242857575416565, -0.38500329852104187, -0.006078872364014387, 0.9999377727508545, -0.009353835135698318, -0.9984260201454163, 0.253980815410614, 0.3687683343887329, -0.6378146409988403, -0.999638557434082, -0.9997164607048035, -1.000139832496643, -0.6000000238418579, 0.12176840752363205, -0.8449238538742065, -0.7921925187110901, -0.8870498538017273, -0.9940284490585327, -0.9909010529518127, -0.9955599308013916, 0.004812734667211771, 0.4611131250858307, -0.6368421912193298, -0.5286850929260254, -0.3403923213481903, -0.9535656571388245, -0.7878351807594299, -0.6644272804260254, -0.5239728093147278], [-0.042398273944854736, 0.3620348274707794, -0.9050981998443604, 0.005832853727042675, 0.9999687671661377, -0.005329140927642584, -0.9988011121749878, 0.13588009774684906, 0.35840266942977905, -0.9382674694061279, -0.9997592568397522, -0.9961557984352112, -0.9977068901062012, -1.0, -0.05978317931294441, -0.9195448756217957, -0.7265358567237854, -0.7803364396095276, -0.9928967952728271, -0.8420534133911133, -0.9941753149032593, -0.22224891185760498, 0.2366078495979309, -0.6368421912193298, -0.5286850929260254, -0.3403923213481903, -0.9535656571388245, -0.7878351807594299, -0.6644272804260254, -0.5239728093147278], [-0.11839807033538818, -0.3264422118663788, 0.36709120869636536, 0.17435327172279358, 0.0005241572507657111, -0.9846830368041992, -0.9964558482170105, -0.537510335445404, -0.3271327316761017, 0.20297105610370636, -0.999755859375, -0.9998912811279297, -1.0001094341278076, -0.6000000238418579, 0.0004557579231914133, -0.9610491991043091, -0.47068047523498535, -0.9444798827171326, -0.993657648563385, -0.9061117172241211, -0.994770348072052, -0.46823328733444214, 0.46225374937057495, -0.6368421912193298, -0.5286850929260254, -0.3403923213481903, -0.9535656571388245, -0.7878351807594299, -0.6644272804260254, -0.5239728093147278], [-0.4962565302848816, -0.333913117647171, 0.18568013608455658, -0.9659676551818848, 0.004932243376970291, 0.2586159408092499, -0.9947050213813782, -0.03220033645629883, -0.2929680049419403, 0.13013368844985962, -0.999886691570282, -0.9995092153549194, -0.9998871088027954, -0.6000000238418579, 0.0018007494509220123, -0.9551655650138855, -0.516312301158905, -0.9366454482078552, -0.9921202063560486, -0.9897176027297974, -0.9954404830932617, -0.45497095584869385, 0.4592100977897644, -0.6368421912193298, -0.5286850929260254, -0.3403923213481903, -0.9535656571388245, -0.7878351807594299, -0.6644272804260254, -0.5239728093147278], [0.10486406087875366, -0.32545697689056396, 0.08768495917320251, -0.0018356840591877699, -0.9998579621315002, 0.016753511503338814, -0.9883463978767395, 0.22232818603515625, -0.43509340286254883, -0.06105655059218407, -1.0023585557937622, -0.9964037537574768, -1.0004878044128418, -0.6000000238418579, 0.06223978102207184, -0.9231270551681519, -0.5254284739494324, -1.0, -0.9927160739898682, -1.0, -0.9942073225975037, -0.46183887124061584, 0.4542638063430786, -0.6368421912193298, -0.5286850929260254, -0.3403923213481903, -0.9535656571388245, -0.7878351807594299, -0.6644272804260254, -0.5239728093147278], [0.4425317645072937, -0.3391912579536438, -0.38877296447753906, -0.008860627189278603, -0.9999606609344482, 0.0004026658716611564, -0.9984838962554932, 0.23680007457733154, -0.3424219787120819, -0.6404389142990112, -0.9996156096458435, -0.9997817277908325, -1.0001739263534546, -0.6000000238418579, -0.12294016033411026, -0.8257266283035278, -0.7886792421340942, -0.8981327414512634, -0.9929482340812683, -1.0, -0.9947905540466309, -0.47004130482673645, -0.0010046284878626466, -0.6368421912193298, -0.5286850929260254, -0.3403923213481903, -0.9535656571388245, -0.7878351807594299, -0.6644272804260254, -0.5239728093147278], [-0.04497364163398743, -0.3378826677799225, -0.9041073322296143, 0.009059577248990536, -0.9999578595161438, -0.00148035679012537, -0.9987927675247192, 0.11924226582050323, -0.3363674283027649, -0.9283484220504761, -0.9994857311248779, -0.9963648915290833, -0.9978829026222229, -1.0, 0.06321171671152115, -0.9192984700202942, -0.7522618174552917, -0.9231826663017273, -0.9927425384521484, -0.9475311040878296, -0.9955196380615234, -0.23149970173835754, 0.2314041554927826, -0.6368421912193298, -0.5286850929260254, -0.3403923213481903, -0.9535656571388245, -0.7878351807594299, -0.6644272804260254, -0.5239728093147278], [0.02305939979851246, 0.7182185053825378, 0.9915146827697754, -0.000504345225635916, 0.9999997615814209, -0.0005215610144659877, -0.9966464638710022, 0.10785824060440063, 0.9415126442909241, 1.0, -0.9998111128807068, -1.0000019073486328, -0.9999330043792725, -0.6000000238418579, 6.697033313685097e-06, -0.9632224440574646, -0.46392208337783813, -0.8280626535415649, -0.9920445680618286, -1.0, -0.9950661659240723, -0.45536673069000244, 0.46082815527915955, -0.6368421912193298, -0.5286850929260254, -0.3403923213481903, -0.9535656571388245, -0.7878351807594299, -0.6644272804260254, -0.5239728093147278], [0.02018618769943714, 0.9579792618751526, 0.9916245341300964, -0.9999633431434631, 0.006491947919130325, 0.005581181030720472, -0.996523380279541, 0.029060067608952522, 0.9774218797683716, 0.8256118893623352, -0.9999602437019348, -1.00009286403656, -0.999840259552002, -0.6000000238418579, -0.005667874589562416, -0.9555463790893555, -0.47672194242477417, -0.8738865256309509, -0.9935070872306824, -0.9989480972290039, -0.995548665523529, -0.4621838927268982, 0.46134427189826965, -0.6368421912193298, -0.5286850929260254, -0.3403923213481903, -0.9535656571388245, -0.7878351807594299, -0.6644272804260254, -0.5239728093147278], [0.021717602387070656, 0.979627788066864, 0.7763671875, -0.003030552761629224, -0.03533336892724037, 0.9993709921836853, -0.9961076974868774, 0.005469573196023703, 0.9173373579978943, 0.643724262714386, -1.000101923942566, -0.9997501969337463, -0.9999953508377075, -0.6000000238418579, -0.0021570317912846804, -0.9593372941017151, -0.4636226296424866, -0.8769777417182922, -0.9939366579055786, -0.896930456161499, -0.9948719143867493, -0.4671791195869446, 0.46712860465049744, 