{"n_joints": 18, "joint_descriptions": [[-0.236294686794281, 0.34529054164886475, 0.37384232878685, 0.17105700075626373, 0.009655514732003212, -0.9852138161659241, -0.9945874214172363, -0.509525716304779, 0.33964064717292786, 0.2252259999513626, -0.9999046325683594, -0.9997977614402771, -0.9998124241828918, -0.6000000238418579, 1.445279394829413e-05, -0.947019100189209, -0.5537676811218262, -0.8447420001029968, -0.9919534921646118, -1.0, -0.9933217763900757, -0.454224169254303, 0.4654330015182495, -0.6280537843704224, -0.4695879817008972, -0.33542439341545105, -0.9369786381721497, -0.7338904738426208, -0.6233794093132019, -0.33987176418304443], [-0.49307623505592346, 0.34847134351730347, 0.1926836222410202, -0.9650560617446899, -0.011943443678319454, 0.2617711126804352, -0.9931976199150085, -0.17040257155895233, 0.29820913076400757, 0.1610596776008606, -0.9998763203620911, -0.999699592590332, -0.999738335609436, -0.6000000238418579, 0.000569652474950999, -0.9521394968032837, -0.4716518521308899, -0.8025375604629517, -0.9946302771568298, -0.5488899946212769, -0.9949484467506409, -0.4611348807811737, 0.46351784467697144, -0.6280537843704224, -0.4695879817008972, -0.33542439341545105, -0.9369786381721497, -0.7338904738426208, -0.6233794093132019, -0.33987176418304443], [-0.08145619183778763, 0.347111314535141, 0.1128702312707901, -0.005398211535066366, 0.9999603033065796, -0.007086486555635929, -0.9849173426628113, 0.07218658924102783, 0.44708895683288574, -0.04403318092226982, -1.0028105974197388, -0.99770587682724, -1.0006182193756104, -0.6000000238418579, -0.06361392140388489, -0.92742919921875, -0.5920488238334656, -1.0, -0.989709198474884, -1.0, -0.994329035282135, -0.46110305190086365, 0.4610377252101898, -0.6280537843704224, -0.4695879817008972, -0.33542439341545105, -0.9369786381721497, -0.7338904738426208, -0.6233794093132019, -0.33987176418304443], [0.35476988554000854, 0.35524290800094604, -0.36219194531440735, -0.0395059660077095, 0.9992169737815857, -0.0021641249768435955, -0.9980334639549255, 0.1505356729030609, 0.3700133264064789, -0.621967077255249, -0.9997324347496033, -0.9995999336242676, -1.00007164478302, -0.6000000238418579, 0.1167348101735115, -0.8065540790557861, -0.7639197111129761, -1.0, -0.9925280809402466, -1.0, -0.9963635802268982, -0.0001691277138888836, 0.4630953073501587, -0.6280537843704224, -0.4695879817008972, -0.33542439341545105, -0.9369786381721497, -0.7338904738426208, -0.6233794093132019, -0.33987176418304443], [-0.13344675302505493, 0.31501343846321106, -0.8962886929512024, -0.0239688940346241, 0.9996681213378906, 0.009439731948077679, -0.998342752456665, 0.02489101141691208, 0.3006833791732788, -0.9200271964073181, -0.9984026551246643, -0.9974095225334167, -0.9965615272521973, -1.0, -0.06506140530109406, -0.9159253239631653, -0.6896603107452393, -0.827119767665863, -0.9949163198471069, -0.9047238826751709, -0.9926499724388123, -0.21738621592521667, 0.23075345158576965, -0.6280537843704224, -0.4695879817008972, -0.33542439341545105, -0.9369786381721497, -0.7338904738426208, -0.6233794093132019, -0.33987176418304443], [-0.23115529119968414, -0.323749303817749, 0.3750333786010742, 0.17568013072013855, -0.0031577805057168007, -0.9844422340393066, -0.9954907298088074, -0.5215340852737427, -0.3004862666130066, 0.2223910540342331, -0.9998226165771484, -0.9998342990875244, -1.0000298023223877, -0.6000000238418579, -0.004103081300854683, -0.966147780418396, -0.4581694006919861, -1.0, -0.9906066060066223, -0.9670945405960083, -0.9926968216896057, -0.4600827693939209, 0.46123573184013367, -0.6280537843704224, -0.4695879817008972, -0.33542439341545105, -0.9369786381721497, -0.7338904738426208, -0.6233794093132019, -0.33987176418304443], [-0.48540353775024414, -0.3504069447517395, 0.20106081664562225, -0.9634996056556702, -0.026583289727568626, 0.2663867473602295, -0.9935966730117798, -0.12882168591022491, -0.2998793125152588, 0.16225570440292358, -0.9997729063034058, -0.9996930956840515, -0.9998883605003357, -0.6000000238418579, -0.0030535217374563217, -0.9525838494300842, -0.3782484233379364, -0.8952151536941528, -0.9928296208381653, -0.9734715819358826, -0.9947764277458191, -0.43764612078666687, 0.46233001351356506, -0.6280537843704224, -0.4695879817008972, -0.33542439341545105, -0.9369786381721497, -0.7338904738426208, -0.6233794093132019, -0.33987176418304443], [-0.0566440112888813, -0.3191942572593689, 0.13995997607707977, -0.0024546682834625244, -0.9999704360961914, 0.007287095300853252, -0.9841959476470947, 0.09347952157258987, -0.40486130118370056, -0.0011946753365918994, -1.0033798217773438, -0.9977954030036926, -1.0007264614105225, -0.6000000238418579, 0.06213129684329033, -0.9116939902305603, -0.5434753894805908, -0.9202472567558289, -0.9892117381095886, -0.6757498979568481, -0.9941644072532654, -0.4698426425457001, 0.46638065576553345, -0.6280537843704224, -0.4695879817008972, -0.33542439341545105, -0.9369786381721497, -0.7338904738426208, -0.6233794093132019, -0.33987176418304443], [0.3778345286846161, -0.30811843276023865, -0.34455156326293945, 0.030860790982842445, -0.9995229244232178, -0.00122859887778759, -0.9981328248977661, 0.1396247297525406, -0.31032219529151917, -0.610846996307373, -0.9997187852859497, -0.9996665716171265, -1.0001178979873657, -0.6000000238418579, -0.12156865000724792, -0.8033491969108582, -0.723757266998291, -0.8300951719284058, -0.994024395942688, -1.0, -0.9946037530899048, -0.4649546444416046, 0.0033589578233659267, -0.6280537843704224, -0.4695879817008972, -0.33542439341545105, -0.9369786381721497, -0.7338904738426208, -0.6233794093132019, -0.33987176418304443], [-0.15633659064769745, -0.31828585267066956, -0.8639221787452698, 0.03074091114103794, -0.9995083808898926, 0.00616095494478941, -0.9982011914253235, -0.04019484296441078, -0.31378620862960815, -0.9031091928482056, -0.9974096417427063, -0.9971452951431274, -0.9962802529335022, -1.0, 0.06010349094867706, -0.9113669991493225, -0.7090057134628296, -1.0, -0.9921222925186157, -0.8987215161323547, -0.9939203858375549, -0.2056902050971985, 0.23156990110874176, -0.6280537843704224, -0.4695879817008972, -0.33542439341545105, -0.9369786381721497, -0.7338904738426208, -0.6233794093132019, -0.33987176418304443], [-0.13024161756038666, 0.6926786303520203, 0.9898512959480286, -0.017598146572709084, 0.9998184442520142, -0.007304660975933075, -0.9950365424156189, -0.08390951156616211, 0.9224127531051636, 0.994476854801178, -0.999863862991333, -1.0000582933425903, -0.9998874664306641, -0.6000000238418579, 0.0004232637002132833, -0.9512558579444885, -0.4384682774543762, -1.0, -0.9938676357269287, -1.0, -0.9937017560005188, -0.45933228731155396, 0.4582414925098419, -0.6280537843704224, -0.4695879817008972, -0.33542439341545105, -0.9369786381721497, -0.7338904738426208, -0.6233794093132019, -0.33987176418304443], [-0.12009234726428986, 0.9198756217956543, 0.9920241832733154, -0.9999930262565613, -0.0007160065579228103, -0.003671091515570879, -0.9953294992446899, -0.1303015649318695, 0.9301723837852478, 0.824632465839386, -0.9998921155929565, -1.0001579523086548, -0.9999001622200012, -0.6000000238418579, -0.007064210716634989, -0.9616483449935913, -0.3108927011489868, -0.7914897203445435, -0.9898141622543335, -1.0, -0.9936643838882446, -0.46785515546798706, 0.46554166078567505, -0.6280537843704224, -0.4695879817008972, -0.33542439341545105, -0.9369786381721497, -0.7338904738426208, -0.6233794093132019, -0.33987176418304443], [-0.11295265704393387, 0.9307013750076294, 0.7984694838523865, 0.0038882081862539053, -0.0566713884472847, 0.9983853101730347, -0.9951106309890747, -0.09196780622005463, 0.8822339773178101, 0.6665620803833008, -1.000171422958374, -0.999835729598999, -0.9999409317970276, -0.6000000238418579, -0.0011792511213570833, -0.9588828086853027, -0.4421411156654358, -1.0, -0.9929591417312622, -1.0, -0.9936649203300476, -0.45744788646698, 0.4653502106666565, -0.6280537843704224, -0.4695879817008972, -0.33542439341545105, 