{"n_joints": 18, "joint_descriptions": [[-0.20066200196743011, 0.31780827045440674, 0.36493200063705444, 0.17379994690418243, -0.0009137188317254186, -0.9847805500030518, -0.9957743883132935, -0.4894435405731201, 0.31386932730674744, 0.211206316947937, -0.9999460577964783, -0.9998578429222107, -0.9998704195022583, -0.6000000238418579, 9.780754044186324e-05, -0.9569259881973267, -0.4533303678035736, -0.9111207723617554, -0.9924726486206055, -1.0, -0.9943813681602478, -0.45876064896583557, 0.4641420543193817, -0.6451156735420227, -0.5026323199272156, -0.34522631764411926, -0.9455183148384094, -0.7574369311332703, -0.6426894068717957, -0.37598180770874023], [-0.4723934829235077, 0.31866544485092163, 0.1878965049982071, -0.9665346741676331, 0.004172889981418848, 0.2565021514892578, -0.9938667416572571, -0.12376341223716736, 0.26897990703582764, 0.15244698524475098, -0.9998995065689087, -0.9997665286064148, -0.9997854828834534, -0.6000000238418579, -0.0005248630186542869, -0.9556589722633362, -0.4611404836177826, -0.8648618459701538, -0.992470920085907, -1.0, -0.9945682287216187, -0.4612548053264618, 0.4610149562358856, -0.6451156735420227, -0.5026323199272156, -0.34522631764411926, -0.9455183148384094, -0.7574369311332703, -0.6426894068717957, -0.37598180770874023], [-0.03479069843888283, 0.31145960092544556, 0.1113477274775505, -0.0002785050601232797, 0.9999959468841553, 0.0028290757909417152, -0.9867038130760193, 0.12533214688301086, 0.4160963296890259, -0.04099327698349953, -1.0023572444915771, -0.9980058670043945, -1.0005580186843872, -0.6000000238418579, -0.062310341745615005, -0.9089328050613403, -0.5670437216758728, -0.8845060467720032, -0.9926366806030273, -1.0, -0.9947091937065125, -0.46304261684417725, 0.4597081243991852, -0.6451156735420227, -0.5026323199272156, -0.34522631764411926, -0.9455183148384094, -0.7574369311332703, -0.6426894068717957, -0.37598180770874023], [0.4228783845901489, 0.31569910049438477, -0.3763694763183594, 0.00012297446664888412, 0.9999987483024597, 0.001575665781274438, -0.9982443451881409, 0.1760358214378357, 0.3169984519481659, -0.6343464851379395, -0.9998251795768738, -0.9996795654296875, -1.0000426769256592, -0.6000000238418579, 0.12320222705602646, -0.8152705430984497, -0.7811834216117859, -0.8995323777198792, -0.9926270842552185, -1.0, -0.9943903088569641, -3.2131631542142713e-06, 0.46130430698394775, -0.6451156735420227, -0.5026323199272156, -0.34522631764411926, -0.9455183148384094, -0.7574369311332703, -0.6426894068717957, -0.37598180770874023], [-0.14827601611614227, 0.3186368942260742, -0.9096935987472534, 0.0013223070418462157, 0.9999780058860779, 0.006494959816336632, -0.9985767006874084, -0.026392145082354546, 0.31696611642837524, -0.9382047057151794, -0.9984553456306458, -0.9981256723403931, -0.9970645308494568, -1.0, -0.06247273460030556, -0.9177382588386536, -0.7290674448013306, -0.9388574957847595, -0.9923882484436035, -0.9544538259506226, -0.9945881366729736, -0.22969551384449005, 0.2306891232728958, -0.6451156735420227, -0.5026323199272156, -0.34522631764411926, -0.9455183148384094, -0.7574369311332703, -0.6426894068717957, -0.37598180770874023], [-0.19793571531772614, -0.340055376291275, 0.36601072549819946, 0.17354144155979156, 0.0008875194471329451, -0.9848261475563049, -0.9957967400550842, -0.48994407057762146, -0.3443567454814911, 0.21134231984615326, -0.9998592138290405, -0.9998594522476196, -1.0000132322311401, -0.6000000238418579, -0.00032911624293774366, -0.9567453861236572, -0.4609539806842804, -0.8735922574996948, -0.9923762083053589, -0.9868302345275879, -0.9945815801620483, -0.4610425531864166, 0.4598241448402405, -0.6451156735420227, -0.5026323199272156, -0.34522631764411926, -0.9455183148384094, -0.7574369311332703, -0.6426894068717957, -0.37598180770874023], [-0.46962815523147583, -0.34304386377334595, 0.18871955573558807, -0.9660506844520569, -0.0022967499680817127, 0.2583425045013428, -0.9938973784446716, -0.11487601697444916, -0.29233118891716003, 0.1521010547876358, -0.9997891783714294, -0.9997621178627014, -0.9998951554298401, -0.6000000238418579, -0.00035854108864441514, -0.9575716853141785, -0.4440702199935913, -0.8918244242668152, -0.9926888346672058, -1.0, -0.9945008158683777, -0.4642142355442047, 0.46124985814094543, -0.6451156735420227, -0.5026323199272156, -0.34522631764411926, -0.9455183148384094, -0.7574369311332703, -0.6426894068717957, -0.37598180770874023], [-0.028776420280337334, -0.3315720558166504, 0.11080995947122574, 0.002332515548914671, -0.9999951124191284, -0.002092453185468912, -0.9865253567695618, 0.13076727092266083, -0.4315122365951538, -0.04042000696063042, -1.0026497840881348, -0.9983729124069214, -1.0005871057510376, -0.6000000238418579, 0.061932653188705444, -0.911525547504425, -0.5487317442893982, -0.8650283813476562, -0.9929205775260925, -1.0, -0.9945619106292725, -0.4639814496040344, 0.4625363349914551, -0.6451156735420227, -0.5026323199272156, -0.34522631764411926, -0.9455183148384094, -0.7574369311332703, -0.6426894068717957, -0.37598180770874023], [0.4337822198867798, -0.3295799791812897, -0.3766292333602905, 0.005744533613324165, -0.9999829530715942, -0.0010190756293013692, -0.9982109069824219, 0.19397705793380737, -0.32879242300987244, -0.6327160000801086, -0.9997804760932922, -0.999708354473114, -1.0000789165496826, -0.6000000238418579, -0.12264883518218994, -0.8193486332893372, -0.7729870080947876, -0.8761429190635681, -0.9926693439483643, -1.0, -0.9945905804634094, -0.4618552029132843, 0.00023672280076425523, -0.6451156735420227, -0.5026323199272156, -0.34522631764411926, -0.9455183148384094, -0.7574369311332703, -0.6426894068717957, -0.37598180770874023], [-0.13469572365283966, -0.33259066939353943, -0.9091273546218872, 0.005339101888239384, -0.9999843239784241, 0.0016743282321840525, -0.998591959476471, -0.014811658300459385, -0.33138033747673035, -0.9375815987586975, -0.9980543851852417, -0.9981210827827454, -0.997319221496582, -1.0, 0.06194048002362251, -0.9149233102798462, -0.7328162789344788, -0.9025090932846069, -0.9924828410148621, -0.9929138422012329, -0.9945983290672302, -0.23371145129203796, 0.23094195127487183, -0.6451156735420227, -0.5026323199272156, -0.34522631764411926, -0.9455183148384094, -0.7574369311332703, -0.6426894068717957, -0.37598180770874023], [-0.09368866682052612, 0.6889490485191345, 0.9978806972503662, 0.0019522880902513862, 0.9999968409538269, 0.0015645102830603719, -0.9959282875061035, -0.0435456819832325, 0.8978175520896912, 0.9981327652931213, -0.9999012351036072, -1.000045657157898, -0.9999091029167175, -0.6000000238418579, 0.00042905754526145756, -0.9558648467063904, -0.45561784505844116, -0.9480696320533752, -0.9926928281784058, -0.9887567758560181, -0.9944433569908142, -0.4591839611530304, 0.46121326088905334, -0.6451156735420227, -0.5026323199272156, -0.34522631764411926, -0.9455183148384094, -0.7574369311332703, -0.6426894068717957, -0.37598180770874023], [-0.09144389629364014, 0.9184283018112183, 1.0, -0.999994158744812, 0.0008643744513392448, 0.003313774475827813, -0.9958935379981995, -0.09565120935440063, 0.9294716119766235, 0.8299899101257324, -0.9999132752418518, -1.0001276731491089, -0.9999285340309143, -0.6000000238418579, -0.007101436611264944, -0.9582740068435669, -0.4600186049938202, -0.920659065246582, -0.9926373362541199, -0.9799855351448059, -0.9945511817932129, -0.46301886439323425, 0.46117186546325684, -0.6451156735420227, -0.5026323199272156, -0.34522631764411926, -0.9455183148384094, -0.7574369311332703, -0.6426894068717957, -0.37598180770874023], [-0.09550550580024719, 0.9366428256034851, 0.785381019115448, 0.005281500052660704, -0.04394499212503433, 0.999019980430603, -0.9953815340995789, -0.09587927907705307, 0.8854113221168518, 0.6523621082305908, -1.0001388788223267, -0.9998701214790344, -0.9999480247497559, -0.6000000238418579, -0.0002484106516931206, -0.9570276141166687, -0.4571484923362732, -0.9233927726745605, -0.9929086565971375, -0.9653000831604004, -0.9945508241653442, 