{"n_joints": 18, "joint_descriptions": [[-0.21981967985630035, 0.31972065567970276, 0.3641417920589447, 0.17539381980895996, -0.0038434823509305716, -0.9844908714294434, -0.9947049021720886, -0.4828529953956604, 0.3227948248386383, 0.21561101078987122, -0.999948263168335, -0.9997671246528625, -0.9998446106910706, -0.6000000238418579, 0.00017318176105618477, -0.9518706202507019, -0.4900723099708557, -0.9277718663215637, -0.991947591304779, -0.9877179861068726, -0.9941092133522034, -0.46255436539649963, 0.45782896876335144, -0.6179696917533875, -0.47787609696388245, -0.2861538529396057, -0.9356681704521179, -0.7340948581695557, -0.6141141057014465, -0.3369118273258209], [-0.4526229202747345, 0.3293098211288452, 0.18804147839546204, -0.9664047956466675, 0.0029332716949284077, 0.25700801610946655, -0.9931436777114868, -0.13147708773612976, 0.2702203691005707, 0.15898451209068298, -0.9998685121536255, -0.9997550845146179, -0.9996844530105591, -0.6000000238418579, -0.00035710667725652456, -0.9561775326728821, -0.4439018666744232, -0.8716063499450684, -0.9932903051376343, -0.692291796207428, -0.9947383403778076, -0.4641489088535309, 0.4685388505458832, -0.6179696917533875, -0.47787609696388245, -0.2861538529396057, -0.9356681704521179, -0.7340948581695557, -0.6141141057014465, -0.3369118273258209], [-0.0603126622736454, 0.3177374303340912, 0.11580683290958405, 0.0108835119754076, 0.999836802482605, 0.014421215280890465, -0.9848045706748962, 0.09064696729183197, 0.4209626317024231, -0.0385335236787796, -1.0034524202346802, -0.9980709552764893, -1.0010626316070557, -0.6000000238418579, -0.0634813904762268, -0.9154564142227173, -0.5446651577949524, -1.0, -0.9909095764160156, -1.0, -0.9937018752098083, -0.45520907640457153, 0.46738865971565247, -0.6179696917533875, -0.47787609696388245, -0.2861538529396057, -0.9356681704521179, -0.7340948581695557, -0.6141141057014465, -0.3369118273258209], [0.3988010585308075, 0.3154739439487457, -0.3621053397655487, 0.02608972229063511, 0.9996594786643982, 0.0005367585690692067, -0.9979165196418762, 0.18827781081199646, 0.33786481618881226, -0.6200178861618042, -0.9998005628585815, -0.9995013475418091, -1.0000195503234863, -0.6000000238418579, 0.11920217424631119, -0.8215327262878418, -0.7514420747756958, -1.0, -0.9920043349266052, -1.0, -0.9954012632369995, -0.0006159595213830471, 0.4605170488357544, -0.6179696917533875, -0.47787609696388245, -0.2861538529396057, -0.9356681704521179, -0.7340948581695557, -0.6141141057014465, -0.3369118273258209], [-0.11706913262605667, 0.3276676535606384, -0.9004580974578857, 0.006944320630282164, 0.999620795249939, 0.02664755843579769, -0.9983736872673035, 0.01680409535765648, 0.3232269585132599, -0.9249550104141235, -0.9981019496917725, -0.9982741475105286, -0.9955567121505737, -1.0, -0.06287986785173416, -0.9068583846092224, -0.7179739475250244, -0.8977723717689514, -0.993608832359314, -1.0, -0.9935091137886047, -0.226671040058136, 0.22991976141929626, -0.6179696917533875, -0.47787609696388245, -0.2861538529396057, -0.9356681704521179, -0.7340948581695557, -0.6141141057014465, -0.3369118273258209], [-0.22864703834056854, -0.34290972352027893, 0.3641471862792969, 0.17234373092651367, -0.0017894606571644545, -0.985035240650177, -0.995049238204956, -0.48771002888679504, -0.3280187249183655, 0.21219520270824432, -0.9998447299003601, -0.9997881650924683, -1.0000027418136597, -0.6000000238418579, -0.0017759790644049644, -0.9604889750480652, -0.42618733644485474, -0.9554969072341919, -0.9917252063751221, -0.9548389911651611, -0.9935532212257385, -0.4592420756816864, 0.46752816438674927, -0.6179696917533875, -0.47787609696388245, -0.2861538529396057, -0.9356681704521179, -0.7340948581695557, -0.6141141057014465, -0.3369118273258209], [-0.4708544611930847, -0.35455554723739624, 0.1864868551492691, -0.9677887558937073, -0.004354627337306738, 0.251725971698761, -0.9931997060775757, -0.1452833116054535, -0.30908098816871643, 0.15015460550785065, -0.9997087121009827, -0.9997683763504028, -0.9998324513435364, -0.6000000238418579, -0.0005969738122075796, -0.9546828269958496, -0.4280005693435669, -0.8656863570213318, -0.9932568073272705, -0.8895019292831421, -0.9943605065345764, -0.44779548048973083, 0.46073049306869507, -0.6179696917533875, -0.47787609696388245, -0.2861538529396057, -0.9356681704521179, -0.7340948581695557, -0.6141141057014465, -0.3369118273258209], [-0.06135191023349762, -0.33789971470832825, 0.12064854055643082, 0.020955124869942665, -0.9997757077217102, 0.003063418436795473, -0.984175980091095, 0.1072758361697197, -0.43691742420196533, -0.026785554364323616, -1.0040282011032104, -0.9984450340270996, -1.001083254814148, -0.6000000238418579, 0.0628456324338913, -0.9142151474952698, -0.5171417593955994, -0.9884884357452393, -0.9903445839881897, -0.8254843950271606, -0.9943705201148987, -0.461259126663208, 0.4691968858242035, -0.6179696917533875, -0.47787609696388245, -0.2861538529396057, -0.9356681704521179, -0.7340948581695557, -0.6141141057014465, -0.3369118273258209], [0.382964551448822, -0.3340413570404053, -0.36565548181533813, 0.004368278663605452, -0.9999620318412781, 0.00754359969869256, -0.9980025887489319, 0.13317745923995972, -0.3371235728263855, -0.6279216408729553, -0.9997523427009583, -0.9995706677436829, -1.000077724456787, -0.6000000238418579, -0.12280740588903427, -0.7922714352607727, -0.7489620447158813, -0.8504949808120728, -0.9928171038627625, -0.9606683850288391, -0.9949874877929688, -0.46924737095832825, 0.007530551869422197, -0.6179696917533875, -0.47787609696388245, -0.2861538529396057, -0.9356681704521179, -0.7340948581695557, -0.6141141057014465, -0.3369118273258209], [-0.1686933934688568, -0.3282296657562256, -0.8986393213272095, -0.010309184901416302, -0.999843955039978, -0.014346844516694546, -0.9982617497444153, -0.047265682369470596, -0.32621660828590393, -0.9319235682487488, -0.9971081614494324, -0.9979877471923828, -0.9956143498420715, -1.0, 0.06050347536802292, -0.912781298160553, -0.6928034424781799, -0.986318826675415, -0.9925476908683777, -0.9472198486328125, -0.9942885637283325, -0.21595053374767303, 0.23341777920722961, -0.6179696917533875, -0.47787609696388245, -0.2861538529396057, -0.9356681704521179, -0.7340948581695557, -0.6141141057014465, -0.3369118273258209], [-0.12272907793521881, 0.688685417175293, 0.9912577867507935, 0.0013705086894333363, 0.9999895691871643, -0.004350297152996063, -0.9952765703201294, -0.07309584319591522, 0.9111396670341492, 0.9944227933883667, -0.9998981952667236, -1.0000637769699097, -0.999862790107727, -0.6000000238418579, 9.78475363808684e-05, -0.9555357098579407, -0.45329344272613525, -0.9476054906845093, -0.992729127407074, -1.0, -0.9935938119888306, -0.4663824439048767, 0.46259838342666626, -0.6179696917533875, -0.47787609696388245, -0.2861538529396057, -0.9356681704521179, -0.7340948581695557, -0.6141141057014465, -0.3369118273258209], [-0.11277388781309128, 0.9162557125091553, 0.9885017275810242, -0.9999967813491821, -0.002290431410074234, 0.0010663662105798721, -0.9953287243843079, -0.1258673220872879, 0.9376738667488098, 0.8139549493789673, -0.9998951554298401, -1.000196099281311, -0.9999353289604187, -0.6000000238418579, -0.008678865619003773, -0.9564274549484253, -0.3728773593902588, -0.8365728855133057, -0.9910695552825928, -1.0, -0.9937708377838135, -0.46903741359710693, 0.461172878742218, -0.6179696917533875, -0.47787609696388245, -0.2861538529396057, -0.9356681704521179, -0.7340948581695557, -0.6141141057014465, -0.3369118273258209], [-0.11088290810585022, 0.9351711869239807, 0.7850011587142944, -0.0013721621362492442, -0.054637327790260315, 0.9985052943229675, -0.9948523044586182, -0.10489136725664139, 0.8778002262115479, 0.6505563855171204, -1.000218152999878, -0.9998710751533508, -0.9999327659606934, -0.6000000238418579, -0.0018760698148980737, -0.9572160840034485, -0.47799214720726013, -0.9374026656150818, -0.9919475317001343, -1.0, -0.9937705993652344, -0.4650707542896271, 0.4578222334384918, 