{"n_joints": 18, "joint_descriptions": [[-0.2016059011220932, 0.31900981068611145, 0.36636263132095337, 0.1742938756942749, -0.002101140795275569, -0.9846914410591125, -0.9961410760879517, -0.4919908344745636, 0.31652817130088806, 0.2108626663684845, -0.9999481439590454, -0.9998729825019836, -0.999886691570282, -0.6000000238418579, 0.00010150857997359708, -0.9603344202041626, -0.4419948160648346, -0.9036112427711487, -0.992794394493103, -0.9846625328063965, -0.9948498606681824, -0.4613261818885803, 0.463269978761673, -0.653233528137207, -0.5116925239562988, -0.34894058108329773, -0.9492393136024475, -0.7631661295890808, -0.6461288332939148, -0.4014964997768402], [-0.48322856426239014, 0.316464364528656, 0.1917114108800888, -0.965950071811676, 0.000676826573908329, 0.25872769951820374, -0.9943146705627441, -0.12593911588191986, 0.2687692940235138, 0.15235823392868042, -0.9999226927757263, -0.9997884035110474, -0.999802827835083, -0.6000000238418579, -0.00038821736234240234, -0.9575608968734741, -0.4774089753627777, -0.8870494365692139, -0.9920969605445862, -1.0, -0.9948461651802063, -0.46172308921813965, 0.4581412971019745, -0.653233528137207, -0.5116925239562988, -0.34894058108329773, -0.9492393136024475, -0.7631661295890808, -0.6461288332939148, -0.4014964997768402], [-0.03840554878115654, 0.30615290999412537, 0.11619487404823303, 0.0033999881707131863, 0.9999833703041077, 0.004657956771552563, -0.987602174282074, 0.12063798308372498, 0.40845248103141785, -0.032348450273275375, -1.0021897554397583, -0.9981175065040588, -1.0005629062652588, -0.6000000238418579, -0.06268176436424255, -0.9060835838317871, -0.5589873790740967, -0.8058204054832458, -0.9933661818504333, -0.9979514479637146, -0.9949573278427124, -0.4649184048175812, 0.45843082666397095, -0.653233528137207, -0.5116925239562988, -0.34894058108329773, -0.9492393136024475, -0.7631661295890808, -0.6461288332939148, -0.4014964997768402], [0.41451936960220337, 0.30709871649742126, -0.3721630275249481, 0.012563670054078102, 0.9999158978462219, 0.003226409200578928, -0.9983437657356262, 0.1733623594045639, 0.30600619316101074, -0.6286904215812683, -0.9998461604118347, -0.9996985793113708, -1.0000391006469727, -0.6000000238418579, 0.12413221597671509, -0.8194025158882141, -0.7822194695472717, -0.8306753635406494, -0.9925853610038757, -0.9809339046478271, -0.9941469430923462, 4.8708909162087366e-05, 0.46173161268234253, -0.653233528137207, -0.5116925239562988, -0.34894058108329773, -0.9492393136024475, -0.7631661295890808, -0.6461288332939148, -0.4014964997768402], [-0.15201586484909058, 0.3219218850135803, -0.9029070138931274, 0.0045800842344760895, 0.9997895956039429, 0.019996143877506256, -0.9986928105354309, -0.03846827521920204, 0.32529911398887634, -0.930988609790802, -0.9987735152244568, -0.998317539691925, -0.997234046459198, -1.0, -0.061451785266399384, -0.9184567928314209, -0.7477839589118958, -0.9187116026878357, -0.9920322895050049, -1.0, -0.9951286911964417, -0.23411887884140015, 0.2309526652097702, -0.653233528137207, -0.5116925239562988, -0.34894058108329773, -0.9492393136024475, -0.7631661295890808, -0.6461288332939148, -0.4014964997768402], [-0.19876007735729218, -0.32632872462272644, 0.3651622235774994, 0.17376549541950226, 6.713395919177856e-07, -0.9847870469093323, -0.9959781169891357, -0.4900304675102234, -0.3339453339576721, 0.20975488424301147, -0.9998695850372314, -0.999869704246521, -1.0000172853469849, -0.6000000238418579, 0.0008131065987981856, -0.9554464221000671, -0.46687430143356323, -0.9085129499435425, -0.9930590391159058, -0.9858101010322571, -0.9951232075691223, -0.4621289372444153, 0.4585047662258148, -0.653233528137207, -0.5116925239562988, -0.34894058108329773, -0.9492393136024475, -0.7631661295890808, -0.6461288332939148, -0.4014964997768402], [-0.4730559289455414, -0.3219972550868988, 0.18798312544822693, -0.9660813212394714, 0.0043077049776911736, 0.2582020163536072, -0.9942045211791992, -0.12197794020175934, -0.2695132791996002, 0.15131497383117676, -0.9998143911361694, -0.9997802972793579, -0.9998934864997864, -0.6000000238418579, 0.0007194762001745403, -0.9583066701889038, -0.48029300570487976, -0.8960240483283997, -0.9924635291099548, -1.0, -0.9947232007980347, -0.4683660566806793, 0.46135058999061584, -0.653233528137207, -0.5116925239562988, -0.34894058108329773, -0.9492393136024475, -0.7631661295890808, -0.6461288332939148, -0.4014964997768402], [-0.031361039727926254, -0.3180798292160034, 0.10654549300670624, 0.002687683794647455, -0.9999948740005493, -0.0017483080737292767, -0.9875756502151489, 0.12311636656522751, -0.4239215552806854, -0.0475790835916996, -1.00239896774292, -0.9984899759292603, -1.0005723237991333, -0.6000000238418579, 0.06210083141922951, -0.9107077717781067, -0.552639365196228, -0.8313445448875427, -0.9935556650161743, -1.0, -0.9946770668029785, -0.4609241485595703, 0.4595485329627991, -0.653233528137207, -0.5116925239562988, -0.34894058108329773, -0.9492393136024475, -0.7631661295890808, -0.6461288332939148, -0.4014964997768402], [0.4258470833301544, -0.32323116064071655, -0.3777088522911072, -0.004612106829881668, -0.9999893307685852, -0.00027647739625535905, -0.9983224868774414, 0.1962720900774002, -0.32245200872421265, -0.6302922368049622, -0.9997951984405518, -0.9997337460517883, -1.0000770092010498, -0.6000000238418579, -0.12300032377243042, -0.8304240703582764, -0.7908283472061157, -0.9010504484176636, -0.9923131465911865, -1.0, -0.9944617748260498, -0.4587118625640869, -0.0029209901113063097, -0.653233528137207, -0.5116925239562988, -0.34894058108329773, -0.9492393136024475, -0.7631661295890808, -0.6461288332939148, -0.4014964997768402], [-0.1366616189479828, -0.3237202763557434, -0.91058748960495, -0.0031730378977954388, -0.9999949336051941, 0.00025612275931052864, -0.9987238645553589, -0.015817975625395775, -0.32450148463249207, -0.9357496500015259, -0.9984035491943359, -0.9983260631561279, -0.9976081252098083, -1.0, 0.06141505017876625, -0.9163856506347656, -0.7467635273933411, -0.8353936076164246, -0.992747962474823, -0.9640662670135498, -0.9947437644004822, -0.23773311078548431, 0.2305111289024353, -0.653233528137207, -0.5116925239562988, -0.34894058108329773, -0.9492393136024475, -0.7631661295890808, -0.6461288332939148, -0.4014964997768402], [-0.09861143678426743, 0.6897347569465637, 0.9981279969215393, 0.004244125913828611, 0.9999902844429016, 0.0011699155438691378, -0.9963181018829346, -0.045665159821510315, 0.8915223479270935, 1.0, -0.9999105334281921, -1.0000357627868652, -0.9999159574508667, -0.6000000238418579, -0.0002259027533000335, -0.9582690000534058, -0.47649455070495605, -0.8874238729476929, -0.9923480749130249, -0.9459176063537598, -0.9946932196617126, -0.4588943421840668, 0.46244534850120544, -0.653233528137207, -0.5116925239562988, -0.34894058108329773, -0.9492393136024475, -0.7631661295890808, -0.6461288332939148, -0.4014964997768402], [-0.09494058787822723, 0.9159794449806213, 0.999908983707428, -0.9999979138374329, -0.0005880033713765442, -0.001954120583832264, -0.9961932301521301, -0.09246857464313507, 0.9273005723953247, 0.8306029438972473, -0.9999294877052307, -1.0001169443130493, -0.9999307990074158, -0.6000000238418579, -0.007125997915863991, -0.9572204947471619, -0.5041465163230896, -0.8892589211463928, -0.9933458566665649, -0.9622328877449036, -0.9945682883262634, -0.4612342119216919, 0.4609158933162689, -0.653233528137207, -0.5116925239562988, -0.34894058108329773, -0.9492393136024475, -0.7631661295890808, -0.6461288332939148, -0.4014964997768402], [-0.09070447832345963, 0.9343644976615906, 0.7828789353370667, -0.002630421658977866, -0.04731776937842369, 0.9988764524459839, -0.9956282377243042, -0.09727487713098526, 0.8816949129104614, 0.6508384943008423, -1.0001296997070312, -0.999879777431488, -0.9999588131904602, -0.6000000238418579, 0.0004192172782495618, -0.9591795206069946, -0.45486417412757874, -0.9542031288146973, -0.9927660226821899, -0.9958007335662842, -0.9945681095123291, 