{"n_joints": 18, "joint_descriptions": [[-0.1765797734260559, 0.3357314169406891, 0.37445446848869324, 0.17898693680763245, -0.0016973988385871053, -0.9838500022888184, -0.9956861138343811, -0.5207417607307434, 0.33658185601234436, 0.2170068919658661, -0.999882161617279, -0.999877393245697, -0.9998242259025574, -0.6000000238418579, 2.9653167075593956e-05, -0.9594095945358276, -0.5237885117530823, -0.8875638246536255, -0.9926480054855347, -1.0, -0.9944254159927368, -0.4603863060474396, 0.455874502658844, -0.6702209115028381, -0.4813685715198517, -0.37131884694099426, -0.9450682997703552, -0.7693690061569214, -0.6592601537704468, -0.41637441515922546], [-0.5132108926773071, 0.32751214504241943, 0.18944495916366577, -0.9674031734466553, -0.0064167119562625885, 0.2531598210334778, -0.9941054582595825, -0.1261001080274582, 0.27106353640556335, 0.14822418987751007, -0.9999408721923828, -0.9996480345726013, -0.999822199344635, -0.6000000238418579, -0.0016816046554595232, -0.9608668684959412, -0.43760570883750916, -0.9436440467834473, -0.991666853427887, -1.0, -0.99451744556427, -0.4530816674232483, 0.45423126220703125, -0.6702209115028381, -0.4813685715198517, -0.37131884694099426, -0.9450682997703552, -0.7693690061569214, -0.6592601537704468, -0.41637441515922546], [-0.009354131296277046, 0.30791381001472473, 0.11025822162628174, 0.0216145571321249, 0.999709963798523, 0.01062041986733675, -0.9866968989372253, 0.14995509386062622, 0.40846139192581177, -0.03964841365814209, -1.0019770860671997, -0.9969998002052307, -1.0004583597183228, -0.6000000238418579, -0.06323470175266266, -0.9196711778640747, -0.6066116094589233, -1.0, -0.9931060075759888, -1.0, -0.9946550130844116, -0.45437151193618774, 0.45455047488212585, -0.6702209115028381, -0.4813685715198517, -0.37131884694099426, -0.9450682997703552, -0.7693690061569214, -0.6592601537704468, -0.41637441515922546], [0.4348077178001404, 0.31140783429145813, -0.36639949679374695, 0.01782126910984516, 0.9998026490211487, -0.00877973809838295, -0.9983313083648682, 0.21351370215415955, 0.3096136748790741, -0.6149064898490906, -0.9997209310531616, -0.9997282028198242, -1.0000853538513184, -0.6000000238418579, 0.12056660652160645, -0.8180721998214722, -0.7895035743713379, -1.0, -0.9927164912223816, -1.0, -0.9944913983345032, 0.005773141514509916, 0.460136353969574, -0.6702209115028381, -0.4813685715198517, -0.37131884694099426, -0.9450682997703552, -0.7693690061569214, -0.6592601537704468, -0.41637441515922546], [-0.07205057889223099, 0.33611586689949036, -0.9007638692855835, 0.029717344790697098, 0.9995418190956116, -0.005742910783737898, -0.9986836910247803, 0.05987558513879776, 0.33725064992904663, -0.9312307238578796, -0.9991000294685364, -0.9972985982894897, -0.9975346922874451, -1.0, -0.06258554011583328, -0.918848991394043, -0.7409648895263672, -1.0, -0.9936380386352539, -1.0, -0.9938327670097351, -0.22690603137016296, 0.23050348460674286, -0.6702209115028381, -0.4813685715198517, -0.37131884694099426, -0.9450682997703552, -0.7693690061569214, -0.6592601537704468, -0.41637441515922546], [-0.15452389419078827, -0.32327520847320557, 0.37372887134552, 0.18832974135875702, 0.004871107637882233, -0.9820937514305115, -0.9957334399223328, -0.5089150071144104, -0.3118095397949219, 0.21321238577365875, -0.9998000860214233, -0.9998793005943298, -1.0000652074813843, -0.6000000238418579, 0.00027559089357964694, -0.9545236229896545, -0.42515450716018677, -1.0, -0.9922516345977783, -0.9659165740013123, -0.9944385290145874, -0.4613313674926758, 0.4582579433917999, -0.6702209115028381, -0.4813685715198517, -0.37131884694099426, -0.9450682997703552, -0.7693690061569214, -0.6592601537704468, -0.41637441515922546], [-0.47656434774398804, -0.3208180367946625, 0.19294953346252441, -0.9653460383415222, 0.015087033621966839, 0.26053673028945923, -0.993968665599823, -0.08632222563028336, -0.2660702168941498, 0.15371458232402802, -0.9998273253440857, -0.9996312856674194, -0.9999080896377563, -0.6000000238418579, 0.0023455785121768713, -0.9584223031997681, -0.5240750312805176, -0.9454634189605713, -0.9935832023620605, -1.0, -0.9944285750389099, -0.46232399344444275, 0.46660110354423523, -0.6702209115028381, -0.4813685715198517, -0.37131884694099426, -0.9450682997703552, -0.7693690061569214, -0.6592601537704468, -0.41637441515922546], [0.016607269644737244, -0.31471168994903564, 0.10378765314817429, 0.006400834769010544, -0.9997884035110474, 0.01954890973865986, -0.9866688847541809, 0.15744756162166595, -0.42239177227020264, -0.05113144963979721, -1.0025124549865723, -0.997291088104248, -1.000444769859314, -0.6000000238418579, 0.060189489275217056, -0.9159197211265564, -0.5353274345397949, -0.8477734327316284, -0.9928121566772461, -1.0, -0.9944480061531067, -0.46328094601631165, 0.45325562357902527, -0.6702209115028381, -0.4813685715198517, -0.37131884694099426, -0.9450682997703552, -0.7693690061569214, -0.6592601537704468, -0.41637441515922546], [0.4323945939540863, -0.32417136430740356, -0.37531647086143494, 0.0013124761171638966, -0.9999107122421265, 0.013297990895807743, -0.9981896877288818, 0.19513891637325287, -0.3214564919471741, -0.6316322088241577, -0.9996814131736755, -0.9997528195381165, -1.0001393556594849, -0.6000000238418579, -0.12458553910255432, -0.802620530128479, -0.7587677836418152, -0.9999520182609558, -0.9922224879264832, -1.0, -0.9947245121002197, -0.468218058347702, 0.005582188256084919, -0.6702209115028381, -0.4813685715198517, -0.37131884694099426, -0.9450682997703552, -0.7693690061569214, -0.6592601537704468, -0.41637441515922546], [-0.16021978855133057, -0.33282336592674255, -0.902858316898346, -0.0005674998974427581, -0.9999150037765503, 0.013026728294789791, -0.9985809326171875, -0.00477137416601181, -0.33634886145591736, -0.936897337436676, -0.9985332489013672, -0.9970053434371948, -0.9978377223014832, -1.0, 0.05984381213784218, -0.9103920459747314, -0.7555915713310242, -0.8629065752029419, -0.9932284951210022, -1.0, -0.994856059551239, -0.23275481164455414, 0.23748372495174408, -0.6702209115028381, -0.4813685715198517, -0.37131884694099426, -0.9450682997703552, -0.7693690061569214, -0.6592601537704468, -0.41637441515922546], [-0.04637791961431503, 0.7069791555404663, 0.9945907592773438, 0.011833138763904572, 0.9999133348464966, 0.005769327282905579, -0.9959105849266052, 0.011825828813016415, 0.9178399443626404, 0.9970743656158447, -0.9998432993888855, -1.0000265836715698, -0.999927818775177, -0.6000000238418579, 0.0026359425392001867, -0.9575874209403992, -0.5164943337440491, -0.7786209583282471, -0.9923038482666016, -1.0, -0.9945021867752075, -0.45320844650268555, 0.46495872735977173, -0.6702209115028381, -0.4813685715198517, -0.37131884694099426, -0.9450682997703552, -0.7693690061569214, -0.6592601537704468, -0.41637441515922546], [-0.035253435373306274, 0.9383975267410278, 1.0, -0.9998729228973389, -0.005909996572881937, 0.014807500876486301, -0.9960048198699951, -0.05082849785685539, 0.9547601938247681, 0.8284010887145996, -0.9999274015426636, -1.0001083612442017, -0.9998822808265686, -0.6000000238418579, -0.0071053397841751575, -0.9602562189102173, -0.48537442088127136, -1.0, -0.9925352334976196, -0.9452146291732788, -0.9948722720146179, -0.46169155836105347, 0.469599187374115, -0.6702209115028381, -0.4813685715198517, -0.37131884694099426, -0.9450682997703552, -0.7693690061569214, -0.6592601537704468, -0.41637441515922546], [-0.04872731864452362, 0.9448018074035645, 0.7902646660804749, 0.015723133459687233, -0.03421827033162117, 0.9992907047271729, -0.9953534007072449, -0.0557001531124115, 0.8886051177978516, 0.6533086895942688, -1.0001156330108643, -0.9997967481613159, -0.9999656677246094, -0.6000000238418579, -0.0002678196469787508, -0.9614726901054382, -0.4166099429130554, -0.7999579906463623, -0.9926589727401733, -1.0, -0.9946722388267517, -0.45298054814338684, 0.4529684782028198, -0.6702209115028381, -0.4813685715198517, -0.37131884694099426, -0.9450682997703552, -0.7693690061569214, 