{"n_joints": 18, "joint_descriptions": [[-0.1846698373556137, 0.3105405569076538, 0.36439570784568787, 0.17274370789527893, 0.0009424115414731205, -0.9849663376808167, -0.9964813590049744, -0.4702066481113434, 0.30922070145606995, 0.20910196006298065, -0.99996417760849, -0.9998826384544373, -0.9999142289161682, -0.6000000238418579, -0.0010580442612990737, -0.9602908492088318, -0.4786294102668762, -0.8929494023323059, -0.9930316209793091, -0.9950245022773743, -0.9950301051139832, -0.4619627892971039, 0.4625321626663208, -0.6616580486297607, -0.5331198573112488, -0.3632199168205261, -0.9555424451828003, -0.7755846977233887, -0.6524487733840942, -0.4296926259994507], [-0.4499986171722412, 0.31296226382255554, 0.18921968340873718, -0.9656528830528259, -0.0063582961447536945, 0.25975772738456726, -0.9949764013290405, -0.09673462808132172, 0.2645185887813568, 0.15153366327285767, -0.9999385476112366, -0.9998449087142944, -0.9998259544372559, -0.6000000238418579, -0.00101500004529953, -0.9590244889259338, -0.4998221695423126, -0.918755054473877, -0.9930746555328369, -1.0, -0.9950578212738037, -0.4643109440803528, 0.4611799120903015, -0.6616580486297607, -0.5331198573112488, -0.3632199168205261, -0.9555424451828003, -0.7755846977233887, -0.6524487733840942, -0.4296926259994507], [-0.007227142807096243, 0.3047935366630554, 0.11520522832870483, -0.003107237396761775, 0.9999669790267944, 0.007508681621402502, -0.9889914989471436, 0.15161283314228058, 0.40880194306373596, -0.03554690629243851, -1.0019736289978027, -0.9986675381660461, -1.000579833984375, -0.6000000238418579, -0.06319300085306168, -0.9129220843315125, -0.5921909809112549, -0.8905977606773376, -0.9933322072029114, -1.0, -0.9949837327003479, -0.46411097049713135, 0.46317628026008606, -0.6616580486297607, -0.5331198573112488, -0.3632199168205261, -0.9555424451828003, -0.7755846977233887, -0.6524487733840942, -0.4296926259994507], [0.463499516248703, 0.31496578454971313, -0.3699082136154175, 0.0003720119711942971, 0.9999933242797852, 0.0036287782713770866, -0.9985588788986206, 0.22878840565681458, 0.3199588358402252, -0.6297817230224609, -0.9998904466629028, -0.9997333288192749, -1.0000247955322266, -0.6000000238418579, 0.12257051467895508, -0.834747850894928, -0.7966926097869873, -0.8821820020675659, -0.9930861592292786, -0.994203507900238, -0.9948813915252686, 0.0007546633714810014, 0.46169140934944153, -0.6616580486297607, -0.5331198573112488, -0.3632199168205261, -0.9555424451828003, -0.7755846977233887, -0.6524487733840942, -0.4296926259994507], [-0.09210723638534546, 0.31784337759017944, -0.9061487913131714, -0.0007431392441503704, 0.9999610185623169, 0.0087964478880167, -0.9988366961479187, 0.031804315745830536, 0.32337790727615356, -0.9331480264663696, -0.9990878105163574, -0.998744547367096, -0.9975795149803162, -1.0, -0.06238378956913948, -0.9210030436515808, -0.7546935081481934, -0.9151339530944824, -0.9927696585655212, -0.9511508345603943, -0.9951598048210144, -0.22859205305576324, 0.23221276700496674, -0.6616580486297607, -0.5331198573112488, -0.3632199168205261, -0.9555424451828003, -0.7755846977233887, -0.6524487733840942, -0.4296926259994507], [-0.1861988753080368, -0.33255836367607117, 0.36219507455825806, 0.1765902191400528, -0.0007170526660047472, -0.9842842221260071, -0.9965218305587769, -0.46755450963974, -0.33557912707328796, 0.20657406747341156, -0.9999074339866638, -0.9998841285705566, -1.0000094175338745, -0.6000000238418579, -0.0007065581157803535, -0.9597210884094238, -0.4965854287147522, -0.8694619536399841, -0.9929811954498291, -0.9740768074989319, -0.9948382377624512, -0.4599404036998749, 0.4609874188899994, -0.6616580486297607, -0.5331198573112488, -0.3632199168205261, -0.9555424451828003, -0.7755846977233887, -0.6524487733840942, -0.4296926259994507], [-0.4579520523548126, -0.33127450942993164, 0.18658855557441711, -0.9661909937858582, -0.004935240373015404, 0.25778016448020935, -0.9950326085090637, -0.1031104102730751, -0.2749631702899933, 0.15025824308395386, -0.9998466968536377, -0.9998447299003601, -0.9999025464057922, -0.6000000238418579, -0.0005626261117868125, -0.9599620699882507, -0.4913947880268097, -0.9574037194252014, -0.9927442669868469, -1.0, -0.9948416948318481, -0.4615526497364044, 0.4627688527107239, -0.6616580486297607, -0.5331198573112488, -0.3632199168205261, -0.9555424451828003, -0.7755846977233887, -0.6524487733840942, -0.4296926259994507], [-0.0188740286976099, -0.3226207196712494, 0.11245425790548325, 0.001695878803730011, -0.9999856352806091, -0.005084823817014694, -0.9891210794448853, 0.14522288739681244, -0.4235442578792572, -0.03905941918492317, -1.0021171569824219, -0.9989720582962036, -1.0005391836166382, -0.6000000238418579, 0.06211879849433899, -0.9159243106842041, -0.6019328832626343, -0.9160330295562744, -0.9931980967521667, -0.9629088044166565, -0.9949228167533875, -0.46510156989097595, 0.46255946159362793, -0.6616580486297607, -0.5331198573112488, -0.3632199168205261, -0.9555424451828003, -0.7755846977233887, -0.6524487733840942, -0.4296926259994507], [0.43921342492103577, -0.32188764214515686, -0.3757035732269287, 0.002429503947496414, -0.9999937415122986, -0.002581661334261298, -0.9985840320587158, 0.19494019448757172, -0.32617223262786865, -0.6325575113296509, -0.9998531341552734, -0.9997656345367432, -1.0000516176223755, -0.6000000238418579, -0.12246961146593094, -0.837674081325531, -0.7905663847923279, -0.8642312288284302, -0.993069589138031, -1.0, -0.9952554702758789, -0.461629718542099, -0.0014810544671490788, -0.6616580486297607, -0.5331198573112488, -0.3632199168205261, -0.9555424451828003, -0.7755846977233887, -0.6524487733840942, -0.4296926259994507], [-0.11821825057268143, -0.31837403774261475, -0.9090426564216614, 0.0014854430919513106, -0.9999970197677612, -0.0019392881076782942, -0.998834490776062, 0.0005997809930704534, -0.31670498847961426, -0.9383917450904846, -0.9987044334411621, -0.9987579584121704, -0.9977737665176392, -1.0, 0.06248034909367561, -0.9207945466041565, -0.7427886724472046, -0.8806006908416748, -0.9932475090026855, -0.9643211364746094, -0.9949151277542114, -0.2314392328262329, 0.22913993895053864, -0.6616580486297607, -0.5331198573112488, -0.3632199168205261, -0.9555424451828003, -0.7755846977233887, -0.6524487733840942, -0.4296926259994507], [-0.0963490679860115, 0.6815487146377563, 0.999294102191925, -3.1922558264341205e-05, 0.9999995231628418, 0.0009665535180829465, -0.9967866539955139, -0.04554827883839607, 0.8902269005775452, 0.9997351765632629, -0.9999365210533142, -1.0000290870666504, -0.9999252557754517, -0.6000000238418579, -0.0005433946498669684, -0.9600047469139099, -0.4925159215927124, -0.9716048836708069, -0.9930421710014343, -0.9644087553024292, -0.9949758648872375, -0.46290096640586853, 0.4643125534057617, -0.6616580486297607, -0.5331198573112488, -0.3632199168205261, -0.9555424451828003, -0.7755846977233887, -0.6524487733840942, -0.4296926259994507], [-0.09800716489553452, 0.9089311361312866, 1.0, -0.999993085861206, -9.99986013994203e-07, -0.0037161612417548895, -0.9967157244682312, -0.10194773972034454, 0.9245177507400513, 0.825989305973053, -0.9999456405639648, -1.0001022815704346, -0.9999530911445618, -0.6000000238418579, -0.007729248143732548, -0.9598450660705566, -0.5134540796279907, -0.8907753229141235, -0.9929829239845276, -0.9657965898513794, -0.9949989318847656, -0.46146631240844727, 0.4598977863788605, -0.6616580486297607, -0.5331198573112488, -0.3632199168205261, -0.9555424451828003, -0.7755846977233887, -0.6524487733840942, -0.4296926259994507], [-0.0954488217830658, 0.9307498335838318, 0.7880463600158691, -0.001532598165795207, -0.05264988914132118, 0.9986118674278259, -0.9963663816452026, -0.09496749937534332, 0.8770370483398438, 0.6552404761314392, -1.0001130104064941, -0.9999182820320129, -0.9999685287475586, -0.6000000238418579, -0.00010987892164848745, -0.9597213864326477, -0.49929001927375793, -0.9886274933815002, -0.9932206869125366, -0.9481137990951538, 