{"n_joints": 18, "joint_descriptions": [[-0.22822488844394684, 0.2637692391872406, 0.3477567434310913, 0.17335279285907745, 0.021317098289728165, -0.9846290349960327, -0.9914851188659668, -0.45978298783302307, 0.275614857673645, 0.20206299424171448, -0.9997576475143433, -0.9990665912628174, -0.9994619488716125, -0.6000000238418579, 0.013746051117777824, -0.9246882796287537, -0.06138044595718384, -0.7659130692481995, -0.9896141290664673, -1.0, -0.9906962513923645, -0.4621601104736328, 0.4862172603607178, -0.39713871479034424, -0.575872540473938, 0.10371147841215134, -0.864159345626831, -0.630976676940918, -0.4658224284648895, -0.11462269723415375], [-0.41299334168434143, 0.30099305510520935, 0.1987471729516983, -0.9681376814842224, 0.11705070734024048, 0.2213786542415619, -0.9848554134368896, -0.07236038148403168, 0.2219129353761673, 0.16188305616378784, -0.9992222189903259, -0.9988914728164673, -0.9984186887741089, -0.6000000238418579, 0.011976026929914951, -0.920306384563446, -0.33495762944221497, -0.10785111039876938, -0.9976361989974976, -0.6113567352294922, -0.9905006885528564, -0.4934792220592499, 0.50639808177948, -0.39713871479034424, -0.575872540473938, 0.10371147841215134, -0.864159345626831, -0.630976676940918, -0.4658224284648895, -0.11462269723415375], [-0.04575426131486893, 0.3004779517650604, 0.09811104089021683, 0.04932679235935211, 0.9986258745193481, -0.01769995130598545, -0.9721318483352661, 0.09341415762901306, 0.3716669976711273, -0.05525096505880356, -1.0128902196884155, -0.9934377670288086, -1.0024704933166504, -0.6000000238418579, -0.05251968652009964, -0.8219213485717773, -0.11612197756767273, -0.5137374401092529, -0.9807553887367249, -1.0, -0.9919180870056152, -0.4902021884918213, 0.48851892352104187, -0.39713871479034424, -0.575872540473938, 0.10371147841215134, -0.864159345626831, -0.630976676940918, -0.4658224284648895, -0.11462269723415375], [0.2157045155763626, 0.19754961133003235, -0.4127388596534729, 0.056845445185899734, 0.9982608556747437, 0.015615174546837807, -0.9945776462554932, -0.09146590530872345, 0.22606827318668365, -0.6720516085624695, -0.999596357345581, -0.9976722002029419, -1.000003695487976, -0.6000000238418579, 0.1300652176141739, -0.7010294795036316, -0.5166552662849426, -0.38964521884918213, -0.9897372722625732, -0.9752015471458435, -0.9928895235061646, -0.047069285064935684, 0.46401798725128174, -0.39713871479034424, -0.575872540473938, 0.10371147841215134, -0.864159345626831, -0.630976676940918, -0.4658224284648895, -0.11462269723415375], [-0.512327253818512, 0.1551734358072281, -0.8948118686676025, -0.05413750559091568, 0.997197687625885, -0.05163222551345825, -0.9949040412902832, -0.3576606214046478, 0.11163564771413803, -0.9194214940071106, -0.9858744740486145, -0.9891372323036194, -0.9809783697128296, -1.0, -0.06324467808008194, -0.8952196836471558, -0.6659623384475708, -0.5317919254302979, -0.9837670922279358, -0.5890970230102539, -0.9964686632156372, -0.2821531891822815, 0.2139870524406433, -0.39713871479034424, -0.575872540473938, 0.10371147841215134, -0.864159345626831, -0.630976676940918, -0.4658224284648895, -0.11462269723415375], [-0.32618799805641174, -0.38701173663139343, 0.35093748569488525, 0.2349819839000702, -0.00894909631460905, -0.9719585180282593, -0.9879105687141418, -0.5313864350318909, -0.4126785099506378, 0.2004043459892273, -0.9993733763694763, -0.9990336894989014, -1.0000609159469604, -0.6000000238418579, 0.002808687975630164, -0.9749448299407959, -0.6032233238220215, -0.42442286014556885, -0.9931003451347351, -0.9024538993835449, -0.9948179721832275, -0.4785138964653015, 0.4824466407299042, -0.39713871479034424, -0.575872540473938, 0.10371147841215134, -0.864159345626831, -0.630976676940918, -0.4658224284648895, -0.11462269723415375], [-0.5335913300514221, -0.42407387495040894, 0.17053242027759552, -0.9823245406150818, -0.0031731489580124617, 0.18715894222259521, -0.9848728179931641, -0.1912505179643631, -0.4189007878303528, 0.13783743977546692, -0.998935341835022, -0.9992654323577881, -0.9992198348045349, -0.6000000238418579, -0.008223171345889568, -0.9431619644165039, -0.01794804446399212, -0.15110263228416443, -0.9844723343849182, -1.0, -0.9948139190673828, -0.4613145589828491, 0.41313600540161133, -0.39713871479034424, -0.575872540473938, 0.10371147841215134, -0.864159345626831, -0.630976676940918, -0.4658224284648895, -0.11462269723415375], [-0.09185433387756348, -0.4105859696865082, 0.10880178958177567, 0.02798456884920597, -0.9958508610725403, -0.08659087866544724, -0.9668710827827454, 0.08367852866649628, -0.49878519773483276, -0.02784128114581108, -1.0148818492889404, -0.9958704710006714, -1.005534052848816, -0.6000000238418579, 0.06799419224262238, -0.8348017930984497, 0.035270579159259796, -0.6581507325172424, -0.9862088561058044, -0.4459848999977112, -0.9927394390106201, -0.40671902894973755, 0.5032335519790649, -0.39713871479034424, -0.575872540473938, 0.10371147841215134, -0.864159345626831, -0.630976676940918, -0.4658224284648895, -0.11462269723415375], [0.40773239731788635, -0.3465227484703064, -0.3737541735172272, -0.07563106715679169, -0.9912559390068054, -0.10812783986330032, -0.9961509704589844, 0.19270716607570648, -0.3173375427722931, -0.6338103413581848, -0.9989945292472839, -0.9984421133995056, -1.0000818967819214, -0.6000000238418579, -0.11668367683887482, -0.8460329174995422, -0.8299036026000977, -0.3710402250289917, -0.9877118468284607, -1.0, -0.9856399297714233, -0.416446328163147, -0.025047477334737778, -0.39713871479034424, -0.575872540473938, 0.10371147841215134, -0.864159345626831, -0.630976676940918, -0.4658224284648895, -0.11462269723415375], [-0.006722239311784506, -0.2742849290370941, -0.9010837078094482, -0.06081164628267288, -0.9930395483970642, -0.10086847841739655, -0.9970168471336365, 0.05944657325744629, -0.28590133786201477, -0.9029164910316467, -0.9905287027359009, -0.9961870312690735, -0.9770875573158264, -1.0, 0.06680833548307419, -0.9138525128364563, -0.535747230052948, -1.0, -0.9810590147972107, -0.41043198108673096, -0.9939125180244446, -0.23769785463809967, 0.20332925021648407, -0.39713871479034424, -0.575872540473938, 0.10371147841215134, -0.864159345626831, -0.630976676940918, -0.4658224284648895, -0.11462269723415375], [-0.1191205233335495, 0.6416345834732056, 0.9673563838005066, 0.008334769867360592, 0.9983981251716614, -0.055961593985557556, -0.9906120300292969, -0.07144152373075485, 0.8366529941558838, 0.9567535519599915, -0.9996840953826904, -1.0002968311309814, -0.9992966055870056, -0.6000000238418579, -0.0003540011530276388, -0.9407047033309937, 0.05464429408311844, -1.0, -0.9905345439910889, -0.5295848250389099, -0.9924940466880798, -0.5015558004379272, 0.4102153778076172, -0.39713871479034424, -0.575872540473938, 0.10371147841215134, -0.864159345626831, -0.630976676940918, -0.4658224284648895, -0.11462269723415375], [-0.13647930324077606, 0.8521884679794312, 0.9470107555389404, -0.9999305605888367, 0.009623948484659195, 0.006803514901548624, -0.9882082939147949, -0.07771676033735275, 0.8668301105499268, 0.8034766316413879, -0.9996359348297119, -1.0008704662322998, -0.9997174739837646, -0.6000000238418579, -0.009901239536702633, -0.9228147864341736, 0.16126859188079834, -0.44434645771980286, -0.9903488755226135, -1.0, -0.9936248660087585, -0.4623488783836365, 0.4213021397590637, -0.39713871479034424, -0.575872540473938, 0.10371147841215134, -0.864159345626831, -0.630976676940918, -0.4658224284648895, -0.11462269723415375], [-0.12510019540786743, 0.8991866707801819, 0.7298979759216309, 0.06068100035190582, -0.0712205022573471, 0.9956130981445312, -0.9867163896560669, -0.13252082467079163, 0.8464331030845642, 0.6186890602111816, -1.001390814781189, -0.9995447993278503, -0.9996126890182495, -0.6000000238418579, -0.0010997417848557234, -0.9095925092697144, -0.6192729473114014, -1.0, -0.986669659614563, -0.6742699146270752, -0.9919502139091492, -0.4952346384525299, 0.49975717067718506, -0.39713871479034424, 