{"n_joints": 18, "joint_descriptions": [[-0.18228690326213837, 0.3167003095149994, 0.3653682470321655, 0.17721863090991974, -0.0028926164377480745, -0.9841672778129578, -0.9966204762458801, -0.46795254945755005, 0.3120066225528717, 0.21128468215465546, -0.9999660849571228, -0.9998968243598938, -0.9999185800552368, -0.6000000238418579, -0.001753693213686347, -0.9592480063438416, -0.5042835474014282, -0.9185457229614258, -0.993157148361206, -0.9782993197441101, -0.9949890375137329, -0.4609808623790741, 0.46449702978134155, -0.6779506802558899, -0.5153130292892456, -0.3749966025352478, -0.9578436613082886, -0.7813332080841064, -0.6613326668739319, -0.4353373944759369], [-0.4642404317855835, 0.31655508279800415, 0.18642733991146088, -0.9645726084709167, -0.018958494067192078, 0.2631354331970215, -0.9952175617218018, -0.11358500272035599, 0.2683848738670349, 0.15048028528690338, -0.9999452233314514, -0.9998531937599182, -0.9998490214347839, -0.6000000238418579, -0.002431826200336218, -0.959690511226654, -0.5143320560455322, -0.9788838624954224, -0.9924290180206299, -0.9558019638061523, -0.9949180483818054, -0.4613364636898041, 0.45499202609062195, -0.6779506802558899, -0.5153130292892456, -0.3749966025352478, -0.9578436613082886, -0.7813332080841064, -0.6613326668739319, -0.4353373944759369], [-0.021723521873354912, 0.3024913966655731, 0.11708292365074158, -0.006188396364450455, 0.9998665452003479, 0.015118979848921299, -0.989313006401062, 0.14743943512439728, 0.40998682379722595, -0.03130895644426346, -1.0017695426940918, -0.998670220375061, -1.0004630088806152, -0.6000000238418579, -0.06383601576089859, -0.9180927872657776, -0.6257140636444092, -0.8962302803993225, -0.9939672946929932, -0.9880253672599792, -0.9949336051940918, -0.4635769724845886, 0.4637138843536377, -0.6779506802558899, -0.5153130292892456, -0.3749966025352478, -0.9578436613082886, -0.7813332080841064, -0.6613326668739319, -0.4353373944759369], [0.4663550555706024, 0.3281669616699219, -0.3659505546092987, -0.00986194983124733, 0.9998605847358704, 0.01347280666232109, -0.9986444711685181, 0.2444285750389099, 0.3267745077610016, -0.622554361820221, -0.9998859763145447, -0.9997719526290894, -1.0000243186950684, -0.6000000238418579, 0.12153160572052002, -0.8338863253593445, -0.8113807439804077, -0.9453774094581604, -0.9929486513137817, -0.9983121752738953, -0.995094895362854, 0.006627946626394987, 0.46103528141975403, -0.6779506802558899, -0.5153130292892456, -0.3749966025352478, -0.9578436613082886, -0.7813332080841064, -0.6613326668739319, -0.4353373944759369], [-0.07404205948114395, 0.33959096670150757, -0.90432208776474, -0.0044829025864601135, 0.9999849200248718, 0.0031779343262314796, -0.9989248514175415, 0.040460385382175446, 0.35124561190605164, -0.9291279911994934, -0.9991869926452637, -0.998807966709137, -0.997847855091095, -1.0, -0.06200634315609932, -0.9202798008918762, -0.7552294731140137, -0.8634271621704102, -0.9932097792625427, -1.0, -0.9949620366096497, -0.2233082503080368, 0.22898456454277039, -0.6779506802558899, -0.5153130292892456, -0.3749966025352478, -0.9578436613082886, -0.7813332080841064, -0.6613326668739319, -0.4353373944759369], [-0.16860929131507874, -0.333201140165329, 0.360392302274704, 0.1710880547761917, 0.0062811230309307575, -0.9852356910705566, -0.9967114329338074, -0.4664843678474426, -0.32846760749816895, 0.20689348876476288, -0.9999111294746399, -0.9998973608016968, -1.0000091791152954, -0.6000000238418579, 7.510356954298913e-05, -0.9575135707855225, -0.47497668862342834, -0.9442108869552612, -0.993507981300354, -1.0, -0.9952363967895508, -0.4634595215320587, 0.46465983986854553, -0.6779506802558899, -0.5153130292892456, -0.3749966025352478, -0.9578436613082886, -0.7813332080841064, -0.6613326668739319, -0.4353373944759369], [-0.44371989369392395, -0.32535555958747864, 0.1826397329568863, -0.962791919708252, 0.0002189068909501657, 0.270243763923645, -0.9953314661979675, -0.08666663616895676, -0.2640684247016907, 0.14483864605426788, -0.999861478805542, -0.9998489022254944, -0.9999173283576965, -0.6000000238418579, 2.10942562262062e-05, -0.9606651663780212, -0.5296034216880798, -0.9968902468681335, -0.9931166172027588, -0.9915695786476135, -0.9952402114868164, -0.4619874656200409, 0.4684465825557709, -0.6779506802558899, -0.5153130292892456, -0.3749966025352478, -0.9578436613082886, -0.7813332080841064, -0.6613326668739319, -0.4353373944759369], [-0.010437792167067528, -0.31506940722465515, 0.10597103089094162, 0.006799944210797548, -0.9999382495880127, 0.008791271597146988, -0.9897670745849609, 0.15032106637954712, -0.41621315479278564, -0.04291171208024025, -1.0018576383590698, -0.9990219473838806, -1.0004808902740479, -0.6000000238418579, 0.061851806938648224, -0.914005696773529, -0.6096941232681274, -0.868852972984314, -0.9928221702575684, -1.0, -0.9950623512268066, -0.46933093667030334, 0.45644643902778625, -0.6779506802558899, -0.5153130292892456, -0.3749966025352478, -0.9578436613082886, -0.7813332080841064, -0.6613326668739319, -0.4353373944759369], [0.4450840353965759, -0.3131307363510132, -0.3809250593185425, 0.003503263695165515, -0.9999638199806213, -0.0077477325685322285, -0.9986708164215088, 0.19721390306949615, -0.314628541469574, -0.6349139213562012, -0.999864399433136, -0.9997944235801697, -1.0000487565994263, -0.6000000238418579, -0.12263840436935425, -0.8330942392349243, -0.7814196348190308, -0.8736462593078613, -0.9932894706726074, -1.0, -0.9956529140472412, -0.4677029252052307, -0.0030627474188804626, -0.6779506802558899, -0.5153130292892456, -0.3749966025352478, -0.9578436613082886, -0.7813332080841064, -0.6613326668739319, -0.4353373944759369], [-0.13167259097099304, -0.30379706621170044, -0.9132502675056458, 0.009801379404962063, -0.999946653842926, -0.003259379416704178, -0.9988638162612915, -0.0021812536288052797, -0.30166590213775635, -0.9470945000648499, -0.9987964630126953, -0.9987965226173401, -0.998090386390686, -1.0, 0.06217724829912186, -0.9246549010276794, -0.7495492696762085, -0.9387322068214417, -0.9939326643943787, -1.0, -0.9949331879615784, -0.2296944409608841, 0.22830401360988617, -0.6779506802558899, -0.5153130292892456, -0.3749966025352478, -0.9578436613082886, -0.7813332080841064, -0.6613326668739319, -0.4353373944759369], [-0.09270921349525452, 0.6768033504486084, 0.9952267408370972, -0.007562416605651379, 0.9999700784683228, -0.0016415119171142578, -0.9968963265419006, -0.04152955487370491, 0.8834998607635498, 0.9928074479103088, -0.9999362230300903, -1.0000261068344116, -0.9999358057975769, -0.6000000238418579, 0.0003256921481806785, -0.9605387449264526, -0.5321133732795715, -0.9114919900894165, -0.9931634068489075, -1.0, -0.9949688911437988, -0.4570220410823822, 0.4691152274608612, -0.6779506802558899, -0.5153130292892456, -0.3749966025352478, -0.9578436613082886, -0.7813332080841064, -0.6613326668739319, -0.4353373944759369], [-0.09503623098134995, 0.9022420048713684, 1.0, -0.9999972581863403, 0.00048088806215673685, 0.0022977942135185003, -0.9968308210372925, -0.11137448251247406, 0.917580246925354, 0.8230476975440979, -0.9999483227729797, -1.0000905990600586, -0.9999563097953796, -0.6000000238418579, -0.008680189028382301, -0.9593414068222046, -0.5429913401603699, -0.8755410313606262, -0.9932618737220764, -0.9812725782394409, -0.9948732852935791, -0.46167927980422974, 0.4657483994960785, -0.6779506802558899, -0.5153130292892456, -0.3749966025352478, -0.9578436613082886, -0.7813332080841064, -0.6613326668739319, -0.4353373944759369], [-0.08897798508405685, 0.9230799674987793, 0.786221981048584, 0.0030587362125515938, -0.06101527437567711, 0.9981321692466736, -0.9965615272521973, -0.09083988517522812, 0.871158242225647, 0.6491796374320984, -1.0000954866409302, -0.9999217391014099, -0.9999688863754272, -0.6000000238418579, 0.00033456491655670106, -0.9632753729820251, -0.47310420870780945, -0.9340159296989441, -0.9929318428039551, -0.9561640620231628, -0.9949299693107605, -0.46081870794296265, 