{"n_joints": 18, "joint_descriptions": [[-0.1804969608783722, 0.3384075462818146, 0.37281718850135803, 0.17358407378196716, -0.0023147338069975376, -0.984816312789917, -0.9958297610282898, -0.5186867713928223, 0.3383852541446686, 0.21641145646572113, -0.9998952150344849, -0.999881386756897, -0.9998411536216736, -0.6000000238418579, -0.0002740657073445618, -0.9593731760978699, -0.5249046087265015, -0.8875777125358582, -0.9927517771720886, -1.0, -0.9944366216659546, -0.4608544409275055, 0.4567481279373169, -0.6732168793678284, -0.48312413692474365, -0.3745602071285248, -0.9469847083091736, -0.7709139585494995, -0.6612948179244995, -0.4201754033565521], [-0.5137390494346619, 0.3293818533420563, 0.18812286853790283, -0.9667078852653503, -0.014055667445063591, 0.25549614429473877, -0.9942852854728699, -0.13290446996688843, 0.2745845913887024, 0.14623361825942993, -0.9999422430992126, -0.9996825456619263, -0.9998295903205872, -0.6000000238418579, -0.001925948541611433, -0.9609675407409668, -0.44431763887405396, -0.9549070000648499, -0.9916796088218689, -1.0, -0.9945126175880432, -0.4534313380718231, 0.4535788297653198, -0.6732168793678284, -0.48312413692474365, -0.3745602071285248, -0.9469847083091736, -0.7709139585494995, -0.6612948179244995, -0.4201754033565521], [-0.019634859636425972, 0.31189998984336853, 0.1093931570649147, -0.0008373426389880478, 0.9999989867210388, -0.0011276880977675319, -0.9870864152908325, 0.13763900101184845, 0.4157682955265045, -0.04021979868412018, -1.0020523071289062, -0.9973512291908264, -1.0003350973129272, -0.6000000238418579, -0.06337852776050568, -0.9203495383262634, -0.6126480102539062, -1.0, -0.9932953715324402, -1.0, -0.9947564005851746, -0.4550234377384186, 0.4553010165691376, -0.6732168793678284, -0.48312413692474365, -0.3745602071285248, -0.9469847083091736, -0.7709139585494995, -0.6612948179244995, -0.4201754033565521], [0.42522597312927246, 0.3284658193588257, -0.3685959577560425, 0.004091281443834305, 0.999979555606842, 0.004914544057101011, -0.9983827471733093, 0.20331953465938568, 0.32748380303382874, -0.6174175143241882, -0.9997588396072388, -0.9997272491455078, -1.000068187713623, -0.6000000238418579, 0.1205638125538826, -0.8186476230621338, -0.793968141078949, -1.0, -0.9928200840950012, -1.0, -0.9945241808891296, 0.006556469015777111, 0.4602262079715729, -0.6732168793678284, -0.48312413692474365, -0.3745602071285248, -0.9469847083091736, -0.7709139585494995, -0.6612948179244995, -0.4201754033565521], [-0.0866587683558464, 0.3559558093547821, -0.9029409289360046, 0.0013618945376947522, 0.9994961619377136, 0.031711094081401825, -0.9987285137176514, 0.041493307799100876, 0.3607195317745209, -0.9330466389656067, -0.9990831613540649, -0.997602641582489, -0.9975851774215698, -1.0, -0.06240473687648773, -0.9196901321411133, -0.7458223104476929, -0.9849827885627747, -0.9936708807945251, -1.0, -0.9939277172088623, -0.2258712202310562, 0.22967009246349335, -0.6732168793678284, -0.48312413692474365, -0.3745602071285248, -0.9469847083091736, -0.7709139585494995, -0.6612948179244995, -0.4201754033565521], [-0.15640908479690552, -0.32035547494888306, 0.37151193618774414, 0.18373103439807892, 0.011773591861128807, -0.9829060435295105, -0.9958721995353699, -0.5059407353401184, -0.30882659554481506, 0.21180175244808197, -0.9998198747634888, -0.9998805522918701, -1.0000545978546143, -0.6000000238418579, 0.00046996594755910337, -0.9546188116073608, -0.4283810257911682, -1.0, -0.9924503564834595, -0.977469801902771, -0.9945847988128662, -0.46220943331718445, 0.45923545956611633, -0.6732168793678284, -0.48312413692474365, -0.3745602071285248, -0.9469847083091736, -0.7709139585494995, -0.6612948179244995, -0.4201754033565521], [-0.4723118245601654, -0.3166501820087433, 0.19050610065460205, -0.9630585312843323, -0.007092221174389124, 0.26919880509376526, -0.9941971302032471, -0.08758409321308136, -0.2596498727798462, 0.15128552913665771, -0.9998469352722168, -0.9996658563613892, -0.9998947978019714, -0.6000000238418579, 0.0022907343227416277, -0.9585971832275391, -0.528558611869812, -0.9566164016723633, -0.9935948252677917, -1.0, -0.9945752620697021, -0.46206778287887573, 0.4674723446369171, -0.6732168793678284, -0.48312413692474365, -0.3745602071285248, -0.9469847083091736, -0.7709139585494995, -0.6612948179244995, -0.4201754033565521], [0.01152240764349699, -0.30812931060791016, 0.10191505402326584, 0.012371891178190708, -0.9997652173042297, 0.017787551507353783, -0.9871503710746765, 0.1529516577720642, -0.41512537002563477, -0.052586160600185394, -1.0023748874664307, -0.9975714683532715, -1.0004431009292603, -0.6000000238418579, 0.06029846891760826, -0.915824830532074, -0.5464186668395996, -0.8376585245132446, -0.9927680492401123, -1.0, -0.9945144057273865, -0.46450263261795044, 0.4528487026691437, -0.6732168793678284, -0.48312413692474365, -0.3745602071285248, -0.9469847083091736, -0.7709139585494995, -0.6612948179244995, -0.4201754033565521], [0.42796826362609863, -0.3162943720817566, -0.3783663213253021, 0.006239097099751234, -0.9999129176139832, 0.011629805900156498, -0.9982622265815735, 0.18743398785591125, -0.3144143521785736, -0.6346539855003357, -0.9997144341468811, -0.999761164188385, -1.000127911567688, -0.6000000238418579, -0.12443556636571884, -0.8054364919662476, -0.7605326175689697, -0.9911783933639526, -0.9922848343849182, -1.0, -0.9948921799659729, -0.46887779235839844, 0.004743254743516445, -0.6732168793678284, -0.48312413692474365, -0.3745602071285248, -0.9469847083091736, -0.7709139585494995, -0.6612948179244995, -0.4201754033565521], [-0.16733142733573914, -0.3246535658836365, -0.9063288569450378, 0.0029902313835918903, -0.9999002814292908, 0.013799767941236496, -0.9986241459846497, -0.013959375210106373, -0.32827672362327576, -0.941063404083252, -0.9985867142677307, -0.9973060488700867, -0.9979168176651001, -1.0, 0.06003979593515396, -0.9123382568359375, -0.7560835480690002, -0.8801015019416809, -0.993403971195221, -1.0, -0.9949352741241455, -0.2321610003709793, 0.23671332001686096, -0.6732168793678284, -0.48312413692474365, -0.3745602071285248, -0.9469847083091736, -0.7709139585494995, -0.6612948179244995, -0.4201754033565521], [-0.05383815988898277, 0.7079200148582458, 0.9941839575767517, 0.011072881519794464, 0.9999085664749146, -0.007763983681797981, -0.9960535168647766, 0.0038230111822485924, 0.9177267551422119, 0.9959730505943298, -0.9998583793640137, -1.0000261068344116, -0.9999300241470337, -0.6000000238418579, 0.002437193877995014, -0.9582975506782532, -0.5228329300880432, -0.7841648459434509, -0.9923895597457886, -1.0, -0.9946079254150391, -0.4528997838497162, 0.46600717306137085, -0.6732168793678284, -0.48312413692474365, -0.3745602071285248, -0.9469847083091736, -0.7709139585494995, -0.6612948179244995, -0.4201754033565521], [-0.04323800653219223, 0.93819260597229, 1.0, -0.9999380111694336, -0.003384295152500272, 0.010607891716063023, -0.9961162805557251, -0.06035258620977402, 0.955440878868103, 0.8273155689239502, -0.9999306201934814, -1.0001052618026733, -0.999895453453064, -0.6000000238418579, -0.0073785241693258286, -0.9602459073066711, -0.4961192309856415, -1.0, -0.9925560355186462, -0.9509930610656738, -0.994911789894104, -0.46187880635261536, 0.46990564465522766, -0.6732168793678284, -0.48312413692474365, -0.3745602071285248, -0.9469847083091736, -0.7709139585494995, -0.6612948179244995, -0.4201754033565521], [-0.0545559860765934, 0.945798933506012, 0.7892735600471497, 0.028270117938518524, -0.042751096189022064, 0.9986857175827026, -0.995539128780365, -0.0624108761548996, 0.8902797102928162, 0.6516581773757935, -1.0001105070114136, -0.9998177289962769, -0.9999657869338989, -0.6000000238418579, -0.00036399730015546083, -0.9621504545211792, -0.4202323853969574, -0.8062264323234558, -0.9926291108131409, -1.0, -0.9947704672813416, -0.4532260000705719, 0.45281344652175903, -0.6732168793678284, -0.48312413692474365, -0.3745602071285248, -0.9469847083091736, -0.7709139585494995, 