{"n_joints": 18, "joint_descriptions": [[-0.14012905955314636, 0.3352155387401581, 0.383138507604599, 0.1813533455133438, 0.006189456209540367, -0.9833984971046448, -0.9958077073097229, -0.4917553663253784, 0.32398948073387146, 0.22927260398864746, -0.9998832941055298, -0.9997116923332214, -0.999859631061554, -0.6000000238418579, -0.0013205205323174596, -0.9561309218406677, -0.44622549414634705, -0.9665980935096741, -0.9933515191078186, -0.936244547367096, -0.9945691227912903, -0.45333951711654663, 0.46285301446914673, -0.6284011006355286, -0.47391724586486816, -0.31145182251930237, -0.9444720149040222, -0.7788456678390503, -0.5887336134910583, -0.5098661780357361], [-0.4819231331348419, 0.3360394239425659, 0.20724470913410187, -0.9633968472480774, -0.004750721622258425, 0.2680372893810272, -0.9936234354972839, -0.05810942500829697, 0.2849139869213104, 0.15747231245040894, -1.0000057220458984, -0.9996619820594788, -0.9995709657669067, -0.6000000238418579, 9.783787390915677e-06, -0.9606266617774963, -0.46712589263916016, -0.935867965221405, -0.9933253526687622, -1.0, -0.9945874810218811, -0.46166151762008667, 0.4615669846534729, -0.6284011006355286, -0.47391724586486816, -0.31145182251930237, -0.9444720149040222, -0.7788456678390503, -0.5887336134910583, -0.5098661780357361], [0.029099950566887856, 0.31982946395874023, 0.10693911463022232, 0.009744827635586262, 0.999928891658783, -0.006877349689602852, -0.9860251545906067, 0.14282409846782684, 0.42490699887275696, -0.03731882572174072, -1.0048989057540894, -0.9971006512641907, -1.0018103122711182, -0.6000000238418579, -0.061155982315540314, -0.9121672511100769, -0.592196524143219, -0.9776865839958191, -0.9926345348358154, -1.0, -0.9948191046714783, -0.46124351024627686, 0.45274853706359863, -0.6284011006355286, -0.47391724586486816, -0.31145182251930237, -0.9444720149040222, -0.7788456678390503, -0.5887336134910583, -0.5098661780357361], [0.3966783285140991, 0.31814080476760864, -0.38120147585868835, -0.006370684131979942, 0.9999435544013977, -0.008503799326717854, -0.9982146620750427, 0.20678342878818512, 0.3162596821784973, -0.6282125115394592, -0.9997774362564087, -0.9993269443511963, -1.0000767707824707, -0.6000000238418579, 0.12142130732536316, -0.8163955807685852, -0.7841023802757263, -0.9157342910766602, -0.9927411079406738, -1.0, -0.9944788217544556, -0.003111531725153327, 0.4628661870956421, -0.6284011006355286, -0.47391724586486816, -0.31145182251930237, -0.9444720149040222, -0.7788456678390503, -0.5887336134910583, -0.5098661780357361], [-0.07632457464933395, 0.30539560317993164, -0.9029258489608765, -0.008251826278865337, 0.9999482035636902, -0.0059617310762405396, -0.9984998106956482, 0.057935819029808044, 0.30653116106987, -0.9346787333488464, -1.0001887083053589, -0.9971776008605957, -0.9938439726829529, -1.0, -0.06218945235013962, -0.9135923385620117, -0.7389482855796814, -0.9438340067863464, -0.9932236671447754, -0.9968907833099365, -0.993823766708374, -0.23246821761131287, 0.22858461737632751, -0.6284011006355286, -0.47391724586486816, -0.31145182251930237, -0.9444720149040222, -0.7788456678390503, -0.5887336134910583, -0.5098661780357361], [-0.1352459043264389, -0.3210306167602539, 0.37359175086021423, 0.1839286983013153, -0.008439823053777218, -0.9829033613204956, -0.9956421256065369, -0.4918754994869232, -0.32042762637138367, 0.21648816764354706, -0.9998214244842529, -0.9997013807296753, -1.0000853538513184, -0.6000000238418579, -0.0016965141985565424, -0.9573484063148499, -0.40951013565063477, -0.9770368337631226, -0.9916495084762573, -0.8540266752243042, -0.9949355721473694, -0.4645254909992218, 0.4621448814868927, -0.6284011006355286, -0.47391724586486816, -0.31145182251930237, -0.9444720149040222, -0.7788456678390503, -0.5887336134910583, -0.5098661780357361], [-0.47457998991012573, -0.3342166244983673, 0.2013523280620575, -0.9656988978385925, -0.010006830096244812, 0.25947147607803345, -0.9937506914138794, -0.060051027685403824, -0.27910301089286804, 0.14295047521591187, -0.9997245669364929, -0.9996584057807922, -0.9996592998504639, -0.6000000238418579, 0.0017782335635274649, -0.957232654094696, -0.5077419877052307, -0.8930156230926514, -0.9923690557479858, -0.868547260761261, -0.9945690035820007, -0.4560454487800598, 0.46995431184768677, -0.6284011006355286, -0.47391724586486816, -0.31145182251930237, -0.9444720149040222, -0.7788456678390503, -0.5887336134910583, -0.5098661780357361], [0.05101962387561798, -0.31551221013069153, 0.10106027871370316, 0.02074979990720749, -0.9995188117027283, 0.02305532991886139, -0.9863289594650269, 0.1740839034318924, -0.412969172000885, -0.04208490997552872, -1.0053740739822388, -0.9977754354476929, -1.0017657279968262, -0.6000000238418579, 0.061416007578372955, -0.8999979496002197, -0.5506483912467957, -0.7760850787162781, -0.9929161667823792, -1.0, -0.9949246048927307, -0.4666750431060791, 0.46899518370628357, -0.6284011006355286, -0.47391724586486816, -0.31145182251930237, -0.9444720149040222, -0.7788456678390503, -0.5887336134910583, -0.5098661780357361], [0.38436049222946167, -0.3135085999965668, -0.3746424913406372, 0.017081497237086296, -0.9996263980865479, 0.021338684484362602, -0.9981305003166199, 0.2045985460281372, -0.32159993052482605, -0.6242231726646423, -0.9996786117553711, -0.9993879199028015, -1.0001516342163086, -0.6000000238418579, -0.12268659472465515, -0.8350914120674133, -0.7925325036048889, -0.9383372068405151, -0.9925040006637573, -1.0, -0.9937806129455566, -0.4623454809188843, 0.00033119579893536866, -0.6284011006355286, -0.47391724586486816, -0.31145182251930237, -0.9444720149040222, -0.7788456678390503, -0.5887336134910583, -0.5098661780357361], [-0.09687618166208267, -0.32465481758117676, -0.895844042301178, 0.011656210757791996, -0.999774158000946, 0.01777060329914093, -0.9984683394432068, 0.053486987948417664, -0.32372722029685974, -0.9307603240013123, -0.9989628195762634, -0.997037410736084, -0.9941067695617676, -1.0, 0.06303169578313828, -0.9144719839096069, -0.7346158027648926, -0.7575479745864868, -0.9924759268760681, -0.9757428169250488, -0.9945392608642578, -0.23757193982601166, 0.2306697517633438, -0.6284011006355286, -0.47391724586486816, -0.31145182251930237, -0.9444720149040222, -0.7788456678390503, -0.5887336134910583, -0.5098661780357361], [-0.017814157530665398, 0.7029443383216858, 0.9973192811012268, 0.005097571760416031, 0.9999723434448242, -0.005419913213700056, -0.9960827827453613, 0.03384587913751602, 0.9162963628768921, 0.9921745657920837, -0.9998605251312256, -1.000005841255188, -0.9998112916946411, -0.6000000238418579, 0.0006176627357490361, -0.9584519863128662, -0.445363312959671, -0.9262648224830627, -0.9917371869087219, -1.0, -0.9937875270843506, -0.46209684014320374, 0.4616019129753113, -0.6284011006355286, -0.47391724586486816, -0.31145182251930237, -0.9444720149040222, -0.7788456678390503, -0.5887336134910583, -0.5098661780357361], [-0.021500807255506516, 0.925714373588562, 0.9994487166404724, -0.9999957084655762, -0.0026663467288017273, -0.0012215214082971215, -0.9956886768341064, -0.028745658695697784, 0.9456074833869934, 0.8379780650138855, -0.9999648332595825, -1.000262975692749, -0.999883770942688, -0.6000000238418579, -0.008598856627941132, -0.9527934193611145, -0.48517489433288574, -0.929470419883728, -0.9916571378707886, -1.0, -0.9945074319839478, -0.46167394518852234, 0.45574331283569336, -0.6284011006355286, -0.47391724586486816, -0.31145182251930237, -0.9444720149040222, -0.7788456678390503, -0.5887336134910583, -0.5098661780357361], [-0.03098454885184765, 0.95009446144104, 0.7933394908905029, -0.004781257826834917, -0.051808010786771774, 0.9986456036567688, -0.9953292608261108, -0.020852986723184586, 0.8852377533912659, 0.6611422896385193, -1.0002944469451904, -0.9998173713684082, -0.999986469745636, -0.6000000238418579, -0.0005828214343637228, -0.957514226436615, -0.4443914592266083, -1.0, -0.9915202260017395, -1.0, -0.9943404793739319, -0.4536803960800171, 