{"n_joints": 18, "joint_descriptions": [[0.034327637404203415, 0.32247355580329895, 0.3789482116699219, 0.16432082653045654, 0.00826720055192709, -0.9863722920417786, -0.9958481192588806, -0.3940029740333557, 0.34447622299194336, 0.20159247517585754, -0.9998542666435242, -0.9993802309036255, -0.9999017119407654, -0.6000000238418579, 0.0026898286305367947, -0.9569994211196899, -0.5139068365097046, -0.8529917001724243, -0.9903500080108643, -1.0, -0.9951930046081543, -0.47112149000167847, 0.462242066860199, -0.642063319683075, -0.52996426820755, -0.3507643938064575, -0.9500225186347961, -0.811729907989502, -0.5448054075241089, -0.6470603942871094], [-0.3779517412185669, 0.32684579491615295, 0.1812073290348053, -0.9668915271759033, 0.009516087360680103, 0.2550102174282074, -0.9949541091918945, 0.011170686222612858, 0.27072811126708984, 0.11963866651058197, -1.0000451803207397, -0.9997544884681702, -0.9991195797920227, -0.6000000238418579, -0.0007680737180635333, -0.9536320567131042, -0.42812907695770264, -0.5512039661407471, -0.9897709488868713, -0.6499601602554321, -0.9942262172698975, -0.45954498648643494, 0.4626431167125702, -0.642063319683075, -0.52996426820755, -0.3507643938064575, -0.9500225186347961, -0.811729907989502, -0.5448054075241089, -0.6470603942871094], [0.22768688201904297, 0.3172481656074524, 0.09230442345142365, 0.0037435228005051613, 0.9997843503952026, 0.020426372066140175, -0.9882290959358215, 0.41222789883613586, 0.42021167278289795, -0.05678718164563179, -1.009820818901062, -0.997208833694458, -1.003772497177124, -0.6000000238418579, -0.061573371291160583, -0.9117042422294617, -0.5248154401779175, -0.8058459162712097, -0.992969810962677, -0.6438924074172974, -0.9941827058792114, -0.46409329771995544, 0.47864440083503723, -0.642063319683075, -0.52996426820755, -0.3507643938064575, -0.9500225186347961, -0.811729907989502, -0.5448054075241089, -0.6470603942871094], [0.4708806276321411, 0.3256874084472656, -0.3614557087421417, 0.02353217825293541, 0.9996496438980103, 0.012115118093788624, -0.9983258247375488, 0.3021093010902405, 0.33797189593315125, -0.6129809617996216, -0.9998657703399658, -0.9986705183982849, -1.0000032186508179, -0.6000000238418579, 0.1256931722164154, -0.8349908590316772, -0.7700178027153015, -0.9717345833778381, -0.9927446842193604, -0.5896545648574829, -0.9948297739028931, 0.005734051112085581, 0.4548712372779846, -0.642063319683075, -0.52996426820755, -0.3507643938064575, -0.9500225186347961, -0.811729907989502, -0.5448054075241089, -0.6470603942871094], [0.04632365331053734, 0.3447926938533783, -0.8730904459953308, 0.030443625524640083, 0.9993677735328674, 0.01836383529007435, -0.9987678527832031, 0.21933883428573608, 0.33989736437797546, -0.8937718272209167, -1.001112937927246, -0.9983093738555908, -0.9892448782920837, -1.0, -0.06255142390727997, -0.9129343032836914, -0.7346968054771423, -1.0, -0.9921862483024597, -0.9533922076225281, -0.996600866317749, -0.23237314820289612, 0.23711304366588593, -0.642063319683075, -0.52996426820755, -0.3507643938064575, -0.9500225186347961, -0.811729907989502, -0.5448054075241089, -0.6470603942871094], [0.05778614431619644, -0.36058810353279114, 0.40917453169822693, 0.13369736075401306, -0.00483936071395874, -0.9910103678703308, -0.9961885809898376, -0.3625868856906891, -0.3620663285255432, 0.2350815236568451, -0.9998842477798462, -0.9993988871574402, -1.0000473260879517, -0.6000000238418579, 0.0018772868206724524, -0.958448588848114, -0.5330633521080017, -0.752261757850647, -0.9951260089874268, -1.0, -0.9944396615028381, -0.45543792843818665, 0.4625367224216461, -0.642063319683075, -0.52996426820755, -0.3507643938064575, -0.9500225186347961, -0.811729907989502, -0.5448054075241089, -0.6470603942871094], [-0.3498113751411438, -0.3406839668750763, 0.1956067979335785, -0.9636387228965759, 0.008506218902766705, 0.26707303524017334, -0.9945290684700012, 0.11061900854110718, -0.28716158866882324, 0.1474587619304657, -0.9994914531707764, -0.9997785687446594, -0.9992750883102417, -0.6000000238418579, -0.0020363531075417995, -0.9610625505447388, -0.6586003303527832, -0.9934417605400085, -0.9926217198371887, -1.0, -0.9945298433303833, -0.48999157547950745, 0.4463596045970917, -0.642063319683075, -0.52996426820755, -0.3507643938064575, -0.9500225186347961, -0.811729907989502, -0.5448054075241089, -0.6470603942871094], [0.18369059264659882, -0.35662931203842163, 0.09961091727018356, 0.0026698396541178226, -0.9979479908943176, -0.06397371739149094, -0.9880678653717041, 0.31348738074302673, -0.470488578081131, -0.07639558613300323, -1.0100562572479248, -0.9985849261283875, -1.0035942792892456, -0.6000000238418579, 0.06047863885760307, -0.9292580485343933, -0.5331558585166931, -1.0, -0.9925650358200073, -0.9328780174255371, -0.9944509267807007, -0.45714181661605835, 0.4514778256416321, -0.642063319683075, -0.52996426820755, -0.3507643938064575, -0.9500225186347961, -0.811729907989502, -0.5448054075241089, -0.6470603942871094], [0.4777858257293701, -0.36900094151496887, -0.39245930314064026, -0.0399179570376873, -0.9987439513206482, -0.030282946303486824, -0.998465359210968, 0.24343810975551605, -0.3592137396335602, -0.6541836857795715, -0.9996536374092102, -0.9986968636512756, -1.0000728368759155, -0.6000000238418579, -0.12487678229808807, -0.8098325729370117, -0.7610260248184204, -0.9138891100883484, -0.9921600818634033, -0.9834381341934204, -0.9958837628364563, -0.45877882838249207, -0.0011254515266045928, -0.642063319683075, -0.52996426820755, -0.3507643938064575, -0.9500225186347961, -0.811729907989502, -0.5448054075241089, -0.6470603942871094], [0.034671247005462646, -0.3540195822715759, -0.8739837408065796, -0.032562874257564545, -0.99869304895401, -0.03939417749643326, -0.9988065958023071, 0.17812417447566986, -0.35801175236701965, -0.8790355324745178, -0.9990231990814209, -0.9989892244338989, -0.9883540868759155, -1.0, 0.05935800075531006, -0.914912223815918, -0.7379657626152039, -1.0, -0.9927518963813782, -0.9807295203208923, -0.9946646094322205, -0.22407197952270508, 0.22874023020267487, -0.642063319683075, -0.52996426820755, -0.3507643938064575, -0.9500225186347961, -0.811729907989502, -0.5448054075241089, -0.6470603942871094], [0.1526833027601242, 0.7376986742019653, 0.9924712777137756, 0.003202988300472498, 0.9998423457145691, -0.01746337115764618, -0.9961656332015991, 0.2218368798494339, 0.9600917100906372, 1.0, -0.9999032616615295, -0.9999940991401672, -0.9996210336685181, -0.6000000238418579, 3.315622961963527e-05, -0.955184817314148, -0.4862596392631531, -0.9974659085273743, -0.9959567785263062, -0.7381299734115601, -0.9958146810531616, -0.4637202024459839, 0.45985767245292664, -0.642063319683075, -0.52996426820755, -0.3507643938064575, -0.9500225186347961, -0.811729907989502, -0.5448054075241089, -0.6470603942871094], [0.14910055696964264, 0.9899230599403381, 0.9935169219970703, -0.9999003410339355, 0.0004160679236520082, 0.014112942852079868, -0.9965358972549438, 0.1506616324186325, 0.9760984182357788, 0.7989047765731812, -0.9999878406524658, -1.0005216598510742, -0.9999228715896606, -0.6000000238418579, -0.006315465085208416, -0.9690104126930237, -0.4630957841873169, -0.4210023880004883, -0.9937219023704529, -1.0, -0.99472576379776, -0.4594191312789917, 0.46720534563064575, -0.642063319683075, -0.52996426820755, -0.3507643938064575, -0.9500225186347961, -0.811729907989502, -0.5448054075241089, -0.6470603942871094], [0.14870014786720276, 0.9735031127929688, 0.7919357419013977, 0.0043767658062279224, -0.05301159992814064, 0.9985843300819397, -0.995699942111969, 0.13408972322940826, 0.9301504492759705, 0.6729987263679504, -1.0006052255630493, -0.9998652935028076, -0.9999961853027344, -0.6000000238418579, 0.0015912335366010666, -0.9594846963882446, -0.5002983212471008, -0.6535176038742065, -0.9941073656082153, -0.8905472159385681, -0.9951133728027344, -0.4831138849258423, 0.4621395170688629, -0.642063319683075, -0.52996426820755, -0.3507643938064575, 