{"n_joints": 18, "joint_descriptions": [[-0.1820918470621109, 0.323090523481369, 0.3720075786113739, 0.17388804256916046, 0.0012220409698784351, -0.9847646951675415, -0.9956032037734985, -0.49714091420173645, 0.31704869866371155, 0.21527723968029022, -0.999910831451416, -0.9998030662536621, -0.999857485294342, -0.6000000238418579, 0.00014504266437143087, -0.9572113156318665, -0.46515944600105286, -0.8762879967689514, -0.993113100528717, -1.0, -0.9944785237312317, -0.4613097310066223, 0.4583909213542938, -0.6543642282485962, -0.5004414319992065, -0.3378978669643402, -0.9427183270454407, -0.7612680196762085, -0.6191999316215515, -0.4197448790073395], [-0.48010796308517456, 0.32103753089904785, 0.1943812519311905, -0.9663943648338318, 0.0024117189459502697, 0.2570527493953705, -0.9934683442115784, -0.09322408586740494, 0.2694793939590454, 0.15324585139751434, -0.9999450445175171, -0.9997017979621887, -0.9997128248214722, -0.6000000238418579, -0.0004899442428722978, -0.9561861157417297, -0.45689156651496887, -0.9656520485877991, -0.9932727813720703, -1.0, -0.9944379925727844, -0.4611315131187439, 0.4583640992641449, -0.6543642282485962, -0.5004414319992065, -0.3378978669643402, -0.9427183270454407, -0.7612680196762085, -0.6191999316215515, -0.4197448790073395], [-0.008776671253144741, 0.3129675090312958, 0.10841573774814606, 0.002106267726048827, 0.999997079372406, 0.001196156139485538, -0.9860691428184509, 0.1291736215353012, 0.41491445899009705, -0.03971341997385025, -1.0032269954681396, -0.9974345564842224, -1.0009942054748535, -0.6000000238418579, -0.0632789358496666, -0.9046117067337036, -0.561357855796814, -0.8938969373703003, -0.9924107193946838, -1.0, -0.9943579435348511, -0.46181192994117737, 0.45764392614364624, -0.6543642282485962, -0.5004414319992065, -0.3378978669643402, -0.9427183270454407, -0.7612680196762085, -0.6191999316215515, -0.4197448790073395], [0.4251982867717743, 0.31609299778938293, -0.377149760723114, 0.0017492166953161359, 0.9999983906745911, 0.0003363366413395852, -0.9981586337089539, 0.20630088448524475, 0.31939390301704407, -0.633836567401886, -0.9997794032096863, -0.9995602369308472, -1.0000635385513306, -0.6000000238418579, 0.12250553071498871, -0.8132796287536621, -0.7680379152297974, -0.9120852947235107, -0.9920667409896851, -1.0, -0.9944563508033752, -0.00011772888683481142, 0.460121214389801, -0.6543642282485962, -0.5004414319992065, -0.3378978669643402, -0.9427183270454407, -0.7612680196762085, -0.6191999316215515, -0.4197448790073395], [-0.09134514629840851, 0.3188989758491516, -0.907633364200592, 0.00504846079275012, 0.9999868273735046, 0.0009523258195258677, -0.9985005259513855, 0.04657275974750519, 0.32163262367248535, -0.9331907033920288, -0.9991463422775269, -0.9975444674491882, -0.9959778189659119, -1.0, -0.0622236430644989, -0.9140893220901489, -0.7396469116210938, -0.9120030999183655, -0.9922202229499817, -0.9703866243362427, -0.993984043598175, -0.2304084450006485, 0.23219281435012817, -0.6543642282485962, -0.5004414319992065, -0.3378978669643402, -0.9427183270454407, -0.7612680196762085, -0.6191999316215515, -0.4197448790073395], [-0.18984754383563995, -0.33097612857818604, 0.36754274368286133, 0.1685229241847992, -0.010464992374181747, -0.9856421947479248, -0.9955464601516724, -0.5018728375434875, -0.33028295636177063, 0.2100607007741928, -0.9998312592506409, -0.9998086094856262, -1.0000451803207397, -0.6000000238418579, 0.0001224572624778375, -0.9569253325462341, -0.4391711950302124, -0.9500758647918701, -0.9918227195739746, -0.9659355282783508, -0.9942464232444763, -0.46116387844085693, 0.46167507767677307, -0.6543642282485962, -0.5004414319992065, -0.3378978669643402, -0.9427183270454407, -0.7612680196762085, -0.6191999316215515, -0.4197448790073395], [-0.49224790930747986, -0.3374935984611511, 0.1926102340221405, -0.9659847021102905, -0.0015912484377622604, 0.2585943341255188, -0.9937309622764587, -0.1211855560541153, -0.2861381471157074, 0.15027554333209991, -0.9997832775115967, -0.999701976776123, -0.999812662601471, -0.6000000238418579, -0.0004978771321475506, -0.9564919471740723, -0.46114054322242737, -0.8827455043792725, -0.9924563765525818, -0.9256223440170288, -0.9947054982185364, -0.4543922543525696, 0.4637075960636139, -0.6543642282485962, -0.5004414319992065, -0.3378978669643402, -0.9427183270454407, -0.7612680196762085, -0.6191999316215515, -0.4197448790073395], [-0.012394350953400135, -0.3198602795600891, 0.10918638855218887, 0.01242080144584179, -0.9999054670333862, -0.005894148256629705, -0.9861941933631897, 0.13378891348838806, -0.4219437837600708, -0.037288375198841095, -1.0035476684570312, -0.9979087710380554, -1.0009478330612183, -0.6000000238418579, 0.061716143041849136, -0.905198335647583, -0.5339266061782837, -0.8985632061958313, -0.9920789003372192, -1.0, -0.9942397475242615, -0.4588903486728668, 0.46133264899253845, -0.6543642282485962, -0.5004414319992065, -0.3378978669643402, -0.9427183270454407, -0.7612680196762085, -0.6191999316215515, -0.4197448790073395], [0.4045676290988922, -0.3090669810771942, -0.37004923820495605, 0.00031230656895786524, -0.9999741315841675, -0.007182009052485228, -0.9981963634490967, 0.19400230050086975, -0.3075620234012604, -0.622113049030304, -0.9997225999832153, -0.9996117949485779, -1.0001068115234375, -0.6000000238418579, -0.12171043455600739, -0.8141975402832031, -0.7694156765937805, -0.829200029373169, -0.9924299716949463, -1.0, -0.9943292737007141, -0.4635987877845764, 0.0001292702800128609, -0.6543642282485962, -0.5004414319992065, -0.3378978669643402, -0.9427183270454407, -0.7612680196762085, -0.6191999316215515, -0.4197448790073395], [-0.12690460681915283, -0.3051762580871582, -0.9038454294204712, 0.0005207659560255706, -0.9999780058860779, -0.006611818913370371, -0.9985202550888062, 0.002915802178904414, -0.3018227815628052, -0.9356203079223633, -0.9985491037368774, -0.9976820349693298, -0.9962334632873535, -1.0, 0.062200628221035004, -0.9160710573196411, -0.7201962471008301, -0.8651841282844543, -0.9924334287643433, -0.9888128042221069, -0.9944766759872437, -0.2291320115327835, 0.23340198397636414, -0.6543642282485962, -0.5004414319992065, -0.3378978669643402, -0.9427183270454407, -0.7612680196762085, -0.6191999316215515, -0.4197448790073395], [-0.06760475039482117, 0.6851722598075867, 0.9943022727966309, -0.00022692870697937906, 0.9999999403953552, 9.63761267485097e-05, -0.9957835078239441, -0.008807480335235596, 0.893854022026062, 0.9945835471153259, -0.9998759627342224, -1.0000290870666504, -0.9998759627342224, -0.6000000238418579, -0.0006359711405821145, -0.9558424949645996, -0.44141945242881775, -0.9127702713012695, -0.9915969371795654, -1.0, -0.99436354637146, -0.4618532061576843, 0.4641226828098297, -0.6543642282485962, -0.5004414319992065, -0.3378978669643402, -0.9427183270454407, -0.7612680196762085, -0.6191999316215515, -0.4197448790073395], [-0.06438087671995163, 0.911572277545929, 0.9927712082862854, -0.9999895095825195, -0.00022632436593994498, -0.0045799207873642445, -0.9956970810890198, -0.05800652876496315, 0.9308440089225769, 0.82795649766922, -0.9999387264251709, -1.0001720190048218, -0.9999029040336609, -0.6000000238418579, -0.007718245964497328, -0.954031229019165, -0.4348485469818115, -1.0, -0.992621123790741, -0.9751675128936768, -0.9944974780082703, -0.46407514810562134, 0.4634447395801544, -0.6543642282485962, -0.5004414319992065, -0.3378978669643402, -0.9427183270454407, -0.7612680196762085, -0.6191999316215515, -0.4197448790073395], [-0.05626584589481354, 0.9362896680831909, 0.7800466418266296, -0.007213302422314882, -0.051589418202638626, 0.9986423254013062, -0.9952307343482971, -0.058950673788785934, 0.8746446967124939, 0.6479575634002686, -1.00019109249115, -0.99983811378479, -0.999968409538269, -0.6000000238418579, 0.0003356422239448875, -0.9563776254653931, -0.44294121861457825, -0.9532788395881653, -0.9923879504203796, -1.0, -0.9943952560424805, -0.45630428194999695, 0.4585668444633484, 