{"n_joints": 18, "joint_descriptions": [[-0.17280732095241547, 0.31080111861228943, 0.3694922626018524, 0.1733943223953247, 0.0007581484969705343, -0.9848521947860718, -0.9961886405944824, -0.4723100960254669, 0.3154798150062561, 0.22059284150600433, -0.9999527335166931, -0.9997889399528503, -0.9999171495437622, -0.6000000238418579, 0.0019012570846825838, -0.9625673890113831, -0.4450578987598419, -0.8772855997085571, -0.9928987622261047, -0.8930038213729858, -0.9947054982185364, -0.46962711215019226, 0.4581994116306305, -0.6285280585289001, -0.4776046872138977, -0.39523717761039734, -0.9512819051742554, -0.7762397527694702, -0.6099205613136292, -0.4483337700366974], [-0.44761398434638977, 0.3090619146823883, 0.18741272389888763, -0.9687662720680237, 0.01707601733505726, 0.2473869025707245, -0.9948055148124695, -0.08235830813646317, 0.25351160764694214, 0.14795240759849548, -0.9999554753303528, -0.9998301267623901, -0.9996930360794067, -0.6000000238418579, 0.0009020667639560997, -0.9572499990463257, -0.5219812393188477, -0.8524163961410522, -0.9938104152679443, -0.869659423828125, -0.9940096139907837, -0.4701908528804779, 0.45263805985450745, -0.6285280585289001, -0.4776046872138977, -0.39523717761039734, -0.9512819051742554, -0.7762397527694702, -0.6099205613136292, -0.4483337700366974], [-0.008343009278178215, 0.2921815514564514, 0.11543302983045578, 0.01131761260330677, 0.9999310374259949, -0.0031288182362914085, -0.988610565662384, 0.1452949196100235, 0.3917255997657776, -0.037047725170850754, -1.0035866498947144, -0.9984768033027649, -1.0013477802276611, -0.6000000238418579, -0.06227793172001839, -0.9035398364067078, -0.5690843462944031, -0.8833862543106079, -0.992141604423523, -0.9349868297576904, -0.9946075677871704, -0.4617917835712433, 0.4571998417377472, -0.6285280585289001, -0.4776046872138977, -0.39523717761039734, -0.9512819051742554, -0.7762397527694702, -0.6099205613136292, -0.4483337700366974], [0.42715638875961304, 0.2948767840862274, -0.3722017705440521, 0.012920786626636982, 0.999914288520813, 0.0021134146954864264, -0.9984530806541443, 0.20068617165088654, 0.2967959940433502, -0.6281304359436035, -0.9998963475227356, -0.9995461106300354, -1.0000214576721191, -0.6000000238418579, 0.12196571379899979, -0.8256872296333313, -0.7912735342979431, -0.9859557747840881, -0.9917770028114319, -1.0, -0.9946433901786804, 0.006924337707459927, 0.4611821472644806, -0.6285280585289001, -0.4776046872138977, -0.39523717761039734, -0.9512819051742554, -0.7762397527694702, -0.6099205613136292, -0.4483337700366974], [-0.10899689793586731, 0.2993353307247162, -0.9049466848373413, 0.013373021967709064, 0.9998071789741516, 0.014380745589733124, -0.9986848831176758, 0.0196837130934, 0.29567864537239075, -0.9355931282043457, -0.9994539022445679, -0.9986851811408997, -0.9953996539115906, -1.0, -0.06227877736091614, -0.9163641333580017, -0.7630954384803772, -0.8920185565948486, -0.9936832785606384, -1.0, -0.9946169853210449, -0.22429056465625763, 0.23904810845851898, -0.6285280585289001, -0.4776046872138977, -0.39523717761039734, -0.9512819051742554, -0.7762397527694702, -0.6099205613136292, -0.4483337700366974], [-0.15954627096652985, -0.3473562002182007, 0.36559879779815674, 0.16848058998584747, -0.004274210426956415, -0.9856957197189331, -0.9961997866630554, -0.45352497696876526, -0.3545110523700714, 0.21766209602355957, -0.9999028444290161, -0.9997862577438354, -1.0000200271606445, -0.6000000238418579, -0.0019025732763111591, -0.9588306546211243, -0.4342207908630371, -0.8375325798988342, -0.9919207096099854, -1.0, -0.9951455593109131, -0.4589751660823822, 0.4588123857975006, -0.6285280585289001, -0.4776046872138977, -0.39523717761039734, -0.9512819051742554, -0.7762397527694702, -0.6099205613136292, -0.4483337700366974], [-0.4527779817581177, -0.3543769419193268, 0.19370637834072113, -0.9662118554115295, -0.005134367384016514, 0.25769805908203125, -0.9942864775657654, -0.11025668680667877, -0.3006676435470581, 0.15651002526283264, -0.999778151512146, -0.999832808971405, -0.9997674226760864, -0.6000000238418579, 0.0005207875510677695, -0.9544646143913269, -0.4374058246612549, -0.8993704915046692, -0.9931591749191284, -0.904036819934845, -0.994028627872467, -0.4533214867115021, 0.4619126319885254, -0.6285280585289001, -0.4776046872138977, -0.39523717761039734, -0.9512819051742554, -0.7762397527694702, -0.6099205613136292, -0.4483337700366974], [0.006807419937103987, -0.3516082167625427, 0.11034390330314636, 0.013150904327630997, -0.9998993277549744, -0.005322560667991638, -0.9876458644866943, 0.14990898966789246, -0.45241987705230713, -0.0487469807267189, -1.0038617849349976, -0.9989838004112244, -1.001347303390503, -0.6000000238418579, 0.06129910424351692, -0.9121137261390686, -0.5807790756225586, -0.7846317887306213, -0.9927059412002563, -1.0, -0.9953903555870056, -0.46980658173561096, 0.4606970250606537, -0.6285280585289001, -0.4776046872138977, -0.39523717761039734, -0.9512819051742554, -0.7762397527694702, -0.6099205613136292, -0.4483337700366974], [0.43132656812667847, -0.3578910529613495, -0.3676426410675049, 0.007662475109100342, -0.9999640583992004, 0.003630136838182807, -0.9983712434768677, 0.19201669096946716, -0.3612697422504425, -0.6176639795303345, -0.9998289942741394, -0.9995233416557312, -1.0000699758529663, -0.6000000238418579, -0.12365835905075073, -0.8340392112731934, -0.7846173644065857, -1.0, -0.9935795664787292, -1.0, -0.9946889877319336, -0.4528304636478424, 0.008427637629210949, -0.6285280585289001, -0.4776046872138977, -0.39523717761039734, -0.9512819051742554, -0.7762397527694702, -0.6099205613136292, -0.4483337700366974], [-0.1371784210205078, -0.35472825169563293, -0.8930243253707886, 0.01105358637869358, -0.9999355673789978, 0.0025775255635380745, -0.9987513422966003, -0.0004151257744524628, -0.3597411811351776, -0.9148702025413513, -0.9987993240356445, -0.9987605810165405, -0.9958966374397278, -1.0, 0.06148302182555199, -0.9183842539787292, -0.7148168683052063, -0.8944820165634155, -0.9929954409599304, -1.0, -0.9947470426559448, -0.23573660850524902, 0.22826752066612244, -0.6285280585289001, -0.4776046872138977, -0.39523717761039734, -0.9512819051742554, -0.7762397527694702, -0.6099205613136292, -0.4483337700366974], [-0.06703757494688034, 0.6778545379638672, 0.9916553497314453, -0.0027857248205691576, 0.9999765157699585, -0.006262710317969322, -0.9965192675590515, 0.0020728299859911203, 0.8923280835151672, 0.9857500195503235, -0.9999323487281799, -1.0000205039978027, -0.9998641610145569, -0.6000000238418579, 0.0009458565036766231, -0.9586694836616516, -0.473360538482666, -0.9358657598495483, -0.992297351360321, -0.9780034422874451, -0.9954338073730469, -0.4546525478363037, 0.4528989791870117, -0.6285280585289001, -0.4776046872138977, -0.39523717761039734, -0.9512819051742554, -0.7762397527694702, -0.6099205613136292, -0.4483337700366974], [-0.06535391509532928, 0.9016206860542297, 0.9987313747406006, -0.9999901652336121, -0.0008133961237035692, 0.0043607428669929504, -0.9962855577468872, -0.06507449597120285, 0.918451726436615, 0.8354322910308838, -0.9999568462371826, -1.0001845359802246, -0.9999492168426514, -0.6000000238418579, -0.007940275594592094, -0.9587568044662476, -0.5100437998771667, -0.9052882790565491, -0.9926908612251282, -1.0, -0.9946776032447815, -0.4670136570930481, 0.4614065885543823, -0.6285280585289001, -0.4776046872138977, -0.39523717761039734, -0.9512819051742554, -0.7762397527694702, -0.6099205613136292, -0.4483337700366974], [-0.08227448165416718, 0.9256543517112732, 0.7851024270057678, -0.008751899003982544, -0.0614522323012352, 0.9980716705322266, -0.9957238435745239, -0.08635666966438293, 0.8778500556945801, 0.6521041989326477, -1.0002152919769287, -0.9999184608459473, -0.9999682307243347, -0.6000000238418579, 0.002070695161819458, -0.9584907293319702, -0.5304079651832581, -1.0, -0.9934099316596985, -1.0, -0.9953465461730957, -0.45507749915122986, 0.46695446968078613, -0.6285280585289001, 