{"n_joints": 18, "joint_descriptions": [[-0.17681512236595154, 0.3144731819629669, 0.36919400095939636, 0.17373837530612946, -0.00020294128626119345, -0.9847918152809143, -0.9961705207824707, -0.46994537115097046, 0.32048213481903076, 0.22029833495616913, -0.9999582171440125, -0.9997777938842773, -0.9999192357063293, -0.6000000238418579, 0.0020439461804926395, -0.9622347950935364, -0.44043585658073425, -0.8675512075424194, -0.9929788112640381, -0.9058488607406616, -0.9946267604827881, -0.46990853548049927, 0.4582694172859192, -0.6287233233451843, -0.4766714572906494, -0.39539819955825806, -0.951056957244873, -0.7749463319778442, -0.6085115075111389, -0.44540175795555115], [-0.4473990797996521, 0.3121299743652344, 0.18750834465026855, -0.9679659008979797, 0.020253296941518784, 0.25026360154151917, -0.9947939515113831, -0.08923687040805817, 0.25643229484558105, 0.14900127053260803, -0.9999591708183289, -0.9998469352722168, -0.9996762275695801, -0.6000000238418579, 0.0010454126168042421, -0.9569410681724548, -0.5194923281669617, -0.8462225198745728, -0.9937998056411743, -0.8733307123184204, -0.9940274953842163, -0.4701109826564789, 0.4529455900192261, -0.6287233233451843, -0.4766714572906494, -0.39539819955825806, -0.951056957244873, -0.7749463319778442, -0.6085115075111389, -0.44540175795555115], [-0.014765343628823757, 0.2938559055328369, 0.11556006968021393, 0.00832927506417036, 0.9999443292617798, -0.006476436275988817, -0.9885742664337158, 0.14038370549678802, 0.39335164427757263, -0.036330025643110275, -1.0037388801574707, -0.9985009431838989, -1.001395344734192, -0.6000000238418579, -0.06255421042442322, -0.9031236171722412, -0.5690253973007202, -0.8801016807556152, -0.9920209646224976, -0.9505779147148132, -0.9945412278175354, -0.4609430432319641, 0.45621833205223083, -0.6287233233451843, -0.4766714572906494, -0.39539819955825806, -0.951056957244873, -0.7749463319778442, -0.6085115075111389, -0.44540175795555115], [0.4244242310523987, 0.29639992117881775, -0.37102049589157104, 0.011388897895812988, 0.9999309182167053, -0.0029112747870385647, -0.9984427094459534, 0.19982650876045227, 0.29807358980178833, -0.626991331577301, -0.9999030232429504, -0.9995275139808655, -1.0000190734863281, -0.6000000238418579, 0.12217408418655396, -0.8247992992401123, -0.7889021635055542, -0.9839616417884827, -0.991817831993103, -1.0, -0.9946894645690918, 0.006239739712327719, 0.4607328474521637, -0.6287233233451843, -0.4766714572906494, -0.39539819955825806, -0.951056957244873, -0.7749463319778442, -0.6085115075111389, -0.44540175795555115], [-0.10703461617231369, 0.3004826605319977, -0.9051139950752258, 0.0005422189715318382, 0.9999549388885498, 0.009476488456130028, -0.9986706376075745, 0.021348344162106514, 0.295825332403183, -0.9347876906394958, -0.9994727373123169, -0.9987589120864868, -0.9951631426811218, -1.0, -0.06247099116444588, -0.9164804816246033, -0.7630494236946106, -0.896993100643158, -0.9936965107917786, -1.0, -0.9946868419647217, -0.22500601410865784, 0.23866353929042816, -0.6287233233451843, -0.4766714572906494, -0.39539819955825806, -0.951056957244873, -0.7749463319778442, -0.6085115075111389, -0.44540175795555115], [-0.16501832008361816, -0.3469845950603485, 0.36586108803749084, 0.16528357565402985, 0.0015243180096149445, -0.9862449169158936, -0.9961956739425659, -0.453614205121994, -0.35581478476524353, 0.21874085068702698, -0.9999074339866638, -0.9997766613960266, -1.0000182390213013, -0.6000000238418579, -0.0016765601467341185, -0.958787739276886, -0.437412828207016, -0.844181478023529, -0.9918616414070129, -1.0, -0.995214581489563, -0.45993977785110474, 0.4584110677242279, -0.6287233233451843, -0.4766714572906494, -0.39539819955825806, -0.951056957244873, -0.7749463319778442, -0.6085115075111389, -0.44540175795555115], [-0.45383092761039734, -0.3549000024795532, 0.19447968900203705, -0.9657120108604431, -0.006873822305351496, 0.2595245838165283, -0.9942405223846436, -0.11899188160896301, -0.30091074109077454, 0.15722379088401794, -0.999762237071991, -0.9998443126678467, -0.9997619390487671, -0.6000000238418579, 0.0003565236402209848, -0.9546395540237427, -0.4377022087574005, -0.9041942954063416, -0.9932565689086914, -0.9174609780311584, -0.9939952492713928, -0.45379719138145447, 0.46151283383369446, -0.6287233233451843, -0.4766714572906494, -0.39539819955825806, -0.951056957244873, -0.7749463319778442, -0.6085115075111389, -0.44540175795555115], [-0.0021332569885998964, -0.3517501950263977, 0.11045188456773758, 0.005795204546302557, -0.9998869895935059, 0.013870466500520706, -0.9875335097312927, 0.1408432424068451, -0.454262912273407, -0.048177435994148254, -1.0041111707687378, -0.9990935325622559, -1.0012363195419312, -0.6000000238418579, 0.06115032359957695, -0.9128810167312622, -0.5760663151741028, -0.7987745404243469, -0.9927099347114563, -1.0, -0.9953324198722839, -0.4700278341770172, 0.46063655614852905, -0.6287233233451843, -0.4766714572906494, -0.39539819955825806, -0.951056957244873, -0.7749463319778442, -0.6085115075111389, -0.44540175795555115], [0.4175482392311096, -0.358952134847641, -0.3689146935939789, 0.016184205189347267, -0.9998269081115723, 0.00917731411755085, -0.9983600378036499, 0.17603929340839386, -0.3653644919395447, -0.6184394955635071, -0.9998355507850647, -0.9994969367980957, -1.0000685453414917, -0.6000000238418579, -0.12380193918943405, -0.8316285014152527, -0.7859219908714294, -1.0, -0.9936174750328064, -1.0, -0.9946714043617249, -0.45295581221580505, 0.0083780437707901, -0.6287233233451843, -0.4766714572906494, -0.39539819955825806, -0.951056957244873, -0.7749463319778442, -0.6085115075111389, -0.44540175795555115], [-0.15486988425254822, -0.36341241002082825, -0.8938721418380737, 0.01697283424437046, -0.9998245239257812, 0.007929438725113869, -0.9987449645996094, -0.021469831466674805, -0.36722829937934875, -0.9160081744194031, -0.9987658262252808, -0.9987729787826538, -0.9957336783409119, -1.0, 0.06123708188533783, -0.9186223149299622, -0.7150857448577881, -0.892235517501831, -0.992875337600708, -1.0, -0.9946983456611633, -0.23483513295650482, 0.22784362733364105, -0.6287233233451843, -0.4766714572906494, -0.39539819955825806, -0.951056957244873, -0.7749463319778442, -0.6085115075111389, -0.44540175795555115], [-0.07077410072088242, 0.6826320886611938, 0.9921844005584717, 0.0011813967721536756, 0.9999476671218872, -0.010164376348257065, -0.9965065717697144, -0.003747450653463602, 0.8972856402397156, 0.9859533905982971, -0.9999352693557739, -1.0000218152999878, -0.9998591542243958, -0.6000000238418579, 0.0011500559048727155, -0.9582940340042114, -0.4702584445476532, -0.9249087572097778, -0.9922914505004883, -0.9673792123794556, -0.9953871965408325, -0.45402905344963074, 0.45316630601882935, -0.6287233233451843, -0.4766714572906494, -0.39539819955825806, -0.951056957244873, -0.7749463319778442, -0.6085115075111389, -0.44540175795555115], [-0.06849559396505356, 0.9075141549110413, 0.9986583590507507, -0.9999812245368958, -0.0012020556023344398, 0.006011822260916233, -0.996263325214386, -0.06882888823747635, 0.924644410610199, 0.8349260687828064, -0.9999598264694214, -1.0001949071884155, -0.9999574422836304, -0.6000000238418579, -0.007715499959886074, -0.9588992595672607, -0.5052484273910522, -0.9115973114967346, -0.992790162563324, -1.0, -0.994673490524292, -0.46782708168029785, 0.46080347895622253, -0.6287233233451843, -0.4766714572906494, -0.39539819955825806, -0.951056957244873, -0.7749463319778442, -0.6085115075111389, -0.44540175795555115], [-0.08502750098705292, 0.9311606884002686, 0.7857437133789062, 0.008506663143634796, -0.06395075470209122, 0.9979168176651001, -0.9957028031349182, -0.08989894390106201, 0.8829939961433411, 0.6523759961128235, -1.0002244710922241, -0.9999241828918457, -0.9999708533287048, -0.6000000238418579, 0.0019609343726187944, -0.9586690664291382, -0.529891312122345, -1.0, -0.9932946562767029, -1.0, -0.9952806830406189, -0.45441165566444397, 0.4660852551460266, 