{"n_joints": 18, "joint_descriptions": [[-0.25608372688293457, 0.2964302897453308, 0.3697674572467804, 0.1526118367910385, -0.014008158817887306, -0.9881868958473206, -0.9924637675285339, -0.5967665910720825, 0.1327315717935562, 0.19570909440517426, -0.9988712668418884, -0.9998100399971008, -0.998695969581604, -0.6000000238418579, -0.01229177787899971, -0.9337992072105408, -0.7331258654594421, -1.0, -0.9945372343063354, -1.0, -0.9920621514320374, -0.4163520932197571, 0.447683185338974, -0.7321086525917053, -0.6475338935852051, 0.005716133397072554, -0.9165489673614502, -0.6716801524162292, -0.7815818786621094, -0.23932194709777832], [-0.6312135457992554, 0.344858855009079, 0.215000718832016, -0.9768630266189575, -0.06668093800544739, 0.20320488512516022, -0.9887881875038147, -0.2580599784851074, 0.35567909479141235, 0.17428109049797058, -1.0001262426376343, -0.9976208806037903, -0.9998102784156799, -0.6000000238418579, -0.011901873163878918, -0.9436679482460022, -0.21060141921043396, -0.8347869515419006, -0.986347496509552, -1.0, -0.997651219367981, -0.42155933380126953, 0.4985538125038147, -0.7321086525917053, -0.6475338935852051, 0.005716133397072554, -0.9165489673614502, -0.6716801524162292, -0.7815818786621094, -0.23932194709777832], [-0.12428455799818039, 0.5190874934196472, 0.1113734319806099, 0.025576233863830566, 0.9934985637664795, 0.11093451082706451, -0.9756359457969666, -0.022162679582834244, 0.616010308265686, -0.04243749380111694, -1.001320481300354, -0.9812648296356201, -0.9962549209594727, -0.6000000238418579, -0.048311877995729446, -0.9553021788597107, -0.5044854879379272, -0.5616496801376343, -0.998665452003479, -1.0, -0.9922134280204773, -0.4407840967178345, 0.5173911452293396, -0.7321086525917053, -0.6475338935852051, 0.005716133397072554, -0.9165489673614502, -0.6716801524162292, -0.7815818786621094, -0.23932194709777832], [0.10899637639522552, 0.6180676817893982, -0.3531199097633362, -0.05952095985412598, 0.997663676738739, 0.03353358060121536, -0.9969996809959412, -0.1567869335412979, 0.6363640427589417, -0.5832529664039612, -0.9977107644081116, -0.999548614025116, -1.0012210607528687, -0.6000000238418579, 0.12627311050891876, -0.8076245784759521, -0.8965758681297302, -0.9836031198501587, -0.9965209364891052, -0.6675239205360413, -0.9931493997573853, -0.03241068124771118, 0.45985907316207886, -0.7321086525917053, -0.6475338935852051, 0.005716133397072554, -0.9165489673614502, -0.6716801524162292, -0.7815818786621094, -0.23932194709777832], [-0.4686536192893982, 0.6129618883132935, -0.8098887205123901, -0.0278036966919899, 0.9945690035820007, 0.1002969816327095, -0.9985401034355164, -0.2996952533721924, 0.7311540842056274, -0.8296447396278381, -0.9977413415908813, -0.984070897102356, -1.0004234313964844, -1.0, -0.06210486218333244, -0.9072091579437256, -0.6036587357521057, -0.4794556796550751, -0.986511766910553, -1.0, -0.9962564706802368, -0.26205724477767944, 0.19426852464675903, -0.7321086525917053, -0.6475338935852051, 0.005716133397072554, -0.9165489673614502, -0.6716801524162292, -0.7815818786621094, -0.23932194709777832], [-0.2448732554912567, -0.20403526723384857, 0.36933597922325134, 0.20847268402576447, -0.045138608664274216, -0.9769859910011292, -0.993423581123352, -0.5879397988319397, -0.05826779082417488, 0.18899112939834595, -0.9989699125289917, -1.0000619888305664, -1.0003913640975952, -0.6000000238418579, 0.008472652174532413, -0.9529983401298523, -0.6083592772483826, -0.674368143081665, -0.9974964261054993, -0.38656991720199585, -0.9888019561767578, -0.48592448234558105, 0.44484972953796387, -0.7321086525917053, -0.6475338935852051, 0.005716133397072554, -0.9165489673614502, -0.6716801524162292, -0.7815818786621094, -0.23932194709777832], [-0.5283142328262329, -0.22575147449970245, 0.17530478537082672, -0.9545551538467407, 0.0931713804602623, 0.2830963432788849, -0.993543803691864, -0.046767592430114746, -0.22158007323741913, 0.12241335958242416, -0.999899685382843, -0.9975675940513611, -1.0002409219741821, -0.6000000238418579, -6.909078365424648e-05, -0.9729310274124146, -0.4331970810890198, -0.8880958557128906, -0.9850260615348816, -1.0, -0.9983960390090942, -0.49710381031036377, 0.46247854828834534, -0.7321086525917053, -0.6475338935852051, 0.005716133397072554, -0.9165489673614502, -0.6716801524162292, -0.7815818786621094, -0.23932194709777832], [-0.04683791846036911, -0.1988011747598648, 0.1261267215013504, 0.0085779819637537, -0.9996388554573059, -0.02546762488782406, -0.9868335723876953, 0.13309571146965027, -0.28358742594718933, 0.014752889052033424, -1.0009602308273315, -0.986995279788971, -0.9967476725578308, -0.6000000238418579, 0.07230228930711746, -0.9265774488449097, -0.3741554617881775, -1.0, -0.9918842911720276, -1.0, -0.9908038377761841, -0.4170108735561371, 0.4654962420463562, -0.7321086525917053, -0.6475338935852051, 0.005716133397072554, -0.9165489673614502, -0.6716801524162292, -0.7815818786621094, -0.23932194709777832], [0.3965364098548889, -0.14211489260196686, -0.34484896063804626, -0.08356757462024689, -0.9958406090736389, -0.03630344942212105, -0.9981709718704224, 0.27199065685272217, -0.08625166118144989, -0.5893877148628235, -0.9985563158988953, -1.000177264213562, -1.0003314018249512, -0.6000000238418579, -0.11191403120756149, -0.7359954714775085, -0.7902107238769531, -0.3282705843448639, -0.9861350655555725, -0.4649582505226135, -0.9943769574165344, -0.5009188652038574, -0.04095175117254257, -0.7321086525917053, -0.6475338935852051, 0.005716133397072554, -0.9165489673614502, -0.6716801524162292, -0.7815818786621094, -0.23932194709777832], [0.12614692747592926, -0.10721150785684586, -0.8790377974510193, -0.07514184713363647, -0.9965401291847229, -0.03551687300205231, -0.9978592395782471, 0.2590336203575134, -0.057614270597696304, -0.9149758815765381, -0.9930075407028198, -0.9750134944915771, -0.997158944606781, -1.0, 0.07559553533792496, -0.8980109095573425, -0.8257983922958374, -1.0, -0.9887616634368896, -1.0, -0.9937381744384766, -0.20225107669830322, 0.21301373839378357, -0.7321086525917053, -0.6475338935852051, 0.005716133397072554, -0.9165489673614502, -0.6716801524162292, -0.7815818786621094, -0.23932194709777832], [-0.15530133247375488, 0.799950122833252, 0.9805276989936829, 0.07081472128629684, 0.996768057346344, -0.03793114423751831, -0.9927104711532593, -0.15521803498268127, 0.9512729644775391, 1.0, -0.9987947344779968, -1.0001091957092285, -0.9998579025268555, -0.6000000238418579, -0.012777862139046192, -0.9579082727432251, -0.38223904371261597, -0.9269782304763794, -0.9904808402061462, -0.7154097557067871, -0.9906377792358398, -0.5112648606300354, 0.4999768137931824, -0.7321086525917053, -0.6475338935852051, 0.005716133397072554, -0.9165489673614502, -0.6716801524162292, -0.7815818786621094, -0.23932194709777832], [-0.1266041100025177, 1.0, 0.95907062292099, -0.9965443015098572, -0.005596420727670193, -0.08287404477596283, -0.9948359131813049, -0.10016436874866486, 0.9176445007324219, 0.7757131457328796, -0.9996864199638367, -1.0000662803649902, -0.9990127682685852, -0.6000000238418579, -0.010373802855610847, -0.9547520875930786, -0.227873295545578, -1.0, -0.9944471716880798, -0.6623796820640564, -0.9940860867500305, -0.4085642695426941, 0.47003814578056335, -0.7321086525917053, -0.6475338935852051, 0.005716133397072554, -0.9165489673614502, -0.6716801524162292, -0.7815818786621094, -0.23932194709777832], [-0.046662408858537674, 0.9288024306297302, 0.7738103866577148, -0.10872644931077957, 0.025549547746777534, 0.9937433004379272, -0.9956128597259521, -0.01948956586420536, 0.7769390940666199, 0.6374049186706543, -1.0000989437103271, -0.9988284707069397, -0.9998592138290405, -0.6000000238418579, -0.008552511222660542, -0.9548491835594177, -0.11655205488204956, -0.2820185124874115, -0.9876862168312073, -0.4880141019821167, -0.9909406900405884, -0.5122750997543335, 0.43247082829475403, -0.7321086525917053, -0.6475338935852051, 0.005716133397072554, -0.9165489673614502, 