{"n_joints": 18, "joint_descriptions": [[-0.18669381737709045, 0.31785809993743896, 0.36595839262008667, 0.17313356697559357, -0.0012646075338125229, -0.9848975539207458, -0.9960604310035706, -0.46669280529022217, 0.3225296139717102, 0.20909720659255981, -0.9999613761901855, -0.9998305439949036, -0.999901533126831, -0.6000000238418579, 0.00026249565416947007, -0.9567568898200989, -0.45858249068260193, -0.9027706980705261, -0.9925402998924255, -1.0, -0.9948004484176636, -0.4608832597732544, 0.46172019839286804, -0.6596178412437439, -0.5190393924713135, -0.3376929461956024, -0.948807418346405, -0.7652878165245056, -0.6292755007743835, -0.40667009353637695], [-0.44972550868988037, 0.31551268696784973, 0.19165131449699402, -0.9653565287590027, 0.005760823842138052, 0.2608708441257477, -0.994283139705658, -0.11100700497627258, 0.26368939876556396, 0.15612420439720154, -0.9999282956123352, -0.9998252391815186, -0.9997518658638, -0.6000000238418579, 0.00033241481287404895, -0.9587427973747253, -0.4651046693325043, -0.8723416924476624, -0.9925114512443542, -1.0, -0.994921088218689, -0.45949000120162964, 0.46379798650741577, -0.6596178412437439, -0.5190393924713135, -0.3376929461956024, -0.948807418346405, -0.7652878165245056, -0.6292755007743835, -0.40667009353637695], [-0.02033044770359993, 0.29956308007240295, 0.11553870886564255, -0.00342263700440526, 0.9999937415122986, -0.0009125546202994883, -0.9873946905136108, 0.14166568219661713, 0.4041732847690582, -0.03553685545921326, -1.0027906894683838, -0.9984332323074341, -1.0008821487426758, -0.6000000238418579, -0.06355895847082138, -0.9126047492027283, -0.5711984038352966, -0.9380201697349548, -0.9924151301383972, -1.0, -0.9948175549507141, -0.46307581663131714, 0.45779773592948914, -0.6596178412437439, -0.5190393924713135, -0.3376929461956024, -0.948807418346405, -0.7652878165245056, -0.6292755007743835, -0.40667009353637695], [0.4413760006427765, 0.2990506887435913, -0.3680090606212616, 0.0013672790955752134, 0.9999946355819702, 0.002977865282446146, -0.9983625411987305, 0.20594996213912964, 0.30070173740386963, -0.6257624626159668, -0.9998810887336731, -0.9996220469474792, -1.0000252723693848, -0.6000000238418579, 0.12294192612171173, -0.824424684047699, -0.7719882726669312, -0.9139301776885986, -0.993037760257721, -1.0, -0.9946162104606628, -0.002831169171258807, 0.46085038781166077, -0.6596178412437439, -0.5190393924713135, -0.3376929461956024, -0.948807418346405, -0.7652878165245056, -0.6292755007743835, -0.40667009353637695], [-0.11266245692968369, 0.30078205466270447, -0.9056796431541443, 0.0006726343999616802, 0.9999997615814209, -7.264891610248014e-05, -0.9986487030982971, 0.005775017198175192, 0.29614904522895813, -0.9329383373260498, -0.9988755583763123, -0.9985583424568176, -0.9964977502822876, -1.0, -0.061987485736608505, -0.9171482920646667, -0.7446542382240295, -0.9090014696121216, -0.9926142692565918, -0.9748455882072449, -0.9946208596229553, -0.23341558873653412, 0.22787044942378998, -0.6596178412437439, -0.5190393924713135, -0.3376929461956024, -0.948807418346405, -0.7652878165245056, -0.6292755007743835, -0.40667009353637695], [-0.19756631553173065, -0.33259135484695435, 0.3658312261104584, 0.17565478384494781, 0.00018798642850015312, -0.9844518303871155, -0.996009111404419, -0.47564175724983215, -0.3354528546333313, 0.21021443605422974, -0.999893069267273, -0.9998312592506409, -1.000008225440979, -0.6000000238418579, 0.0003757715749088675, -0.958320677280426, -0.48778772354125977, -0.8622611165046692, -0.9927285313606262, -1.0, -0.994953453540802, -0.4614761471748352, 0.4628000259399414, -0.6596178412437439, -0.5190393924713135, -0.3376929461956024, -0.948807418346405, -0.7652878165245056, -0.6292755007743835, -0.40667009353637695], [-0.4595220685005188, -0.3337650001049042, 0.18702051043510437, -0.9667173624038696, 0.0013958843192085624, 0.25584280490875244, -0.9942811131477356, -0.1202528178691864, -0.28265294432640076, 0.15094327926635742, -0.9997884631156921, -0.9998226165771484, -0.9998502135276794, -0.6000000238418579, 0.0002727786486502737, -0.9596088528633118, -0.4844232201576233, -0.8977892398834229, -0.9931350350379944, -1.0, -0.9947367310523987, -0.4644151031970978, 0.4612447917461395, -0.6596178412437439, -0.5190393924713135, -0.3376929461956024, -0.948807418346405, -0.7652878165245056, -0.6292755007743835, -0.40667009353637695], [-0.0321832112967968, -0.322445273399353, 0.10781452804803848, 0.0015311603201553226, -0.9999983310699463, 0.00101931591052562, -0.9874114990234375, 0.12613026797771454, -0.4245963394641876, -0.04218300059437752, -1.0030239820480347, -0.9988322257995605, -1.0008388757705688, -0.6000000238418579, 0.06098072603344917, -0.910980224609375, -0.5496150851249695, -0.9135267734527588, -0.9926934838294983, -1.0, -0.9944374561309814, -0.46053004264831543, 0.4611111879348755, -0.6596178412437439, -0.5190393924713135, -0.3376929461956024, -0.948807418346405, -0.7652878165245056, -0.6292755007743835, -0.40667009353637695], [0.41785871982574463, -0.3227277398109436, -0.3820282518863678, -0.0002804269315674901, -0.9999994039535522, 0.0010583889670670033, -0.9983184337615967, 0.16921012103557587, -0.3249718248844147, -0.6383384466171265, -0.9998201131820679, -0.9996442794799805, -1.0000662803649902, -0.6000000238418579, -0.12359977513551712, -0.8224287629127502, -0.7797555327415466, -0.864661455154419, -0.9927544593811035, -0.9664573669433594, -0.9946866035461426, -0.46369045972824097, -0.0022340742871165276, -0.6596178412437439, -0.5190393924713135, -0.3376929461956024, -0.948807418346405, -0.7652878165245056, -0.6292755007743835, -0.40667009353637695], [-0.1539730727672577, -0.3283964991569519, -0.9143460988998413, -0.0009542442276142538, -0.9999934434890747, 0.0034923646599054337, -0.9986544847488403, -0.03866327553987503, -0.326120525598526, -0.9455968141555786, -0.9982621073722839, -0.9985495209693909, -0.9967866539955139, -1.0, 0.06066765636205673, -0.917003870010376, -0.7441099882125854, -0.8922671675682068, -0.9927455186843872, -0.9905392527580261, -0.9946474432945251, -0.22913938760757446, 0.2321910709142685, -0.6596178412437439, -0.5190393924713135, -0.3376929461956024, -0.948807418346405, -0.7652878165245056, -0.6292755007743835, -0.40667009353637695], [-0.08427324146032333, 0.6866760849952698, 0.9988337755203247, -0.00298886327072978, 0.999994695186615, 0.0012784200953319669, -0.9962642192840576, -0.039032015949487686, 0.8940635919570923, 1.0, -0.9999266862869263, -1.0000356435775757, -0.9998955130577087, -0.6000000238418579, 0.00086244783597067, -0.9583587050437927, -0.4731888473033905, -0.930230438709259, -0.9927632212638855, -1.0, -0.9944373369216919, -0.46002501249313354, 0.4641585350036621, -0.6596178412437439, -0.5190393924713135, -0.3376929461956024, -0.948807418346405, -0.7652878165245056, -0.6292755007743835, -0.40667009353637695], [-0.08589310199022293, 0.9160344004631042, 0.9973443150520325, -0.9999684691429138, 0.001438499428331852, 0.007808684837073088, -0.996191680431366, -0.08955923467874527, 0.9347301125526428, 0.8236448764801025, -0.9999334812164307, -1.0001498460769653, -0.9999496936798096, -0.6000000238418579, -0.007836424745619297, -0.9584318995475769, -0.45507362484931946, -0.9243712425231934, -0.9926435947418213, -0.9412426948547363, -0.9946829676628113, -0.4640616476535797, 0.46164199709892273, -0.6596178412437439, -0.5190393924713135, -0.3376929461956024, -0.948807418346405, -0.7652878165245056, -0.6292755007743835, -0.40667009353637695], [-0.0843995213508606, 0.9353207945823669, 0.7852331399917603, 0.004145389888435602, -0.053059156984090805, 0.9985827803611755, -0.9956344366073608, -0.08879975974559784, 0.8830568790435791, 0.6530524492263794, -1.0001673698425293, -0.9999023675918579, -0.9999589920043945, -0.6000000238418579, -0.0006929000373929739, -0.9584522843360901, -0.4625564217567444, -0.8941185474395752, -0.9925644397735596, -0.9638956785202026, -0.9944524168968201, -0.4600236117839813, 0.45970776677131653, 