{"n_joints": 18, "joint_descriptions": [[-0.18102535605430603, 0.313736230134964, 0.3658279478549957, 0.17234528064727783, -0.0023571583442389965, -0.9850338101387024, -0.9960675835609436, -0.4529356062412262, 0.3222743570804596, 0.21057911217212677, -0.9999684691429138, -0.9997847080230713, -0.9999154806137085, -0.6000000238418579, 0.0012237809132784605, -0.957250714302063, -0.4404911398887634, -0.918166995048523, -0.992734968662262, -1.0, -0.9946152567863464, -0.4644414782524109, 0.4631838798522949, -0.6525571346282959, -0.5051960349082947, -0.35646188259124756, -0.9490789771080017, -0.7688573598861694, -0.613358736038208, -0.41678720712661743], [-0.43873950839042664, 0.30955827236175537, 0.1903703659772873, -0.9652815461158752, 0.010147206485271454, 0.261014461517334, -0.9944464564323425, -0.10865946859121323, 0.2560005784034729, 0.155563086271286, -0.9999404549598694, -0.9998524188995361, -0.9996950030326843, -0.6000000238418579, 0.0009723733528517187, -0.9584190845489502, -0.47593939304351807, -0.8757338523864746, -0.9928755760192871, -1.0, -0.9947503805160522, -0.46232759952545166, 0.4617663025856018, -0.6525571346282959, -0.5051960349082947, -0.35646188259124756, -0.9490789771080017, -0.7688573598861694, -0.613358736038208, -0.41678720712661743], [-0.014795170165598392, 0.2893640100955963, 0.1147022619843483, 0.010122177191078663, 0.9999392032623291, 0.004377059638500214, -0.9877323508262634, 0.14677661657333374, 0.3908653259277344, -0.035083554685115814, -1.0034594535827637, -0.998609185218811, -1.0012705326080322, -0.6000000238418579, -0.06393025815486908, -0.9087725281715393, -0.5666230916976929, -0.9434419274330139, -0.9919813275337219, -1.0, -0.9946920871734619, -0.46079397201538086, 0.45461615920066833, -0.6525571346282959, -0.5051960349082947, -0.35646188259124756, -0.9490789771080017, -0.7688573598861694, -0.613358736038208, -0.41678720712661743], [0.45226338505744934, 0.28092846274375916, -0.3671267628669739, 0.01032537966966629, 0.9999282956123352, -0.006064746528863907, -0.9983701109886169, 0.21891583502292633, 0.28220105171203613, -0.6243921518325806, -0.9999101758003235, -0.9995397329330444, -1.000017523765564, -0.6000000238418579, 0.12340312451124191, -0.8235275745391846, -0.7729090452194214, -0.894031822681427, -0.9928675293922424, -0.964455246925354, -0.9946492910385132, -0.002757665701210499, 0.46176496148109436, -0.6525571346282959, -0.5051960349082947, -0.35646188259124756, -0.9490789771080017, -0.7688573598861694, -0.613358736038208, -0.41678720712661743], [-0.09821340441703796, 0.28005582094192505, -0.9058577418327332, 0.00839028600603342, 0.99996417760849, 0.0010984033579006791, -0.9986357092857361, 0.019758274778723717, 0.2714303731918335, -0.931414008140564, -0.9990753531455994, -0.9987715482711792, -0.9955194592475891, -1.0, -0.06188273802399635, -0.9161919951438904, -0.7514773607254028, -0.9468010663986206, -0.9929987788200378, -0.9637850522994995, -0.9948386549949646, -0.2336302101612091, 0.22959470748901367, -0.6525571346282959, -0.5051960349082947, -0.35646188259124756, -0.9490789771080017, -0.7688573598861694, -0.613358736038208, -0.41678720712661743], [-0.188722625374794, -0.3442436158657074, 0.36388280987739563, 0.17836116254329681, -0.0006788115133531392, -0.9839648604393005, -0.9960540533065796, -0.46386969089508057, -0.35044026374816895, 0.21126148104667664, -0.999907374382019, -0.9997870326042175, -1.000004768371582, -0.6000000238418579, 0.0006822690484113991, -0.9581739902496338, -0.485935777425766, -0.8843345642089844, -0.9923028349876404, -1.0, -0.9952391982078552, -0.46398529410362244, 0.4625565707683563, -0.6525571346282959, -0.5051960349082947, -0.35646188259124756, -0.9490789771080017, -0.7688573598861694, -0.613358736038208, -0.41678720712661743], [-0.4496857821941376, -0.34283962845802307, 0.18702669441699982, -0.9647833704948425, -7.698983972659335e-05, 0.2630457282066345, -0.9941961765289307, -0.12358368933200836, -0.29183775186538696, 0.15329322218894958, -0.999760091304779, -0.9998541474342346, -0.9997905492782593, -0.6000000238418579, -0.00021071465744171292, -0.9589748382568359, -0.48210686445236206, -0.8922505378723145, -0.9934534430503845, -1.0, -0.994428277015686, -0.4631135165691376, 0.4613967537879944, -0.6525571346282959, -0.5051960349082947, -0.35646188259124756, -0.9490789771080017, -0.7688573598861694, -0.613358736038208, -0.41678720712661743], [-0.02603163756430149, -0.33428502082824707, 0.10540582984685898, -0.011349113658070564, -0.9999204277992249, 0.005507788620889187, -0.9871228337287903, 0.1276596188545227, -0.43894171714782715, -0.04642118886113167, -1.0038200616836548, -0.999118447303772, -1.0011669397354126, -0.6000000238418579, 0.06068413704633713, -0.9135787487030029, -0.5429322123527527, -0.9332760572433472, -0.9927216172218323, -1.0, -0.9944975972175598, -0.4640360474586487, 0.4612743854522705, -0.6525571346282959, -0.5051960349082947, -0.35646188259124756, -0.9490789771080017, -0.7688573598861694, -0.613358736038208, -0.41678720712661743], [0.4165005385875702, -0.3343965411186218, -0.38456517457962036, -0.0015636496245861053, -0.9999986290931702, 0.000535137951374054, -0.9983017444610596, 0.16703179478645325, -0.3366347849369049, -0.6406750082969666, -0.9998355507850647, -0.9995332360267639, -1.0000591278076172, -0.6000000238418579, -0.1240173727273941, -0.8173835277557373, -0.7849074602127075, -0.9030083417892456, -0.9931482672691345, -0.9922130107879639, -0.9946700930595398, -0.4609885811805725, 0.0006773527129553258, -0.6525571346282959, -0.5051960349082947, -0.35646188259124756, -0.9490789771080017, -0.7688573598861694, -0.613358736038208, -0.41678720712661743], [-0.16307301819324493, -0.3382975161075592, -0.9147072434425354, -0.0013145544799044728, -0.9999971389770508, 0.0019902365747839212, -0.9986675977706909, -0.05057549476623535, -0.33487898111343384, -0.9443475008010864, -0.9983019232749939, -0.998826265335083, -0.9959535002708435, -1.0, 0.060237955302000046, -0.9155484437942505, -0.7368382215499878, -0.8986864686012268, -0.9924395084381104, -0.9682517051696777, -0.9947263598442078, -0.22754795849323273, 0.2319077104330063, -0.6525571346282959, -0.5051960349082947, -0.35646188259124756, -0.9490789771080017, -0.7688573598861694, -0.613358736038208, -0.41678720712661743], [-0.07365819066762924, 0.6781236529350281, 0.9971204400062561, -0.008344116620719433, 0.9999534487724304, 0.004847015719860792, -0.9963157176971436, -0.024866921827197075, 0.8848912715911865, 0.9962576627731323, -0.9999383091926575, -1.0000317096710205, -0.999870240688324, -0.6000000238418579, 0.0014799106866121292, -0.9586024880409241, -0.46736273169517517, -0.9284272193908691, -0.9928966760635376, -0.9838504791259766, -0.9945577383041382, -0.45636075735092163, 0.46196651458740234, -0.6525571346282959, -0.5051960349082947, -0.35646188259124756, -0.9490789771080017, -0.7688573598861694, -0.613358736038208, -0.41678720712661743], [-0.07142551988363266, 0.9089803099632263, 0.9974194169044495, -0.9999728798866272, -0.0012178021715953946, 0.007265992928296328, -0.996174156665802, -0.07435458153486252, 0.9301878809928894, 0.8251028060913086, -0.9999421834945679, -1.000186800956726, -0.9999593496322632, -0.6000000238418579, -0.007807997055351734, -0.9580764770507812, -0.4552801847457886, -0.9047741889953613, -0.992985188961029, -0.9459570050239563, -0.9946742653846741, -0.4675280451774597, 0.46237391233444214, -0.6525571346282959, -0.5051960349082947, -0.35646188259124756, -0.9490789771080017, -0.7688573598861694, -0.613358736038208, -0.41678720712661743], [-0.07234061509370804, 0.931563138961792, 0.7874475717544556, 0.008611329831182957, -0.05096030980348587, 0.9986635446548462, -0.9955983757972717, -0.07643551379442215, 0.8826014995574951, 0.6544014811515808, -1.0002096891403198, -0.9999184012413025, -0.9999620914459229, -0.6000000238418579, -0.0003133465361315757, -0.9578972458839417, -0.48211339116096497, -0.9341203570365906, -0.9923912882804871, -1.0, -0.9944629073143005, -0.45636576414108276,