{"n_joints": 12, "joint_descriptions": [[0.5375450253486633, 0.2972871959209442, 0.8572367429733276, 0.9999487996101379, -0.0031893737614154816, 0.009604946710169315, -0.9888964295387268, 0.6432161331176758, 0.3396325707435608, 0.8349100351333618, -0.9999211430549622, -0.9997479915618896, -1.0005370378494263, -0.6000000238418579, 0.0019590561278164387, -0.9026250243186951, -0.9296671748161316, -0.9086235165596008, -0.993031919002533, -1.0, -0.9946165680885315, -0.10824189335107803, 0.07941026240587234, -0.08939854055643082, 1.0717414617538452, -0.364655077457428, -0.9213666319847107, -0.2366074025630951, -0.5247121453285217, -0.6975336670875549], [0.6469447016716003, 0.5196794271469116, 0.8432691097259521, -0.0007164605194702744, 0.9999222755432129, 0.012447603978216648, -0.9868244528770447, 0.518943727016449, 0.6152752637863159, 0.043633826076984406, -1.002214789390564, -0.9977065920829773, -0.9986125826835632, -0.6000000238418579, 0.05951029062271118, -0.8970913290977478, -0.9203089475631714, -0.9290914535522461, -0.9929805994033813, -0.9992903470993042, -0.9949570894241333, -0.48715701699256897, 0.48252812027931213, -0.08939854055643082, 1.0717414617538452, -0.364655077457428, -0.9213666319847107, -0.2366074025630951, -0.5247121453285217, -0.6975336670875549], [0.5004375576972961, 0.8242027163505554, -0.07954572141170502, -0.0008203454199247062, 0.9999344944953918, 0.011417421512305737, -0.9976392984390259, 0.6364492774009705, 0.8552109599113464, -0.23832285404205322, -1.0004945993423462, -0.9990571737289429, -1.0003334283828735, -1.0, -0.12350183725357056, -0.9029417634010315, -0.9229450225830078, -1.0, -0.9938583374023438, -1.0, -0.9960207939147949, -0.46868130564689636, 0.4859800934791565, -0.08939854055643082, 1.0717414617538452, -0.364655077457428, -0.9213666319847107, -0.2366074025630951, -0.5247121453285217, -0.6975336670875549], [0.5346711277961731, -0.2825378179550171, 0.8628543019294739, 0.9999902844429016, 0.0043792156502604485, 0.0005513742798939347, -0.989629864692688, 0.6323102116584778, -0.3270237147808075, 0.8498926758766174, -0.9999477863311768, -0.9995888471603394, -1.0004453659057617, -0.6000000238418579, -0.003086133161559701, -0.9132457375526428, -0.9212513566017151, -0.9486802816390991, -0.9922664761543274, -0.9643686413764954, -0.9948545694351196, -0.06400791555643082, 0.10714839398860931, -0.08939854055643082, 1.0717414617538452, -0.364655077457428, -0.9213666319847107, -0.2366074025630951, -0.5247121453285217, -0.6975336670875549], [0.64178466796875, -0.5024831295013428, 0.8503775596618652, 0.009183453395962715, -0.9998623132705688, 0.013819040730595589, -0.9876804947853088, 0.5024601817131042, -0.5978391170501709, 0.056865230202674866, -0.997493326663971, -1.0021592378616333, -1.0005156993865967, -0.6000000238418579, -0.06274059414863586, -0.9008053541183472, -0.92049241065979, -0.6717740893363953, -0.9938263297080994, -1.0, -0.9947002530097961, -0.4828866124153137, 0.47975772619247437, -0.08939854055643082, 1.0717414617538452, -0.364655077457428, -0.9213666319847107, -0.2366074025630951, -0.5247121453285217, -0.6975336670875549], [0.48775145411491394, -0.812323272228241, -0.056239739060401917, 0.0063178157433867455, -0.9993953704833984, 0.034191008657217026, -0.9975976943969727, 0.6322700381278992, -0.8206126093864441, -0.2162892073392868, -0.9994587302207947, -1.0008560419082642, -0.999555230140686, -1.0, 0.12350569665431976, -0.9030276536941528, -0.9266898036003113, -0.9292858839035034, -0.9927236437797546, -1.0, -0.9953683614730835, -0.4805541932582855, 0.4768471419811249, -0.08939854055643082, 1.0717414617538452, -0.364655077457428, -0.9213666319847107, -0.2366074025630951, -0.5247121453285217, -0.6975336670875549], [-0.5334185361862183, 0.28849634528160095, 0.8538565635681152, -0.9999376535415649, 0.005358194932341576, -0.00979946181178093, -0.98907870054245, -0.6305282115936279, 0.33439400792121887, 0.8251020908355713, -1.0000615119934082, -1.0004098415374756, -1.0004392862319946, -0.6000000238418579, -1.7506114090792835e-05, -0.9034980535507202, -0.9149949550628662, -0.9030223488807678, -0.9936788082122803, -0.9926013350486755, -0.9948186278343201, -0.06928882002830505, 0.10237475484609604, -0.08939854055643082, 1.0717414617538452, -0.364655077457428, -0.9213666319847107, -0.2366074025630951, -0.5247121453285217, -0.6975336670875549], [-0.6379250288009644, 0.5193101167678833, 0.8417423963546753, 0.015798822045326233, 0.9998043179512024, -0.01190691627562046, -0.9883780479431152, -0.5109196901321411, 0.5924985408782959, 0.061748649924993515, -1.0023572444915771, -0.9980846643447876, -1.0005290508270264, -0.6000000238418579, -0.05998930335044861, -0.8935685753822327, -0.9288902282714844, -0.6927186846733093, -0.9932059645652771, -0.9632381796836853, -0.9944862127304077, -0.4845810532569885, 0.4838598072528839, -0.08939854055643082, 1.0717414617538452, -0.364655077457428, -0.9213666319847107, -0.2366074025630951, -0.5247121453285217, -0.6975336670875549], [-0.48541727662086487, 0.8021134734153748, -0.0752239003777504, -0.001889976323582232, 0.999980628490448, -0.005930934567004442, -0.9975937008857727, -0.6225563883781433, 0.8264955878257751, -0.21701665222644806, -1.0005369186401367, -0.9991679191589355, -0.9995700716972351, -1.0, 0.12181678414344788, -0.9153441786766052, -0.9218528270721436, -0.7183109521865845, -0.9940356016159058, -1.0, -0.9948075413703918, -0.47764214873313904, 0.49805188179016113, -0.08939854055643082, 1.0717414617538452, -0.364655077457428, -0.9213666319847107, -0.2366074025630951, -0.5247121453285217, -0.6975336670875549], [-0.5443811416625977, -0.2819353938102722, 0.842868447303772, -0.9996948838233948, -0.016186494380235672, -0.018659990280866623, -0.9885939359664917, -0.6478151679039001, -0.3302578330039978, 0.836043655872345, -1.0001004934310913, -1.0002689361572266, -1.0004905462265015, -0.6000000238418579, 0.0023105081636458635, -0.9061397314071655, -0.9218724966049194, -0.9263694882392883, -0.993058979511261, -1.0, -0.9961284399032593, -0.11679564416408539, 0.07463692128658295, -0.08939854055643082, 1.0717414617538452, -0.364655077457428, -0.9213666319847107, -0.2366074025630951, -0.5247121453285217, -0.6975336670875549], [-0.648708164691925, -0.5004289150238037, 0.8163443803787231, -0.006064488552510738, -0.9999246001243591, 0.010675634257495403, -0.9872727394104004, -0.5202895998954773, -0.6041532754898071, 0.030843017622828484, -0.9979646801948547, -1.0020384788513184, -0.9986258149147034, -0.6000000238418579, 0.06128730624914169, -0.9141471982002258, -0.9265321493148804, -1.0, -0.9934177398681641, -1.0, -0.9956100583076477, -0.48533332347869873, 0.4860305190086365, -0.08939854055643082, 1.0717414617538452, -0.364655077457428, -0.9213666319847107, -0.2366074025630951, -0.5247121453285217, -0.6975336670875549], [-0.4969797134399414, -0.8089897632598877, -0.09476514160633087, 0.017961183562874794, -0.999837338924408, 0.0016538865165784955, -0.9976632595062256, -0.6385148167610168, -0.8387928009033203, -0.24615076184272766, -0.9994604587554932, -1.0008760690689087, -1.0003364086151123, -1.0, -0.1249389499425888, -0.9036484956741333, -0.9268646836280823, -0.8225175142288208, -0.993402361869812, -0.8676909804344177, -0.9956110119819641, -0.4885829985141754, 0.4750156104564667, -0.08939854055643082, 1.0717414617538452, -0.364655077457428, -0.9213666319847107, -0.2366074025630951, -0.5247121453285217, -0.6975336670875549]], "general_static": {"gains_and_scale_normalized": [-0.08939854384561041, 1.071741483830679, -0.36465508446962835], "mass_normalized": [-0.921366629167645], "robot_dimensions_normalized": [-0.23660740230480826, -0.524712120078479, -0.6975336777056566], "trunk_attributes_normalized": [-0.926226294484375, 0.005111403602757303, -0.0012676637825769221, 1.0, -0.9937548776848516, -0.9495263723437417, -0.9602463126285322]},