{"n_joints": 12, "joint_descriptions": [[0.5269424915313721, 0.28016895055770874, 0.8264572620391846, 0.9999999403953552, -0.00010821477189892903, -0.0003123205970041454, -0.9861434698104858, 0.6247516870498657, 0.33111897110939026, 0.8313512802124023, -0.9996865391731262, -0.9997566342353821, -1.000475525856018, -0.6000000238418579, -0.00020878910436294973, -0.9001296758651733, -0.9129234552383423, -0.8907883167266846, -0.9926313757896423, -1.0, -0.994867205619812, -0.11059753596782684, 0.0724715143442154, -0.04538532719016075, 0.9776571989059448, -0.4124654233455658, -0.9004446864128113, -0.24339982867240906, -0.5469790697097778, -0.5952932834625244], [0.6323425769805908, 0.5227645635604858, 0.8333502411842346, 0.0003155735321342945, 0.9999997615814209, -0.0006069241208024323, -0.9849827885627747, 0.4541548788547516, 0.6126741766929626, 0.0627647414803505, -1.001683235168457, -0.9981454014778137, -0.9985213875770569, -0.6000000238418579, 0.06270087510347366, -0.8996211886405945, -0.9155540466308594, -0.929817259311676, -0.9925695061683655, -0.9675195813179016, -0.9946251511573792, -0.4810347259044647, 0.48273995518684387, -0.04538532719016075, 0.9776571989059448, -0.4124654233455658, -0.9004446864128113, -0.24339982867240906, -0.5469790697097778, -0.5952932834625244], [0.4268157184123993, 0.8153007626533508, -0.0633331686258316, -0.0007083722739480436, 0.9999960064888, -0.002738300012424588, -0.9970822930335999, 0.580032467842102, 0.8258580565452576, -0.24489355087280273, -1.0004842281341553, -0.9992148876190186, -1.00022292137146, -1.0, -0.12244933843612671, -0.9029030203819275, -0.9158478379249573, -0.9154669642448425, -0.9926721453666687, -1.0, -0.9941702485084534, -0.4887426793575287, 0.4804815948009491, -0.04538532719016075, 0.9776571989059448, -0.4124654233455658, -0.9004446864128113, -0.24339982867240906, -0.5469790697097778, -0.5952932834625244], [0.5285735726356506, -0.30398431420326233, 0.8257986307144165, 0.9999735951423645, -0.003015307243913412, -0.006610416807234287, -0.9859195351600647, 0.6297118067741394, -0.3555402159690857, 0.8256672620773315, -0.9997093677520752, -0.9996213316917419, -1.0003955364227295, -0.6000000238418579, 0.002110045403242111, -0.9017004370689392, -0.9161166548728943, -0.8549331426620483, -0.9926656484603882, -1.0, -0.9947687387466431, -0.08054327219724655, 0.11377815902233124, -0.04538532719016075, 0.9776571989059448, -0.4124654233455658, -0.9004446864128113, -0.24339982867240906, -0.5469790697097778, -0.5952932834625244], [0.6335050463676453, -0.5453851819038391, 0.8303314447402954, -0.0010319480206817389, -0.9999053478240967, -0.013719385489821434, -0.9848296046257019, 0.45803171396255493, -0.629105806350708, 0.056993499398231506, -0.9977338910102844, -1.0018290281295776, -1.000231385231018, -0.6000000238418579, -0.06175917014479637, -0.9020845890045166, -0.9173604249954224, -1.0, -0.9922477006912231, -0.9544616341590881, -0.9946731328964233, -0.48331964015960693, 0.4854748547077179, -0.04538532719016075, 0.9776571989059448, -0.4124654233455658, -0.9004446864128113, -0.24339982867240906, -0.5469790697097778, -0.5952932834625244], [0.4299033582210541, -0.8230257630348206, -0.07122913002967834, 0.0018841212149709463, -0.9998580813407898, -0.0167415551841259, -0.997154951095581, 0.5796190500259399, -0.8374043703079224, -0.2523244023323059, -0.9995868802070618, -1.000735878944397, -0.9995801448822021, -1.0, 0.12248189002275467, -0.9004808068275452, -0.9178799986839294, -0.9401956796646118, -0.992715060710907, -0.9851284027099609, -0.994359016418457, -0.4829356074333191, 0.4810468852519989, -0.04538532719016075, 0.9776571989059448, -0.4124654233455658, -0.9004446864128113, -0.24339982867240906, -0.5469790697097778, -0.5952932834625244], [-0.5258262753486633, 0.2829464077949524, 0.8281626105308533, -0.9999796152114868, -0.002213143976405263, 0.005990277044475079, -0.986226499080658, -0.626259982585907, 0.33199068903923035, 0.835553765296936, -1.0002870559692383, -1.0003706216812134, -1.0004074573516846, -0.6000000238418579, 0.000692632223945111, -0.8997692465782166, -0.9155770540237427, -0.9124854207038879, -0.9924111366271973, -1.0, -0.9946123361587524, -0.07853992283344269, 0.11471151560544968, -0.04538532719016075, 0.9776571989059448, -0.4124654233455658, -0.9004446864128113, -0.24339982867240906, -0.5469790697097778, -0.5952932834625244], [-0.6305080056190491, 0.5191632509231567, 0.8339162468910217, 0.006811412516981363, 0.9999339580535889, -0.009257351979613304, -0.9844609498977661, -0.44693702459335327, 0.6103042364120483, 0.06082543730735779, -1.0023490190505981, -0.9980986714363098, -1.0002672672271729, -0.6000000238418579, -0.0644502341747284, -0.9052141904830933, -0.9160261750221252, -1.0, -0.9926861524581909, -1.0, -0.9948791265487671, -0.48183539509773254, 0.4823959171772003, -0.04538532719016075, 0.9776571989059448, -0.4124654233455658, -0.9004446864128113, -0.24339982867240906, -0.5469790697097778, -0.5952932834625244], [-0.41771024465560913, 0.8089627623558044, -0.06219853088259697, -0.0005804655374959111, 0.9999656677246094, -0.008268876001238823, -0.99709552526474, -0.5678781867027283, 0.8192859292030334, -0.2536511719226837, -1.0004310607910156, -0.9992570281028748, -0.999576985836029, -1.0, 0.1224951297044754, -0.8953505754470825, -0.9167817234992981, -1.0, -0.9922664165496826, -1.0, -0.9946247339248657, -0.48219233751296997, 0.4773879647254944, -0.04538532719016075, 0.9776571989059448, -0.4124654233455658, -0.9004446864128113, -0.24339982867240906, -0.5469790697097778, -0.5952932834625244], [-0.5228223204612732, -0.3010033071041107, 0.8286204934120178, -0.99994295835495, -0.009364000521600246, 0.005138826090842485, -0.9863536953926086, -0.621698796749115, -0.34950944781303406, 0.8302770256996155, -1.0003212690353394, -1.0002394914627075, -1.0004830360412598, -0.6000000238418579, -0.0012736823409795761, -0.8999001383781433, -0.9165837168693542, -0.8986379504203796, -0.992645263671875, -1.0, -0.9941301345825195, -0.10814935714006424, 0.07590257376432419, -0.04538532719016075, 0.9776571989059448, -0.4124654233455658, -0.9004446864128113, -0.24339982867240906, -0.5469790697097778, -0.5952932834625244], [-0.6270303130149841, -0.5411766171455383, 0.8355804085731506, -0.0018498926656320691, -0.9999893307685852, -0.0042284647934138775, -0.9850894808769226, -0.44519034028053284, -0.6237462162971497, 0.064162477850914, -0.9982917308807373, -1.0018963813781738, -0.9984952807426453, -0.6000000238418579, 0.06333080679178238, -0.8977203369140625, -0.9135734438896179, -0.8595716953277588, -0.9925232529640198, -1.0, -0.9945632815361023, -0.48374900221824646, 0.4835191071033478, -0.04538532719016075, 0.9776571989059448, -0.4124654233455658, -0.9004446864128113, -0.24339982867240906, -0.5469790697097778, -0.5952932834625244], [-0.41749319434165955, -0.8236263990402222, -0.06042945384979248, -0.000998215633444488, -0.9999843835830688, 0.005497554317116737, -0.9971351027488708, -0.5677606463432312, -0.8349502086639404, -0.24662373960018158, -0.9995330572128296, -1.000784993171692, -1.0002048015594482, -1.0, -0.12129055708646774, -0.9030408263206482, -0.9120310544967651, -0.9938041567802429, -0.9925738573074341, -1.0, -0.9945442080497742, -0.47806093096733093, 0.4825936555862427, -0.04538532719016075, 0.9776571989059448, -0.4124654233455658, -0.9004446864128113, -0.24339982867240906, -0.5469790697097778, -0.5952932834625244]], "general_static": {"gains_and_scale_normalized": [-0.045385328712509554, 0.9776572151565224, -0.4124654179310012], "mass_normalized": [-0.9004446771833892], "robot_dimensions_normalized": [-0.24339982538421945, -0.5469790891923638, -0.5952932565652544], "trunk_attributes_normalized": [-0.9035265268971984, 0.0040337915483978914, -0.009326231325486822, 1.0, -0.9790177313416507, -0.9512757005013438, -0.9618882654270589]},