{"n_joints": 12, "joint_descriptions": [[0.5812858939170837, 0.14764852821826935, 0.6679474115371704, 0.9964370727539062, 0.050482798367738724, -0.0675620436668396, -0.9942365884780884, 0.7172539234161377, 0.15361252427101135, 0.4356410503387451, -0.999839186668396, -1.000037431716919, -1.0011365413665771, -0.6000000238418579, -0.003444100497290492, -0.9199450016021729, -0.9791015982627869, -0.18490611016750336, -0.994895875453949, -0.27410000562667847, -0.9984799027442932, -0.10107588022947311, 0.03812122717499733, -0.4604734480381012, 0.7155425548553467, -0.34105730056762695, -0.9655847549438477, -0.1556445211172104, -0.5610083937644958, -0.8842344880104065], [0.721077024936676, 0.3363265097141266, 0.5811319351196289, 0.00597782526165247, 0.9998533725738525, -0.01604793779551983, -0.9941479563713074, 0.695570707321167, 0.44593656063079834, -0.10115314275026321, -1.0015456676483154, -0.9934894442558289, -0.9985422492027283, -0.6000000238418579, 0.04808909073472023, -0.9485357403755188, -0.9086862206459045, -1.0, -0.9915314316749573, -0.8711743354797363, -0.9960938096046448, -0.4451524019241333, 0.48170411586761475, -0.4604734480381012, 0.7155425548553467, -0.34105730056762695, -0.9655847549438477, -0.1556445211172104, -0.5610083937644958, -0.8842344880104065], [0.6791315674781799, 0.6765919327735901, -0.2425217628479004, -0.007642389740794897, 0.9999308586120605, -0.008933949284255505, -0.9989540576934814, 0.7244372963905334, 0.7558239102363586, -0.3865174353122711, -0.9999045729637146, -0.9973016381263733, -1.000013828277588, -1.0, -0.11612674593925476, -0.9625220894813538, -0.9293898940086365, -0.5469569563865662, -0.9920251965522766, -1.0, -0.9998173117637634, -0.4229297935962677, 0.44405457377433777, -0.4604734480381012, 0.7155425548553467, -0.34105730056762695, -0.9655847549438477, -0.1556445211172104, -0.5610083937644958, -0.8842344880104065], [0.5969178080558777, -0.2147594839334488, 0.689483106136322, 0.9988793730735779, 0.04107210040092468, -0.02351861260831356, -0.9958415031433105, 0.7224083542823792, -0.2443915754556656, 0.6664820313453674, -1.000253677368164, -0.9998473525047302, -1.001197338104248, -0.6000000238418579, -0.012684064917266369, -0.9111984372138977, -0.9415146708488464, -0.2453957200050354, -0.9966554641723633, -0.20235246419906616, -0.9987543225288391, -0.01839764602482319, 0.14780516922473907, -0.4604734480381012, 0.7155425548553467, -0.34105730056762695, -0.9655847549438477, -0.1556445211172104, -0.5610083937644958, -0.8842344880104065], [0.7064041495323181, -0.38592329621315, 0.48328009247779846, -0.019163263961672783, -0.9953315258026123, 0.09459322690963745, -0.9955264329910278, 0.6658103466033936, -0.5465530753135681, -0.04145346209406853, -0.9985306859016418, -1.005832552909851, -0.9992341995239258, -0.6000000238418579, -0.06476640701293945, -0.9617179036140442, -0.9708815813064575, -0.004551669582724571, -0.9914974570274353, -1.0, -0.993262529373169, -0.4853833317756653, 0.5216657519340515, -0.4604734480381012, 0.7155425548553467, -0.34105730056762695, -0.9655847549438477, -0.1556445211172104, -0.5610083937644958, -0.8842344880104065], [0.6498017907142639, -0.8275555372238159, -0.12554669380187988, -0.016349859535694122, -0.9967013597488403, 0.07949250936508179, -0.9986351132392883, 0.7544710636138916, -0.8789755702018738, -0.19553838670253754, -0.9996857643127441, -1.0027036666870117, -0.9999454617500305, -1.0, 0.1345699280500412, -0.9212340712547302, -0.9258922934532166, -0.2613007128238678, -0.9934478402137756, -0.6076911091804504, -0.993980884552002, -0.4704186022281647, 0.5021687746047974, -0.4604734480381012, 0.7155425548553467, -0.34105730056762695, -0.9655847549438477, -0.1556445211172104, -0.5610083937644958, -0.8842344880104065], [-0.5714223980903625, 0.21925829350948334, 0.6236268877983093, -0.9964227676391602, 0.009847099892795086, -0.08393274247646332, -0.9939312934875488, -0.6950346827507019, 0.2646198570728302, 0.30223357677459717, -0.999920129776001, -1.0001965761184692, -1.0015937089920044, -0.6000000238418579, -0.000852297293022275, -0.9186360836029053, -0.9572598338127136, -1.0, -0.9988957643508911, -1.0, -0.99575275182724, -0.02446882799267769, 0.0572640523314476, -0.4604734480381012, 0.7155425548553467, -0.34105730056762695, -0.9655847549438477, -0.1556445211172104, -0.5610083937644958, -0.8842344880104065], [-0.6806629300117493, 0.4278753697872162, 0.5541274547576904, -0.00823129341006279, 0.9964914321899414, 0.08328930288553238, -0.995715856552124, -0.6780655384063721, 0.4821704030036926, -0.002500356175005436, -1.0008575916290283, -0.9964396357536316, -0.9997183084487915, -0.6000000238418579, -0.048842400312423706, -0.8805222511291504, -0.9226166605949402, 0.03576512634754181, -0.996590793132782, -1.0, -0.9983029961585999, -0.4418475925922394, 0.4685310423374176, -0.4604734480381012, 0.7155425548553467, -0.34105730056762695, -0.9655847549438477, -0.1556445211172104, -0.5610083937644958, -0.8842344880104065], [-0.6371994614601135, 0.8352502584457397, -0.12190207093954086, 0.04427642375230789, 0.9990119934082031, 0.0038270570803433657, -0.998853325843811, -0.6719068884849548, 0.9128652215003967, -0.006844253744930029, -1.000401258468628, -0.9976159334182739, -0.999850869178772, -1.0, 0.1312589943408966, -0.9747167825698853, -0.9447082877159119, -0.03614251688122749, -0.9989160299301147, -0.6504026651382446, -0.9957467317581177, -0.5045482516288757, 0.5438802242279053, -0.4604734480381012, 0.7155425548553467, -0.34105730056762695, -0.9655847549438477, -0.1556445211172104, -0.5610083937644958, -0.8842344880104065], [-0.6083085536956787, -0.2385023534297943, 0.5928320288658142, -0.995097815990448, -0.09095068275928497, 0.038836363703012466, -0.9953261613845825, -0.7420715689659119, -0.23449869453907013, 0.6329718828201294, -1.0000698566436768, -1.0000282526016235, -1.000718593597412, -0.6000000238418579, 0.01277919951826334, -0.9294577240943909, -0.9405536651611328, -0.9352296590805054, -0.9949212670326233, -1.0, -0.9999072551727295, -0.07616116851568222, 0.07360432296991348, -0.4604734480381012, 0.7155425548553467, -0.34105730056762695, -0.9655847549438477, -0.1556445211172104, -0.5610083937644958, -0.8842344880104065], [-0.7327174544334412, -0.3940970301628113, 0.3477524220943451, -0.051782358437776566, -0.9956002831459045, 0.07809387892484665, -0.9925453662872314, -0.6896004676818848, -0.4871724247932434, -0.10082264244556427, -0.9993625283241272, -1.004974126815796, -0.9975913763046265, -0.6000000238418579, 0.05007394030690193, -0.9036250114440918, -0.9156692028045654, -0.4930644929409027, -0.9950383901596069, -1.0, -0.9945621490478516, -0.49259957671165466, 0.5295420289039612, -0.4604734480381012, 0.7155425548553467, -0.34105730056762695, -0.9655847549438477, -0.1556445211172104, -0.5610083937644958, -0.8842344880104065], [-0.7232195734977722, -0.8353808522224426, -0.21868100762367249, -0.08144278824329376, -0.9854860305786133, 0.1489441990852356, -0.9990543127059937, -0.7923014760017395, -0.8187201023101807, -0.24283872544765472, -1.0000826120376587, -1.0018627643585205, -0.999556839466095, -1.0, -0.13619805872440338, -0.9636099934577942, -0.9771246314048767, -0.0672997310757637, -0.9955238103866577, -0.1126444935798645, -0.9945340752601624, -0.5339304804801941, 0.5087284445762634, -0.4604734480381012, 0.7155425548553467, -0.34105730056762695, -0.9655847549438477, -0.1556445211172104, -0.5610083937644958, -0.8842344880104065]], "general_static": {"gains_and_scale_normalized": [-0.4604734374815811, 0.7155425842398428, -0.3410572911579489], "mass_normalized": [-0.9655847761283841], "robot_dimensions_normalized": [-0.15564451376597088, -0.5610083650213562, -0.8842345056083537], "trunk_attributes_normalized": [-0.9697977596517111, -0.003707358414624773, -0.07050986266126757, 1.0, -0.991583595863589, -0.8933940658881179, -0.9841953715618841]},