{"n_joints": 12, "joint_descriptions": [[0.5318461656570435, 0.3020442724227905, 0.8585327863693237, 0.9999943375587463, 0.0024393033236265182, 0.002326192567124963, -0.9887887835502625, 0.6343786120414734, 0.3477229177951813, 0.8427367806434631, -0.9998849034309387, -0.9997092485427856, -1.0004589557647705, -0.6000000238418579, 0.001996611012145877, -0.9020329713821411, -0.925096869468689, -0.9640440344810486, -0.9930733442306519, -1.0, -0.9943776726722717, -0.10776171833276749, 0.08181982487440109, -0.08797378838062286, 0.9986883997917175, -0.3836713433265686, -0.9193424582481384, -0.2565074563026428, -0.5284077525138855, -0.6831806302070618], [0.6382786631584167, 0.5279924273490906, 0.8457306623458862, 0.002232255879789591, 0.9999040365219116, 0.013670551590621471, -0.9867541790008545, 0.4988533556461334, 0.6219329833984375, 0.04945676401257515, -1.0022995471954346, -0.9982477426528931, -0.998572051525116, -0.6000000238418579, 0.060548968613147736, -0.8975375890731812, -0.9229540824890137, -0.8768050670623779, -0.993273138999939, -1.0, -0.9949634671211243, -0.48979681730270386, 0.48356205224990845, -0.08797378838062286, 0.9986883997917175, -0.3836713433265686, -0.9193424582481384, -0.2565074563026428, -0.5284077525138855, -0.6831806302070618], [0.4764214754104614, 0.8251293301582336, -0.07691856473684311, 0.0028208717703819275, 0.9999018311500549, 0.013726426288485527, -0.9975648522377014, 0.6219683885574341, 0.8508923053741455, -0.23628820478916168, -1.0005549192428589, -0.9992051720619202, -1.0003682374954224, -1.0, -0.12389431893825531, -0.8991537690162659, -0.9205038547515869, -1.0, -0.9938018918037415, -0.9923883080482483, -0.9956192374229431, -0.473227322101593, 0.4886823296546936, -0.08797378838062286, 0.9986883997917175, -0.3836713433265686, -0.9193424582481384, -0.2565074563026428, -0.5284077525138855, -0.6831806302070618], [0.5287395119667053, -0.29199737310409546, 0.8619871139526367, 0.999982476234436, -0.004742249846458435, 0.0035500710364431143, -0.9892003536224365, 0.6246178150177002, -0.3383389711380005, 0.8520919680595398, -0.9999171495437622, -0.9995861053466797, -1.000375509262085, -0.6000000238418579, -0.001964453374966979, -0.9107605218887329, -0.9202725291252136, -0.997958242893219, -0.9922292232513428, -1.0, -0.9945611357688904, -0.06845635920763016, 0.10483825951814651, -0.08797378838062286, 0.9986883997917175, -0.3836713433265686, -0.9193424582481384, -0.2565074563026428, -0.5284077525138855, -0.6831806302070618], [0.6338495016098022, -0.5170894265174866, 0.8527703881263733, 0.0009004685562103987, -0.9997899532318115, 0.020476218312978745, -0.9872503280639648, 0.4830014109611511, -0.6033036112785339, 0.057052042335271835, -0.9974837303161621, -1.001720905303955, -1.0006910562515259, -0.6000000238418579, -0.06282193958759308, -0.8968474864959717, -0.9167896509170532, -0.736299991607666, -0.9939897060394287, -1.0, -0.9949646592140198, -0.48217716813087463, 0.47707048058509827, -0.08797378838062286, 0.9986883997917175, -0.3836713433265686, -0.9193424582481384, -0.2565074563026428, -0.5284077525138855, -0.6831806302070618], [0.46556374430656433, -0.8096544742584229, -0.06080915778875351, -0.01502731442451477, -0.9996590614318848, 0.02135339565575123, -0.9975661039352417, 0.6142615079879761, -0.8217824101448059, -0.22385938465595245, -0.9994015097618103, -1.0006821155548096, -0.9995148181915283, -1.0, 0.1225065141916275, -0.9022977352142334, -0.9246971011161804, -0.983383297920227, -0.992772102355957, -1.0, -0.9955074191093445, -0.48152458667755127, 0.47865328192710876, -0.08797378838062286, 0.9986883997917175, -0.3836713433265686, -0.9193424582481384, -0.2565074563026428, -0.5284077525138855, -0.6831806302070618], [-0.5295448899269104, 0.2896093428134918, 0.8566531538963318, -0.9999935030937195, 0.0011479764943942428, -0.003423229558393359, -0.9888496994972229, -0.6254434585571289, 0.33610299229621887, 0.8389737010002136, -1.0000869035720825, -1.0004245042800903, -1.0003541707992554, -0.6000000238418579, -0.0006751749315299094, -0.9023881554603577, -0.9153208136558533, -0.9551714062690735, -0.993176281452179, -1.0, -0.9948921203613281, -0.07334236800670624, 0.10658258199691772, -0.08797378838062286, 0.9986883997917175, -0.3836713433265686, -0.9193424582481384, -0.2565074563026428, -0.5284077525138855, -0.6831806302070618], [-0.6337549090385437, 0.5233942270278931, 0.8495044708251953, -0.001986963674426079, 0.9997853636741638, 0.020621180534362793, -0.9877599477767944, -0.49158358573913574, 0.6046723127365112, 0.06740816682577133, -1.0024755001068115, -0.9983870387077332, -1.0005998611450195, -0.6000000238418579, -0.06107040122151375, -0.8977710008621216, -0.9279751181602478, -0.7649141550064087, -0.9933107495307922, -0.9205746650695801, -0.994290828704834, -0.4876575767993927, 0.4819192886352539, -0.08797378838062286, 0.9986883997917175, -0.3836713433265686, -0.9193424582481384, -0.2565074563026428, -0.5284077525138855, -0.6831806302070618], [-0.4644889533519745, 0.8035683035850525, -0.0629957914352417, 0.00584790576249361, 0.9999580979347229, 0.0070442864671349525, -0.9975908994674683, -0.6112938523292542, 0.8275904655456543, -0.21532440185546875, -1.0005558729171753, -0.9993038773536682, -0.9995602965354919, -1.0, 0.12121704965829849, -0.9099161624908447, -0.9202762246131897, -0.7835145592689514, -0.9935182929039001, -1.0, -0.9948758482933044, -0.4790884852409363, 0.4934682846069336, -0.08797378838062286, 0.9986883997917175, -0.3836713433265686, -0.9193424582481384, -0.2565074563026428, -0.5284077525138855, -0.6831806302070618], [-0.5373691320419312, -0.29437392950057983, 0.8476013541221619, -0.9998598694801331, 0.016490694135427475, -0.002878476632758975, -0.9883113503456116, -0.6377970576286316, -0.34617817401885986, 0.8385956883430481, -1.0001105070114136, -1.0003001689910889, -1.0004444122314453, -0.6000000238418579, 0.0014184730825945735, -0.9051437377929688, -0.9219695329666138, -0.9161108136177063, -0.9931063652038574, -1.0, -0.9957219362258911, -0.11884428560733795, 0.07513080537319183, -0.08797378838062286, 0.9986883997917175, -0.3836713433265686, -0.9193424582481384, -0.2565074563026428, -0.5284077525138855, -0.6831806302070618], [-0.6417309045791626, -0.5205523371696472, 0.827295184135437, -0.00886620581150055, -0.9999286532402039, 0.00800140481442213, -0.9872198700904846, -0.5010973811149597, -0.6200867891311646, 0.03491147607564926, -0.9978268146514893, -1.0016423463821411, -0.9986192584037781, -0.6000000238418579, 0.062275033444166183, -0.9144150018692017, -0.927869975566864, -1.0, -0.9933417439460754, -1.0, -0.9955653548240662, -0.48620903491973877, 0.4824513792991638, -0.08797378838062286, 0.9986883997917175, -0.3836713433265686, -0.9193424582481384, -0.2565074563026428, -0.5284077525138855, -0.6831806302070618], [-0.47218310832977295, -0.8136225938796997, -0.0881514921784401, 0.01918955147266388, -0.9997185468673706, 0.013950157910585403, -0.997569739818573, -0.6202855110168457, -0.8410753011703491, -0.24644997715950012, -0.9994077682495117, -1.0007691383361816, -1.0003703832626343, -1.0, -0.12389390915632248, -0.8995962142944336, -0.9223313331604004, -0.88567054271698, -0.9933316707611084, -0.9361254572868347, -0.995577335357666, -0.4844394028186798, 0.4751877188682556, -0.08797378838062286, 0.9986883997917175, -0.3836713433265686, -0.9193424582481384, -0.2565074563026428, -0.5284077525138855, -0.6831806302070618]], "general_static": {"gains_and_scale_normalized": [-0.08797378675497147, 0.9986884097391402, -0.38367135798115315], "mass_normalized": [-0.9193424864018118], "robot_dimensions_normalized": [-0.25650744642813994, -0.5284077244561809, -0.6831806078516087], "trunk_attributes_normalized": [-0.9240945389599207, 0.0040044776286540795, -0.0015313622337708166, 1.0, -0.993237018691825, -0.9560724424368001, -0.9558926566079966]},