{"n_joints": 12, "joint_descriptions": [[0.5287594199180603, 0.29604631662368774, 0.8251677751541138, 0.9999945163726807, -0.002359025878831744, 0.002320161322131753, -0.9858607649803162, 0.6290761828422546, 0.35074669122695923, 0.8217104077339172, -0.9996716976165771, -0.999805748462677, -1.0005582571029663, -0.6000000238418579, -0.0012597347376868129, -0.8937053084373474, -0.9157940745353699, -0.8778446912765503, -0.9927271008491516, -0.9817326664924622, -0.994605541229248, -0.11419762670993805, 0.07885739207267761, -0.05182041972875595, 1.0490236282348633, -0.3654784560203552, -0.8985661864280701, -0.21567243337631226, -0.538153350353241, -0.5978814363479614], [0.639592707157135, 0.5299167633056641, 0.8369811177253723, -0.004560993518680334, 0.9999878406524658, 0.0018811101326718926, -0.9840199947357178, 0.4664607644081116, 0.6139764785766602, 0.06433604657649994, -1.001760721206665, -0.9977080225944519, -0.9984340667724609, -0.6000000238418579, 0.061503104865550995, -0.8989008069038391, -0.9072569012641907, -0.9723347425460815, -0.9915996193885803, -0.9654441475868225, -0.9949422478675842, -0.4906763434410095, 0.4744431972503662, -0.05182041972875595, 1.0490236282348633, -0.3654784560203552, -0.8985661864280701, -0.21567243337631226, -0.538153350353241, -0.5978814363479614], [0.44481217861175537, 0.820575475692749, -0.06404291838407516, -0.0040960549376904964, 0.9999421834945679, -0.009940539486706257, -0.9970695972442627, 0.5950506925582886, 0.8284152746200562, -0.25262972712516785, -1.0004643201828003, -0.9990531802177429, -1.0002223253250122, -1.0, -0.12246299535036087, -0.9003111124038696, -0.9123182892799377, -1.0, -0.9930848479270935, -0.9981784820556641, -0.994651734828949, -0.4753674864768982, 0.4910292327404022, -0.05182041972875595, 1.0490236282348633, -0.3654784560203552, -0.8985661864280701, -0.21567243337631226, -0.538153350353241, -0.5978814363479614], [0.5257320404052734, -0.2778957784175873, 0.8186368942260742, 0.9999579191207886, -0.0004904539091512561, -0.009162910282611847, -0.9856979846954346, 0.6274332404136658, -0.32940709590911865, 0.8198553323745728, -0.9997130632400513, -0.9996333718299866, -1.000492811203003, -0.6000000238418579, 0.0008893869235180318, -0.9022009372711182, -0.9163187742233276, -0.9260238409042358, -0.9927849769592285, -1.0, -0.9947412014007568, -0.07660811394453049, 0.11961929500102997, -0.05182041972875595, 1.0490236282348633, -0.3654784560203552, -0.8985661864280701, -0.21567243337631226, -0.538153350353241, -0.5978814363479614], [0.6316169500350952, -0.5189893841743469, 0.832740068435669, 0.003290480235591531, -0.9999939799308777, -0.001118652755394578, -0.9843834638595581, 0.462217777967453, -0.6118970513343811, 0.06415703892707825, -0.9976613521575928, -1.0022913217544556, -1.0001466274261475, -0.6000000238418579, -0.061354685574769974, -0.8967347741127014, -0.9066351652145386, -0.7547181248664856, -0.9934853315353394, -0.8728310465812683, -0.9950545430183411, -0.48512184619903564, 0.4824734926223755, -0.05182041972875595, 1.0490236282348633, -0.3654784560203552, -0.8985661864280701, -0.21567243337631226, -0.538153350353241, -0.5978814363479614], [0.4395076334476471, -0.8183044195175171, -0.06840229779481888, 0.0008126049069687724, -0.9999881386756897, -0.0047961268573999405, -0.9968929886817932, 0.5896482467651367, -0.8297328352928162, -0.24183586239814758, -0.9995625019073486, -1.0009453296661377, -0.9995525479316711, -1.0, 0.12434086948633194, -0.9080793261528015, -0.9071471095085144, -1.0, -0.9921616315841675, -1.0, -0.9945452213287354, -0.4817076027393341, 0.48016318678855896, -0.05182041972875595, 1.0490236282348633, -0.3654784560203552, -0.8985661864280701, -0.21567243337631226, -0.538153350353241, -0.5978814363479614], [-0.5284282565116882, 0.29929131269454956, 0.8338606953620911, -0.9999996423721313, 0.0006254777545109391, -0.0005833414616063237, -0.9862363338470459, -0.6268895864486694, 0.3475612998008728, 0.8279660940170288, -1.0002880096435547, -1.0003740787506104, -1.0005067586898804, -0.6000000238418579, 0.001438362174667418, -0.8959852457046509, -0.9095009565353394, -0.9131799340248108, -0.9921495914459229, -0.925855815410614, -0.9938567280769348, -0.06764087826013565, 0.11195845901966095, -0.05182041972875595, 1.0490236282348633, -0.3654784560203552, -0.8985661864280701, -0.21567243337631226, -0.538153350353241, -0.5978814363479614], [-0.6331795454025269, 0.5327621102333069, 0.8416858911514282, 0.004762400407344103, 0.9997069835662842, -0.023733429610729218, -0.9848437309265137, -0.46200889348983765, 0.617989182472229, 0.0633254274725914, -1.0023177862167358, -0.9976625442504883, -1.0002540349960327, -0.6000000238418579, -0.06397371739149094, -0.897642195224762, -0.9096981287002563, -0.7748609185218811, -0.9917619824409485, -0.9650719165802002, -0.9949521422386169, -0.48059579730033875, 0.4818761348724365, -0.05182041972875595, 1.0490236282348633, -0.3654784560203552, -0.8985661864280701, -0.21567243337631226, -0.538153350353241, -0.5978814363479614], [-0.43265706300735474, 0.8222835659980774, -0.056824520230293274, 0.002954127499833703, 0.9997971653938293, -0.01992145925760269, -0.9970077872276306, -0.5809822678565979, 0.8374240398406982, -0.23828251659870148, -1.0004023313522339, -0.9991167187690735, -0.9996074438095093, -1.0, 0.12269126623868942, -0.8992629051208496, -0.9147579669952393, -0.8018975853919983, -0.9915919899940491, -0.9136509895324707, -0.9950888752937317, -0.47554945945739746, 0.48246458172798157, -0.05182041972875595, 1.0490236282348633, -0.3654784560203552, -0.8985661864280701, -0.21567243337631226, -0.538153350353241, -0.5978814363479614], [-0.5335990786552429, -0.2738950848579407, 0.8280426263809204, -0.9999989867210388, 0.0006281646201387048, -0.0012840470299124718, -0.9859868884086609, -0.6339539885520935, -0.3202195465564728, 0.8269442319869995, -1.0003260374069214, -1.0002108812332153, -1.0005589723587036, -0.6000000238418579, 0.0004264993767719716, -0.901147186756134, -0.9164071083068848, -0.8625619411468506, -0.9915102124214172, -0.9257738590240479, -0.9940606355667114, -0.10794325917959213, 0.08269045501947403, -0.05182041972875595, 1.0490236282348633, -0.3654784560203552, -0.8985661864280701, -0.21567243337631226, -0.538153350353241, -0.5978814363479614], [-0.6354124546051025, -0.5006835460662842, 0.845084011554718, -0.0017981481505557895, -0.9999959468841553, 0.002204321324825287, -0.9845926761627197, -0.47250261902809143, -0.5979284048080444, 0.06238070875406265, -0.998301088809967, -1.0023784637451172, -0.9984344840049744, -0.6000000238418579, 0.06065279617905617, -0.8983101844787598, -0.9239097237586975, -0.7868322134017944, -0.9935092926025391, -0.9054293632507324, -0.9945313930511475, -0.4831418991088867, 0.4909006655216217, -0.05182041972875595, 1.0490236282348633, -0.3654784560203552, -0.8985661864280701, -0.21567243337631226, -0.538153350353241, -0.5978814363479614], [-0.44239288568496704, -0.8091596961021423, -0.05673181265592575, -0.0009856827091425657, -0.999999463558197, -0.00023544064606539905, -0.9969117045402527, -0.5887588858604431, -0.8228433132171631, -0.24004800617694855, -0.9995324015617371, -1.0009620189666748, -1.000201940536499, -1.0, -0.12008500099182129, -0.8884265422821045, -0.9223378300666809, -0.8429451584815979, -0.9923810362815857, -1.0, -0.994171679019928, -0.47289565205574036, 0.485093891620636, -0.05182041972875595, 1.0490236282348633, -0.3654784560203552, -0.8985661864280701, -0.21567243337631226, -0.538153350353241, -0.5978814363479614]], "general_static": {"gains_and_scale_normalized": [-0.05182041865070042, 1.049023608356169, -0.36547845482397123], "mass_normalized": [-0.8985661626524132], "robot_dimensions_normalized": [-0.21567243158817284, -0.538153377414315, -0.5978814294472923], "trunk_attributes_normalized": [-0.9022699344942774, 0.0013220428787521499, 0.0030558553680086753, 1.0, -0.980276101376671, -0.9439000267130943, -0.9645111691187664]},