{"n_joints": 12, "joint_descriptions": [[0.5300189256668091, 0.273492693901062, 0.8307236433029175, 0.9999955296516418, 0.001249102409929037, 0.0027185885701328516, -0.9866918325424194, 0.6300373077392578, 0.3224450945854187, 0.8309985399246216, -0.9996505379676819, -0.9998475909233093, -1.000476598739624, -0.6000000238418579, -0.0010263815056532621, -0.9035481810569763, -0.9173843860626221, -0.8970611691474915, -0.9927456378936768, -1.0, -0.9946535229682922, -0.10796602815389633, 0.07476881146430969, -0.05796707794070244, 0.8756434917449951, -0.3869498074054718, -0.9055317640304565, -0.23907600343227386, -0.5520299077033997, -0.5924129486083984], [0.6375834345817566, 0.5136489272117615, 0.8484863042831421, -0.000886043650098145, 0.999984860420227, -0.005431473720818758, -0.9854058623313904, 0.4561161696910858, 0.6019778251647949, 0.07119818776845932, -1.0013290643692017, -0.9979984164237976, -0.9986215829849243, -0.6000000238418579, 0.06229465827345848, -0.900985062122345, -0.9158563017845154, -0.8833164572715759, -0.9919642806053162, -1.0, -0.9944680333137512, -0.4836246073246002, 0.4779687225818634, -0.05796707794070244, 0.8756434917449951, -0.3869498074054718, -0.9055317640304565, -0.23907600343227386, -0.5520299077033997, -0.5924129486083984], [0.4311813414096832, 0.8090842962265015, -0.05759941786527634, -0.0013224044814705849, 0.9999682307243347, -0.007857326418161392, -0.9971899390220642, 0.5773735642433167, 0.8208054304122925, -0.2477877289056778, -1.000382661819458, -0.9991754293441772, -1.0001524686813354, -1.0, -0.12254704535007477, -0.8992201089859009, -0.9159516096115112, -0.9998153448104858, -0.9923860430717468, -1.0, -0.9948816895484924, -0.47691810131073, 0.4846368432044983, -0.05796707794070244, 0.8756434917449951, -0.3869498074054718, -0.9055317640304565, -0.23907600343227386, -0.5520299077033997, -0.5924129486083984], [0.5258418917655945, -0.2841321527957916, 0.8249786496162415, 0.9999995231628418, 0.0009678066126070917, 0.00015375488146673888, -0.9865337014198303, 0.6249343156814575, -0.3298514783382416, 0.825370192527771, -0.9996971487998962, -0.9996944665908813, -1.0004266500473022, -0.6000000238418579, 0.0017207361524924636, -0.8968985676765442, -0.919411301612854, -0.8661813139915466, -0.992290735244751, -1.0, -0.9948188066482544, -0.07464323192834854, 0.11460456252098083, -0.05796707794070244, 0.8756434917449951, -0.3869498074054718, -0.9055317640304565, -0.23907600343227386, -0.5520299077033997, -0.5924129486083984], [0.6334473490715027, -0.5264297127723694, 0.8431432247161865, 0.0053691198118031025, -0.9999529123306274, -0.00808017048984766, -0.9853453040122986, 0.4580006003379822, -0.6101985573768616, 0.06876399368047714, -0.9980683326721191, -1.0020188093185425, -1.0000367164611816, -0.6000000238418579, -0.0616862028837204, -0.900489330291748, -0.9149947762489319, -0.8461452722549438, -0.9931290745735168, -0.8718982338905334, -0.9945439696311951, -0.48239049315452576, 0.4801461696624756, -0.05796707794070244, 0.8756434917449951, -0.3869498074054718, -0.9055317640304565, -0.23907600343227386, -0.5520299077033997, -0.5924129486083984], [0.427732914686203, -0.8221026062965393, -0.05676976218819618, 0.0010528141865506768, -0.9999780654907227, -0.006543117109686136, -0.9971053004264832, 0.5751376152038574, -0.8388906121253967, -0.2408272624015808, -0.9996810555458069, -1.0008090734481812, -0.9996282458305359, -1.0, 0.12420667707920074, -0.9017860293388367, -0.9112479090690613, -1.0, -0.9928364753723145, -1.0, -0.9944158792495728, -0.485582560300827, 0.4811970889568329, -0.05796707794070244, 0.8756434917449951, -0.3869498074054718, -0.9055317640304565, -0.23907600343227386, -0.5520299077033997, -0.5924129486083984], [-0.5272907614707947, 0.2705650329589844, 0.8335023522377014, -0.9999825954437256, 0.004645206034183502, 0.0036341308150440454, -0.9868286848068237, -0.6274961233139038, 0.32008323073387146, 0.8369936347007751, -1.0003039836883545, -1.000308632850647, -1.0004384517669678, -0.6000000238418579, 0.0007740950677543879, -0.8989438414573669, -0.918560266494751, -0.8910431265830994, -0.9926509857177734, -1.0, -0.994550883769989, -0.07337871938943863, 0.1137833446264267, -0.05796707794070244, 0.8756434917449951, -0.3869498074054718, -0.9055317640304565, -0.23907600343227386, -0.5520299077033997, -0.5924129486083984], [-0.6317592859268188, 0.5089300274848938, 0.8486670851707458, -0.009723149240016937, 0.9999527335166931, -0.00017786849639378488, -0.9855878949165344, -0.4550257623195648, 0.6017568707466125, 0.06686396151781082, -1.0019208192825317, -0.9979608058929443, -0.9999833106994629, -0.6000000238418579, -0.06260894238948822, -0.9011358618736267, -0.9186669588088989, -0.8950559496879578, -0.9927990436553955, -1.0, -0.9944742918014526, -0.4849836230278015, 0.4832993149757385, -0.05796707794070244, 0.8756434917449951, -0.3869498074054718, -0.9055317640304565, -0.23907600343227386, -0.5520299077033997, -0.5924129486083984], [-0.42008158564567566, 0.8127739429473877, -0.05251653119921684, -0.0006837458349764347, 0.999998152256012, 0.001787003013305366, -0.9971356987953186, -0.5672013759613037, 0.8296874165534973, -0.24229826033115387, -1.0003166198730469, -0.9992188811302185, -0.9996382594108582, -1.0, 0.12226658314466476, -0.9038718938827515, -0.9169616103172302, -0.9073468446731567, -0.991948127746582, -1.0, -0.9945738911628723, -0.47810646891593933, 0.4837955832481384, -0.05796707794070244, 0.8756434917449951, -0.3869498074054718, -0.9055317640304565, -0.23907600343227386, -0.5520299077033997, -0.5924129486083984], [-0.5314523577690125, -0.28842249512672424, 0.8314540982246399, -0.9999956488609314, 0.002785509219393134, -0.000983347068540752, -0.9864723086357117, -0.6314206123352051, -0.33624663949012756, 0.8365594744682312, -1.0003561973571777, -1.0001606941223145, -1.0004825592041016, -0.6000000238418579, -0.0005341263604350388, -0.8971440196037292, -0.9177493453025818, -0.9073959589004517, -0.9921585917472839, -1.0, -0.9947964549064636, -0.11115292459726334, 0.0756806880235672, -0.05796707794070244, 0.8756434917449951, -0.3869498074054718, -0.9055317640304565, -0.23907600343227386, -0.5520299077033997, -0.5924129486083984], [-0.6371960639953613, -0.5224655270576477, 0.8496696949005127, -0.00294258794747293, -0.9999937415122986, -0.001971815712749958, -0.985408365726471, -0.4599965512752533, -0.61399906873703, 0.0705753043293953, -0.9986857175827026, -1.002016544342041, -0.9986280202865601, -0.6000000238418579, 0.06219753995537758, -0.9045339822769165, -0.922450840473175, -0.8787363767623901, -0.9933827519416809, -1.0, -0.9947395920753479, -0.4823538064956665, 0.4900514781475067, -0.05796707794070244, 0.8756434917449951, -0.3869498074054718, -0.9055317640304565, -0.23907600343227386, -0.5520299077033997, -0.5924129486083984], [-0.42954984307289124, -0.8182423114776611, -0.05406877398490906, -0.004805152304470539, -0.9999855160713196, -0.0024133475963026285, -0.9971860647201538, -0.5748646259307861, -0.8355007171630859, -0.24462474882602692, -0.9996309876441956, -1.0008150339126587, -1.0001369714736938, -1.0, -0.12143956124782562, -0.8960712552070618, -0.9197089672088623, -0.9174023270606995, -0.9929609894752502, -1.0, -0.9948681592941284, -0.47627168893814087, 0.4795653522014618, -0.05796707794070244, 0.8756434917449951, -0.3869498074054718, -0.9055317640304565, -0.23907600343227386, -0.5520299077033997, -0.5924129486083984]], "general_static": {"gains_and_scale_normalized": [-0.05796707973517157, 0.8756434755441256, -0.3869497976854611], "mass_normalized": [-0.9055317593148783], "robot_dimensions_normalized": [-0.23907600904007753, -0.5520299000267797, -0.5924129198534089], "trunk_attributes_normalized": [-0.9105554155581106, 0.005214288485705376, -0.012952259176756686, 1.0, -0.9787173164120337, -0.9520782418673619, -0.9724167372205146]},