{"n_joints": 12, "joint_descriptions": [[0.528678834438324, 0.29215213656425476, 0.8241909742355347, 0.9999826550483704, 0.0024810614995658398, -0.0053395614959299564, -0.9855711460113525, 0.6288002729415894, 0.3466453552246094, 0.8193099498748779, -0.999687910079956, -0.9997922778129578, -1.0006014108657837, -0.6000000238418579, -0.0011503404239192605, -0.8909550905227661, -0.9149232506752014, -0.8961091637611389, -0.9925404787063599, -0.9533954858779907, -0.9946397542953491, -0.11588743329048157, 0.07859195023775101, -0.045950111001729965, 1.103056788444519, -0.3690558075904846, -0.8960884213447571, -0.20799149572849274, -0.5310346484184265, -0.601692259311676], [0.6396900415420532, 0.5224894285202026, 0.8325071334838867, 0.002440890995785594, 0.9999688267707825, 0.00751299737021327, -0.9835435748100281, 0.47203975915908813, 0.6094337105751038, 0.05714436247944832, -1.0019358396530151, -0.997575044631958, -0.9983630180358887, -0.6000000238418579, 0.060967810451984406, -0.8977850675582886, -0.905849039554596, -0.9796398878097534, -0.9916546940803528, -0.9382541179656982, -0.9950501918792725, -0.4917081594467163, 0.47485142946243286, -0.045950111001729965, 1.103056788444519, -0.3690558075904846, -0.8960884213447571, -0.20799149572849274, -0.5310346484184265, -0.601692259311676], [0.4505991041660309, 0.8157774806022644, -0.07028169929981232, -0.005579829681664705, 0.9999801516532898, -0.002916003344580531, -0.9970089197158813, 0.6020432114601135, 0.8249127268791199, -0.2548556625843048, -1.0004936456680298, -0.999005913734436, -1.0002471208572388, -1.0, -0.12283703684806824, -0.9011237025260925, -0.9127611517906189, -1.0, -0.9932510852813721, -0.965578019618988, -0.9944778680801392, -0.47630825638771057, 0.4916044771671295, -0.045950111001729965, 1.103056788444519, -0.3690558075904846, -0.8960884213447571, -0.20799149572849274, -0.5310346484184265, -0.601692259311676], [0.526592493057251, -0.284379780292511, 0.8189742565155029, 0.9999241232872009, 0.007153143174946308, 0.010028284974396229, -0.9855133891105652, 0.6286748647689819, -0.3378816246986389, 0.820115864276886, -0.9997230172157288, -0.9995924234390259, -1.0005061626434326, -0.6000000238418579, 0.0006758201052434742, -0.9038029909133911, -0.9141790866851807, -0.9532409310340881, -0.9929517507553101, -1.0, -0.9945904016494751, -0.07773986458778381, 0.11968866735696793, -0.045950111001729965, 1.103056788444519, -0.3690558075904846, -0.8960884213447571, -0.20799149572849274, -0.5310346484184265, -0.601692259311676], [0.6316140294075012, -0.522301971912384, 0.8307597637176514, -0.005885504651814699, -0.999931275844574, -0.010140370577573776, -0.9839563965797424, 0.46460962295532227, -0.6149542927742004, 0.06061653792858124, -0.9974836707115173, -1.0023928880691528, -1.000234603881836, -0.6000000238418579, -0.06117875501513481, -0.897044837474823, -0.9054043292999268, -0.7540070414543152, -0.9934278726577759, -0.8974840044975281, -0.9951446056365967, -0.4849008321762085, 0.4841226041316986, -0.045950111001729965, 1.103056788444519, -0.3690558075904846, -0.8960884213447571, -0.20799149572849274, -0.5310346484184265, -0.601692259311676], [0.44424498081207275, -0.8168371319770813, -0.0747126042842865, 0.0026662128511816263, -0.9999454021453857, -0.010105445981025696, -0.9968389272689819, 0.594777524471283, -0.825991153717041, -0.2474764734506607, -0.9995175004005432, -1.0009821653366089, -0.9995167255401611, -1.0, 0.12407992035150528, -0.9085498452186584, -0.9073073267936707, -1.0, -0.9920845627784729, -1.0, -0.9946611523628235, -0.4799419343471527, 0.48131847381591797, -0.045950111001729965, 1.103056788444519, -0.3690558075904846, -0.8960884213447571, -0.20799149572849274, -0.5310346484184265, -0.601692259311676], [-0.5290361642837524, 0.2972016930580139, 0.8336864709854126, -0.9999974370002747, -0.0022600942756980658, -6.028134885127656e-05, -0.986006498336792, -0.6278353333473206, 0.3438642919063568, 0.826417088508606, -1.0002713203430176, -1.0003968477249146, -1.0005309581756592, -0.6000000238418579, 0.0011812642915174365, -0.8968879580497742, -0.907540500164032, -0.9041820168495178, -0.9921832084655762, -0.9139714241027832, -0.9937569499015808, -0.06733664125204086, 0.11034226417541504, -0.045950111001729965, 1.103056788444519, -0.3690558075904846, -0.8960884213447571, -0.20799149572849274, -0.5310346484184265, -0.601692259311676], [-0.6338642835617065, 0.5280031561851501, 0.8406721353530884, -0.010623006150126457, 0.99993497133255, -0.00415261834859848, -0.9844690561294556, -0.46318984031677246, 0.6177772283554077, 0.06602837890386581, -1.002555251121521, -0.9976027607917786, -1.000213623046875, -0.6000000238418579, -0.06438104808330536, -0.8971632719039917, -0.9075887203216553, -0.7615341544151306, -0.991561770439148, -0.9762095212936401, -0.9950588345527649, -0.48007214069366455, 0.48291775584220886, -0.045950111001729965, 1.103056788444519, -0.3690558075904846, -0.8960884213447571, -0.20799149572849274, -0.5310346484184265, -0.601692259311676], [-0.4352324604988098, 0.8215065002441406, -0.052850812673568726, -0.0011659424053505063, 0.9999894499778748, 0.004446511622518301, -0.9969682097434998, -0.582802951335907, 0.8368470072746277, -0.23299886286258698, -1.0004568099975586, -0.9990831613540649, -0.9995779991149902, -1.0, 0.12273208796977997, -0.896588921546936, -0.9146481156349182, -0.7881258130073547, -0.9916595220565796, -0.9073354601860046, -0.9951714277267456, -0.47624504566192627, 0.48330190777778625, -0.045950111001729965, 1.103056788444519, -0.3690558075904846, -0.8960884213447571, -0.20799149572849274, -0.5310346484184265, -0.601692259311676], [-0.5335483551025391, -0.2770339548587799, 0.8279075026512146, -0.9999983310699463, 0.0014263744233176112, -0.0011549440678209066, -0.9857745170593262, -0.6333847641944885, -0.3241003155708313, 0.825575590133667, -1.0003130435943604, -1.000230312347412, -1.00058913230896, -0.6000000238418579, 0.0007935015019029379, -0.902697741985321, -0.9163435697555542, -0.857215166091919, -0.9914813041687012, -0.9113365411758423, -0.9938973188400269, -0.10856640338897705, 0.08373323082923889, -0.045950111001729965, 1.103056788444519, -0.3690558075904846, -0.8960884213447571, -0.20799149572849274, -0.5310346484184265, -0.601692259311676], [-0.6349019408226013, -0.5026000142097473, 0.8436440229415894, -0.0022631369065493345, -0.9999890327453613, 0.004101147409528494, -0.984144926071167, -0.4767239987850189, -0.598698616027832, 0.059306271374225616, -0.9981169700622559, -1.0025144815444946, -0.9983634352684021, -0.6000000238418579, 0.06059226766228676, -0.8954665660858154, -0.9228352904319763, -0.7812359929084778, -0.9933823347091675, -0.8937447667121887, -0.9943882822990417, -0.4843929409980774, 0.48982319235801697, -0.045950111001729965, 1.103056788444519, -0.3690558075904846, -0.8960884213447571, -0.20799149572849274, -0.5310346484184265, -0.601692259311676], [-0.44565337896347046, -0.8092893958091736, -0.05891640856862068, 0.005814457777887583, -0.9999828934669495, -0.0005953917279839516, -0.9968446493148804, -0.5922053456306458, -0.8222466111183167, -0.2409559041261673, -0.9994941353797913, -1.00101900100708, -1.000231146812439, -1.0, -0.1200004369020462, -0.887898325920105, -0.9215713143348694, -0.8444080352783203, -0.9922158718109131, -1.0, -0.9939913749694824, -0.4732814431190491, 0.48679131269454956, -0.045950111001729965, 1.103056788444519, -0.3690558075904846, -0.8960884213447571, -0.20799149572849274, -0.5310346484184265, -0.601692259311676]], "general_static": {"gains_and_scale_normalized": [-0.04595011184540465, 1.1030567701724583, -0.3690558221303988], "mass_normalized": [-0.896088425496399], "robot_dimensions_normalized": [-0.207991502126058, -0.5310346529861374, -0.6016922736762615], "trunk_attributes_normalized": [-0.899558755696262, 0.0005193785147930008, -0.0003899023965542314, 1.0, -0.9794723395543266, -0.9407247618548978, -0.9611646548878431]},