{"n_joints": 12, "joint_descriptions": [[0.5223102569580078, 0.31756681203842163, 0.8305120468139648, 0.9998584389686584, 0.01645943894982338, -0.0034969134721904993, -0.9858189821243286, 0.6206679940223694, 0.369318425655365, 0.8250902891159058, -0.9997878074645996, -0.9994396567344666, -1.0004421472549438, -0.6000000238418579, 0.0015208831755444407, -0.8888553977012634, -0.916227400302887, -0.9409306049346924, -0.9923123717308044, -1.0, -0.9943788647651672, -0.11827833205461502, 0.06994104385375977, -0.036501236259937286, 1.2696818113327026, -0.4396781027317047, -0.8973742127418518, -0.2674733102321625, -0.5109548568725586, -0.6337213516235352], [0.627414345741272, 0.5515886545181274, 0.8072360754013062, -0.0013934110756963491, 0.9998791217803955, 0.015486769378185272, -0.9841841459274292, 0.4666184186935425, 0.6386529207229614, 0.01647636666893959, -1.0034257173538208, -0.9988135695457458, -0.998049795627594, -0.6000000238418579, 0.060462724417448044, -0.8988898992538452, -0.9117218255996704, -0.8456625938415527, -0.9932212233543396, -0.8647362589836121, -0.9952141046524048, -0.48842930793762207, 0.4857579469680786, -0.036501236259937286, 1.2696818113327026, -0.4396781027317047, -0.8973742127418518, -0.2674733102321625, -0.5109548568725586, -0.6337213516235352], [0.43501701951026917, 0.8204630613327026, -0.1042778491973877, -0.006287963129580021, 0.9999611973762512, 0.006172443274408579, -0.997010350227356, 0.6077677011489868, 0.8377934098243713, -0.25871121883392334, -1.0008982419967651, -0.9993099570274353, -1.000602126121521, -1.0, -0.12471381574869156, -0.8996943831443787, -0.9222761392593384, -0.9321498274803162, -0.9935243129730225, -0.943494975566864, -0.9938638806343079, -0.48954516649246216, 0.4854312539100647, -0.036501236259937286, 1.2696818113327026, -0.4396781027317047, -0.8973742127418518, -0.2674733102321625, -0.5109548568725586, -0.6337213516235352], [0.5241739749908447, -0.3184531331062317, 0.8463209867477417, 0.9999016523361206, 0.0012139310128986835, -0.013970494270324707, -0.9866234660148621, 0.6209614872932434, -0.38059744238853455, 0.8433296084403992, -0.999824047088623, -0.9993299841880798, -1.000260353088379, -0.6000000238418579, -0.0019312531221657991, -0.9090787768363953, -0.9072260856628418, -0.9193026423454285, -0.9935402274131775, -0.8776407837867737, -0.9939068555831909, -0.07563571631908417, 0.11110968887805939, -0.036501236259937286, 1.2696818113327026, -0.4396781027317047, -0.8973742127418518, -0.2674733102321625, -0.5109548568725586, -0.6337213516235352], [0.6233643293380737, -0.550972580909729, 0.8328921794891357, -0.001642046612687409, -0.9999219179153442, 0.012387184426188469, -0.9841175079345703, 0.4525962769985199, -0.6452783942222595, 0.05339061841368675, -0.9961299896240234, -1.0009984970092773, -1.001197099685669, -0.6000000238418579, -0.061821263283491135, -0.8971288204193115, -0.9123295545578003, -0.9237315058708191, -0.992429792881012, -1.0, -0.9951320886611938, -0.48069795966148376, 0.4912690222263336, -0.036501236259937286, 1.2696818113327026, -0.4396781027317047, -0.8973742127418518, -0.2674733102321625, -0.5109548568725586, -0.6337213516235352], [0.43103209137916565, -0.8100847601890564, -0.07558058202266693, -0.0031470295507460833, -0.9999322295188904, 0.011209911666810513, -0.9971003532409668, 0.6007112264633179, -0.8214133381843567, -0.24080300331115723, -0.9990850687026978, -1.000516414642334, -0.9992315173149109, -1.0, 0.12115415185689926, -0.9042518138885498, -0.9207240343093872, -0.8586450815200806, -0.9929853081703186, -1.0, -0.9953186511993408, -0.4733968675136566, 0.489855021238327, -0.036501236259937286, 1.2696818113327026, -0.4396781027317047, -0.8973742127418518, -0.2674733102321625, -0.5109548568725586, -0.6337213516235352], [-0.519153356552124, 0.32377198338508606, 0.8352300524711609, -0.999927818775177, -0.006844427902251482, 0.009872174821794033, -0.9860836267471313, -0.6210227012634277, 0.3659611642360687, 0.8277560472488403, -1.0001603364944458, -1.0006287097930908, -1.000262975692749, -0.6000000238418579, -0.0007826191722415388, -0.9079911708831787, -0.9097891449928284, -0.8807888031005859, -0.9933579564094543, -1.0, -0.9943159818649292, -0.07493618875741959, 0.10300976037979126, -0.036501236259937286, 1.2696818113327026, -0.4396781027317047, -0.8973742127418518, -0.2674733102321625, -0.5109548568725586, -0.6337213516235352], [-0.6218730211257935, 0.5602946877479553, 0.8223926424980164, 0.004934021737426519, 0.9998630881309509, 0.015795938670635223, -0.984283983707428, -0.4438164234161377, 0.639462947845459, 0.06316104531288147, -1.0039244890213013, -0.9989343285560608, -1.0013066530227661, -0.6000000238418579, -0.06574644148349762, -0.8992832899093628, -0.9085023999214172, -0.8652788996696472, -0.9919039607048035, -1.0, -0.9952110648155212, -0.48638078570365906, 0.48525872826576233, -0.036501236259937286, 1.2696818113327026, -0.4396781027317047, -0.8973742127418518, -0.2674733102321625, -0.5109548568725586, -0.6337213516235352], [-0.4166598618030548, 0.8161795735359192, -0.06388969719409943, 0.006638651248067617, 0.9999547600746155, 0.006814140360802412, -0.9970807433128357, -0.5818894505500793, 0.8307002186775208, -0.23751379549503326, -1.0009607076644897, -0.9994508624076843, -0.9992697834968567, -1.0, 0.12124782055616379, -0.8879610896110535, -0.9148803949356079, -0.8613992929458618, -0.9933401942253113, -1.0, -0.9950973391532898, -0.4885035753250122, 0.4822847843170166, -0.036501236259937286, 1.2696818113327026, -0.4396781027317047, -0.8973742127418518, -0.2674733102321625, -0.5109548568725586, -0.6337213516235352], [-0.5171043872833252, -0.30790624022483826, 0.8279864192008972, -0.9999933242797852, -0.002267038682475686, 0.002864318434149027, -0.9865060448646545, -0.6145527362823486, -0.36710822582244873, 0.8223752379417419, -1.0001883506774902, -1.0005738735198975, -1.0004178285598755, -0.6000000238418579, 0.000778816407546401, -0.9089169502258301, -0.9147642254829407, -0.959648072719574, -0.9928799271583557, -1.0, -0.994015097618103, -0.11745762825012207, 0.08065006881952286, -0.036501236259937286, 1.2696818113327026, -0.4396781027317047, -0.8973742127418518, -0.2674733102321625, -0.5109548568725586, -0.6337213516235352], [-0.6175000071525574, -0.5518339276313782, 0.8154539465904236, -0.0015009708004072309, -0.9999611377716064, 0.008687428198754787, -0.9836026430130005, -0.45037710666656494, -0.6335059404373169, 0.03703606128692627, -0.9964536428451538, -1.0010977983474731, -0.9980036616325378, -0.6000000238418579, 0.06293695420026779, -0.8885510563850403, -0.9117928743362427, -0.8941639065742493, -0.991910994052887, -1.0, -0.9945264458656311, -0.4842517375946045, 0.4762459993362427, -0.036501236259937286, 1.2696818113327026, -0.4396781027317047, -0.8973742127418518, -0.2674733102321625, -0.5109548568725586, -0.6337213516235352], [-0.42128607630729675, -0.8215177059173584, -0.08000937104225159, 0.00462395278736949, -0.9999826550483704, 0.0036547905765473843, -0.996951699256897, -0.5842443108558655, -0.8321983814239502, -0.24890747666358948, -0.9989936947822571, -1.0006961822509766, -1.0006277561187744, -1.0, -0.12137554585933685, -0.9012216329574585, -0.9116526246070862, -0.9923792481422424, -0.9927206039428711, -0.9318906664848328, -0.993935227394104, -0.4836626350879669, 0.49031415581703186, -0.036501236259937286, 1.2696818113327026, -0.4396781027317047, -0.8973742127418518, -0.2674733102321625, -0.5109548568725586, -0.6337213516235352]], "general_static": {"gains_and_scale_normalized": [-0.036501234537604454, 1.2696818336866542, -0.4396781057299184], "mass_normalized": [-0.8973742344072717], "robot_dimensions_normalized": [-0.2674733026027679, -0.5109548666014971, -0.6337213807204116], "trunk_attributes_normalized": [-0.8997285144535139, -0.00026650854307308514, 0.007139823011946378, 1.0, -0.988433975950632, -0.9603599496039874, -0.9179922897446383]},