{"n_joints": 12, "joint_descriptions": [[0.5279473066329956, 0.28574103116989136, 0.828084409236908, 0.9999988675117493, 0.001470726216211915, -0.0003722711990121752, -0.9867516756057739, 0.6274795532226562, 0.33848726749420166, 0.8266684412956238, -0.9996767044067383, -0.9998274445533752, -1.000457763671875, -0.6000000238418579, -0.0013189315795898438, -0.9006805419921875, -0.9167185425758362, -0.8697823286056519, -0.9929625988006592, -1.0, -0.9945790767669678, -0.11022775620222092, 0.07731910049915314, -0.061059992760419846, 0.922925591468811, -0.3762225806713104, -0.9055114984512329, -0.24635814130306244, -0.5514854788780212, -0.5929560661315918], [0.6371857523918152, 0.5264954566955566, 0.8447633385658264, 0.007692280691117048, 0.9999451041221619, -0.0071150376461446285, -0.985329270362854, 0.4520360231399536, 0.6149608492851257, 0.07344982773065567, -1.0014209747314453, -0.9981809258460999, -0.9986159205436707, -0.6000000238418579, 0.062418509274721146, -0.901526153087616, -0.9123597145080566, -0.926714301109314, -0.9917421340942383, -1.0, -0.9947010278701782, -0.4871215522289276, 0.47535520792007446, -0.061059992760419846, 0.922925591468811, -0.3762225806713104, -0.9055114984512329, -0.24635814130306244, -0.5514854788780212, -0.5929560661315918], [0.4287164807319641, 0.818228006362915, -0.053697217255830765, -0.0006262813112698495, 0.9999723434448242, -0.007413546089082956, -0.99723219871521, 0.5792592763900757, 0.8270547389984131, -0.2464337944984436, -1.0004100799560547, -0.9992257952690125, -1.0001622438430786, -1.0, -0.12212362885475159, -0.8993637561798096, -0.9139682054519653, -1.0, -0.992717981338501, -1.0, -0.994941234588623, -0.475089967250824, 0.48815983533859253, -0.061059992760419846, 0.922925591468811, -0.3762225806713104, -0.9055114984512329, -0.24635814130306244, -0.5514854788780212, -0.5929560661315918], [0.5231839418411255, -0.28142812848091125, 0.8209496140480042, 0.9999954700469971, 0.0018633236177265644, 0.0023668641224503517, -0.9865195751190186, 0.6229830980300903, -0.32886117696762085, 0.8216860890388489, -0.9996957778930664, -0.9996921420097351, -1.000396966934204, -0.6000000238418579, 0.0014864002587273717, -0.8993874788284302, -0.9200891852378845, -0.8702898621559143, -0.9924913048744202, -1.0, -0.9949468374252319, -0.07438548654317856, 0.11773990094661713, -0.061059992760419846, 0.922925591468811, -0.3762225806713104, -0.9055114984512329, -0.24635814130306244, -0.5514854788780212, -0.5929560661315918], [0.6303908228874207, -0.5269488096237183, 0.8382269144058228, 0.003483327804133296, -0.9999651908874512, -0.0075856763869524, -0.9854904413223267, 0.45210328698158264, -0.6125013828277588, 0.06928106397390366, -0.9980089664459229, -1.001819372177124, -1.000059962272644, -0.6000000238418579, -0.061799392104148865, -0.8988023996353149, -0.9114844799041748, -0.7901459336280823, -0.9934572577476501, -0.850334882736206, -0.994818389415741, -0.48358777165412903, 0.47996991872787476, -0.061059992760419846, 0.922925591468811, -0.3762225806713104, -0.9055114984512329, -0.24635814130306244, -0.5514854788780212, -0.5929560661315918], [0.42378756403923035, -0.8207583427429199, -0.058985065668821335, 0.0008817330817691982, -0.9999510049819946, -0.009860564023256302, -0.9970822334289551, 0.5753775835037231, -0.8349807262420654, -0.23779399693012238, -0.9996504187583923, -1.0007694959640503, -0.9996112585067749, -1.0, 0.12452145665884018, -0.90603107213974, -0.9092103242874146, -1.0, -0.9925838112831116, -1.0, -0.9944226145744324, -0.4848761558532715, 0.4794873893260956, -0.061059992760419846, 0.922925591468811, -0.3762225806713104, -0.9055114984512329, -0.24635814130306244, -0.5514854788780212, -0.5929560661315918], [-0.5260680913925171, 0.28630465269088745, 0.8338689804077148, -0.9999876022338867, -0.004851863719522953, 0.0011168033815920353, -0.9869503378868103, -0.624631404876709, 0.33681732416152954, 0.8328389525413513, -1.000307321548462, -1.000321865081787, -1.0004087686538696, -0.6000000238418579, 0.0014048514422029257, -0.897016167640686, -0.9153100252151489, -0.9075937271118164, -0.9923896789550781, -0.9853193759918213, -0.9942467212677002, -0.07001456618309021, 0.11424876004457474, -0.061059992760419846, 0.922925591468811, -0.3762225806713104, -0.9055114984512329, -0.24635814130306244, -0.5514854788780212, -0.5929560661315918], [-0.6303181052207947, 0.5257236957550049, 0.84432053565979, 0.0017409292049705982, 0.9999915361404419, 0.0037281611002981663, -0.9857168197631836, -0.451145738363266, 0.6103566288948059, 0.06324733048677444, -1.0020185708999634, -0.9981619119644165, -1.0000841617584229, -0.6000000238418579, -0.0631045401096344, -0.9011748433113098, -0.9156176447868347, -0.8323807120323181, -0.9924002289772034, -0.9794642925262451, -0.9947109818458557, -0.4831794798374176, 0.4815281927585602, -0.061059992760419846, 0.922925591468811, -0.3762225806713104, -0.9055114984512329, -0.24635814130306244, -0.5514854788780212, -0.5929560661315918], [-0.41604605317115784, 0.8146896362304688, -0.0555163212120533, 0.0039410837925970554, 0.9999701976776123, -0.006636312697082758, -0.9971501231193542, -0.5673595666885376, 0.8291155099868774, -0.24315930902957916, -1.0003355741500854, -0.9992815852165222, -0.9996344447135925, -1.0, 0.12238499522209167, -0.9042202234268188, -0.9174575805664062, -0.8546533584594727, -0.9917400479316711, -0.9626699090003967, -0.9948586821556091, -0.4758538603782654, 0.48252078890800476, -0.061059992760419846, 0.922925591468811, -0.3762225806713104, -0.9055114984512329, -0.24635814130306244, -0.5514854788780212, -0.5929560661315918], [-0.5312451720237732, -0.28522008657455444, 0.830157995223999, -0.9999952912330627, 0.0029991455376148224, -0.0006154336733743548, -0.986616313457489, -0.6317549347877502, -0.33171284198760986, 0.8326049447059631, -1.0003443956375122, -1.000183343887329, -1.0004568099975586, -0.6000000238418579, -0.00010356107668485492, -0.8988288044929504, -0.9167740345001221, -0.8997440934181213, -0.9918426275253296, -0.9891099333763123, -0.9945272207260132, -0.10873973369598389, 0.07914254814386368, -0.061059992760419846, 0.922925591468811, -0.3762225806713104, -0.9055114984512329, -0.24635814130306244, -0.5514854788780212, -0.5929560661315918], [-0.6346278190612793, -0.5174429416656494, 0.8480628132820129, -0.002257982501760125, -0.999992311000824, -0.0032084002159535885, -0.9856151938438416, -0.45917123556137085, -0.6088846921920776, 0.06689571589231491, -0.9985799193382263, -1.0018423795700073, -0.9986280202865601, -0.6000000238418579, 0.06126232445240021, -0.9040743112564087, -0.924904465675354, -0.8254468441009521, -0.9936175346374512, -0.9606399536132812, -0.9948091506958008, -0.4813760817050934, 0.4915490448474884, -0.061059992760419846, 0.922925591468811, -0.3762225806713104, -0.9055114984512329, -0.24635814130306244, -0.5514854788780212, -0.5929560661315918], [-0.42857229709625244, -0.814260721206665, -0.05467826500535011, -0.00226190616376698, -0.9999971985816956, -0.0007101224036887288, -0.9971359968185425, -0.5774039626121521, -0.8296750783920288, -0.2415056973695755, -0.9995951056480408, -1.000770092010498, -1.0001561641693115, -1.0, -0.12068616598844528, -0.8925250172615051, -0.9226353764533997, -0.8733329772949219, -0.9928640723228455, -1.0, -0.9946413636207581, -0.4737594425678253, 0.481367290019989, -0.061059992760419846, 0.922925591468811, -0.3762225806713104, -0.9055114984512329, -0.24635814130306244, -0.5514854788780212, -0.5929560661315918]], "general_static": {"gains_and_scale_normalized": [-0.06105999385903005, 0.9229256178656724, -0.37622259467415964], "mass_normalized": [-0.9055115239885205], "robot_dimensions_normalized": [-0.24635814514756194, -0.551485507843076, -0.5929560803614498], "trunk_attributes_normalized": [-0.909810765344627, 0.00350504193010992, -0.005792746824977102, 1.0, -0.9789491854144526, -0.9555473351431569, -0.9699869388771292]},