{"n_joints": 12, "joint_descriptions": [[0.5294612050056458, 0.301539808511734, 0.8330579996109009, 0.9999914765357971, 0.003511610673740506, -0.00215927604585886, -0.9859108924865723, 0.6255617737770081, 0.3547958731651306, 0.8276304006576538, -0.999843955039978, -0.9995953440666199, -1.0006115436553955, -0.6000000238418579, -0.001194607699289918, -0.9016371965408325, -0.9138838648796082, -1.0, -0.9917078614234924, -1.0, -0.9945358633995056, -0.11080501228570938, 0.06679348647594452, -0.0670584887266159, 0.8978005051612854, -0.37713244557380676, -0.9039266705513, -0.22389651834964752, -0.5253320932388306, -0.65414959192276], [0.6371469497680664, 0.5437793731689453, 0.8020868897438049, 8.529746264684945e-05, 0.9999953508377075, -0.003043202683329582, -0.984974205493927, 0.49633947014808655, 0.6354060173034668, 0.036633189767599106, -1.0029215812683105, -0.9978824257850647, -0.9982426166534424, -0.6000000238418579, 0.05972157418727875, -0.904961109161377, -0.914786696434021, -1.0, -0.9916940331459045, -0.8849533796310425, -0.9943629503250122, -0.4920637309551239, 0.4907136559486389, -0.0670584887266159, 0.8978005051612854, -0.37713244557380676, -0.9039266705513, -0.22389651834964752, -0.5253320932388306, -0.65414959192276], [0.4734433591365814, 0.8264644742012024, -0.10355719923973083, -0.0008134775562211871, 0.9999833106994629, -0.005721342749893665, -0.9971775412559509, 0.6244252324104309, 0.846083402633667, -0.2647882103919983, -1.0007116794586182, -0.9990471601486206, -1.0005407333374023, -1.0, -0.12448490411043167, -0.9014773964881897, -0.9100818037986755, -0.901824414730072, -0.9932389259338379, -1.0, -0.9944137334823608, -0.4822953939437866, 0.47449278831481934, -0.0670584887266159, 0.8978005051612854, -0.37713244557380676, -0.9039266705513, -0.22389651834964752, -0.5253320932388306, -0.65414959192276], [0.5314863920211792, -0.3048069477081299, 0.8338948488235474, 0.9999999403953552, 6.615560414502397e-05, -0.0003898604481946677, -0.9857774376869202, 0.636532187461853, -0.3541308045387268, 0.8272960782051086, -0.9998932480812073, -0.9994030594825745, -1.000458836555481, -0.6000000238418579, 0.0020617374684661627, -0.8916535377502441, -0.9218704700469971, -0.8989717960357666, -0.993576169013977, -1.0, -0.9939549565315247, -0.07105952501296997, 0.11274687200784683, -0.0670584887266159, 0.8978005051612854, -0.37713244557380676, -0.9039266705513, -0.22389651834964752, -0.5253320932388306, -0.65414959192276], [0.6358951330184937, -0.5397108197212219, 0.7977361083030701, -0.0025702337734401226, -0.9999264478683472, -0.01185168232768774, -0.9855563640594482, 0.4905531108379364, -0.6148744225502014, 0.029117943719029427, -0.9966471791267395, -1.0020694732666016, -1.000806450843811, -0.6000000238418579, -0.059638213366270065, -0.900050699710846, -0.9154171347618103, -0.8978628516197205, -0.9926278591156006, -0.9119246006011963, -0.994520902633667, -0.4817218780517578, 0.4830855131149292, -0.0670584887266159, 0.8978005051612854, -0.37713244557380676, -0.9039266705513, -0.22389651834964752, -0.5253320932388306, -0.65414959192276], [0.47167110443115234, -0.8262456059455872, -0.10117853432893753, -0.009396231733262539, -0.9999557137489319, -0.0005743503570556641, -0.9970812797546387, 0.6208181977272034, -0.84505695104599, -0.256196528673172, -0.9992368221282959, -1.0009266138076782, -0.9993996620178223, -1.0, 0.12054701149463654, -0.910178005695343, -0.9146513342857361, -0.84563809633255, -0.9926484823226929, -1.0, -0.9948914051055908, -0.4800850450992584, 0.48457691073417664, -0.0670584887266159, 0.8978005051612854, -0.37713244557380676, -0.9039266705513, -0.22389651834964752, -0.5253320932388306, -0.65414959192276], [-0.528282105922699, 0.3020736575126648, 0.8374782204627991, -0.9999901056289673, -0.004341148305684328, -0.0009745910647325218, -0.986650824546814, -0.6331762075424194, 0.3546522855758667, 0.8302872776985168, -1.000109076499939, -1.0005879402160645, -1.000442624092102, -0.6000000238418579, 0.0010173084447160363, -0.89998859167099, -0.9164847731590271, -0.8957834839820862, -0.9926112294197083, -0.9943630695343018, -0.9946171045303345, -0.07261297851800919, 0.10820763558149338, -0.0670584887266159, 0.8978005051612854, -0.37713244557380676, -0.9039266705513, -0.22389651834964752, -0.5253320932388306, -0.65414959192276], [-0.6282634735107422, 0.539618968963623, 0.802422285079956, -0.0010125606786459684, 0.9999919533729553, -0.003876293310895562, -0.9856597185134888, -0.4821735620498657, 0.6250174045562744, 0.035726774483919144, -1.003307580947876, -0.9980157613754272, -1.0007879734039307, -0.6000000238418579, -0.06290145963430405, -0.8996226191520691, -0.9175008535385132, -1.0, -0.9933982491493225, -1.0, -0.99460369348526, -0.48028942942619324, 0.48166313767433167, -0.0670584887266159, 0.8978005051612854, -0.37713244557380676, -0.9039266705513, -0.22389651834964752, -0.5253320932388306, -0.65414959192276], [-0.4542126953601837, 0.8259052634239197, -0.08753152191638947, 0.00011780552449636161, 0.9999882578849792, -0.004840025678277016, -0.9971662163734436, -0.6020325422286987, 0.8412076234817505, -0.24275456368923187, -1.0007702112197876, -0.9991366267204285, -0.9994035959243774, -1.0, 0.12235815078020096, -0.9011438488960266, -0.9252105951309204, -1.0, -0.9928362369537354, -0.9841662645339966, -0.9947988986968994, -0.4811705946922302, 0.4828421473503113, -0.0670584887266159, 0.8978005051612854, -0.37713244557380676, -0.9039266705513, -0.22389651834964752, -0.5253320932388306, -0.65414959192276], [-0.5310400128364563, -0.31765007972717285, 0.8401014804840088, -0.9999780654907227, 0.004914167337119579, 0.004444485064595938, -0.9866152405738831, -0.6315075755119324, -0.36102113127708435, 0.8385507464408875, -1.0001347064971924, -1.0004180669784546, -1.0005974769592285, -0.6000000238418579, -0.00245418562553823, -0.9045103788375854, -0.9131278991699219, -0.7931753396987915, -0.9916001558303833, -0.9094956517219543, -0.9953937530517578, -0.11432421952486038, 0.07678922265768051, -0.0670584887266159, 0.8978005051612854, -0.37713244557380676, -0.9039266705513, -0.22389651834964752, -0.5253320932388306, -0.65414959192276], [-0.6363654136657715, -0.55748450756073, 0.8221195936203003, -0.0009674326283857226, -0.9999415874481201, -0.010766368359327316, -0.985306978225708, -0.48609814047813416, -0.6387913227081299, 0.05464322865009308, -0.9971041083335876, -1.0021045207977295, -0.9981644153594971, -0.6000000238418579, 0.0647938922047615, -0.898524284362793, -0.9176954030990601, -0.8632086515426636, -0.9921534657478333, -1.0, -0.9944291114807129, -0.4916512668132782, 0.48975518345832825, -0.0670584887266159, 0.8978005051612854, -0.37713244557380676, -0.9039266705513, -0.22389651834964752, -0.5253320932388306, -0.65414959192276], [-0.4545259475708008, -0.8315408229827881, -0.06795760989189148, 0.001690531149506569, -0.9999422430992126, -0.010614571161568165, -0.99715656042099, -0.6013849973678589, -0.8521636128425598, -0.230214923620224, -0.9992985725402832, -1.0009318590164185, -1.0004374980926514, -1.0, -0.12148242443799973, -0.8906148076057434, -0.9075940847396851, -0.9752864241600037, -0.9937359094619751, -1.0, -0.9948492050170898, -0.4730681777000427, 0.4895257353782654, -0.0670584887266159, 0.8978005051612854, -0.37713244557380676, -0.9039266705513, -0.22389651834964752, -0.5253320932388306, -0.65414959192276]], "general_static": {"gains_and_scale_normalized": [-0.0670584912018064, 0.8978005145355175, -0.3771324553201827], "mass_normalized": [-0.9039266458395766], "robot_dimensions_normalized": [-0.2238965228796005, -0.5253321105828843, -0.6541495679893088], "trunk_attributes_normalized": [-0.9088017298000037, 6.606825144239714e-05, -0.0007336674276912092, 1.0, -0.9907403203866734, -0.9430976372718467, -0.9381725487061277]},