{"n_joints": 12, "joint_descriptions": [[0.5192931294441223, 0.3067113161087036, 0.8446980118751526, 0.9999521374702454, -0.006324138026684523, 0.007464002352207899, -0.9876498579978943, 0.6205021142959595, 0.3666323125362396, 0.8401995897293091, -0.9998766779899597, -0.999475359916687, -1.0003951787948608, -0.6000000238418579, -0.00022979109780862927, -0.9008367657661438, -0.9208294749259949, -1.0, -0.9923118948936462, -1.0, -0.9941043853759766, -0.10826756805181503, 0.07328657805919647, -0.09213461726903915, 1.0678064823150635, -0.4465096592903137, -0.9107146263122559, -0.2857503890991211, -0.5260874032974243, -0.665267825126648], [0.6213279962539673, 0.5454670190811157, 0.8069654107093811, 0.008846433833241463, 0.9999013543128967, -0.010909933596849442, -0.9867470264434814, 0.47004613280296326, 0.6271131634712219, 0.030660783872008324, -1.0033358335494995, -0.9989948868751526, -0.998228907585144, -0.6000000238418579, 0.06108579412102699, -0.9136492013931274, -0.9257378578186035, -0.8982182145118713, -0.992311418056488, -1.0, -0.9940937757492065, -0.4869246184825897, 0.48785242438316345, -0.09213461726903915, 1.0678064823150635, -0.4465096592903137, -0.9107146263122559, -0.2857503890991211, -0.5260874032974243, -0.665267825126648], [0.4443954825401306, 0.816564679145813, -0.09509477764368057, 0.0025854234118014574, 0.9998963475227356, 0.014161717146635056, -0.9973306059837341, 0.6054598689079285, 0.836210310459137, -0.2589837908744812, -1.0008853673934937, -0.9993869066238403, -1.000590443611145, -1.0, -0.12190105020999908, -0.9015616774559021, -0.9253326654434204, -0.897383987903595, -0.993929922580719, -0.9945064783096313, -0.9949080944061279, -0.4815724492073059, 0.4801773726940155, -0.09213461726903915, 1.0678064823150635, -0.4465096592903137, -0.9107146263122559, -0.2857503890991211, -0.5260874032974243, -0.665267825126648], [0.5246801376342773, -0.3218585252761841, 0.8364983201026917, 0.9999880790710449, 0.004124255385249853, -0.00261125061661005, -0.9877224564552307, 0.6262457966804504, -0.3786481022834778, 0.8215144872665405, -0.9999009370803833, -0.9993829131126404, -1.000240683555603, -0.6000000238418579, 0.00034224774572066963, -0.9087809324264526, -0.9268592596054077, -0.9004209637641907, -0.9925512075424194, -1.0, -0.9949965476989746, -0.06770598888397217, 0.10831915587186813, -0.09213461726903915, 1.0678064823150635, -0.4465096592903137, -0.9107146263122559, -0.2857503890991211, -0.5260874032974243, -0.665267825126648], [0.6303309798240662, -0.5612541437149048, 0.8043836355209351, -0.004029720555990934, -0.9999656677246094, 0.007237203884869814, -0.9866269826889038, 0.4767877459526062, -0.6342083811759949, 0.019296005368232727, -0.9966914057731628, -1.000956654548645, -1.0010573863983154, -0.6000000238418579, -0.06114954128861427, -0.9033033847808838, -0.9206752181053162, -0.8984493017196655, -0.9929530024528503, -0.9740500450134277, -0.9940999746322632, -0.49062421917915344, 0.475219190120697, -0.09213461726903915, 1.0678064823150635, -0.4465096592903137, -0.9107146263122559, -0.2857503890991211, -0.5260874032974243, -0.665267825126648], [0.4511822760105133, -0.8291594386100769, -0.1008128672838211, -0.005310852080583572, -0.999962329864502, -0.006861764471977949, -0.9972960352897644, 0.6159031391143799, -0.8529059886932373, -0.2624683082103729, -0.9991500377655029, -1.000525951385498, -0.9993347525596619, -1.0, 0.12201420962810516, -0.9101994037628174, -0.9230160117149353, -0.77879798412323, -0.9931623935699463, -1.0, -0.9943323135375977, -0.48583048582077026, 0.4825948476791382, -0.09213461726903915, 1.0678064823150635, -0.4465096592903137, -0.9107146263122559, -0.2857503890991211, -0.5260874032974243, -0.665267825126648], [-0.5226107835769653, 0.3183152973651886, 0.8433584570884705, -0.9999958872795105, -0.001538685173727572, -0.002427483443170786, -0.9876024127006531, -0.6204749941825867, 0.36494746804237366, 0.8396458029747009, -1.0000921487808228, -1.0006194114685059, -1.0002281665802002, -0.6000000238418579, 0.0013716906541958451, -0.9019500613212585, -0.9198241233825684, -0.9034938216209412, -0.9927820563316345, -0.917998194694519, -0.9941210746765137, -0.07964107394218445, 0.11250406503677368, -0.09213461726903915, 1.0678064823150635, -0.4465096592903137, -0.9107146263122559, -0.2857503890991211, -0.5260874032974243, -0.665267825126648], [-0.6268497109413147, 0.5656432509422302, 0.7971441149711609, 0.007716847117990255, 0.9999701976776123, 0.00013928885164204985, -0.986609935760498, -0.46713438630104065, 0.6429104804992676, 0.02236303500831127, -1.0034524202346802, -0.9989612698554993, -1.0011593103408813, -0.6000000238418579, -0.06310288608074188, -0.9023936986923218, -0.9118067026138306, -0.9029231667518616, -0.9936011433601379, -1.0, -0.9954641461372375, -0.4852987229824066, 0.4851895272731781, -0.09213461726903915, 1.0678064823150635, -0.4465096592903137, -0.9107146263122559, -0.2857503890991211, -0.5260874032974243, -0.665267825126648], [-0.4447253942489624, 0.8300474286079407, -0.09501819312572479, 0.009371526539325714, 0.9998599886894226, -0.013862142339348793, -0.9973781704902649, -0.6060718894004822, 0.8453601002693176, -0.24087566137313843, -1.0008442401885986, -0.9994875192642212, -0.9993380904197693, -1.0, 0.12309588491916656, -0.9054556488990784, -0.9230048656463623, -0.9116909503936768, -0.993767499923706, -1.0, -0.9945645332336426, -0.49008461833000183, 0.4828062057495117, -0.09213461726903915, 1.0678064823150635, -0.4465096592903137, -0.9107146263122559, -0.2857503890991211, -0.5260874032974243, -0.665267825126648], [-0.5195109248161316, -0.3197377324104309, 0.8377258777618408, -0.9999977350234985, 0.0018559950403869152, 0.001032178639434278, -0.9876098036766052, -0.6187098026275635, -0.36724981665611267, 0.8328461050987244, -1.0001198053359985, -1.0005383491516113, -1.0004136562347412, -0.6000000238418579, 0.00012963454355485737, -0.901637852191925, -0.9116642475128174, -0.9868287444114685, -0.993043065071106, -1.0, -0.9949783682823181, -0.10920484364032745, 0.07397660613059998, -0.09213461726903915, 1.0678064823150635, -0.4465096592903137, -0.9107146263122559, -0.2857503890991211, -0.5260874032974243, -0.665267825126648], [-0.6217536330223083, -0.5639967322349548, 0.8080652952194214, 0.003652917919680476, -0.9999359846115112, 0.010708080604672432, -0.9873151779174805, -0.46556365489959717, -0.6451308727264404, 0.03144082427024841, -0.996869683265686, -1.0009015798568726, -0.9982699751853943, -0.6000000238418579, 0.06427578628063202, -0.9112577438354492, -0.9194585680961609, -0.9902076721191406, -0.9919877648353577, -1.0, -0.9953163862228394, -0.48358863592147827, 0.491054505109787, -0.09213461726903915, 1.0678064823150635, -0.4465096592903137, -0.9107146263122559, -0.2857503890991211, -0.5260874032974243, -0.665267825126648], [-0.4304955005645752, -0.8321347832679749, -0.08413531631231308, -0.003715659724548459, -0.9998262524604797, 0.018267454579472542, -0.9974108338356018, -0.5914992094039917, -0.8403866291046143, -0.2367042899131775, -0.9991529583930969, -1.0006667375564575, -1.0005351305007935, -1.0, -0.1211208924651146, -0.9034197926521301, -0.9121320843696594, -0.8936688303947449, -0.9934777617454529, -1.0, -0.9942746758460999, -0.47656482458114624, 0.4773649275302887, -0.09213461726903915, 1.0678064823150635, -0.4465096592903137, -0.9107146263122559, -0.2857503890991211, -0.5260874032974243, -0.665267825126648]], "general_static": {"gains_and_scale_normalized": [-0.092134618090149, 1.0678064384461257, -0.44650967055509916], "mass_normalized": [-0.9107146325022432], "robot_dimensions_normalized": [-0.2857504032452901, -0.5260874246819951, -0.6652678120297748], "trunk_attributes_normalized": [-0.9118087557282828, 0.006481474429998579, -0.004837324988828828, 1.0, -0.9933635360681907, -0.9656020843957224, -0.927188984602922]},