{"n_joints": 12, "joint_descriptions": [[0.4920152723789215, 0.31422850489616394, 0.8202476501464844, 0.9999313950538635, -0.002718396484851837, 0.011394256725907326, -0.9917653799057007, 0.616825520992279, 0.3411625921726227, 0.8240095376968384, -0.9993942379951477, -0.9998548626899719, -1.0000125169754028, -0.6000000238418579, 0.006807027384638786, -0.9133224487304688, -0.9247661828994751, -0.5692424178123474, -0.9963100552558899, -0.8461190462112427, -0.9962732195854187, -0.11305797100067139, 0.1065916121006012, -0.20741836726665497, 0.8848622441291809, -0.4232022762298584, -0.9336394667625427, -0.5144075155258179, -0.5926920771598816, -0.5186501741409302], [0.5969034433364868, 0.5727525353431702, 0.8820047974586487, -0.01800818182528019, 0.9981688261032104, 0.057746727019548416, -0.9891498684883118, 0.23177079856395721, 0.6194469332695007, 0.08834698796272278, -1.0003207921981812, -1.0002046823501587, -0.9987382888793945, -0.6000000238418579, 0.06856170296669006, -0.8938650488853455, -0.9185018539428711, -0.3299520015716553, -0.996237576007843, -1.0, -0.9964928030967712, -0.4542399048805237, 0.45631155371665955, -0.20741836726665497, 0.8848622441291809, -0.4232022762298584, -0.9336394667625427, -0.5144075155258179, -0.5926920771598816, -0.5186501741409302], [0.19116251170635223, 0.785744845867157, -0.0034004678018391132, -0.00879838690161705, 0.9991261959075928, 0.04085865244269371, -0.998079776763916, 0.4119098484516144, 0.7846166491508484, -0.20060314238071442, -1.0003383159637451, -0.9999356865882874, -0.9998659491539001, -1.0, -0.11343640834093094, -0.9083327054977417, -0.9640285968780518, -0.9298685789108276, -0.9913803935050964, -1.0, -0.9951604008674622, -0.4845789074897766, 0.5131433606147766, -0.20741836726665497, 0.8848622441291809, -0.4232022762298584, -0.9336394667625427, -0.5144075155258179, -0.5926920771598816, -0.5186501741409302], [0.48069676756858826, -0.29622000455856323, 0.8291391134262085, 0.9999937415122986, 0.0015211706049740314, 0.0031956832390278578, -0.9929787516593933, 0.5456305742263794, -0.34249141812324524, 0.8425591588020325, -0.9992661476135254, -0.9998539686203003, -1.0000410079956055, -0.6000000238418579, -0.0065762680023908615, -0.9548839926719666, -0.9088517427444458, -0.9135861992835999, -0.9894580841064453, -0.9440791010856628, -0.9981358647346497, -0.09415262937545776, 0.11530279368162155, -0.20741836726665497, 0.8848622441291809, -0.4232022762298584, -0.9336394667625427, -0.5144075155258179, -0.5926920771598816, -0.5186501741409302], [0.5787090063095093, -0.5701385140419006, 0.9029247760772705, -0.002751069376245141, -0.9996150732040405, 0.027607563883066177, -0.987378716468811, 0.2453632354736328, -0.6804214119911194, 0.13558413088321686, -0.9986853003501892, -0.9997970461845398, -0.9994204044342041, -0.6000000238418579, -0.06882500648498535, -0.9091293811798096, -0.9215779304504395, -0.9347506761550903, -0.993245542049408, -0.9198567271232605, -0.996288001537323, -0.4748148024082184, 0.49445202946662903, -0.20741836726665497, 0.8848622441291809, -0.4232022762298584, -0.9336394667625427, -0.5144075155258179, -0.5926920771598816, -0.5186501741409302], [0.15720006823539734, -0.7639909386634827, 0.02527516707777977, -0.03731251880526543, -0.9973922371864319, 0.06177746504545212, -0.9982948303222656, 0.3846939206123352, -0.7697361707687378, -0.17265303432941437, -0.9999299645423889, -1.0000019073486328, -0.999667227268219, -1.0, 0.1306009292602539, -0.8845111131668091, -0.9202616810798645, -1.0, -0.9932838082313538, -0.687706708908081, -0.9957420229911804, -0.47481849789619446, 0.4829944372177124, -0.20741836726665497, 0.8848622441291809, -0.4232022762298584, -0.9336394667625427, -0.5144075155258179, -0.5926920771598816, -0.5186501741409302], [-0.4706647992134094, 0.2889600694179535, 0.8138068914413452, -0.9999848008155823, 0.005187861621379852, 0.0018527411157265306, -0.9906740784645081, -0.5267521739006042, 0.3455934226512909, 0.8196871876716614, -1.000779151916504, -1.0001341104507446, -1.0000380277633667, -0.6000000238418579, -0.002562097506597638, -0.9115667343139648, -0.9303944706916809, -0.8848617672920227, -0.9936491250991821, -1.0, -0.9961577653884888, -0.07229291647672653, 0.11012081801891327, -0.20741836726665497, 0.8848622441291809, -0.4232022762298584, -0.9336394667625427, -0.5144075155258179, -0.5926920771598816, -0.5186501741409302], [-0.5933708548545837, 0.5437442660331726, 0.886616051197052, 0.009029196575284004, 0.9998992085456848, 0.01095404103398323, -0.9882760643959045, -0.24812406301498413, 0.6159404516220093, 0.1198083907365799, -1.001238226890564, -1.000114917755127, -0.9995640516281128, -0.6000000238418579, -0.06500060856342316, -0.9112583994865417, -0.9349402785301208, -0.3278060555458069, -0.9913780689239502, -0.9484054446220398, -0.9944493174552917, -0.4818350076675415, 0.4784124791622162, -0.20741836726665497, 0.8848622441291809, -0.4232022762298584, -0.9336394667625427, -0.5144075155258179, -0.5926920771598816, -0.5186501741409302], [-0.17885029315948486, 0.7443297505378723, -0.014208069071173668, 0.023664049804210663, 0.9992353916168213, 0.031123246997594833, -0.9980076551437378, -0.4041922092437744, 0.7699849009513855, -0.24525800347328186, -1.0000823736190796, -0.9999760985374451, -0.9996368288993835, -1.0, 0.11907161772251129, -0.9083604216575623, -0.900623619556427, -0.41935494542121887, -0.9916786551475525, -1.0, -0.9955618381500244, -0.476686030626297, 0.4834974408149719, -0.20741836726665497, 0.8848622441291809, -0.4232022762298584, -0.9336394667625427, -0.5144075155258179, -0.5926920771598816, -0.5186501741409302], [-0.48401063680648804, -0.22626569867134094, 0.8060217499732971, -0.9999884366989136, -0.004208802245557308, -0.0023323746863752604, -0.9907549619674683, -0.5720478892326355, -0.3065541684627533, 0.8068336844444275, -1.000760555267334, -1.0001920461654663, -1.0000531673431396, -0.6000000238418579, 0.008022832684218884, -0.912318229675293, -0.9422686696052551, -1.0, -0.9977397322654724, -1.0, -0.9928263425827026, -0.11348605155944824, 0.08098394423723221, -0.20741836726665497, 0.8848622441291809, -0.4232022762298584, -0.9336394667625427, -0.5144075155258179, -0.5926920771598816, -0.5186501741409302], [-0.5832523703575134, -0.46065205335617065, 0.8382764458656311, 0.011007407680153847, -0.9988356828689575, 0.04696990177035332, -0.9884388446807861, -0.2716379165649414, -0.5642482042312622, 0.05926404893398285, -0.9995806813240051, -0.9997620582580566, -0.9986526966094971, -0.6000000238418579, 0.05565335974097252, -0.9023613929748535, -0.9267526865005493, -0.8769540190696716, -0.9952514171600342, -0.6279436349868774, -0.9947203397750854, -0.4493476152420044, 0.46283775568008423, -0.20741836726665497, 0.8848622441291809, -0.4232022762298584, -0.9336394667625427, -0.5144075155258179, -0.5926920771598816, -0.5186501741409302], [-0.2610478401184082, -0.7471404671669006, -0.06321167945861816, 0.0008991895010694861, -0.9985736608505249, 0.05338340997695923, -0.998070240020752, -0.5105559229850769, -0.7262564301490784, -0.2688479423522949, -0.9995808005332947, -1.0000746250152588, -0.9999915361404419, -1.0, -0.12606006860733032, -0.9482407569885254, -0.9469617009162903, -0.9457755088806152, -0.9902932643890381, -0.9662265181541443, -0.9958277940750122, -0.5080801248550415, 0.44132527709007263, -0.20741836726665497, 0.8848622441291809, -0.4232022762298584, -0.9336394667625427, -0.5144075155258179, -0.5926920771598816, -0.5186501741409302]], "general_static": {"gains_and_scale_normalized": [-0.2074183641850622, 0.8848622181391648, -0.42320226715745024], "mass_normalized": [-0.9336394620919329], "robot_dimensions_normalized": [-0.5144075374603272, -0.5926920517813192, -0.5186501994217061], "trunk_attributes_normalized": [-0.9388196515792291, 0.03861231376341134, 0.011513095839754017, 1.0, -0.9583765470611497, -0.9955427262035155, -0.9820055510744881]},