{"n_joints": 12, "joint_descriptions": [[0.539500892162323, 0.2294268012046814, 0.8239460587501526, 0.999853789806366, -0.0010650480398908257, -0.01706591621041298, -0.9891359806060791, 0.6445923447608948, 0.2775358259677887, 0.824386477470398, -0.9996209144592285, -1.0000412464141846, -1.0005476474761963, -0.6000000238418579, -0.0009394307853654027, -0.9048576951026917, -0.9213932752609253, -0.9414088726043701, -0.9926918745040894, -1.0, -0.9950127601623535, -0.10750924795866013, 0.08351529389619827, -0.17309395968914032, 0.7321799397468567, -0.41741132736206055, -0.9206599593162537, -0.22622151672840118, -0.6014690399169922, -0.583807647228241], [0.6488430500030518, 0.4450407028198242, 0.8687824010848999, -0.0020728122908622026, 0.9999963045120239, -0.0017491417238488793, -0.987609326839447, 0.4686923325061798, 0.5559715628623962, 0.0986054465174675, -1.0003451108932495, -0.9974114894866943, -0.9989110827445984, -0.6000000238418579, 0.06287621706724167, -0.9171207547187805, -0.9267725348472595, -0.993837833404541, -0.9932219982147217, -0.95865797996521, -0.9954886436462402, -0.4873930811882019, 0.48302698135375977, -0.17309395968914032, 0.7321799397468567, -0.41741132736206055, -0.9206599593162537, -0.22622151672840118, -0.6014690399169922, -0.583807647228241], [0.44222357869148254, 0.7977216243743896, -0.03893463313579559, -0.0021342933177948, 0.999881386756897, -0.015254147350788116, -0.9977347254753113, 0.5645773410797119, 0.8142446279525757, -0.2470671683549881, -1.0001015663146973, -0.9990611672401428, -0.9999430179595947, -1.0, -0.12460292875766754, -0.9087315797805786, -0.9279300570487976, -1.0, -0.9922335743904114, -1.0, -0.9942973256111145, -0.49176809191703796, 0.489123672246933, -0.17309395968914032, 0.7321799397468567, -0.41741132736206055, -0.9206599593162537, -0.22622151672840118, -0.6014690399169922, -0.583807647228241], [0.5352845788002014, -0.22545520961284637, 0.819972813129425, 0.9999346733093262, -0.009811804629862309, 0.005864407867193222, -0.9887630343437195, 0.6407803297042847, -0.2761652171611786, 0.8285360932350159, -0.9996535181999207, -0.9998536109924316, -1.0005580186843872, -0.6000000238418579, 0.0016827277140691876, -0.9162074327468872, -0.9234130382537842, -0.9051629900932312, -0.9937899112701416, -1.0, -0.9954748749732971, -0.0809074342250824, 0.1102856695652008, -0.17309395968914032, 0.7321799397468567, -0.41741132736206055, -0.9206599593162537, -0.22622151672840118, -0.6014690399169922, -0.583807647228241], [0.6396108865737915, -0.4479845464229584, 0.8714698553085327, 0.005479732062667608, -0.9998945593833923, -0.013449521735310555, -0.9884716868400574, 0.4647336006164551, -0.5496757626533508, 0.09555216133594513, -0.9989655017852783, -1.0025428533554077, -0.9994456171989441, -0.6000000238418579, -0.06058014556765556, -0.8956671357154846, -0.9234331846237183, -1.0, -0.9929842948913574, -0.9257638454437256, -0.9949699640274048, -0.4807644188404083, 0.49189817905426025, -0.17309395968914032, 0.7321799397468567, -0.41741132736206055, -0.9206599593162537, -0.22622151672840118, -0.6014690399169922, -0.583807647228241], [0.4364335536956787, -0.7949199080467224, -0.026211926713585854, -0.012838780879974365, -0.9999039769172668, -0.0052123600617051125, -0.9976624846458435, 0.5604221224784851, -0.8148737549781799, -0.2215614914894104, -0.9999816417694092, -1.0009467601776123, -0.9998030066490173, -1.0, 0.12485465407371521, -0.9145157337188721, -0.9197446703910828, -0.9549470543861389, -0.9936811923980713, -1.0, -0.9952898621559143, -0.49077895283699036, 0.49118784070014954, -0.17309395968914032, 0.7321799397468567, -0.41741132736206055, -0.9206599593162537, -0.22622151672840118, -0.6014690399169922, -0.583807647228241], [-0.5403974056243896, 0.23914101719856262, 0.8220679759979248, -0.9999382495880127, -0.007967815734446049, -0.007746249902993441, -0.9889719486236572, -0.6467915177345276, 0.2890850901603699, 0.8318654298782349, -1.0003072023391724, -1.0001182556152344, -1.0005391836166382, -0.6000000238418579, -0.0012300017988309264, -0.9071565270423889, -0.9231142997741699, -1.0, -0.993848979473114, -1.0, -0.9947904348373413, -0.0700521171092987, 0.11067097634077072, -0.17309395968914032, 0.7321799397468567, -0.41741132736206055, -0.9206599593162537, -0.22622151672840118, -0.6014690399169922, -0.583807647228241], [-0.6422784924507141, 0.45288658142089844, 0.8768438696861267, 0.0021745730191469193, 0.9998494982719421, 0.0172114335000515, -0.9878258109092712, -0.46234938502311707, 0.5663684010505676, 0.10399816930294037, -1.0010623931884766, -0.9973030686378479, -0.9994804263114929, -0.6000000238418579, -0.06427085399627686, -0.9142308831214905, -0.9269194006919861, -1.0, -0.994088351726532, -0.900192141532898, -0.9945325255393982, -0.4821738302707672, 0.48568180203437805, -0.17309395968914032, 0.7321799397468567, -0.41741132736206055, -0.9206599593162537, -0.22622151672840118, -0.6014690399169922, -0.583807647228241], [-0.42538735270500183, 0.7986255288124084, -0.02376243658363819, -0.0011390558211132884, 0.9997172951698303, 0.02375057525932789, -0.9976685643196106, -0.5444538593292236, 0.8167692422866821, -0.2346404790878296, -1.0000537633895874, -0.9990479350090027, -0.9998182058334351, -1.0, 0.12142892926931381, -0.9064092040061951, -0.9278346300125122, -0.8893995881080627, -0.9939495325088501, -1.0, -0.9942987561225891, -0.4856502413749695, 0.4836209714412689, -0.17309395968914032, 0.7321799397468567, -0.41741132736206055, -0.9206599593162537, -0.22622151672840118, -0.6014690399169922, -0.583807647228241], [-0.5400134921073914, -0.2338356077671051, 0.8206381797790527, -0.9999974370002747, 0.002217280911281705, 0.00048343322123400867, -0.9893821477890015, -0.6392002701759338, -0.27440229058265686, 0.8235494494438171, -1.0003697872161865, -0.999968409538269, -1.0005241632461548, -0.6000000238418579, -0.0017156969988718629, -0.9118050336837769, -0.9166474342346191, -1.0, -0.9933524131774902, -1.0, -0.9948749542236328, -0.11803318560123444, 0.07857022434473038, -0.17309395968914032, 0.7321799397468567, -0.41741132736206055, -0.9206599593162537, -0.22622151672840118, -0.6014690399169922, -0.583807647228241], [-0.6458553075790405, -0.45424333214759827, 0.8612940907478333, 0.0014240409946069121, -0.9998536109924316, -0.017051663249731064, -0.9881013035774231, -0.46912410855293274, -0.5635788440704346, 0.08195337653160095, -0.9996829032897949, -1.0026023387908936, -0.9989248514175415, -0.6000000238418579, 0.06199803203344345, -0.9110599160194397, -0.9163994789123535, -1.0, -0.993929386138916, -1.0, -0.9948766231536865, -0.486078143119812, 0.4859209954738617, -0.17309395968914032, 0.7321799397468567, -0.41741132736206055, -0.9206599593162537, -0.22622151672840118, -0.6014690399169922, -0.583807647228241], [-0.4410335123538971, -0.7896934151649475, -0.03688107803463936, -0.009507386013865471, -0.9998725056648254, -0.012829465791583061, -0.9977298974990845, -0.5638676881790161, -0.7971424460411072, -0.24404163658618927, -0.9999023079872131, -1.0009260177612305, -0.9999610185623169, -1.0, -0.12484447658061981, -0.8991765975952148, -0.9131898880004883, -0.8615211248397827, -0.9935159087181091, -0.9095979928970337, -0.9949619174003601, -0.47968804836273193, 0.4774462580680847, -0.17309395968914032, 0.7321799397468567, -0.41741132736206055, -0.9206599593162537, -0.22622151672840118, -0.6014690399169922, -0.583807647228241]], "general_static": {"gains_and_scale_normalized": [-0.17309396083805695, 0.7321799141461836, -0.41741133771370365], "mass_normalized": [-0.9206599486510133], "robot_dimensions_normalized": [-0.22622152344385782, -0.6014690583095628, -0.5838076623915474], "trunk_attributes_normalized": [-0.922428054139031, -7.3903444735679e-05, -0.004558893795810981, 1.0, -0.9762682755995884, -0.9355585445314495, -0.9935509336215613]},