{"n_joints": 12, "joint_descriptions": [[0.5290288329124451, 0.2890898883342743, 0.8366102576255798, 0.9999789595603943, -0.0010454695438966155, 0.006402286235243082, -0.9875022172927856, 0.631508469581604, 0.33598291873931885, 0.8392899632453918, -0.9997524619102478, -0.9997828602790833, -1.000441074371338, -0.6000000238418579, -0.0005241942126303911, -0.9033634066581726, -0.9180889129638672, -0.9959484934806824, -0.9921084046363831, -0.9976474046707153, -0.9947658181190491, -0.11183535307645798, 0.07315044850111008, -0.016249045729637146, 0.9222371578216553, -0.4304564893245697, -0.9101845622062683, -0.25250476598739624, -0.5512653589248657, -0.6160416603088379], [0.6348940134048462, 0.5239081978797913, 0.8422766327857971, 0.00040289975004270673, 0.9999783635139465, 0.006566912401467562, -0.9859318733215332, 0.46865537762641907, 0.6093107461929321, 0.06829047948122025, -1.0016511678695679, -0.9982616901397705, -0.9986770749092102, -0.6000000238418579, 0.06066218391060829, -0.900187611579895, -0.9231298565864563, -0.8595314621925354, -0.9927224516868591, -1.0, -0.9951096177101135, -0.4814583957195282, 0.4828798472881317, -0.016249045729637146, 0.9222371578216553, -0.4304564893245697, -0.9101845622062683, -0.25250476598739624, -0.5512653589248657, -0.6160416603088379], [0.44168275594711304, 0.8172376751899719, -0.0711246058344841, -0.002698370022699237, 0.9999945163726807, -0.0019199077505618334, -0.9972776174545288, 0.5914596319198608, 0.8343080282211304, -0.24687042832374573, -1.0004386901855469, -0.9992413520812988, -1.0002204179763794, -1.0, -0.12278956919908524, -0.9027234315872192, -0.9152688980102539, -0.9911783933639526, -0.9930869340896606, -1.0, -0.9948058128356934, -0.4832426905632019, 0.4799879193305969, -0.016249045729637146, 0.9222371578216553, -0.4304564893245697, -0.9101845622062683, -0.25250476598739624, -0.5512653589248657, -0.6160416603088379], [0.5293741226196289, -0.2916722297668457, 0.8393369317054749, 0.9999946355819702, -0.0016369472723454237, 0.002842268208041787, -0.9872090220451355, 0.6317178606987, -0.3395044505596161, 0.8371007442474365, -0.9997842311859131, -0.9996541142463684, -1.000382423400879, -0.6000000238418579, 0.0031300620175898075, -0.9008859992027283, -0.9250683784484863, -0.8948745131492615, -0.9932692050933838, -1.0, -0.9951291680335999, -0.08080568164587021, 0.111928790807724, -0.016249045729637146, 0.9222371578216553, -0.4304564893245697, -0.9101845622062683, -0.25250476598739624, -0.5512653589248657, -0.6160416603088379], [0.637126088142395, -0.5327051877975464, 0.8361350893974304, -0.0019306219182908535, -0.9998249411582947, -0.018609637394547462, -0.986341118812561, 0.46878522634506226, -0.6095491051673889, 0.054769884794950485, -0.9979123473167419, -1.0017684698104858, -1.000292420387268, -0.6000000238418579, -0.061342380940914154, -0.9043394327163696, -0.9173453450202942, -0.9620292782783508, -0.9927554130554199, -0.9493509531021118, -0.9941398501396179, -0.4770563840866089, 0.4829753339290619, -0.016249045729637146, 0.9222371578216553, -0.4304564893245697, -0.9101845622062683, -0.25250476598739624, -0.5512653589248657, -0.6160416603088379], [0.43849000334739685, -0.812900722026825, -0.07443995773792267, -0.0022250183392316103, -0.9997791647911072, -0.02089730277657509, -0.9973066449165344, 0.5870320200920105, -0.8270474076271057, -0.24544678628444672, -0.9996024370193481, -1.0006957054138184, -0.9996272325515747, -1.0, 0.12323114275932312, -0.9067023396492004, -0.920136034488678, -0.8863902688026428, -0.9924795031547546, -1.0, -0.9952583312988281, -0.48031094670295715, 0.4816884398460388, -0.016249045729637146, 0.9222371578216553, -0.4304564893245697, -0.9101845622062683, -0.25250476598739624, -0.5512653589248657, -0.6160416603088379], [-0.5301881432533264, 0.2876735031604767, 0.8325858116149902, -0.9999918341636658, -8.219880692195147e-05, -0.0040382700972259045, -0.9873552322387695, -0.6284720301628113, 0.3400942087173462, 0.8296788930892944, -1.0002113580703735, -1.0003427267074585, -1.000382423400879, -0.6000000238418579, -0.00022893607092555612, -0.9024657011032104, -0.9190942645072937, -0.8657169938087463, -0.9934046864509583, -0.97611403465271, -0.9947401881217957, -0.0789465457201004, 0.10418865829706192, -0.016249045729637146, 0.9222371578216553, -0.4304564893245697, -0.9101845622062683, -0.25250476598739624, -0.5512653589248657, -0.6160416603088379], [-0.6341812014579773, 0.5189064145088196, 0.8403791785240173, -0.0031440018210560083, 0.9999821782112122, -0.005077749490737915, -0.9859516620635986, -0.4628479778766632, 0.6114055514335632, 0.06473913788795471, -1.0021119117736816, -0.9982306957244873, -1.0002604722976685, -0.6000000238418579, -0.0629669576883316, -0.9064326882362366, -0.9232175350189209, -0.8670649528503418, -0.9925146102905273, -1.0, -0.9950018525123596, -0.4830973744392395, 0.481354296207428, -0.016249045729637146, 0.9222371578216553, -0.4304564893245697, -0.9101845622062683, -0.25250476598739624, -0.5512653589248657, -0.6160416603088379], [-0.43441125750541687, 0.8171405792236328, -0.05629538744688034, -0.004331799224019051, 0.9999818205833435, -0.004201591480523348, -0.9972968101501465, -0.5819823145866394, 0.8334826231002808, -0.23905499279499054, -1.0004149675369263, -0.9992956519126892, -0.9996107220649719, -1.0, 0.12144358456134796, -0.9029678702354431, -0.9227301478385925, -0.8933216333389282, -0.993009626865387, -1.0, -0.9947720170021057, -0.4831129014492035, 0.48293536901474, -0.016249045729637146, 0.9222371578216553, -0.4304564893245697, -0.9101845622062683, -0.25250476598739624, -0.5512653589248657, -0.6160416603088379], [-0.5279877781867981, -0.2989884912967682, 0.8376061320304871, -0.9999991059303284, 0.001268076361157, 0.00045976261026225984, -0.9871169924736023, -0.6247085928916931, -0.3460269272327423, 0.8345572352409363, -1.0002498626708984, -1.000215768814087, -1.0004539489746094, -0.6000000238418579, -0.00043465601629577577, -0.8996433019638062, -0.9218517541885376, -0.9076105952262878, -0.992970883846283, -1.0, -0.9946886897087097, -0.1148708239197731, 0.0822184681892395, -0.016249045729637146, 0.9222371578216553, -0.4304564893245697, -0.9101845622062683, -0.25250476598739624, -0.5512653589248657, -0.6160416603088379], [-0.6341624855995178, -0.5330749154090881, 0.8408648371696472, -0.0014786258107051253, -0.999976396560669, -0.006706673186272383, -0.9866493344306946, -0.46212059259414673, -0.6235225200653076, 0.06730066239833832, -0.9984402060508728, -1.001715898513794, -0.9986934065818787, -0.6000000238418579, 0.06272576749324799, -0.9090782999992371, -0.921625018119812, -0.8737293481826782, -0.9924362301826477, -1.0, -0.9947040677070618, -0.4822821021080017, 0.4842471182346344, -0.016249045729637146, 0.9222371578216553, -0.4304564893245697, -0.9101845622062683, -0.25250476598739624, -0.5512653589248657, -0.6160416603088379], [-0.4337534010410309, -0.8205982446670532, -0.06095818430185318, -0.0007552756578661501, -0.9999940395355225, -0.0033677462488412857, -0.9972679615020752, -0.5827696919441223, -0.8389402031898499, -0.24039264023303986, -0.9995557069778442, -1.0007632970809937, -1.0002325773239136, -1.0, -0.12280254065990448, -0.8988592624664307, -0.9199148416519165, -0.9662187099456787, -0.9935020804405212, -1.0, -0.9947482943534851, -0.4827318787574768, 0.48514318466186523, -0.016249045729637146, 0.9222371578216553, -0.4304564893245697, -0.9101845622062683, -0.25250476598739624, -0.5512653589248657, -0.6160416603088379]], "general_static": {"gains_and_scale_normalized": [-0.016249045078286284, 0.92223715876444, -0.430456485497987], "mass_normalized": [-0.9101845504591184], "robot_dimensions_normalized": [-0.25250477222601564, -0.5512653676274686, -0.6160416434524953], "trunk_attributes_normalized": [-0.9147088360113056, 0.002662304597809584, -0.007023826990517401, 1.0, -0.9843779372293282, -0.9547496219541831, -0.9648018736604611]},