{"n_joints": 12, "joint_descriptions": [[0.5275484919548035, 0.29231828451156616, 0.8315994739532471, 0.999999463558197, -0.0010180880781263113, -3.762464257306419e-05, -0.986803412437439, 0.6276299953460693, 0.33846315741539, 0.8308479189872742, -0.9997567534446716, -0.999707043170929, -1.0004518032073975, -0.6000000238418579, 2.9975397410453297e-05, -0.9025472402572632, -0.9178164601325989, -0.9587456583976746, -0.9924483895301819, -1.0, -0.9948218464851379, -0.10996740311384201, 0.07260073721408844, -0.02921675331890583, 0.9598844051361084, -0.4205855429172516, -0.9067586064338684, -0.2524398863315582, -0.5396249890327454, -0.6202589273452759], [0.6332274675369263, 0.5342224836349487, 0.8321776986122131, 0.003787994384765625, 0.9999922513961792, -0.0010445273946970701, -0.9856261014938354, 0.4673164188861847, 0.6217377781867981, 0.05519149452447891, -1.002054214477539, -0.9983386397361755, -0.9985098242759705, -0.6000000238418579, 0.061261389404535294, -0.8981375694274902, -0.9184504151344299, -0.9044946432113647, -0.9925482869148254, -0.999086320400238, -0.9947311878204346, -0.48401951789855957, 0.48443731665611267, -0.02921675331890583, 0.9598844051361084, -0.4205855429172516, -0.9067586064338684, -0.2524398863315582, -0.5396249890327454, -0.6202589273452759], [0.43993547558784485, 0.8201897144317627, -0.07312969118356705, 0.0015205678064376116, 0.9999968409538269, 0.00200645811855793, -0.997160792350769, 0.5944308042526245, 0.8342095613479614, -0.24722915887832642, -1.0005505084991455, -0.9992371201515198, -1.0003105401992798, -1.0, -0.12275681644678116, -0.902778685092926, -0.9159794449806213, -0.929880678653717, -0.993075966835022, -1.0, -0.994918704032898, -0.4807431697845459, 0.4817654490470886, -0.02921675331890583, 0.9598844051361084, -0.4205855429172516, -0.9067586064338684, -0.2524398863315582, -0.5396249890327454, -0.6202589273452759], [0.5286340117454529, -0.3037375211715698, 0.8335649371147156, 1.0, 0.00015616188466083258, -0.00014817737974226475, -0.9869818091392517, 0.6285390257835388, -0.35419905185699463, 0.8313171863555908, -0.9997975826263428, -0.9995877146720886, -1.000362515449524, -0.6000000238418579, 0.001346635166555643, -0.8976894617080688, -0.9210532307624817, -0.9080210328102112, -0.9927380084991455, -0.9936625957489014, -0.9947508573532104, -0.0771661251783371, 0.11233121156692505, -0.02921675331890583, 0.9598844051361084, -0.4205855429172516, -0.9067586064338684, -0.2524398863315582, -0.5396249890327454, -0.6202589273452759], [0.6353678703308105, -0.5440935492515564, 0.8280245661735535, 4.037834060000023e-06, -0.9999646544456482, -0.008410417474806309, -0.9854449033737183, 0.4699077010154724, -0.6262057423591614, 0.048434484750032425, -0.9974850416183472, -1.00166916847229, -1.0004487037658691, -0.6000000238418579, -0.06122685968875885, -0.9039219617843628, -0.9183816909790039, -0.9074754118919373, -0.9926906824111938, -0.941117525100708, -0.9943162798881531, -0.4803423285484314, 0.48042041063308716, -0.02921675331890583, 0.9598844051361084, -0.4205855429172516, -0.9067586064338684, -0.2524398863315582, -0.5396249890327454, -0.6202589273452759], [0.4413790702819824, -0.8240506052970886, -0.07913296669721603, 0.00027589721139520407, -0.9999598264694214, -0.008957413025200367, -0.9972224831581116, 0.5954806208610535, -0.8384634852409363, -0.24934788048267365, -0.9994794130325317, -1.0006870031356812, -0.9995379447937012, -1.0, 0.12264378368854523, -0.9012670516967773, -0.9165952205657959, -0.8914274573326111, -0.9926745891571045, -1.0, -0.9949008822441101, -0.47960159182548523, 0.4798668324947357, -0.02921675331890583, 0.9598844051361084, -0.4205855429172516, -0.9067586064338684, -0.2524398863315582, -0.5396249890327454, -0.6202589273452759], [-0.5264543890953064, 0.2923567295074463, 0.830794095993042, -0.9999999403953552, 6.564672366948798e-05, 0.0002673918497748673, -0.9868725538253784, -0.6247503757476807, 0.3429793417453766, 0.8297857046127319, -1.0001986026763916, -1.0004215240478516, -1.0003693103790283, -0.6000000238418579, 7.033369456621585e-06, -0.9011454582214355, -0.917285680770874, -0.8701409697532654, -0.992843508720398, -1.0, -0.9946035742759705, -0.0770040974020958, 0.10700902342796326, -0.02921675331890583, 0.9598844051361084, -0.4205855429172516, -0.9067586064338684, -0.2524398863315582, -0.5396249890327454, -0.6202589273452759], [-0.6317071318626404, 0.5296558141708374, 0.831017017364502, -0.0005209045484662056, 0.9999991059303284, -0.0012331807520240545, -0.9853870868682861, -0.46013468503952026, 0.6182435154914856, 0.055855829268693924, -1.002544641494751, -0.9983489513397217, -1.0004769563674927, -0.6000000238418579, -0.06297308206558228, -0.90087890625, -0.9185390472412109, -0.871642529964447, -0.9923971891403198, -1.0, -0.9947660565376282, -0.48331013321876526, 0.48260560631752014, -0.02921675331890583, 0.9598844051361084, -0.4205855429172516, -0.9067586064338684, -0.2524398863315582, -0.5396249890327454, -0.6202589273452759], [-0.43228140473365784, 0.819835901260376, -0.06627213954925537, -0.0004201749979984015, 0.9999996423721313, 0.0007249062764458358, -0.9971990585327148, -0.5852319598197937, 0.835365355014801, -0.24365223944187164, -1.0005278587341309, -0.9993085861206055, -0.9995394945144653, -1.0, 0.12220720946788788, -0.9018410444259644, -0.9180930256843567, -0.9100171327590942, -0.9925553202629089, -1.0, -0.9949066638946533, -0.48465532064437866, 0.48341888189315796, -0.02921675331890583, 0.9598844051361084, -0.4205855429172516, -0.9067586064338684, -0.2524398863315582, -0.5396249890327454, -0.6202589273452759], [-0.5262560248374939, -0.30337488651275635, 0.8330700397491455, -0.9999991059303284, 0.0007797890575602651, -0.0010734257521107793, -0.9866300821304321, -0.6247795820236206, -0.3538678288459778, 0.8310893177986145, -1.0002373456954956, -1.0002955198287964, -1.0004616975784302, -0.6000000238418579, -0.0004713062953669578, -0.901407778263092, -0.9194254875183105, -0.8674085736274719, -0.9927365779876709, -0.9767240285873413, -0.9947047233581543, -0.11119171231985092, 0.07880488783121109, -0.02921675331890583, 0.9598844051361084, -0.4205855429172516, -0.9067586064338684, -0.2524398863315582, -0.5396249890327454, -0.6202589273452759], [-0.630830705165863, -0.53954017162323, 0.8309082388877869, -0.00018106846255250275, -0.9999937415122986, -0.0035301402676850557, -0.9857929944992065, -0.46161195635795593, -0.6240938305854797, 0.057133715599775314, -0.9979891777038574, -1.0016591548919678, -0.9985156059265137, -0.6000000238418579, 0.06287068873643875, -0.9039477705955505, -0.9190880656242371, -0.9008810520172119, -0.9925068616867065, -1.0, -0.9946772456169128, -0.48392781615257263, 0.48348280787467957, -0.02921675331890583, 0.9598844051361084, -0.4205855429172516, -0.9067586064338684, -0.2524398863315582, -0.5396249890327454, -0.6202589273452759], [-0.43363624811172485, -0.8207745552062988, -0.07132428139448166, -3.4370234061498195e-05, -0.9999352693557739, -0.011375988833606243, -0.9972018003463745, -0.5861428380012512, -0.8385715484619141, -0.25080832839012146, -0.9994422793388367, -1.0007555484771729, -1.0003029108047485, -1.0, -0.12160816043615341, -0.9021071195602417, -0.9187033772468567, -0.9251644015312195, -0.9930245876312256, -1.0, -0.9946987628936768, -0.4823455512523651, 0.4827394187450409, -0.02921675331890583, 0.9598844051361084, -0.4205855429172516, -0.9067586064338684, -0.2524398863315582, -0.5396249890327454, -0.6202589273452759]], "general_static": {"gains_and_scale_normalized": [-0.029216753764876202, 0.9598843841597948, -0.4205855530925712], "mass_normalized": [-0.9067586279231613], "robot_dimensions_normalized": [-0.25243988200028744, -0.5396249654979155, -0.6202588989929079], "trunk_attributes_normalized": [-0.9118838348747967, 0.004669310069115085, -0.00551295455707812, 1.0, -0.9852780291387546, -0.9553965655851205, -0.9556805173163583]},