{"n_joints": 12, "joint_descriptions": [[0.531465470790863, 0.36019793152809143, 0.863315999507904, 0.9985527396202087, -0.01536246482282877, 0.05154052749276161, -0.9760383367538452, 0.6439796090126038, 0.4029269814491272, 0.837985634803772, -0.999476969242096, -0.9986888766288757, -1.0018713474273682, -0.6000000238418579, -0.005624087993055582, -0.8910596370697021, -0.8530035018920898, -0.9958451986312866, -0.9965404272079468, -0.9805634617805481, -0.991766631603241, -0.15542474389076233, 0.07200399786233902, 0.40615254640579224, 0.6772640347480774, -0.32545220851898193, -0.8024486303329468, 0.026460079476237297, -0.35503703355789185, -0.5382972955703735], [0.6387626528739929, 0.5710292458534241, 0.8171502351760864, -0.0029719301965087652, 0.9975956082344055, -0.06923988461494446, -0.966461718082428, 0.49043697118759155, 0.637783408164978, 0.1443631798028946, -1.011527180671692, -0.9912647008895874, -0.9930576086044312, -0.6000000238418579, 0.0630919486284256, -0.9355513453483582, -0.8862382173538208, -0.08455615490674973, -0.9858798384666443, -1.0, -0.9930751323699951, -0.48233485221862793, 0.4338388442993164, 0.40615254640579224, 0.6772640347480774, -0.32545220851898193, -0.8024486303329468, 0.026460079476237297, -0.35503703355789185, -0.5382972955703735], [0.4911499619483948, 0.7871851325035095, -0.09182313084602356, 0.014331439509987831, 0.997521698474884, -0.06888413429260254, -0.9949383735656738, 0.6251330971717834, 0.8050336837768555, -0.3005024790763855, -1.0030007362365723, -0.9967091679573059, -1.0019243955612183, -1.0, -0.11240890622138977, -0.8019440770149231, -0.8989797830581665, -0.7321050763130188, -0.9895575046539307, -0.2001744508743286, -0.9919379353523254, -0.5162264704704285, 0.5254029631614685, 0.40615254640579224, 0.6772640347480774, -0.32545220851898193, -0.8024486303329468, 0.026460079476237297, -0.35503703355789185, -0.5382972955703735], [0.5219212770462036, -0.2503953278064728, 0.8007775545120239, 0.9999934434890747, 0.0021184959914535284, 0.0029396386817097664, -0.9762368202209473, 0.6299752593040466, -0.3190094530582428, 0.7868320345878601, -0.9994613528251648, -0.9985829591751099, -1.0018517971038818, -0.6000000238418579, -0.009951010346412659, -0.8831658363342285, -0.8330084085464478, -0.9100953340530396, -0.989950954914093, -1.0, -0.9953317046165466, -0.1112770140171051, 0.10425632447004318, 0.40615254640579224, 0.6772640347480774, -0.32545220851898193, -0.8024486303329468, 0.026460079476237297, -0.35503703355789185, -0.5382972955703735], [0.6175287961959839, -0.46848925948143005, 0.760812520980835, -0.00038222677540034056, -0.9974914789199829, 0.07078521698713303, -0.975567638874054, 0.5051237940788269, -0.5840190052986145, 0.06511586159467697, -0.9888519644737244, -1.007789969444275, -1.000038981437683, -0.6000000238418579, -0.052946578711271286, -0.919539213180542, -0.9011783003807068, -0.8248857855796814, -0.9849846959114075, -0.8698724508285522, -0.9947437644004822, -0.43680721521377563, 0.4446949064731598, 0.40615254640579224, 0.6772640347480774, -0.32545220851898193, -0.8024486303329468, 0.026460079476237297, -0.35503703355789185, -0.5382972955703735], [0.4755302369594574, -0.7815477252006531, -0.07890162616968155, -0.02149323560297489, -0.9990596771240234, 0.03765355423092842, -0.9912721514701843, 0.6327994465827942, -0.8020365238189697, -0.25199875235557556, -0.9974592328071594, -1.0038785934448242, -0.9974337816238403, -1.0, 0.12168774008750916, -0.9534311294555664, -0.8439019918441772, -0.8791883587837219, -0.9959659576416016, -1.0, -0.9931846261024475, -0.48507922887802124, 0.5109444856643677, 0.40615254640579224, 0.6772640347480774, -0.32545220851898193, -0.8024486303329468, 0.026460079476237297, -0.35503703355789185, -0.5382972955703735], [-0.5274015665054321, 0.37567275762557983, 0.8865269422531128, -0.999984085559845, 0.005465495400130749, -0.001378360902890563, -0.9748544692993164, -0.6278834939002991, 0.4105994999408722, 0.8379985094070435, -1.0003851652145386, -1.002524733543396, -1.001371145248413, -0.6000000238418579, 0.006379690486937761, -0.941786527633667, -0.8943523168563843, -0.42237794399261475, -0.9910731315612793, -1.0, -0.9980096817016602, -0.12536442279815674, 0.06678736209869385, 0.40615254640579224, 0.6772640347480774, -0.32545220851898193, -0.8024486303329468, 0.026460079476237297, -0.35503703355789185, -0.5382972955703735], [-0.6312302947044373, 0.6142930388450623, 0.8464776277542114, 0.06530234217643738, 0.9976646900177002, -0.02002020552754402, -0.9689579010009766, -0.48933470249176025, 0.6947146654129028, 0.16306889057159424, -1.0117247104644775, -0.9899855256080627, -1.0024909973144531, -0.6000000238418579, -0.0647953525185585, -0.912070095539093, -0.9013193845748901, -1.0, -0.9939051270484924, -0.6804867386817932, -0.9928386807441711, -0.43936944007873535, 0.49659818410873413, 0.40615254640579224, 0.6772640347480774, -0.32545220851898193, -0.8024486303329468, 0.026460079476237297, -0.35503703355789185, -0.5382972955703735], [-0.45735684037208557, 0.8759885430335999, 0.022436905652284622, -0.00501108868047595, 0.9996646046638489, -0.02540714479982853, -0.9928109049797058, -0.6199600100517273, 0.8579970002174377, -0.1418372541666031, -1.0023655891418457, -0.9960818290710449, -0.998285710811615, -1.0, 0.12464714795351028, -0.8730372786521912, -0.9032189249992371, -1.0, -0.9926372170448303, -0.1655004620552063, -0.9964277148246765, -0.5033133029937744, 0.4826961159706116, 0.40615254640579224, 0.6772640347480774, -0.32545220851898193, -0.8024486303329468, 0.026460079476237297, -0.35503703355789185, -0.5382972955703735], [-0.5347084999084473, -0.21957919001579285, 0.839825451374054, -0.9992619156837463, -0.014624541625380516, -0.03552035614848137, -0.9680829048156738, -0.6340047717094421, -0.28051111102104187, 0.7825207114219666, -1.0005886554718018, -1.0019234418869019, -1.0030131340026855, -0.6000000238418579, -0.0004004514485131949, -0.865431010723114, -0.9515631198883057, -0.27077269554138184, -0.9863850474357605, -0.9190514087677002, -0.9954355955123901, -0.1324896216392517, 0.11448165774345398, 0.40615254640579224, 0.6772640347480774, -0.32545220851898193, -0.8024486303329468, 0.026460079476237297, -0.35503703355789185, -0.5382972955703735], [-0.6351621747016907, -0.4670935273170471, 0.8446387648582458, 0.0002568023046478629, -0.9993718266487122, -0.03543837368488312, -0.9560559391975403, -0.5298207402229309, -0.5757466554641724, 0.0856952965259552, -0.9865179061889648, -1.0092313289642334, -0.9929512143135071, -0.6000000238418579, 0.051668278872966766, -0.7931424379348755, -0.9166870713233948, -0.9980921745300293, -0.9914219975471497, -1.0, -0.9885340332984924, -0.43692511320114136, 0.43949177861213684, 0.40615254640579224, 0.6772640347480774, -0.32545220851898193, -0.8024486303329468, 0.026460079476237297, -0.35503703355789185, -0.5382972955703735], [-0.4995477795600891, -0.7199347615242004, -0.023686351254582405, 0.04030833765864372, -0.9991862177848816, -0.001451174495741725, -0.991856038570404, -0.6470683217048645, -0.7255951762199402, -0.16400033235549927, -0.9968743920326233, -1.0048404932022095, -1.0018726587295532, -1.0, -0.11736917495727539, -0.8105953335762024, -0.9243371486663818, -0.19376657903194427, -0.9868455529212952, -0.5337660312652588, -0.9928401708602905, -0.47588250041007996, 0.45338812470436096, 0.40615254640579224, 0.6772640347480774, -0.32545220851898193, -0.8024486303329468, 0.026460079476237297, -0.35503703355789185, -0.5382972955703735]], "general_static": {"gains_and_scale_normalized": [0.40615255326395916, 0.6772640487667627, -0.32545221591153706], "mass_normalized": [-0.8024486157296906], "robot_dimensions_normalized": [0.02646007982889831, -0.3550370261920103, -0.5382973246250444], "trunk_attributes_normalized": [-0.82237622169354, 0.016071271330602377, 0.04398214910577036, 1.0, -0.9545960546805614, -0.8379226524770541, -0.7745256502658157]},