{"n_joints": 12, "joint_descriptions": [[0.5316513180732727, 0.34329870343208313, 0.8686437010765076, 0.9982796907424927, -0.027575284242630005, 0.05174184963107109, -0.9750595688819885, 0.6455674171447754, 0.38371068239212036, 0.8366831541061401, -0.9997729659080505, -0.998751699924469, -1.0023058652877808, -0.6000000238418579, -0.006392276845872402, -0.8941076993942261, -0.8465542793273926, -1.0, -0.9969912767410278, -0.9311057329177856, -0.9912868142127991, -0.1584862619638443, 0.07449830323457718, 0.45974212884902954, 0.6393106579780579, -0.33591148257255554, -0.7927300333976746, 0.05378957837820053, -0.32286006212234497, -0.5425220727920532], [0.6396634578704834, 0.543857216835022, 0.813306450843811, 0.001858953619375825, 0.9995248317718506, -0.03076786734163761, -0.9648157358169556, 0.49402666091918945, 0.6105547547340393, 0.15144848823547363, -1.0129071474075317, -0.9900323152542114, -0.991674542427063, -0.6000000238418579, 0.06353192031383514, -0.9393715262413025, -0.8862906098365784, -0.02543024532496929, -0.9851434826850891, -1.0, -0.9928065538406372, -0.4843277633190155, 0.43077707290649414, 0.45974212884902954, 0.6393106579780579, -0.33591148257255554, -0.7927300333976746, 0.05378957837820053, -0.32286006212234497, -0.5425220727920532], [0.49493685364723206, 0.7541911005973816, -0.09302083402872086, 0.015148298814892769, 0.998144268989563, -0.058979135006666183, -0.9948285222053528, 0.6259608268737793, 0.7727628350257874, -0.3052460551261902, -1.0034669637680054, -0.9962987303733826, -1.00221848487854, -1.0, -0.1116434633731842, -0.7938370108604431, -0.9012949466705322, -0.7326839566230774, -0.9894216060638428, -0.15015631914138794, -0.9914621114730835, -0.5192800164222717, 0.5284625887870789, 0.45974212884902954, 0.6393106579780579, -0.33591148257255554, -0.7927300333976746, 0.05378957837820053, -0.32286006212234497, -0.5425220727920532], [0.522290050983429, -0.2582729756832123, 0.7999418377876282, 0.9999984502792358, -0.0016948457341641188, -0.0004216953821014613, -0.9751887321472168, 0.6315778493881226, -0.3274741470813751, 0.7861514091491699, -0.9997287392616272, -0.9981290102005005, -1.0019540786743164, -0.6000000238418579, -0.010719820857048035, -0.8860341906547546, -0.8262205719947815, -0.9080970287322998, -0.9898142218589783, -1.0, -0.9956040382385254, -0.11433291435241699, 0.10129561275243759, 0.45974212884902954, 0.6393106579780579, -0.33591148257255554, -0.7927300333976746, 0.05378957837820053, -0.32286006212234497, -0.5425220727920532], [0.6169523596763611, -0.47177281975746155, 0.7517567276954651, -0.014983688481152058, -0.9973185658454895, 0.07163184136152267, -0.9750808477401733, 0.5106518268585205, -0.59134840965271, 0.0655323937535286, -0.9893985390663147, -1.0111111402511597, -1.0021369457244873, -0.6000000238418579, -0.05218201130628586, -0.9230955839157104, -0.9035331606864929, -0.785923421382904, -0.9842899441719055, -0.895403265953064, -0.9950048923492432, -0.4337451159954071, 0.44163697957992554, 0.45974212884902954, 0.6393106579780579, -0.33591148257255554, -0.7927300333976746, 0.05378957837820053, -0.32286006212234497, -0.5425220727920532], [0.4799310564994812, -0.7830756902694702, -0.07768699526786804, -0.017116904258728027, -0.9990392923355103, 0.04034196585416794, -0.9906435608863831, 0.6346542835235596, -0.8035084009170532, -0.24905896186828613, -0.997183620929718, -1.0042544603347778, -0.9966749548912048, -1.0, 0.12129555642604828, -0.9575493931770325, -0.8373006582260132, -0.8397443294525146, -0.9963465332984924, -0.9548030495643616, -0.9931625723838806, -0.48805102705955505, 0.5139933824539185, 0.45974212884902954, 0.6393106579780579, -0.33591148257255554, -0.7927300333976746, 0.05378957837820053, -0.32286006212234497, -0.5425220727920532], [-0.5276489853858948, 0.3582892119884491, 0.8922836184501648, -0.9999836683273315, 0.0005446685827337205, -0.005691370461136103, -0.9736976027488708, -0.6272312998771667, 0.3928200900554657, 0.8377335071563721, -1.0003077983856201, -1.0029685497283936, -1.0015671253204346, -0.6000000238418579, 0.007133730687201023, -0.9457105398178101, -0.8963682055473328, -0.37705475091934204, -0.9910642504692078, -1.0, -0.9983282685279846, -0.128426194190979, 0.06372641026973724, 0.45974212884902954, 0.6393106579780579, -0.33591148257255554, -0.7927300333976746, 0.05378957837820053, -0.32286006212234497, -0.5425220727920532], [-0.6305850148200989, 0.5921725630760193, 0.8446177244186401, 0.07437393814325333, 0.9957379698753357, -0.054538194090127945, -0.9674826264381409, -0.49326643347740173, 0.6704363822937012, 0.16899743676185608, -1.0144039392471313, -0.9898826479911804, -1.002677083015442, -0.6000000238418579, -0.06548409909009933, -0.915493905544281, -0.9036664366722107, -1.0, -0.9943180680274963, -0.6307555437088013, -0.9923943877220154, -0.4363100826740265, 0.49961748719215393, 0.45974212884902954, 0.6393106579780579, -0.33591148257255554, -0.7927300333976746, 0.05378957837820053, -0.32286006212234497, -0.5425220727920532], [-0.463318794965744, 0.8479408025741577, 0.025354070588946342, 0.05605406314134598, 0.9953374266624451, -0.07849399745464325, -0.9924521446228027, -0.6255558133125305, 0.8431799411773682, -0.13750772178173065, -1.0030046701431274, -0.9955275654792786, -0.9985367059707642, -1.0, 0.12540900707244873, -0.8757357597351074, -0.9056284427642822, -1.0, -0.9930163621902466, -0.11547231674194336, -0.996719479560852, -0.5063483119010925, 0.4837394952774048, 0.45974212884902954, 0.6393106579780579, -0.33591148257255554, -0.7927300333976746, 0.05378957837820053, -0.32286006212234497, -0.5425220727920532], [-0.5360530614852905, -0.2250143438577652, 0.8449947237968445, -0.9990348815917969, 0.020602019503712654, 0.0387919656932354, -0.9666103720664978, -0.6349452137947083, -0.2839784324169159, 0.7847638726234436, -1.000611662864685, -1.0022196769714355, -1.0035815238952637, -0.6000000238418579, -0.0006307265139184892, -0.8590381741523743, -0.9548308253288269, -0.22563914954662323, -0.9857109785079956, -0.8987080454826355, -0.9957098364830017, -0.1355278342962265, 0.11753822863101959, 0.45974212884902954, 0.6393106579780579, -0.33591148257255554, -0.7927300333976746, 0.05378957837820053, -0.32286006212234497, -0.5425220727920532], [-0.6361500024795532, -0.46441128849983215, 0.8488522171974182, -0.030341140925884247, -0.9993038773536682, 0.021707404404878616, -0.9528742432594299, -0.5419735312461853, -0.5737059712409973, 0.09054873883724213, -0.9836815595626831, -1.0101571083068848, -0.992113471031189, -0.6000000238418579, 0.050903379917144775, -0.7848920226097107, -0.9193539023399353, -0.9684653878211975, -0.9917682409286499, -1.0, -0.9879958033561707, -0.4338639974594116, 0.4364292323589325, 0.45974212884902954, 0.6393106579780579, -0.33591148257255554, -0.7927300333976746, 0.05378957837820053, -0.32286006212234497, -0.5425220727920532], [-0.5099768042564392, -0.7124254703521729, -0.018453046679496765, 0.041719503700733185, -0.9985712170600891, -0.0333922915160656, -0.9912634491920471, -0.6555008292198181, -0.7245064377784729, -0.1473214328289032, -0.995928168296814, -1.0053197145462036, -1.0025047063827515, -1.0, -0.11661607027053833, -0.8026348352432251, -0.9271555542945862, -0.1497047394514084, -0.9861823320388794, -0.4838680028915405, -0.99239581823349, -0.47547197341918945, 0.4503351151943207, 0.45974212884902954, 0.6393106579780579, -0.33591148257255554, -0.7927300333976746, 0.05378957837820053, -0.32286006212234497, -0.5425220727920532]], "general_static": {"gains_and_scale_normalized": [0.45974211724041303, 0.6393106814288316, -0.3359114882335916], "mass_normalized": [-0.7927300105697713], "robot_dimensions_normalized": [0.053789577484130824, -0.32286005228171766, -0.5425220840465894], "trunk_attributes_normalized": [-0.8136450609098407, 0.01703540507628243, 0.030291885537305552, 1.0, -1.0189769489486056, -0.8173097062089292, -0.7308608216567578]},