{"n_joints": 12, "joint_descriptions": [[0.5322266817092896, 0.34056127071380615, 0.8753522634506226, 0.9973470568656921, -0.05027971789240837, 0.05263837054371834, -0.9744234681129456, 0.6474254727363586, 0.38290247321128845, 0.8402721881866455, -0.9994850754737854, -0.9988930821418762, -1.002678632736206, -0.6000000238418579, -0.007161418441683054, -0.8977938294410706, -0.8406289219856262, -1.0, -0.9974734783172607, -0.8812261819839478, -0.990829586982727, -0.1615576297044754, 0.07742385566234589, 0.5080580711364746, 0.592465341091156, -0.35006529092788696, -0.7856569290161133, 0.08028197288513184, -0.3163961172103882, -0.5553746819496155], [0.6396210789680481, 0.5408347249031067, 0.8130896091461182, 0.001938631059601903, 0.9968562126159668, -0.07920833677053452, -0.9636023640632629, 0.5041593313217163, 0.6155496835708618, 0.15559016168117523, -1.016034722328186, -0.9902247786521912, -0.9910231828689575, -0.6000000238418579, 0.06420139968395233, -0.943605363368988, -0.8885354995727539, 0.03324129059910774, -0.9844514727592468, -1.0, -0.9926435351371765, -0.48711374402046204, 0.4277056157588959, 0.5080580711364746, 0.592465341091156, -0.35006529092788696, -0.7856569290161133, 0.08028197288513184, -0.3163961172103882, -0.5553746819496155], [0.5093392133712769, 0.7591190934181213, -0.10021468251943588, 0.027281617745757103, 0.9981204867362976, -0.05487427860498428, -0.9947925209999084, 0.6387625336647034, 0.7769253253936768, -0.3111981451511383, -1.0039364099502563, -0.9958061575889587, -1.0025455951690674, -1.0, -0.11087562888860703, -0.7864641547203064, -0.9042269587516785, -0.7636856436729431, -0.9896107316017151, -0.10014170408248901, -0.9910072684288025, -0.5223484635353088, 0.5315332412719727, 0.5080580711364746, 0.592465341091156, -0.35006529092788696, -0.7856569290161133, 0.08028197288513184, -0.3163961172103882, -0.5553746819496155], [0.5230758786201477, -0.2753828465938568, 0.7987632155418396, 0.999984860420227, -0.0005215726559981704, -0.005477521568536758, -0.9744051694869995, 0.6337043046951294, -0.347432941198349, 0.78481125831604, -0.9996724128723145, -0.9985179901123047, -1.0026801824569702, -0.6000000238418579, -0.01148916408419609, -0.889607846736908, -0.8200514316558838, -0.8788327574729919, -0.9900044202804565, -1.0, -0.9959079027175903, -0.11740247160196304, 0.09825576096773148, 0.5080580711364746, 0.592465341091156, -0.35006529092788696, -0.7856569290161133, 0.08028197288513184, -0.3163961172103882, -0.5553746819496155], [0.6171101927757263, -0.49188339710235596, 0.7393667697906494, 0.002807647455483675, -0.9974013566970825, 0.07199076563119888, -0.97493976354599, 0.518268883228302, -0.6182851195335388, 0.06136823818087578, -0.9873230457305908, -1.0113525390625, -1.0045725107192993, -0.6000000238418579, -0.05141418054699898, -0.9271380305290222, -0.9064905643463135, -0.743320882320404, -0.983648955821991, -0.9078798890113831, -0.9953011870384216, -0.43067362904548645, 0.4385668635368347, 0.5080580711364746, 0.592465341091156, -0.35006529092788696, -0.7856569290161133, 0.08028197288513184, -0.3163961172103882, -0.5553746819496155], [0.48754626512527466, -0.8110291957855225, -0.08379515260457993, 0.036176275461912155, -0.9958595633506775, 0.08339662104845047, -0.9901054501533508, 0.6394314765930176, -0.8187204003334045, -0.25447553396224976, -0.9963135123252869, -1.005058765411377, -0.9969319105148315, -1.0, 0.1206483244895935, -0.9619996547698975, -0.8312652707099915, -0.796613872051239, -0.9967569708824158, -0.9050085544586182, -0.992993950843811, -0.4910980463027954, 0.5170601606369019, 0.5080580711364746, 0.592465341091156, -0.35006529092788696, -0.7856569290161133, 0.08028197288513184, -0.3163961172103882, -0.5553746819496155], [-0.528310239315033, 0.3554798364639282, 0.8997612595558167, -0.9999972581863403, -0.0012506217462942004, 0.001985536189749837, -0.9728620052337646, -0.6270403861999512, 0.390967458486557, 0.8376856446266174, -1.000159502029419, -1.0034942626953125, -1.0017484426498413, -0.6000000238418579, 0.007898080162703991, -0.9500194787979126, -0.8991773128509521, -0.33236372470855713, -0.990837812423706, -1.0, -0.9986650943756104, -0.13149744272232056, 0.06065524369478226, 0.5080580711364746, 0.592465341091156, -0.35006529092788696, -0.7856569290161133, 0.08028197288513184, -0.3163961172103882, -0.5553746819496155], [-0.6303439736366272, 0.5931194424629211, 0.8421518206596375, 0.0596795491874218, 0.9927061200141907, -0.10475167632102966, -0.9664025902748108, -0.5003472566604614, 0.6802269220352173, 0.17388364672660828, -1.0131230354309082, -0.9852613806724548, -1.0043892860412598, -0.6000000238418579, -0.06622778624296188, -0.9194427728652954, -0.9066216945648193, -1.0, -0.9947739243507385, -0.5808248519897461, -0.9919553399085999, -0.43323954939842224, 0.5026746988296509, 0.5080580711364746, 0.592465341091156, -0.35006529092788696, -0.7856569290161133, 0.08028197288513184, -0.3163961172103882, -0.5553746819496155], [-0.473908394575119, 0.8624662756919861, 0.02910647913813591, 0.00437908386811614, 0.9914489984512329, -0.1304212063550949, -0.9921937584877014, -0.6353769302368164, 0.854856014251709, -0.12908753752708435, -1.0035464763641357, -0.9950447082519531, -0.9982025623321533, -1.0, 0.12617608904838562, -0.8791952133178711, -0.9086189270019531, -1.0, -0.9934492707252502, -0.06544584035873413, -0.9970370531082153, -0.5094107389450073, 0.4837217330932617, 0.5080580711364746, 0.592465341091156, -0.35006529092788696, -0.7856569290161133, 0.08028197288513184, -0.3163961172103882, -0.5553746819496155], [-0.5369616150856018, -0.23854826390743256, 0.8510652780532837, -0.9988968968391418, -0.045602526515722275, -0.01119676511734724, -0.9655501246452332, -0.6345551013946533, -0.29919469356536865, 0.7809498310089111, -1.0004980564117432, -1.0026026964187622, -1.004228115081787, -0.6000000238418579, -0.0005533534567803144, -0.852644681930542, -0.9584205746650696, -0.18107424676418304, -0.9850848913192749, -0.8586625456809998, -0.9960149526596069, -0.13859105110168457, 0.12060784548521042, 0.5080580711364746, 0.592465341091156, -0.35006529092788696, -0.7856569290161133, 0.08028197288513184, -0.3163961172103882, -0.5553746819496155], [-0.6353276968002319, -0.4796389937400818, 0.8470229506492615, 0.02052270621061325, -0.9983413219451904, -0.05379109084606171, -0.9501459002494812, -0.5479751229286194, -0.5823586583137512, 0.08849174529314041, -0.9810557961463928, -1.0120799541473389, -0.9910758137702942, -0.6000000238418579, 0.050136029720306396, -0.7774122357368469, -0.9225152134895325, -0.9268938302993774, -0.9921839237213135, -1.0, -0.9874979257583618, -0.4307928681373596, 0.4333571493625641, 0.5080580711364746, 0.592465341091156, -0.35006529092788696, -0.7856569290161133, 0.08028197288513184, -0.3163961172103882, -0.5553746819496155], [-0.515374481678009, -0.7201974391937256, -0.026875218376517296, -0.06222729757428169, -0.9974149465560913, -0.03593356907367706, -0.9907544255256653, -0.6580471396446228, -0.7117982506752014, -0.14678382873535156, -0.9960958957672119, -1.0065791606903076, -1.0035001039505005, -1.0, -0.1158522367477417, -0.7953655123710632, -0.9304190278053284, -0.10592414438724518, -0.9855639338493347, -0.433887779712677, -0.9919567704200745, -0.4770358204841614, 0.44726622104644775, 0.5080580711364746, 0.592465341091156, -0.35006529092788696, -0.7856569290161133, 0.08028197288513184, -0.3163961172103882, -0.5553746819496155]], "general_static": {"gains_and_scale_normalized": [0.5080580796487151, 0.592465349991945, -0.3500652767075113], "mass_normalized": [-0.7856569321847547], "robot_dimensions_normalized": [0.08028196970621759, -0.31639611841573245, -0.5553746603738405], "trunk_attributes_normalized": [-0.8075505519592332, 0.017971792786150464, 0.018576503959432555, 1.0, -0.9677357766043103, -0.7434806368281583, -0.7253265234137724]},