{"n_joints": 12, "joint_descriptions": [[0.5307753086090088, 0.279160737991333, 0.8297502994537354, 0.9999904632568359, 0.003440616885200143, -0.0026905869599431753, -0.9851834774017334, 0.6318172216415405, 0.3312346935272217, 0.8262558579444885, -0.9997295141220093, -0.9997584223747253, -1.0007309913635254, -0.6000000238418579, 1.0989578186126892e-05, -0.9032069444656372, -0.9121025800704956, -0.8507601618766785, -0.9921433925628662, -1.0, -0.9948146343231201, -0.11021710932254791, 0.07418689876794815, -0.0398578979074955, 1.0394740104675293, -0.40756693482398987, -0.8890325427055359, -0.17564859986305237, -0.5205717086791992, -0.6119245886802673], [0.6368929743766785, 0.5048430562019348, 0.8341164588928223, -0.0009486298076808453, 0.9999960064888, 0.0026661993470042944, -0.9835482835769653, 0.4824892282485962, 0.6007234454154968, 0.055582158267498016, -1.002239465713501, -0.9968059659004211, -0.9982135891914368, -0.6000000238418579, 0.06171674653887749, -0.9071652293205261, -0.9162819981575012, -0.816207230091095, -0.9919299483299255, -0.9766467809677124, -0.9946178793907166, -0.476231187582016, 0.486797958612442, -0.0398578979074955, 1.0394740104675293, -0.40756693482398987, -0.8890325427055359, -0.17564859986305237, -0.5205717086791992, -0.6119245886802673], [0.45357567071914673, 0.8111327886581421, -0.06991522759199142, -0.000446516671217978, 0.9999961853027344, 0.0027265571989119053, -0.9967540502548218, 0.5968331098556519, 0.8286722302436829, -0.24290800094604492, -1.000552773475647, -0.9987366795539856, -1.0003056526184082, -1.0, -0.12317492812871933, -0.892941415309906, -0.9076069593429565, -0.8932740688323975, -0.9926533699035645, -1.0, -0.9944415092468262, -0.47922417521476746, 0.48227542638778687, -0.0398578979074955, 1.0394740104675293, -0.40756693482398987, -0.8890325427055359, -0.17564859986305237, -0.5205717086791992, -0.6119245886802673], [0.5295718908309937, -0.2906617820262909, 0.8374301195144653, 0.999965250492096, -0.005586547311395407, -0.006188673432916403, -0.9849483966827393, 0.6287289261817932, -0.335339218378067, 0.8438951373100281, -0.9997931718826294, -0.999502956867218, -1.0006297826766968, -0.6000000238418579, 0.0012019333662465215, -0.8936160206794739, -0.9045669436454773, -0.9892652630805969, -0.9923827648162842, -1.0, -0.9946039319038391, -0.07753709703683853, 0.11069910228252411, -0.0398578979074955, 1.0394740104675293, -0.40756693482398987, -0.8890325427055359, -0.17564859986305237, -0.5205717086791992, -0.6119245886802673], [0.6374200582504272, -0.525921106338501, 0.8436682820320129, 0.00018319179071113467, -0.9999717473983765, -0.007511866744607687, -0.9825284481048584, 0.4785812497138977, -0.6226973533630371, 0.06493662297725677, -0.9970865845680237, -1.0031630992889404, -1.0003740787506104, -0.6000000238418579, -0.06346260011196136, -0.8876570463180542, -0.9133859872817993, -0.8798865675926208, -0.9928032755851746, -1.0, -0.9945146441459656, -0.4858361780643463, 0.48535609245300293, -0.0398578979074955, 1.0394740104675293, -0.40756693482398987, -0.8890325427055359, -0.17564859986305237, -0.5205717086791992, -0.6119245886802673], [0.45176252722740173, -0.8234778046607971, -0.05478665605187416, 0.0012548500671982765, -0.9999659657478333, -0.008151212707161903, -0.9966539740562439, 0.5907607674598694, -0.8338323831558228, -0.23755934834480286, -0.9994245171546936, -1.001237154006958, -0.9994760751724243, -1.0, 0.1206585168838501, -0.8932445049285889, -0.9120088815689087, -0.7770106792449951, -0.991458535194397, -1.0, -0.9944531917572021, -0.49051719903945923, 0.4795519709587097, -0.0398578979074955, 1.0394740104675293, -0.40756693482398987, -0.8890325427055359, -0.17564859986305237, -0.5205717086791992, -0.6119245886802673], [-0.527901828289032, 0.28008732199668884, 0.8284933567047119, -0.9999222755432129, 0.011945873498916626, 0.003564537037163973, -0.9842398762702942, -0.6291124820709229, 0.3349149823188782, 0.8331313133239746, -1.000237226486206, -1.0005090236663818, -1.000701904296875, -0.6000000238418579, 0.0005636069108732045, -0.8966038823127747, -0.9123320579528809, -1.0, -0.9922945499420166, -1.0, -0.9944249391555786, -0.07614392042160034, 0.10917731374502182, -0.0398578979074955, 1.0394740104675293, -0.40756693482398987, -0.8890325427055359, -0.17564859986305237, -0.5205717086791992, -0.6119245886802673], [-0.6338033676147461, 0.5129356384277344, 0.8333179950714111, 0.00028749657212756574, 0.9999886751174927, -0.004751599393785, -0.9834153652191162, -0.4706152677536011, 0.5972505807876587, 0.05085661634802818, -1.0028934478759766, -0.9970112442970276, -1.0003796815872192, -0.6000000238418579, -0.06357156485319138, -0.9026891589164734, -0.9217214584350586, -1.0, -0.9927170276641846, -0.9129340648651123, -0.9944851994514465, -0.48456332087516785, 0.4788702726364136, -0.0398578979074955, 1.0394740104675293, -0.40756693482398987, -0.8890325427055359, -0.17564859986305237, -0.5205717086791992, -0.6119245886802673], [-0.4462219774723053, 0.8170848488807678, -0.06172981858253479, 0.003388159442692995, 0.9999768733978271, -0.0058988179080188274, -0.9966725707054138, -0.5902725458145142, 0.8349540829658508, -0.23219400644302368, -1.0005862712860107, -0.9987711310386658, -0.9994555711746216, -1.0, 0.12431024014949799, -0.8972795009613037, -0.9147307276725769, -0.7756008505821228, -0.9913502335548401, -1.0, -0.9950568675994873, -0.476520299911499, 0.4783724844455719, -0.0398578979074955, 1.0394740104675293, -0.40756693482398987, -0.8890325427055359, -0.17564859986305237, -0.5205717086791992, -0.6119245886802673], [-0.5286458730697632, -0.2926059365272522, 0.8335777521133423, -0.9998956322669983, -0.008326138369739056, -0.01180463470518589, -0.9848317503929138, -0.6278758645057678, -0.34399542212486267, 0.8406315445899963, -1.0002504587173462, -1.0002368688583374, -1.0007452964782715, -0.6000000238418579, -0.001832181471399963, -0.8969051241874695, -0.9120827317237854, -0.926048219203949, -0.9922381639480591, -1.0, -0.9944142699241638, -0.1191466674208641, 0.07743342965841293, -0.0398578979074955, 1.0394740104675293, -0.40756693482398987, -0.8890325427055359, -0.17564859986305237, -0.5205717086791992, -0.6119245886802673], [-0.639143705368042, -0.5280190110206604, 0.8376021981239319, 0.0003496235003694892, -0.9998763203620911, -0.01572379656136036, -0.9837881326675415, -0.47980624437332153, -0.6177464723587036, 0.05691264569759369, -0.997827410697937, -1.0031050443649292, -0.9981774687767029, -0.6000000238418579, 0.06248068809509277, -0.8867285847663879, -0.9184264540672302, -0.8972693085670471, -0.9920662045478821, -0.9672805070877075, -0.9943434596061707, -0.4803606867790222, 0.4866061508655548, -0.0398578979074955, 1.0394740104675293, -0.40756693482398987, -0.8890325427055359, -0.17564859986305237, -0.5205717086791992, -0.6119245886802673], [-0.45313823223114014, -0.825339138507843, -0.06502259522676468, -0.0034844425972551107, -0.9999305009841919, -0.011265174485743046, -0.9967065453529358, -0.5931085348129272, -0.8457883596420288, -0.2500690817832947, -0.9994646310806274, -1.0012781620025635, -1.000328779220581, -1.0, -0.12124837189912796, -0.9007484912872314, -0.9128457903862, -0.7754205465316772, -0.9923368096351624, -1.0, -0.9944669604301453, -0.4822499752044678, 0.49017295241355896, -0.0398578979074955, 1.0394740104675293, -0.40756693482398987, -0.8890325427055359, -0.17564859986305237, -0.5205717086791992, -0.6119245886802673]], "general_static": {"gains_and_scale_normalized": [-0.03985789669634665, 1.0394739861040674, -0.407566922658156], "mass_normalized": [-0.8890325648611466], "robot_dimensions_normalized": [-0.17564860649903602, -0.5205717248635007, -0.6119245944547314], "trunk_attributes_normalized": [-0.8910524348192582, -8.955178735114977e-06, -0.010530356861516155, 1.0, -0.9834381789880912, -0.9208352702689545, -0.9538462437109922]},