{"n_joints": 12, "joint_descriptions": [[0.5234891176223755, 0.2701853811740875, 0.834621250629425, 0.999992311000824, -0.002526362892240286, 0.0030063448939472437, -0.9846981167793274, 0.6235203742980957, 0.32380548119544983, 0.8295859694480896, -0.9995987415313721, -0.9997932314872742, -1.0005483627319336, -0.6000000238418579, 0.0006863832240924239, -0.9068658351898193, -0.9053767919540405, -0.7524232268333435, -0.9927325248718262, -1.0, -0.9952511787414551, -0.1104598194360733, 0.08234629780054092, -0.10394284874200821, 0.9903276562690735, -0.41746005415916443, -0.8931993842124939, -0.21638348698616028, -0.5400657057762146, -0.5773293972015381], [0.6247143149375916, 0.5024625062942505, 0.8496029376983643, -0.001387599390000105, 0.9999838471412659, 0.0055166888050735, -0.9839488863945007, 0.45471397042274475, 0.5956224203109741, 0.07758990675210953, -1.0017566680908203, -0.997687578201294, -0.9983698129653931, -0.6000000238418579, 0.05951131135225296, -0.902527928352356, -0.9089965224266052, -0.7961352467536926, -0.9927846193313599, -0.9564087986946106, -0.9952439069747925, -0.47726529836654663, 0.49151068925857544, -0.10394284874200821, 0.9903276562690735, -0.41746005415916443, -0.8931993842124939, -0.21638348698616028, -0.5400657057762146, -0.5773293972015381], [0.4228346347808838, 0.8071851134300232, -0.04694807901978493, 0.0015696382615715265, 0.9999975562095642, 0.0015407947357743979, -0.9968295097351074, 0.574148952960968, 0.8228572010993958, -0.23528362810611725, -1.000468373298645, -0.9990777969360352, -1.000190019607544, -1.0, -0.12309016287326813, -0.9034034013748169, -0.9050542712211609, -0.9598662257194519, -0.9917902946472168, -1.0, -0.9944490790367126, -0.4744432270526886, 0.4838823676109314, -0.10394284874200821, 0.9903276562690735, -0.41746005415916443, -0.8931993842124939, -0.21638348698616028, -0.5400657057762146, -0.5773293972015381], [0.5254255533218384, -0.2957596182823181, 0.8373804688453674, 0.9999386072158813, -0.001499127596616745, 0.010976213961839676, -0.9849908947944641, 0.6204391717910767, -0.34936806559562683, 0.8467063307762146, -0.999657392501831, -0.9996241331100464, -1.0004775524139404, -0.6000000238418579, 0.0014196110423654318, -0.9006950855255127, -0.9099435210227966, -1.0, -0.9922212958335876, -1.0, -0.9939181208610535, -0.07707607001066208, 0.1104636937379837, -0.10394284874200821, 0.9903276562690735, -0.41746005415916443, -0.8931993842124939, -0.21638348698616028, -0.5400657057762146, -0.5773293972015381], [0.6357938051223755, -0.531634509563446, 0.860373318195343, -0.0016718129627406597, -0.9999638795852661, -0.008336727507412434, -0.9830801486968994, 0.4537128210067749, -0.6200721263885498, 0.07783591747283936, -0.9976893067359924, -1.002182960510254, -1.0000648498535156, -0.6000000238418579, -0.06175656616687775, -0.885662853717804, -0.9122105836868286, -0.8857376575469971, -0.9933987259864807, -1.0, -0.9938292503356934, -0.4780708849430084, 0.4829045534133911, -0.10394284874200821, 0.9903276562690735, -0.41746005415916443, -0.8931993842124939, -0.21638348698616028, -0.5400657057762146, -0.5773293972015381], [0.4297512471675873, -0.8134952783584595, -0.04712088406085968, -0.001737214857712388, -0.9999697208404541, -0.007586092222481966, -0.9966407418251038, 0.5774872899055481, -0.8211425542831421, -0.23274017870426178, -0.9996010065078735, -1.0009543895721436, -0.9995587468147278, -1.0, 0.12190341204404831, -0.8978819847106934, -0.921032726764679, -0.8436049818992615, -0.9913991093635559, -1.0, -0.9937854409217834, -0.4871537387371063, 0.4739021956920624, -0.10394284874200821, 0.9903276562690735, -0.41746005415916443, -0.8931993842124939, -0.21638348698616028, -0.5400657057762146, -0.5773293972015381], [-0.5234224796295166, 0.27102845907211304, 0.8346896767616272, -0.9999175071716309, -0.009615739807486534, -0.008518697693943977, -0.9849147796630859, -0.623552143573761, 0.3286668658256531, 0.8359345197677612, -1.000360131263733, -1.000370740890503, -1.000502586364746, -0.6000000238418579, -0.0013247906463220716, -0.897964596748352, -0.9176797866821289, -0.9720993638038635, -0.9919893145561218, -1.0, -0.994500458240509, -0.07576250284910202, 0.11739081889390945, -0.10394284874200821, 0.9903276562690735, -0.41746005415916443, -0.8931993842124939, -0.21638348698616028, -0.5400657057762146, -0.5773293972015381], [-0.6274013519287109, 0.5025931596755981, 0.8505516648292542, 0.0012474178802222013, 0.999966025352478, 0.008151221089065075, -0.9845998287200928, -0.44778749346733093, 0.5994850993156433, 0.0732828825712204, -1.0023319721221924, -0.997826874256134, -1.0000724792480469, -0.6000000238418579, -0.06283034384250641, -0.907533586025238, -0.9181037545204163, -1.0, -0.9923701882362366, -0.9389683604240417, -0.9944296479225159, -0.4917658567428589, 0.47435036301612854, -0.10394284874200821, 0.9903276562690735, -0.41746005415916443, -0.8931993842124939, -0.21638348698616028, -0.5400657057762146, -0.5773293972015381], [-0.4169923961162567, 0.8049424290657043, -0.05232470482587814, 0.0011630100198090076, 0.9999715685844421, 0.007451852783560753, -0.9968332648277283, -0.5682904124259949, 0.8309487700462341, -0.2429492473602295, -1.0004081726074219, -0.9991465210914612, -0.9995237588882446, -1.0, 0.12202943861484528, -0.8876903653144836, -0.9161036014556885, -0.8348174095153809, -0.9918540716171265, -0.9709086418151855, -0.995110273361206, -0.4769744575023651, 0.47447189688682556, -0.10394284874200821, 0.9903276562690735, -0.41746005415916443, -0.8931993842124939, -0.21638348698616028, -0.5400657057762146, -0.5773293972015381], [-0.5265753865242004, -0.2953827679157257, 0.8474825620651245, -0.9999607801437378, -0.006179741118103266, 0.006346863228827715, -0.9848123788833618, -0.6213873028755188, -0.3401852548122406, 0.8561233282089233, -1.0003999471664429, -1.0002048015594482, -1.0005526542663574, -0.6000000238418579, -0.002302753273397684, -0.894109308719635, -0.9176039099693298, -1.0, -0.9932990670204163, -1.0, -0.9944900870323181, -0.11668895930051804, 0.08434941619634628, -0.10394284874200821, 0.9903276562690735, -0.41746005415916443, -0.8931993842124939, -0.21638348698616028, -0.5400657057762146, -0.5773293972015381], [-0.6334031224250793, -0.5302608609199524, 0.8665989637374878, -0.0001275206741411239, -0.9999203681945801, -0.012617631815373898, -0.9846866726875305, -0.44846299290657043, -0.6115810871124268, 0.09835176914930344, -0.9983996152877808, -1.0021495819091797, -0.9984180331230164, -0.6000000238418579, 0.06312153488397598, -0.8893395662307739, -0.9231282472610474, -0.7952283620834351, -0.9923917651176453, -1.0, -0.9946141242980957, -0.4745677709579468, 0.4800412952899933, -0.10394284874200821, 0.9903276562690735, -0.41746005415916443, -0.8931993842124939, -0.21638348698616028, -0.5400657057762146, -0.5773293972015381], [-0.4190375804901123, -0.8190863132476807, -0.033958107233047485, 0.0034676971845328808, -0.9997686147689819, -0.021229855716228485, -0.996855616569519, -0.5697545409202576, -0.84232097864151, -0.2152109593153, -0.9995023012161255, -1.0009093284606934, -1.0001798868179321, -1.0, -0.12317770719528198, -0.8955475687980652, -0.9097746014595032, -0.8389028310775757, -0.9926425814628601, -1.0, -0.9937947988510132, -0.47975844144821167, 0.48795557022094727, -0.10394284874200821, 0.9903276562690735, -0.41746005415916443, -0.8931993842124939, -0.21638348698616028, -0.5400657057762146, -0.5773293972015381]], "general_static": {"gains_and_scale_normalized": [-0.10394284955376665, 0.9903276391911027, -0.41746006481911435], "mass_normalized": [-0.8931993809985233], "robot_dimensions_normalized": [-0.21638348035017652, -0.540065723878129, -0.5773293734829668], "trunk_attributes_normalized": [-0.8968077065501905, 0.003750391559182553, -0.01382965383283874, 1.0, -0.9748814464291674, -0.9421355984931543, -0.9638383475714011]},