{"n_joints": 12, "joint_descriptions": [[0.5298811197280884, 0.287941575050354, 0.8306670188903809, 0.9999999403953552, -0.00015886097389739007, -0.00036188232479617, -0.987156093120575, 0.6298097372055054, 0.33357587456703186, 0.830531120300293, -0.9997549653053284, -0.9997537732124329, -1.0004690885543823, -0.6000000238418579, 0.0003265493724029511, -0.898410439491272, -0.9198986291885376, -0.9405436515808105, -0.99278724193573, -1.0, -0.9944664239883423, -0.11059661954641342, 0.07413692027330399, -0.04835951328277588, 0.9412739872932434, -0.39046135544776917, -0.9057372212409973, -0.2454434186220169, -0.5400151014328003, -0.617565393447876], [0.6373110413551331, 0.5243104696273804, 0.8365110158920288, 0.0016308965859934688, 0.9999954104423523, 0.00256151519715786, -0.985319972038269, 0.4685485064983368, 0.6150408387184143, 0.057965632528066635, -1.00182044506073, -0.9981459975242615, -0.9985600709915161, -0.6000000238418579, 0.062074754387140274, -0.9030188918113708, -0.9167898297309875, -0.9449092149734497, -0.9929018020629883, -0.9678090810775757, -0.9944684505462646, -0.4844141900539398, 0.48006945848464966, -0.04835951328277588, 0.9412739872932434, -0.39046135544776917, -0.9057372212409973, -0.2454434186220169, -0.5400151014328003, -0.617565393447876], [0.4431864619255066, 0.8179730176925659, -0.06467634439468384, 0.0003701937384903431, 0.9999958276748657, 0.0028592050075531006, -0.9972409009933472, 0.5919641852378845, 0.8342905640602112, -0.24045129120349884, -1.0004806518554688, -0.9992039203643799, -1.0002490282058716, -1.0, -0.12278412282466888, -0.902303159236908, -0.9197221994400024, -0.914947509765625, -0.992705762386322, -1.0, -0.9946451783180237, -0.48588329553604126, 0.48332133889198303, -0.04835951328277588, 0.9412739872932434, -0.39046135544776917, -0.9057372212409973, -0.2454434186220169, -0.5400151014328003, -0.617565393447876], [0.5284584760665894, -0.2960679829120636, 0.828152060508728, 0.9999895095825195, -0.0018055792897939682, -0.004209074191749096, -0.9867761731147766, 0.6299946904182434, -0.3423766493797302, 0.8255761861801147, -0.9997822642326355, -0.9996200203895569, -1.0004024505615234, -0.6000000238418579, 0.00022322798031382263, -0.9021227955818176, -0.9161927700042725, -0.8813114762306213, -0.9927127361297607, -1.0, -0.9947361946105957, -0.07499314099550247, 0.1109851822257042, -0.04835951328277588, 0.9412739872932434, -0.39046135544776917, -0.9057372212409973, -0.2454434186220169, -0.5400151014328003, -0.617565393447876], [0.6330117583274841, -0.5325215458869934, 0.8310044407844543, -0.00048274133587256074, -0.9999988675117493, -0.0014449857408180833, -0.9857056140899658, 0.46487662196159363, -0.6217135190963745, 0.05835448578000069, -0.9976891279220581, -1.0018585920333862, -1.0003002882003784, -0.6000000238418579, -0.062237583100795746, -0.902809202671051, -0.9176065325737, -0.8998260498046875, -0.9924283027648926, -0.9130834341049194, -0.994804322719574, -0.483355849981308, 0.4816786050796509, -0.04835951328277588, 0.9412739872932434, -0.39046135544776917, -0.9057372212409973, -0.2454434186220169, -0.5400151014328003, -0.617565393447876], [0.43741080164909363, -0.8232547044754028, -0.07114710658788681, 0.003211632138118148, -0.9999897480010986, -0.0031951218843460083, -0.9972755908966064, 0.586979866027832, -0.8410933613777161, -0.2486468106508255, -0.9995427131652832, -1.0007315874099731, -0.9995843172073364, -1.0, 0.12238121777772903, -0.9033546447753906, -0.9167077541351318, -0.9082447290420532, -0.992946207523346, -1.0, -0.9948432445526123, -0.48272937536239624, 0.4853358268737793, -0.04835951328277588, 0.9412739872932434, -0.39046135544776917, -0.9057372212409973, -0.2454434186220169, -0.5400151014328003, -0.617565393447876], [-0.526804506778717, 0.28767305612564087, 0.8296300172805786, -0.9999999403953552, -6.9416473706951365e-06, 0.0003588082909118384, -0.986832857131958, -0.626859188079834, 0.3344419002532959, 0.8322790861129761, -1.0002126693725586, -1.0003763437271118, -1.0004096031188965, -0.6000000238418579, -0.0004892529104836285, -0.901421844959259, -0.9187718629837036, -0.9397493004798889, -0.9927089810371399, -0.9893285036087036, -0.9947054982185364, -0.07656658440828323, 0.11065632849931717, -0.04835951328277588, 0.9412739872932434, -0.39046135544776917, -0.9057372212409973, -0.2454434186220169, -0.5400151014328003, -0.617565393447876], [-0.6310011744499207, 0.5248680114746094, 0.8340432047843933, -0.0009305527782998979, 0.9999925494194031, 0.0037427390925586224, -0.9853043556213379, -0.4600527882575989, 0.613365650177002, 0.0593811497092247, -1.0023096799850464, -0.9981570243835449, -1.0003314018249512, -0.6000000238418579, -0.06314779072999954, -0.8983311057090759, -0.9184318780899048, -0.8785194754600525, -0.9925627112388611, -1.0, -0.994725227355957, -0.4809839129447937, 0.4857390522956848, -0.04835951328277588, 0.9412739872932434, -0.39046135544776917, -0.9057372212409973, -0.2454434186220169, -0.5400151014328003, -0.617565393447876], [-0.43208473920822144, 0.8172550797462463, -0.062313325703144073, -0.0013069655979052186, 0.9999976754188538, 0.0017020227387547493, -0.9971912503242493, -0.5801458358764648, 0.8313450217247009, -0.24483755230903625, -1.0004642009735107, -0.9992411732673645, -0.9995821714401245, -1.0, 0.1212538480758667, -0.9025664925575256, -0.9170140027999878, -0.9216334819793701, -0.9926465749740601, -0.995790958404541, -0.9945830702781677, -0.484789103269577, 0.4857689142227173, -0.04835951328277588, 0.9412739872932434, -0.39046135544776917, -0.9057372212409973, -0.2454434186220169, -0.5400151014328003, -0.617565393447876], [-0.5261684060096741, -0.29363396763801575, 0.8266825675964355, -0.9999976754188538, -0.0007202894194051623, -0.0020390090066939592, -0.9870843887329102, -0.6274747252464294, -0.3456011414527893, 0.8264275789260864, -1.0002474784851074, -1.000241756439209, -1.0004695653915405, -0.6000000238418579, 0.00013157400826457888, -0.9006655216217041, -0.9189426302909851, -0.8548850417137146, -0.9925928711891174, -0.9977951645851135, -0.9947132468223572, -0.11132994294166565, 0.07318209856748581, -0.04835951328277588, 0.9412739872932434, -0.39046135544776917, -0.9057372212409973, -0.2454434186220169, -0.5400151014328003, -0.617565393447876], [-0.6323292255401611, -0.5309277176856995, 0.8310192227363586, 0.002586616901680827, -0.9999958872795105, 0.001237026765011251, -0.9852210879325867, -0.464170902967453, -0.6197804808616638, 0.05692387744784355, -0.9981616735458374, -1.0018950700759888, -0.9985238909721375, -0.6000000238418579, 0.0627707690000534, -0.9021327495574951, -0.915070116519928, -0.9593905210494995, -0.9928852915763855, -1.0, -0.9946579337120056, -0.4858075678348541, 0.4825512766838074, -0.04835951328277588, 0.9412739872932434, -0.39046135544776917, -0.9057372212409973, -0.2454434186220169, -0.5400151014328003, -0.617565393447876], [-0.43456366658210754, -0.8198129534721375, -0.06856535375118256, -0.0022729721385985613, -0.9999932050704956, 0.0029038998764008284, -0.997227132320404, -0.5826728940010071, -0.8337293267250061, -0.24783213436603546, -0.9995152950286865, -1.0008021593093872, -1.0002471208572388, -1.0, -0.1222231537103653, -0.8997849225997925, -0.9153869152069092, -0.9071610569953918, -0.9927207231521606, -1.0, -0.9948347210884094, -0.4818226099014282, 0.48234862089157104, -0.04835951328277588, 0.9412739872932434, -0.39046135544776917, -0.9057372212409973, -0.2454434186220169, -0.5400151014328003, -0.617565393447876]], "general_static": {"gains_and_scale_normalized": [-0.048359512607548005, 0.9412739827659573, -0.39046135838227947], "mass_normalized": [-0.9057372229555324], "robot_dimensions_normalized": [-0.24544342603286096, -0.5400150774506434, -0.6175653901334346], "trunk_attributes_normalized": [-0.9095733593318627, 0.0023258412705287057, -0.0047658286523381, 1.0, -0.9846265122480634, -0.9517526822994082, -0.9610562760687225]},