{"n_joints": 12, "joint_descriptions": [[0.5257196426391602, 0.26322877407073975, 0.8336953520774841, 0.9999969601631165, -0.002426150254905224, 0.0004541718808468431, -0.9842759370803833, 0.6257511973381042, 0.3167330324649811, 0.8276041150093079, -0.9996288418769836, -0.9997809529304504, -1.0006523132324219, -0.6000000238418579, 0.0006329623865894973, -0.9063155651092529, -0.9050409197807312, -0.7575384378433228, -0.992480993270874, -1.0, -0.9951876401901245, -0.11121359467506409, 0.08085784316062927, -0.08520260453224182, 1.0490866899490356, -0.4141784906387329, -0.888145387172699, -0.19181068241596222, -0.5285714864730835, -0.5842776298522949], [0.6278390288352966, 0.49162718653678894, 0.846245288848877, -0.001905309734866023, 0.9999701380729675, 0.007489448878914118, -0.9832915663719177, 0.4646862745285034, 0.5874148011207581, 0.07272133976221085, -1.0020121335983276, -0.9972008466720581, -0.9982284903526306, -0.6000000238418579, 0.05982435122132301, -0.9037432074546814, -0.9098233580589294, -0.782368540763855, -0.9924288988113403, -0.9560405015945435, -0.9951211810112, -0.4759383201599121, 0.4914316236972809, -0.08520260453224182, 1.0490866899490356, -0.4141784906387329, -0.888145387172699, -0.19181068241596222, -0.5285714864730835, -0.5842776298522949], [0.43358010053634644, 0.8029566407203674, -0.051025960594415665, -0.007654022425413132, 0.999965488910675, 0.0032311235554516315, -0.9966762065887451, 0.5820863246917725, 0.8211746215820312, -0.2349008172750473, -1.000514030456543, -0.9989004731178284, -1.0002202987670898, -1.0, -0.12330818176269531, -0.8996785283088684, -0.9034197330474854, -0.9603736400604248, -0.991890549659729, -1.0, -0.9942793250083923, -0.4745371341705322, 0.4845046103000641, -0.08520260453224182, 1.0490866899490356, -0.4141784906387329, -0.888145387172699, -0.19181068241596222, -0.5285714864730835, -0.5842776298522949], [0.5268996357917786, -0.30008432269096375, 0.8384122252464294, 0.9999293088912964, -0.010878628119826317, 0.004801779054105282, -0.9844687581062317, 0.6226537823677063, -0.3510087728500366, 0.8481495976448059, -0.9996792674064636, -0.9995712637901306, -1.0005521774291992, -0.6000000238418579, 0.0016532394802197814, -0.8979676365852356, -0.9065977931022644, -1.0, -0.9920821189880371, -1.0, -0.993989109992981, -0.07835207134485245, 0.11147702485322952, -0.08520260453224182, 1.0490866899490356, -0.4141784906387329, -0.888145387172699, -0.19181068241596222, -0.5285714864730835, -0.5842776298522949], [0.6372417211532593, -0.5342870950698853, 0.8575229048728943, 0.0010806258069351315, -0.9999222159385681, -0.012427416630089283, -0.982192873954773, 0.4627310335636139, -0.6252469420433044, 0.07449688017368317, -0.9974547624588013, -1.0027226209640503, -1.0001640319824219, -0.6000000238418579, -0.06236661598086357, -0.8834187388420105, -0.9117519855499268, -0.8930534720420837, -0.9932988882064819, -1.0, -0.9938777685165405, -0.4798470437526703, 0.48448172211647034, -0.08520260453224182, 1.0490866899490356, -0.4141784906387329, -0.888145387172699, -0.19181068241596222, -0.5285714864730835, -0.5842776298522949], [0.43891581892967224, -0.8197507262229919, -0.05028258264064789, 0.003685350762680173, -0.9998983144760132, -0.013774506747722626, -0.99649578332901, 0.5827076435089111, -0.8263713121414185, -0.23646590113639832, -0.9995128512382507, -1.001129150390625, -0.9995262026786804, -1.0, 0.12136191874742508, -0.8943580985069275, -0.9184030294418335, -0.8087195754051208, -0.9911614656448364, -1.0, -0.9938176870346069, -0.4889964461326599, 0.4742581248283386, -0.08520260453224182, 1.0490866899490356, -0.4141784906387329, -0.888145387172699, -0.19181068241596222, -0.5285714864730835, -0.5842776298522949], [-0.5249952673912048, 0.2642192542552948, 0.8329933285713196, -0.9999030232429504, -0.012339022941887379, 0.006457568611949682, -0.984176516532898, -0.6251599192619324, 0.32204461097717285, 0.835114061832428, -1.000340461730957, -1.000430941581726, -1.0006041526794434, -0.6000000238418579, -0.0008005975396372378, -0.8953326344490051, -0.9162651300430298, -0.9942878484725952, -0.9918166995048523, -1.0, -0.994450032711029, -0.07693766057491302, 0.11567286401987076, -0.08520260453224182, 1.0490866899490356, -0.4141784906387329, -0.888145387172699, -0.19181068241596222, -0.5285714864730835, -0.5842776298522949], [-0.6291037797927856, 0.4941824674606323, 0.8457179665565491, 0.0003662282251752913, 0.999991774559021, 0.0040438477881252766, -0.9838676452636719, -0.45616596937179565, 0.5882210731506348, 0.06543201208114624, -1.0026265382766724, -0.9974179267883301, -1.0001471042633057, -0.6000000238418579, -0.06307759881019592, -0.9067052006721497, -0.9190331101417542, -1.0, -0.9924718737602234, -0.9114128351211548, -0.9943050146102905, -0.4908607006072998, 0.47437357902526855, -0.08520260453224182, 1.0490866899490356, -0.4141784906387329, -0.888145387172699, -0.19181068241596222, -0.5285714864730835, -0.5842776298522949], [-0.4277445375919342, 0.798980712890625, -0.056571051478385925, -0.001051920116879046, 0.9999911189079285, 0.0040782056748867035, -0.9966658353805542, -0.5765265822410583, 0.8230602145195007, -0.24120011925697327, -1.000508189201355, -0.9989632964134216, -0.9995161890983582, -1.0, 0.12290040403604507, -0.8881480097770691, -0.9161195755004883, -0.8003814816474915, -0.9914995431900024, -1.0, -0.9951403737068176, -0.475771427154541, 0.47431403398513794, -0.08520260453224182, 1.0490866899490356, -0.4141784906387329, -0.888145387172699, -0.19181068241596222, -0.5285714864730835, -0.5842776298522949], [-0.5276108980178833, -0.3015865683555603, 0.8456095457077026, -0.9999337792396545, 0.008970445953309536, 0.0072081913240253925, -0.9842622876167297, -0.6232580542564392, -0.3475169837474823, 0.854937732219696, -1.0003758668899536, -1.0002174377441406, -1.000650405883789, -0.6000000238418579, -0.0023390050046145916, -0.892341136932373, -0.9157137274742126, -1.0, -0.9930129051208496, -1.0, -0.9944531917572021, -0.11830689758062363, 0.08356820046901703, -0.08520260453224182, 1.0490866899490356, -0.4141784906387329, -0.888145387172699, -0.19181068241596222, -0.5285714864730835, -0.5842776298522949], [-0.6360116004943848, -0.5352948904037476, 0.8613864183425903, 0.004130792338401079, -0.9998619556427002, -0.016094397753477097, -0.9840664267539978, -0.4599205255508423, -0.6156681776046753, 0.0883956030011177, -0.9981495141983032, -1.0025986433029175, -0.9982852339744568, -0.6000000238418579, 0.0625992938876152, -0.8860617280006409, -0.9222562313079834, -0.8066783547401428, -0.9920852780342102, -1.0, -0.9944971203804016, -0.4750005602836609, 0.4819177985191345, -0.08520260453224182, 1.0490866899490356, -0.4141784906387329, -0.888145387172699, -0.19181068241596222, -0.5285714864730835, -0.5842776298522949], [-0.4318212568759918, -0.8234153389930725, -0.040645018219947815, 0.004700679797679186, -0.9997996091842651, -0.019459493458271027, -0.9967027902603149, -0.5789543986320496, -0.8463613390922546, -0.2218306064605713, -0.9994685649871826, -1.0010859966278076, -1.0002282857894897, -1.0, -0.12270396947860718, -0.8965628147125244, -0.9087830185890198, -0.8045598268508911, -0.9925001263618469, -1.0, -0.9938306212425232, -0.4802861511707306, 0.48951372504234314, -0.08520260453224182, 1.0490866899490356, -0.4141784906387329, -0.888145387172699, -0.19181068241596222, -0.5285714864730835, -0.5842776298522949]], "general_static": {"gains_and_scale_normalized": [-0.08520260085709663, 1.0490867448079508, -0.4141784778419372], "mass_normalized": [-0.8881453712005456], "robot_dimensions_normalized": [-0.1918106870651245, -0.5285714728517661, -0.5842776147815916], "trunk_attributes_normalized": [-0.891184359692533, 0.002428957014593891, -0.020863598255035143, 1.0, -0.9766548455173147, -0.9309545644217239, -0.9596753294079415]},