{"n_joints": 12, "joint_descriptions": [[0.5358006358146667, 0.2980930507183075, 0.8329781293869019, 0.999929666519165, -0.001152541022747755, 0.011806339956820011, -0.9855076670646667, 0.6358076333999634, 0.3315107822418213, 0.8488383889198303, -0.9996045827865601, -0.9997108578681946, -1.0004594326019287, -0.6000000238418579, -0.0013181352987885475, -0.8748193979263306, -0.9293900728225708, -1.0, -0.9920404553413391, -0.7169576287269592, -0.993132472038269, -0.1088215634226799, 0.0665024146437645, 0.033773988485336304, 1.1808192729949951, -0.27254000306129456, -0.9080480933189392, -0.2676531672477722, -0.5399251580238342, -0.5811195969581604], [0.6486731767654419, 0.5648965835571289, 0.8368315100669861, -0.004172645043581724, 0.9999278783798218, -0.011261960491538048, -0.9844405055046082, 0.4491948187351227, 0.6437994837760925, 0.07007493078708649, -1.0018330812454224, -0.998724102973938, -0.9985144734382629, -0.6000000238418579, 0.06504479050636292, -0.8635571002960205, -0.9209251403808594, -1.0, -0.9923633337020874, -0.8971445560455322, -0.9934507012367249, -0.509728193283081, 0.4656209945678711, 0.033773988485336304, 1.1808192729949951, -0.27254000306129456, -0.9080480933189392, -0.2676531672477722, -0.5399251580238342, -0.5811195969581604], [0.43395936489105225, 0.8264575600624084, -0.06271844357252121, 0.0026609371416270733, 0.9998049736022949, -0.01957016810774803, -0.9971529841423035, 0.5855898261070251, 0.8361057639122009, -0.23958145081996918, -1.0004820823669434, -0.9992930889129639, -1.0002022981643677, -1.0, -0.12201010435819626, -0.8944371938705444, -0.9362022280693054, -0.8193517327308655, -0.9933067560195923, -0.58455890417099, -0.9942497611045837, -0.5003231763839722, 0.4872668981552124, 0.033773988485336304, 1.1808192729949951, -0.27254000306129456, -0.9080480933189392, -0.2676531672477722, -0.5399251580238342, -0.5811195969581604], [0.5412003993988037, -0.2900084853172302, 0.8219829797744751, 0.9992936849594116, -0.0194877777248621, -0.03213098272681236, -0.9868679642677307, 0.6498755216598511, -0.36050790548324585, 0.7886915802955627, -0.9996752738952637, -0.9996820688247681, -1.00038480758667, -0.6000000238418579, 0.00027502363082021475, -0.8925281763076782, -0.9481691718101501, -0.6087502837181091, -0.9926925897598267, -1.0, -0.9952773451805115, -0.07414866238832474, 0.10983001440763474, 0.033773988485336304, 1.1808192729949951, -0.27254000306129456, -0.9080480933189392, -0.2676531672477722, -0.5399251580238342, -0.5811195969581604], [0.638003408908844, -0.524013340473175, 0.8061647415161133, -0.008581774309277534, -0.9998664259910583, 0.013907943852245808, -0.9866579174995422, 0.486393541097641, -0.5814064145088196, 0.03817832097411156, -0.9978033304214478, -1.0016669034957886, -1.000146508216858, -0.6000000238418579, -0.05264072120189667, -0.9244531989097595, -0.9137133955955505, -0.9088746309280396, -0.9908750057220459, -0.8021609783172607, -0.9954361915588379, -0.48928308486938477, 0.48307257890701294, 0.033773988485336304, 1.1808192729949951, -0.27254000306129456, -0.9080480933189392, -0.2676531672477722, -0.5399251580238342, -0.5811195969581604], [0.4576006829738617, -0.8162434697151184, -0.0979195162653923, -0.0067990911193192005, -0.9999603033065796, 0.005756532773375511, -0.9975919127464294, 0.6255096793174744, -0.8536450862884521, -0.24560584127902985, -0.9996427297592163, -1.0005356073379517, -0.9996118545532227, -1.0, 0.1307583749294281, -0.9013959765434265, -0.9078027606010437, -1.0, -0.9956972599029541, -0.52238529920578, -0.995538055896759, -0.45234614610671997, 0.4983121156692505, 0.033773988485336304, 1.1808192729949951, -0.27254000306129456, -0.9080480933189392, -0.2676531672477722, -0.5399251580238342, -0.5811195969581604], [-0.5389510989189148, 0.2943940758705139, 0.8479998707771301, -0.9992920756340027, -0.037534330040216446, 0.0025648761074990034, -0.9883072376251221, -0.6388331055641174, 0.3129732608795166, 0.8299403786659241, -1.0003154277801514, -1.0002816915512085, -1.0002228021621704, -0.6000000238418579, 0.00011446479038568214, -0.901340663433075, -0.9128634929656982, -0.4794290065765381, -0.993456244468689, -0.857249915599823, -0.994565486907959, -0.0813436210155487, 0.10453322529792786, 0.033773988485336304, 1.1808192729949951, -0.27254000306129456, -0.9080480933189392, -0.2676531672477722, -0.5399251580238342, -0.5811195969581604], [-0.6392127871513367, 0.5426790118217468, 0.864776074886322, -0.00404727179557085, 0.9999785423278809, -0.005154618993401527, -0.9836148619651794, -0.44997283816337585, 0.6605324149131775, 0.1428975611925125, -1.0022026300430298, -0.9981352686882019, -1.0001810789108276, -0.6000000238418579, -0.06475156545639038, -0.876831591129303, -0.886212170124054, -0.5954772233963013, -0.9927353858947754, -1.0, -0.994678258895874, -0.4710178077220917, 0.5005180835723877, 0.033773988485336304, 1.1808192729949951, -0.27254000306129456, -0.9080480933189392, -0.2676531672477722, -0.5399251580238342, -0.5811195969581604], [-0.4114763140678406, 0.8275887370109558, -0.0034038277808576822, -0.005006777588278055, 0.9999764561653137, 0.0046889884397387505, -0.9975918531417847, -0.548841655254364, 0.8291881680488586, -0.19666151702404022, -1.0003228187561035, -0.9994510412216187, -0.9996880888938904, -1.0, 0.12095138430595398, -0.9091339707374573, -0.9142283797264099, -1.0, -0.9961763024330139, -1.0, -0.9925712943077087, -0.5089384913444519, 0.5017338395118713, 0.033773988485336304, 1.1808192729949951, -0.27254000306129456, -0.9080480933189392, -0.2676531672477722, -0.5399251580238342, -0.5811195969581604], [-0.544133186340332, -0.28785911202430725, 0.8127568364143372, -0.9988459348678589, 0.03716988116502762, -0.030417589470744133, -0.9863063097000122, -0.6519094705581665, -0.33304139971733093, 0.7801805734634399, -1.0003737211227417, -1.0003472566604614, -1.0004061460494995, -0.6000000238418579, 0.003861210076138377, -0.9036815166473389, -0.9128373861312866, -0.7054837346076965, -0.991681694984436, -0.9392974376678467, -0.9945712089538574, -0.08318137377500534, 0.06257621943950653, 0.033773988485336304, 1.1808192729949951, -0.27254000306129456, -0.9080480933189392, -0.2676531672477722, -0.5399251580238342, -0.5811195969581604], [-0.6296419501304626, -0.5163086652755737, 0.8045040369033813, -0.003299250965937972, -0.9998375773429871, 0.01771717704832554, -0.9829781651496887, -0.4573265314102173, -0.6225721836090088, 0.034627966582775116, -0.9983403086662292, -1.0017309188842773, -0.9984654784202576, -0.6000000238418579, 0.06093757227063179, -0.9325371980667114, -0.8984481692314148, -1.0, -0.9927964806556702, -1.0, -0.994929850101471, -0.4982033371925354, 0.48779231309890747, 0.033773988485336304, 1.1808192729949951, -0.27254000306129456, -0.9080480933189392, -0.2676531672477722, -0.5399251580238342, -0.5811195969581604], [-0.4364130198955536, -0.8104884624481201, -0.07643301784992218, -0.01752825640141964, -0.9995579719543457, 0.024013321846723557, -0.9972959160804749, -0.5880898237228394, -0.802223265171051, -0.2643774151802063, -0.9995782375335693, -1.0006918907165527, -1.000220537185669, -1.0, -0.12139715999364853, -0.9021283984184265, -0.9185816645622253, -1.0, -0.9926682710647583, -1.0, -0.9955174922943115, -0.477006733417511, 0.45476195216178894, 0.033773988485336304, 1.1808192729949951, -0.27254000306129456, -0.9080480933189392, -0.2676531672477722, -0.5399251580238342, -0.5811195969581604]], "general_static": {"gains_and_scale_normalized": [0.03377398855127689, 1.1808192899638965, -0.27254001633584213], "mass_normalized": [-0.9080480750572616], "robot_dimensions_normalized": [-0.26765317563215885, -0.5399251331900627, -0.5811196226987703], "trunk_attributes_normalized": [-0.9187949039297558, 0.0255282726659829, 0.017199269338829648, 1.0, -0.9775836719115082, -0.959532249267513, -0.9647475214470086]},