{"n_joints": 12, "joint_descriptions": [[0.5042886734008789, 0.3767094314098358, 0.795670211315155, 0.9961808323860168, -0.009370902553200722, -0.08681008964776993, -0.9648619294166565, 0.5905803442001343, 0.4034040868282318, 0.7954403162002563, -0.9988104104995728, -0.9973528385162354, -1.0009938478469849, -0.6000000238418579, -0.004064286593347788, -0.8650437593460083, -0.8728898167610168, -1.0, -0.9896506667137146, -0.5793191194534302, -0.9928026795387268, -0.16287267208099365, 0.08781544119119644, -0.0804983377456665, 2.5270743370056152, -0.1619264930486679, -0.7501220703125, -0.11263136565685272, -0.3505573272705078, -0.46389567852020264], [0.5891954898834229, 0.6536365151405334, 0.7849112749099731, -0.022228822112083435, 0.9996088147163391, -0.01697375625371933, -0.9549647569656372, 0.4140443205833435, 0.6682587265968323, 0.04508553072810173, -1.0218921899795532, -0.9994736313819885, -0.9907931685447693, -0.6000000238418579, 0.05115924030542374, -0.8126273155212402, -0.8778004050254822, -0.9980161190032959, -0.985318660736084, -0.11416107416152954, -0.989810585975647, -0.5120522379875183, 0.4849590063095093, -0.0804983377456665, 2.5270743370056152, -0.1619264930486679, -0.7501220703125, -0.11263136565685272, -0.3505573272705078, -0.46389567852020264], [0.37437281012535095, 0.8390461206436157, -0.12243704497814178, 0.013360921293497086, 0.9968607425689697, -0.07803922146558762, -0.9932030439376831, 0.5803251266479492, 0.8783620595932007, -0.2992628812789917, -1.0033687353134155, -0.9984259605407715, -1.002477765083313, -1.0, -0.12068889290094376, -0.8435686826705933, -0.9473773241043091, -0.1402234137058258, -0.9947664141654968, -1.0, -0.9965013265609741, -0.4344795048236847, 0.47433802485466003, -0.0804983377456665, 2.5270743370056152, -0.1619264930486679, -0.7501220703125, -0.11263136565685272, -0.3505573272705078, -0.46389567852020264], [0.4981384575366974, -0.31666886806488037, 0.8579248785972595, 0.9989259839057922, 0.01654917374253273, -0.043278761208057404, -0.9660456776618958, 0.5774857401847839, -0.39773687720298767, 0.8296983242034912, -0.998212456703186, -0.9960668683052063, -0.9999378323554993, -0.6000000238418579, 0.007615108508616686, -0.8530673384666443, -0.8691242933273315, -1.0, -0.9933616518974304, -0.6747148036956787, -0.987424373626709, -0.09967128187417984, 0.11124152690172195, -0.0804983377456665, 2.5270743370056152, -0.1619264930486679, -0.7501220703125, -0.11263136565685272, -0.3505573272705078, -0.46389567852020264], [0.5959882140159607, -0.6080722808837891, 0.8075349926948547, -0.014723028056323528, -0.9992527961730957, -0.035736944526433945, -0.9640610814094543, 0.4092694818973541, -0.6279803514480591, 0.04261147603392601, -0.9762790203094482, -0.9995436072349548, -1.0112731456756592, -0.6000000238418579, -0.06573937088251114, -0.9176781177520752, -0.8740175366401672, -0.6287388205528259, -0.9903100728988647, -0.4493829607963562, -0.9961140751838684, -0.4698539078235626, 0.4401296079158783, -0.0804983377456665, 2.5270743370056152, -0.1619264930486679, -0.7501220703125, -0.11263136565685272, -0.3505573272705078, -0.46389567852020264], [0.3773692548274994, -0.8061652779579163, -0.07863321900367737, -0.05117116495966911, -0.9923164248466492, -0.11264844983816147, -0.992557942867279, 0.5721337199211121, -0.8377014994621277, -0.2346639782190323, -0.9953401684761047, -1.0023785829544067, -0.9958878755569458, -1.0, 0.13270287215709686, -0.8602691292762756, -0.8417857885360718, -1.0, -0.9859417080879211, -0.2589223384857178, -0.9895382523536682, -0.49164018034935, 0.4441429376602173, -0.0804983377456665, 2.5270743370056152, -0.1619264930486679, -0.7501220703125, -0.11263136565685272, -0.3505573272705078, -0.46389567852020264], [-0.5028509497642517, 0.36026784777641296, 0.8505774140357971, -0.9999650120735168, -0.006993310991674662, 0.004590427502989769, -0.974989116191864, -0.5857304334640503, 0.37088724970817566, 0.8370177745819092, -1.0011752843856812, -1.0032474994659424, -1.000206470489502, -0.6000000238418579, 0.00760707026347518, -0.9482656717300415, -0.8452165126800537, -0.6098827123641968, -0.9835163950920105, -1.0, -0.9982900619506836, -0.061522942036390305, 0.14530785381793976, -0.0804983377456665, 2.5270743370056152, -0.1619264930486679, -0.7501220703125, -0.11263136565685272, -0.3505573272705078, -0.46389567852020264], [-0.6014106869697571, 0.6611876487731934, 0.8298808336257935, 0.05229267477989197, 0.9984734058380127, -0.017785916104912758, -0.972888708114624, -0.37130361795425415, 0.686142086982727, 0.07179616391658783, -1.0167241096496582, -1.0011640787124634, -1.0074046850204468, -0.6000000238418579, -0.07141505181789398, -0.8146252036094666, -0.908555269241333, -0.3165060579776764, -0.9961874485015869, -1.0, -0.9924913048744202, -0.4921211898326874, 0.47340863943099976, -0.0804983377456665, 2.5270743370056152, -0.1619264930486679, -0.7501220703125, -0.11263136565685272, -0.3505573272705078, -0.46389567852020264], [-0.3458283245563507, 0.8382566571235657, -0.011127183213829994, 0.045350756496191025, 0.9956041574478149, -0.08194936811923981, -0.9935774207115173, -0.5163598656654358, 0.867700457572937, -0.20362749695777893, -1.0044810771942139, -0.999009907245636, -0.9964154958724976, -1.0, 0.12975060939788818, -0.7826627492904663, -0.8589066863059998, -0.3625897169113159, -0.9950236678123474, -0.1243218183517456, -0.9988000988960266, -0.4841463565826416, 0.4541497826576233, -0.0804983377456665, 2.5270743370056152, -0.1619264930486679, -0.7501220703125, -0.11263136565685272, -0.3505573272705078, -0.46389567852020264], [-0.5167227983474731, -0.28095772862434387, 0.8305485248565674, -0.9951648116111755, -0.031202727928757668, -0.09313094615936279, -0.9660332798957825, -0.5866319537162781, -0.34380218386650085, 0.776846170425415, -1.0015512704849243, -1.0032845735549927, -1.0011963844299316, -0.6000000238418579, 0.010235166177153587, -0.804067075252533, -0.8344957828521729, -0.6552823185920715, -0.9848030209541321, -1.0, -0.9947105646133423, -0.1357162445783615, 0.06057602912187576, -0.0804983377456665, 2.5270743370056152, -0.1619264930486679, -0.7501220703125, -0.11263136565685272, -0.3505573272705078, -0.46389567852020264], [-0.6283641457557678, -0.5187037587165833, 0.7993932366371155, 0.000988028128631413, -0.9988049864768982, 0.048863042145967484, -0.9558791518211365, -0.450994610786438, -0.647832989692688, 0.029088350012898445, -0.9836496710777283, -1.0007545948028564, -0.9917484521865845, -0.6000000238418579, 0.05376026779413223, -0.9460409879684448, -0.8301776051521301, -0.9513069987297058, -0.9881538152694702, -1.0, -0.9947330951690674, -0.48251470923423767, 0.43772178888320923, -0.0804983377456665, 2.5270743370056152, -0.1619264930486679, -0.7501220703125, -0.11263136565685272, -0.3505573272705078, -0.46389567852020264], [-0.42081037163734436, -0.7980161309242249, -0.10501085966825485, -0.09167667478322983, -0.9946775436401367, 0.04703129827976227, -0.9925290942192078, -0.6248906850814819, -0.831325352191925, -0.24685132503509521, -0.9946884512901306, -1.0012712478637695, -1.0034499168395996, -1.0, -0.12233909964561462, -0.8879514336585999, -0.9363985061645508, -1.0, -0.9867291450500488, -0.9498273134231567, -0.9902560114860535, -0.458102285861969, 0.4867366850376129, -0.0804983377456665, 2.5270743370056152, -0.1619264930486679, -0.7501220703125, -0.11263136565685272, -0.3505573272705078, -0.46389567852020264]], "general_static": {"gains_and_scale_normalized": [-0.08049833573812915, 2.527074260424694, -0.16192649223618805], "mass_normalized": [-0.7501220695850995], "robot_dimensions_normalized": [-0.11263136625289916, -0.35055732814164886, -0.4638956828205417], "trunk_attributes_normalized": [-0.7461834549621355, 0.02932261318331375, 0.010822510286515818, 1.0, -0.9478591964783606, -0.9276786700472257, -0.6193599546218573]},