{"n_joints": 12, "joint_descriptions": [[0.5350468754768372, 0.27113595604896545, 0.8303648233413696, 0.9999546408653259, -0.004202556796371937, -0.00854745227843523, -0.9860038161277771, 0.6361980438232422, 0.3178156018257141, 0.8332189321517944, -0.9997296333312988, -0.999845564365387, -1.000684142112732, -0.6000000238418579, 0.00030273463926278055, -0.8991079926490784, -0.915836751461029, -0.9462718367576599, -0.9926526546478271, -1.0, -0.9946494698524475, -0.10615228116512299, 0.07385324686765671, -0.0712767243385315, 0.9176904559135437, -0.3887028396129608, -0.9016366600990295, -0.19474467635154724, -0.5390950441360474, -0.6142385005950928], [0.6406594514846802, 0.5012553930282593, 0.8445091247558594, 0.0014524372527375817, 0.9999908804893494, 0.0040120286867022514, -0.9847240447998047, 0.48012202978134155, 0.5989007353782654, 0.06421302258968353, -1.001573085784912, -0.9970772862434387, -0.9984403252601624, -0.6000000238418579, 0.062019649893045425, -0.8967271447181702, -0.9155269861221313, -0.9094269275665283, -0.9923676252365112, -1.0, -0.9944207072257996, -0.4862304925918579, 0.483304888010025, -0.0712767243385315, 0.9176904559135437, -0.3887028396129608, -0.9016366600990295, -0.19474467635154724, -0.5390950441360474, -0.6142385005950928], [0.45855045318603516, 0.8161578178405762, -0.05843527242541313, 0.0037377066910266876, 0.999975323677063, 0.005948426201939583, -0.9970797300338745, 0.5966872572898865, 0.8314986228942871, -0.24031858146190643, -1.0003737211227417, -0.9988119006156921, -1.0001857280731201, -1.0, -0.12312674522399902, -0.9005244374275208, -0.9141013622283936, -0.9498457312583923, -0.9929155707359314, -1.0, -0.9948544502258301, -0.48632779717445374, 0.48236382007598877, -0.0712767243385315, 0.9176904559135437, -0.3887028396129608, -0.9016366600990295, -0.19474467635154724, -0.5390950441360474, -0.6142385005950928], [0.5359411239624023, -0.28376877307891846, 0.8271239995956421, 0.9999825954437256, 0.005358282011002302, 0.0024654038716107607, -0.9862303137779236, 0.6356009244918823, -0.33031174540519714, 0.8272172212600708, -0.9997777938842773, -0.9996377229690552, -1.0006153583526611, -0.6000000238418579, 0.0018912235973402858, -0.8991245031356812, -0.9168959856033325, -0.8950754404067993, -0.9927420020103455, -0.9992724061012268, -0.9947560429573059, -0.07773008197546005, 0.11138175427913666, -0.0712767243385315, 0.9176904559135437, -0.3887028396129608, -0.9016366600990295, -0.19474467635154724, -0.5390950441360474, -0.6142385005950928], [0.6430647373199463, -0.5089067220687866, 0.8395373225212097, 8.031747711356729e-05, -0.9999232888221741, -0.012387013994157314, -0.984707772731781, 0.48607882857322693, -0.5944364666938782, 0.05809454992413521, -0.9977418780326843, -1.0029767751693726, -1.0000895261764526, -0.6000000238418579, -0.0610753633081913, -0.9018322229385376, -0.9149866700172424, -0.9090806841850281, -0.9926347136497498, -1.0, -0.9948647022247314, -0.48502153158187866, 0.4839325249195099, -0.0712767243385315, 0.9176904559135437, -0.3887028396129608, -0.9016366600990295, -0.19474467635154724, -0.5390950441360474, -0.6142385005950928], [0.461736798286438, -0.8109736442565918, -0.06697794049978256, 0.0014850989682599902, -0.9999494552612305, -0.009942305274307728, -0.9970704913139343, 0.599307119846344, -0.8255250453948975, -0.2466036081314087, -0.9996129870414734, -1.001102328300476, -0.9996371865272522, -1.0, 0.12271720916032791, -0.9001048803329468, -0.9134438037872314, -0.9169250726699829, -0.9923716187477112, -1.0, -0.9943699240684509, -0.4811689257621765, 0.481651246547699, -0.0712767243385315, 0.9176904559135437, -0.3887028396129608, -0.9016366600990295, -0.19474467635154724, -0.5390950441360474, -0.6142385005950928], [-0.534020185470581, 0.27220743894577026, 0.8327957391738892, -0.999999463558197, -0.0009655242320150137, 0.00035545488935895264, -0.9859544634819031, -0.6338295936584473, 0.321986585855484, 0.8313263654708862, -1.000212550163269, -1.0003600120544434, -1.0006160736083984, -0.6000000238418579, 0.000367279484635219, -0.8943573832511902, -0.9134313464164734, -0.8805267810821533, -0.9927414059638977, -1.0, -0.9943768978118896, -0.07758139073848724, 0.11345106363296509, -0.0712767243385315, 0.9176904559135437, -0.3887028396129608, -0.9016366600990295, -0.19474467635154724, -0.5390950441360474, -0.6142385005950928], [-0.6401363611221313, 0.49804434180259705, 0.8430538773536682, -0.0005287236417643726, 0.9999749660491943, -0.007054686080664396, -0.9845560193061829, -0.47859498858451843, 0.5930949449539185, 0.0693170577287674, -1.0022565126419067, -0.9970953464508057, -1.0001105070114136, -0.6000000238418579, -0.06341167539358139, -0.8962895274162292, -0.914670467376709, -0.8706316947937012, -0.9926376342773438, -1.0, -0.9946267008781433, -0.4840317964553833, 0.48317646980285645, -0.0712767243385315, 0.9176904559135437, -0.3887028396129608, -0.9016366600990295, -0.19474467635154724, -0.5390950441360474, -0.6142385005950928], [-0.45152363181114197, 0.8088805675506592, -0.06060386076569557, -0.004496264271438122, 0.9999833703041077, -0.0036166526842862368, -0.9971028566360474, -0.5905253887176514, 0.826654851436615, -0.24159803986549377, -1.0003794431686401, -0.9988948702812195, -0.9996301531791687, -1.0, 0.12333590537309647, -0.9031977653503418, -0.9161904454231262, -0.8903855681419373, -0.9928988218307495, -1.0, -0.994236171245575, -0.48322176933288574, 0.4803096055984497, -0.0712767243385315, 0.9176904559135437, -0.3887028396129608, -0.9016366600990295, -0.19474467635154724, -0.5390950441360474, -0.6142385005950928], [-0.5350736975669861, -0.2804774045944214, 0.82984858751297, -0.9999513626098633, 0.00699700228869915, 0.006948675960302353, -0.9862276315689087, -0.6384024024009705, -0.3304314911365509, 0.8346560597419739, -1.0002706050872803, -1.0001529455184937, -1.000670313835144, -0.6000000238418579, -0.0006869116914458573, -0.8976432085037231, -0.9156940579414368, -0.9169290661811829, -0.9922580122947693, -1.0, -0.994499683380127, -0.11331499367952347, 0.07723011076450348, -0.0712767243385315, 0.9176904559135437, -0.3887028396129608, -0.9016366600990295, -0.19474467635154724, -0.5390950441360474, -0.6142385005950928], [-0.6416552066802979, -0.5086098909378052, 0.84434974193573, -0.0006446678889915347, -0.9999948143959045, -0.003149873809888959, -0.9848701357841492, -0.48255622386932373, -0.602021336555481, 0.06680450588464737, -0.9984365105628967, -1.0029526948928833, -0.9984645247459412, -0.6000000238418579, 0.06212737411260605, -0.8952159285545349, -0.9164929986000061, -0.9210543036460876, -0.9927387237548828, -1.0, -0.9945048689842224, -0.48278379440307617, 0.48584845662117004, -0.0712767243385315, 0.9176904559135437, -0.3887028396129608, -0.9016366600990295, -0.19474467635154724, -0.5390950441360474, -0.6142385005950928], [-0.45589420199394226, -0.8164525628089905, -0.06310677528381348, 0.003559588920325041, -0.999983012676239, 0.0046203904785215855, -0.9970758557319641, -0.5918148159980774, -0.8332754373550415, -0.24557656049728394, -0.9996315240859985, -1.0011465549468994, -1.0001641511917114, -1.0, -0.12224284559488297, -0.8982229828834534, -0.9153003096580505, -0.8791983127593994, -0.9925348162651062, -1.0, -0.9945565462112427, -0.4811742305755615, 0.48197123408317566, -0.0712767243385315, 0.9176904559135437, -0.3887028396129608, -0.9016366600990295, -0.19474467635154724, -0.5390950441360474, -0.6142385005950928]], "general_static": {"gains_and_scale_normalized": [-0.07127672156721976, 0.9176904269988411, -0.3887028334287045], "mass_normalized": [-0.9016366684677025], "robot_dimensions_normalized": [-0.19474467521905903, -0.53909502156258, -0.6142384907544058], "trunk_attributes_normalized": [-0.9070794515700938, 0.0017518581321409599, -0.00781232957931044, 1.0, -0.9840181929577426, -0.9287633325290312, -0.9682433183662589]},