{"n_joints": 12, "joint_descriptions": [[0.5043196678161621, 0.36378276348114014, 0.8059708476066589, 0.9971010088920593, -0.023163624107837677, -0.07247747480869293, -0.9731419682502747, 0.5942381620407104, 0.39518237113952637, 0.8091656565666199, -0.99928879737854, -0.9980424642562866, -1.0006593465805054, -0.6000000238418579, -0.001795666292309761, -0.8724055886268616, -0.8944721221923828, -1.0, -0.9901718497276306, -0.7300170660018921, -0.9929628968238831, -0.1537296324968338, 0.07911542803049088, -0.0747818872332573, 2.0462398529052734, -0.2927013635635376, -0.8085072636604309, -0.20033001899719238, -0.383743554353714, -0.5163019895553589], [0.5935438275337219, 0.6254948973655701, 0.8004711270332336, -0.028572486713528633, 0.9993561506271362, -0.0217005405575037, -0.9679312705993652, 0.40872496366500854, 0.6574103832244873, 0.052637845277786255, -1.014591097831726, -1.0002906322479248, -0.9935699105262756, -0.6000000238418579, 0.05344250798225403, -0.8425117135047913, -0.8980644941329956, -0.8528547286987305, -0.987989068031311, -0.2647997736930847, -0.9916695952415466, -0.503047525882721, 0.4806769788265228, -0.0747818872332573, 2.0462398529052734, -0.2927013635635376, -0.8085072636604309, -0.20033001899719238, -0.383743554353714, -0.5163019895553589], [0.364898681640625, 0.8238880038261414, -0.11205138266086578, -0.01585382968187332, 0.9988453388214111, -0.04535067453980446, -0.9947484731674194, 0.5769481062889099, 0.8621481657028198, -0.28060221672058105, -1.0026426315307617, -0.9993054866790771, -1.0017369985580444, -1.0, -0.1222100704908371, -0.8700942993164062, -0.9405797719955444, -0.3244657814502716, -0.9939541220664978, -1.0, -0.9958286881446838, -0.4436063766479492, 0.48269179463386536, -0.0747818872332573, 2.0462398529052734, -0.2927013635635376, -0.8085072636604309, -0.20033001899719238, -0.383743554353714, -0.5163019895553589], [0.5001211166381836, -0.30112409591674805, 0.8587271571159363, 0.9996188879013062, -0.01051531545817852, 0.025523973628878593, -0.9739740490913391, 0.5832517743110657, -0.3765158951282501, 0.83533775806427, -0.9992637634277344, -0.9973277449607849, -0.9998448491096497, -0.6000000238418579, 0.005339594092220068, -0.8770160675048828, -0.8912397623062134, -0.9481146335601807, -0.9926926493644714, -0.8253470063209534, -0.989504873752594, -0.0906825140118599, 0.11334789544343948, -0.0747818872332573, 2.0462398529052734, -0.2927013635635376, -0.8085072636604309, -0.20033001899719238, -0.383743554353714, -0.5163019895553589], [0.6042141318321228, -0.5792362093925476, 0.8102373480796814, 0.008963439613580704, -0.9994141459465027, -0.03303094208240509, -0.9724195599555969, 0.4125981330871582, -0.6117650866508484, 0.03098812885582447, -0.9851033091545105, -0.998881459236145, -1.0068553686141968, -0.6000000238418579, -0.06360325962305069, -0.9111926555633545, -0.8950764536857605, -0.7586514353752136, -0.9911309480667114, -0.5989885330200195, -0.9954777956008911, -0.4786253273487091, 0.4492518901824951, -0.0747818872332573, 2.0462398529052734, -0.2927013635635376, -0.8085072636604309, -0.20033001899719238, -0.383743554353714, -0.5163019895553589], [0.38338983058929443, -0.7808103561401367, -0.08939185738563538, -0.01339759398251772, -0.9952950477600098, -0.09595992416143417, -0.994523823261261, 0.5843681693077087, -0.7983556389808655, -0.24044649302959442, -0.9967870712280273, -1.0013197660446167, -0.9971713423728943, -1.0, 0.13040924072265625, -0.8805676698684692, -0.8668382167816162, -1.0, -0.9885884523391724, -0.4096412658691406, -0.9914238452911377, -0.4829362630844116, 0.4532450735569, -0.0747818872332573, 2.0462398529052734, -0.2927013635635376, -0.8085072636604309, -0.20033001899719238, -0.383743554353714, -0.5163019895553589], [-0.503900408744812, 0.3571230471134186, 0.8505929708480835, -0.9999926686286926, 0.003029466373845935, 0.00234775897115469, -0.979316234588623, -0.589873731136322, 0.37296369671821594, 0.8387651443481445, -1.0007309913635254, -1.0022183656692505, -1.0000618696212769, -0.6000000238418579, 0.005355739966034889, -0.9390772581100464, -0.8700169920921326, -0.7405275106430054, -0.9862264394760132, -1.0, -0.9974544048309326, -0.07030641287565231, 0.1362346112728119, -0.0747818872332573, 2.0462398529052734, -0.2927013635635376, -0.8085072636604309, -0.20033001899719238, -0.383743554353714, -0.5163019895553589], [-0.6051029562950134, 0.6442488431930542, 0.8313859701156616, 0.004453122150152922, 0.9970139265060425, -0.0770934447646141, -0.9775567650794983, -0.3814786374568939, 0.6932377219200134, 0.06580697000026703, -1.0120760202407837, -1.0009331703186035, -1.0053105354309082, -0.6000000238418579, -0.06918317824602127, -0.8442812561988831, -0.9055059552192688, -0.5022193789482117, -0.9952555298805237, -1.0, -0.9932950735092163, -0.48377928137779236, 0.4818684756755829, -0.0747818872332573, 2.0462398529052734, -0.2927013635635376, -0.8085072636604309, -0.20033001899719238, -0.383743554353714, -0.5163019895553589], [-0.36041682958602905, 0.843108594417572, -0.026316294446587563, -0.003756351303309202, 0.9992902278900146, -0.03748304769396782, -0.9948582053184509, -0.5372369289398193, 0.8580480813980103, -0.20953156054019928, -1.0031150579452515, -0.9995766878128052, -0.9972615838050842, -1.0, 0.1274532824754715, -0.8152599334716797, -0.8823078870773315, -0.5012681484222412, -0.9941979646682739, -0.2750477194786072, -0.9979189038276672, -0.4875706732273102, 0.46318909525871277, -0.0747818872332573, 2.0462398529052734, -0.2927013635635376, -0.8085072636604309, -0.20033001899719238, -0.383743554353714, -0.5163019895553589], [-0.5110858678817749, -0.27591779828071594, 0.8296940922737122, -0.9968898892402649, -0.07877249270677567, -0.0023335283622145653, -0.9736747741699219, -0.5823994278907776, -0.3355596959590912, 0.7808564901351929, -1.0004969835281372, -1.0023682117462158, -1.0006484985351562, -0.6000000238418579, 0.007949530147016048, -0.834710419178009, -0.8602871298789978, -0.7844213247299194, -0.9875528216362, -1.0, -0.9942171573638916, -0.12672719359397888, 0.06939560174942017, -0.0747818872332573, 2.0462398529052734, -0.2927013635635376, -0.8085072636604309, -0.20033001899719238, -0.383743554353714, -0.5163019895553589], [-0.6161465048789978, -0.5132272839546204, 0.7959811091423035, 0.020536890253424644, -0.9980350136756897, 0.059197716414928436, -0.9672089219093323, -0.4274902641773224, -0.6165066957473755, 0.019721616059541702, -0.9884982109069824, -0.9996210336685181, -0.9943317770957947, -0.6000000238418579, 0.05604160204529762, -0.9370322227478027, -0.856347382068634, -0.8754168748855591, -0.9904069900512695, -1.0, -0.9942371249198914, -0.4808056056499481, 0.446857213973999, -0.0747818872332573, 2.0462398529052734, -0.2927013635635376, -0.8085072636604309, -0.20033001899719238, -0.383743554353714, -0.5163019895553589], [-0.3932414948940277, -0.765671968460083, -0.11268414556980133, 0.06504776328802109, -0.994516909122467, 0.08188384771347046, -0.9946038722991943, -0.5990217328071594, -0.8133350014686584, -0.2571133077144623, -0.9965370893478394, -1.0014410018920898, -1.002267599105835, -1.0, -0.12440232932567596, -0.8845526576042175, -0.9305546879768372, -1.0, -0.9891184568405151, -1.0, -0.9920706748962402, -0.4669651687145233, 0.4796067476272583, -0.0747818872332573, 2.0462398529052734, -0.2927013635635376, -0.8085072636604309, -0.20033001899719238, -0.383743554353714, -0.5163019895553589]], "general_static": {"gains_and_scale_normalized": [-0.07478188564346244, 2.0462399185688604, -0.292701363810448], "mass_normalized": [-0.8085072520646454], "robot_dimensions_normalized": [-0.20033002460002913, -0.3837435537107391, -0.5163019713198809], "trunk_attributes_normalized": [-0.805183378038957, 0.02710260973204237, 0.017463898460372995, 1.0, -0.9597083260323078, -0.9471773580586117, -0.7345450723156015]},