{"n_joints": 12, "joint_descriptions": [[0.520997166633606, 0.298463374376297, 0.8470598459243774, 0.9999600648880005, 0.008634479716420174, -0.0023029872681945562, -0.9871833324432373, 0.6239560842514038, 0.35160091519355774, 0.8451656699180603, -0.9998033046722412, -0.9995311498641968, -1.0003710985183716, -0.6000000238418579, 0.0007833923446014524, -0.8998894095420837, -0.9175589680671692, -0.7739464044570923, -0.9926760792732239, -1.0, -0.994657039642334, -0.1168285682797432, 0.07224220037460327, -0.02873275987803936, 1.0236139297485352, -0.4493963420391083, -0.9050647020339966, -0.2879604995250702, -0.5235398411750793, -0.6357570886611938], [0.630165696144104, 0.538123607635498, 0.825352668762207, 0.008240277878940105, 0.9998739361763, 0.013570868410170078, -0.9858932495117188, 0.4634617269039154, 0.6267977356910706, 0.04458487406373024, -1.0027433633804321, -0.9989698529243469, -0.9983727335929871, -0.6000000238418579, 0.062132373452186584, -0.9108450412750244, -0.9152364730834961, -0.9698033332824707, -0.9937148094177246, -0.8671868443489075, -0.9954447746276855, -0.47622478008270264, 0.4816381633281708, -0.02873275987803936, 1.0236139297485352, -0.4493963420391083, -0.9050647020339966, -0.2879604995250702, -0.5235398411750793, -0.6357570886611938], [0.4307675361633301, 0.8082378506660461, -0.07913605868816376, -0.0041320957243442535, 0.999981701374054, -0.004425170831382275, -0.9972831010818481, 0.594692051410675, 0.8255804181098938, -0.2433769702911377, -1.000761866569519, -0.9994782209396362, -1.000469446182251, -1.0, -0.12176913022994995, -0.9037415385246277, -0.9180707931518555, -0.940050482749939, -0.992002546787262, -0.9347392320632935, -0.9941281080245972, -0.47974851727485657, 0.4816960394382477, -0.02873275987803936, 1.0236139297485352, -0.4493963420391083, -0.9050647020339966, -0.2879604995250702, -0.5235398411750793, -0.6357570886611938], [0.5244271755218506, -0.3062756657600403, 0.8452571630477905, 0.9999430179595947, 0.0063931443728506565, -0.008547871373593807, -0.9870479106903076, 0.62737637758255, -0.3582170903682709, 0.8406332731246948, -0.9998382925987244, -0.9994856119155884, -1.0002363920211792, -0.6000000238418579, -0.0019222572445869446, -0.8983723521232605, -0.9194434285163879, -0.8918458819389343, -0.9919046759605408, -1.0, -0.994687557220459, -0.06763341277837753, 0.11215593665838242, -0.02873275987803936, 1.0236139297485352, -0.4493963420391083, -0.9050647020339966, -0.2879604995250702, -0.5235398411750793, -0.6357570886611938], [0.6286847591400146, -0.5535602569580078, 0.833079993724823, 0.006641905289143324, -0.9999539256095886, 0.006929388735443354, -0.9859074354171753, 0.4589135944843292, -0.6487043499946594, 0.05126679316163063, -0.9970820546150208, -1.0010104179382324, -1.0007634162902832, -0.6000000238418579, -0.06111505255103111, -0.8922592997550964, -0.9155946969985962, -0.975003182888031, -0.9928482174873352, -1.0, -0.9940426349639893, -0.48727306723594666, 0.483939528465271, -0.02873275987803936, 1.0236139297485352, -0.4493963420391083, -0.9050647020339966, -0.2879604995250702, -0.5235398411750793, -0.6357570886611938], [0.4309001564979553, -0.8206019401550293, -0.08155975490808487, -0.0019734203815460205, -0.9997833371162415, 0.0207224003970623, -0.9972507357597351, 0.5972380638122559, -0.837304413318634, -0.2512423098087311, -0.9992745518684387, -1.000470519065857, -0.9993877410888672, -1.0, 0.12186805158853531, -0.9017895460128784, -0.9242308139801025, -0.8898571729660034, -0.9937604069709778, -1.0, -0.995441198348999, -0.48072099685668945, 0.486422598361969, -0.02873275987803936, 1.0236139297485352, -0.4493963420391083, -0.9050647020339966, -0.2879604995250702, -0.5235398411750793, -0.6357570886611938], [-0.5178736448287964, 0.3054824769496918, 0.8378396034240723, -0.9999809265136719, 0.006113314535468817, -0.0008522984571754932, -0.9870145916938782, -0.6215784549713135, 0.3526100814342499, 0.8399915099143982, -1.0001682043075562, -1.000556230545044, -1.0002388954162598, -0.6000000238418579, -0.002402643905952573, -0.9082666635513306, -0.9257978200912476, -1.0, -0.992824912071228, -0.9581462740898132, -0.9949133396148682, -0.08009535819292068, 0.10523996502161026, -0.02873275987803936, 1.0236139297485352, -0.4493963420391083, -0.9050647020339966, -0.2879604995250702, -0.5235398411750793, -0.6357570886611938], [-0.6187078356742859, 0.5488572120666504, 0.8297237157821655, 0.006362631916999817, 0.9998055100440979, 0.018666913732886314, -0.9856377243995667, -0.4460694491863251, 0.6373262405395508, 0.05752727389335632, -1.003230094909668, -0.9989467859268188, -1.0009421110153198, -0.6000000238418579, -0.06262605637311935, -0.9105519652366638, -0.9123725891113281, -1.0, -0.992541491985321, -0.9990810751914978, -0.9947940707206726, -0.4848957359790802, 0.48261818289756775, -0.02873275987803936, 1.0236139297485352, -0.4493963420391083, -0.9050647020339966, -0.2879604995250702, -0.5235398411750793, -0.6357570886611938], [-0.4153211712837219, 0.8186425566673279, -0.06442289799451828, 0.0017047352157533169, 0.9999691247940063, 0.007673453073948622, -0.9971874952316284, -0.5756585001945496, 0.827974796295166, -0.24377112090587616, -1.00077223777771, -0.9995222687721252, -0.9994028210639954, -1.0, 0.11953604966402054, -0.896833598613739, -0.924853503704071, -0.9963511824607849, -0.9920810461044312, -0.8955233097076416, -0.9952057600021362, -0.48501062393188477, 0.4909783601760864, -0.02873275987803936, 1.0236139297485352, -0.4493963420391083, -0.9050647020339966, -0.2879604995250702, -0.5235398411750793, -0.6357570886611938], [-0.5154993534088135, -0.313241183757782, 0.8461601734161377, -0.9999515414237976, 0.009693851694464684, 0.0017263954505324364, -0.9870643615722656, -0.6102885007858276, -0.358969122171402, 0.8376460075378418, -1.0001953840255737, -1.0004475116729736, -1.000374674797058, -0.6000000238418579, -0.0006036696722730994, -0.9072630405426025, -0.9222148060798645, -0.9249544739723206, -0.9937574863433838, -0.9665039777755737, -0.9942426681518555, -0.10297633707523346, 0.08070853352546692, -0.02873275987803936, 1.0236139297485352, -0.4493963420391083, -0.9050647020339966, -0.2879604995250702, -0.5235398411750793, -0.6357570886611938], [-0.6146261096000671, -0.5475996136665344, 0.8288871645927429, -0.007884714752435684, -0.9999686479568481, 0.0007055882015265524, -0.985770583152771, -0.43901872634887695, -0.6260989904403687, 0.052066411823034286, -0.9972085356712341, -1.0009797811508179, -0.998328685760498, -0.6000000238418579, 0.06441550701856613, -0.9068350791931152, -0.919951319694519, -0.9739068150520325, -0.9929483532905579, -0.9103442430496216, -0.9942312836647034, -0.48201844096183777, 0.48248615860939026, -0.02873275987803936, 1.0236139297485352, -0.4493963420391083, -0.9050647020339966, -0.2879604995250702, -0.5235398411750793, -0.6357570886611938], [-0.4112142026424408, -0.8053083419799805, -0.060330264270305634, 0.002566636772826314, -0.999991238117218, 0.0033083208836615086, -0.9972796440124512, -0.5727180242538452, -0.8171908259391785, -0.23333482444286346, -0.9992392659187317, -1.0005820989608765, -1.000451683998108, -1.0, -0.12148823589086533, -0.8977722525596619, -0.9120796918869019, -0.94093257188797, -0.9937157034873962, -0.9746034741401672, -0.9953955411911011, -0.48776954412460327, 0.4846355617046356, -0.02873275987803936, 1.0236139297485352, -0.4493963420391083, -0.9050647020339966, -0.2879604995250702, -0.5235398411750793, -0.6357570886611938]], "general_static": {"gains_and_scale_normalized": [-0.028732759206022918, 1.0236139157775304, -0.4493963440972373], "mass_normalized": [-0.9050647007820526], "robot_dimensions_normalized": [-0.2879604903062184, -0.5235398353750709, -0.6357570807480832], "trunk_attributes_normalized": [-0.9058752401708563, 0.007639655205008422, 0.004199772724964523, 1.0, -0.986423080340223, -0.9658979191438676, -0.9368278432332047]},