{"n_joints": 12, "joint_descriptions": [[0.5600677728652954, 0.17273758351802826, 0.8585702776908875, 0.9999994039535522, -0.0010280102724209428, -0.00036878164974041283, -0.9776468873023987, 0.682755708694458, 0.19102557003498077, 0.8409871459007263, -0.9993662238121033, -1.0004210472106934, -1.0038394927978516, -0.6000000238418579, -0.0015253917081281543, -0.8467135429382324, -0.8727134466171265, -1.0, -0.9965217113494873, -1.0, -0.9898704886436462, -0.0845341831445694, 0.07493940740823746, -0.35841113328933716, 0.7550837397575378, -0.14669594168663025, -0.8515243530273438, 0.08551599085330963, -0.46612775325775146, -0.5772912502288818], [0.6719546318054199, 0.34790217876434326, 0.923808217048645, -0.02201797626912594, 0.9984358549118042, -0.051391445100307465, -0.9768775701522827, 0.5641152262687683, 0.4577186107635498, 0.15849308669567108, -1.001703143119812, -0.9830023646354675, -0.9958418607711792, -0.6000000238418579, 0.05291448533535004, -0.8176430463790894, -0.8826389312744141, -0.8445839285850525, -0.9947150349617004, -0.6742008924484253, -0.9950424432754517, -0.4486542344093323, 0.4569461941719055, -0.35841113328933716, 0.7550837397575378, -0.14669594168663025, -0.8515243530273438, 0.08551599085330963, -0.46612775325775146, -0.5772912502288818], [0.5533480644226074, 0.7320818305015564, -0.057201944291591644, 0.042751751840114594, 0.998045027256012, -0.04558953642845154, -0.9948726296424866, 0.6462779641151428, 0.7474184036254883, -0.2581466734409332, -0.9998462796211243, -0.9939859509468079, -1.0001883506774902, -1.0, -0.11518747359514236, -0.9142405986785889, -0.905441403388977, -1.0, -0.9878898859024048, -1.0, -0.9903786182403564, -0.49542346596717834, 0.49815940856933594, -0.35841113328933716, 0.7550837397575378, -0.14669594168663025, -0.8515243530273438, 0.08551599085330963, -0.46612775325775146, -0.5772912502288818], [0.5482855439186096, -0.21217162907123566, 0.8641816973686218, 0.9999685287475586, 0.0021706263069063425, -0.007628682069480419, -0.9792559146881104, 0.6546745896339417, -0.233484148979187, 0.8644434809684753, -0.9998269081115723, -0.9994878768920898, -1.004364013671875, -0.6000000238418579, -0.011381108313798904, -0.8604246377944946, -0.9185777306556702, -1.0, -0.9910329580307007, -1.0, -0.990668535232544, -0.11496160924434662, 0.15744099020957947, -0.35841113328933716, 0.7550837397575378, -0.14669594168663025, -0.8515243530273438, 0.08551599085330963, -0.46612775325775146, -0.5772912502288818], [0.6390520930290222, -0.35892254114151, 0.9253786206245422, 0.07113436609506607, -0.996123731136322, 0.05174393206834793, -0.9813916087150574, 0.5284663438796997, -0.5272085666656494, 0.150535449385643, -0.9955766201019287, -1.016411304473877, -0.9967907071113586, -0.6000000238418579, -0.055436570197343826, -0.9199007153511047, -0.8459030389785767, -0.3298116624355316, -0.9924485087394714, -0.8447832465171814, -0.9922570586204529, -0.5357731580734253, 0.5298917889595032, -0.35841113328933716, 0.7550837397575378, -0.14669594168663025, -0.8515243530273438, 0.08551599085330963, -0.46612775325775146, -0.5772912502288818], [0.4948924779891968, -0.7647426724433899, 0.031730301678180695, 0.002571875462308526, -0.9853394031524658, 0.17058609426021576, -0.995095431804657, 0.6043502688407898, -0.8115556836128235, -0.1999971568584442, -0.999520480632782, -1.0052834749221802, -0.9993190169334412, -1.0, 0.11875373870134354, -0.8516230583190918, -0.9034684896469116, -1.0, -0.9913483262062073, -0.6263907551765442, -0.9888283014297485, -0.502946674823761, 0.5250917673110962, -0.35841113328933716, 0.7550837397575378, -0.14669594168663025, -0.8515243530273438, 0.08551599085330963, -0.46612775325775146, -0.5772912502288818], [-0.5502915382385254, 0.1151396781206131, 0.8587656617164612, -0.9982089400291443, -0.0031475527212023735, 0.05974123626947403, -0.9765453934669495, -0.6670150756835938, 0.18765434622764587, 0.8635640740394592, -1.0004029273986816, -1.000503420829773, -1.003224492073059, -0.6000000238418579, -0.012260688468813896, -0.9358708262443542, -0.8898994326591492, -0.3408772051334381, -0.9917686581611633, -0.3731532096862793, -0.9968535304069519, -0.09302829205989838, 0.13924527168273926, -0.35841113328933716, 0.7550837397575378, -0.14669594168663025, -0.8515243530273438, 0.08551599085330963, -0.46612775325775146, -0.5772912502288818], [-0.6609300971031189, 0.3196675777435303, 0.9010985493659973, -0.002692272188141942, 0.9969412684440613, 0.07810817658901215, -0.9800805449485779, -0.5303477048873901, 0.5011501312255859, 0.14457669854164124, -1.0048801898956299, -0.9850239157676697, -0.9987688660621643, -0.6000000238418579, -0.07082755863666534, -0.8845453262329102, -0.8672890663146973, -0.5724070072174072, -0.9911946654319763, -1.0, -0.9938856959342957, -0.48479875922203064, 0.4813234210014343, -0.35841113328933716, 0.7550837397575378, -0.14669594168663025, -0.8515243530273438, 0.08551599085330963, -0.46612775325775146, -0.5772912502288818], [-0.4913215935230255, 0.72037672996521, 0.05235816910862923, 0.05638306587934494, 0.995202362537384, 0.07995789498090744, -0.9962767958641052, -0.5825806260108948, 0.727398693561554, -0.12154059112071991, -1.00019371509552, -0.994837760925293, -0.9991697072982788, -1.0, 0.12255822122097015, -0.8484172224998474, -0.9039894938468933, -1.0, -0.9911051392555237, -1.0, -0.9967445135116577, -0.48404940962791443, 0.5378755331039429, -0.35841113328933716, 0.7550837397575378, -0.14669594168663025, -0.8515243530273438, 0.08551599085330963, -0.46612775325775146, -0.5772912502288818], [-0.5562478303909302, -0.2706209123134613, 0.8653356432914734, -0.9997269511222839, 0.020246444270014763, -0.011664093472063541, -0.9764341115951538, -0.6545805335044861, -0.3170008063316345, 0.8348038792610168, -1.000836730003357, -0.9994917511940002, -1.0034072399139404, -0.6000000238418579, -0.00409313989803195, -0.8186929225921631, -0.896777331829071, -0.8726105093955994, -0.9853238463401794, -0.6722642183303833, -0.9972530603408813, -0.06768954545259476, 0.05734729766845703, -0.35841113328933716, 0.7550837397575378, -0.14669594168663025, -0.8515243530273438, 0.08551599085330963, -0.46612775325775146, -0.5772912502288818], [-0.6718907356262207, -0.42940372228622437, 0.8574902415275574, -0.034958478063344955, -0.9979292750358582, -0.05399102345108986, -0.974196195602417, -0.5840655565261841, -0.5410501956939697, 0.010266676545143127, -0.997002363204956, -1.02250337600708, -0.9953275918960571, -0.6000000238418579, 0.051737889647483826, -0.8680632710456848, -0.9080056548118591, -1.0, -0.9994597434997559, -1.0, -0.9960695505142212, -0.5087131261825562, 0.5303113460540771, -0.35841113328933716, 0.7550837397575378, -0.14669594168663025, -0.8515243530273438, 0.08551599085330963, -0.46612775325775146, -0.5772912502288818], [-0.5348313450813293, -0.795275092124939, -0.07303377985954285, 0.011505736038088799, -0.9981839060783386, 0.05913146585226059, -0.9946277737617493, -0.6340786814689636, -0.7848079204559326, -0.24564647674560547, -0.9999540448188782, -1.006449580192566, -0.9993886947631836, -1.0, -0.12699197232723236, -0.8656612038612366, -0.867334246635437, -0.8681423664093018, -0.9908376932144165, -1.0, -0.9953186511993408, -0.5234547853469849, 0.4381246864795685, -0.35841113328933716, 0.7550837397575378, -0.14669594168663025, -0.8515243530273438, 0.08551599085330963, -0.46612775325775146, -0.5772912502288818]], "general_static": {"gains_and_scale_normalized": [-0.3584111205412228, 0.7550837505248351, -0.1466959387134087], "mass_normalized": [-0.8515243403653393], "robot_dimensions_normalized": [0.08551598739624033, -0.4661277452127006, -0.5772912793336227], "trunk_attributes_normalized": [-0.8626288774773523, 0.0010520583752327006, -0.08576949823542424, 1.0, -0.970399042590556, -0.6444599936038956, -0.988282782602124]},