{"n_joints": 12, "joint_descriptions": [[0.5575331449508667, 0.17561544477939606, 0.8618009686470032, 0.9999865293502808, -0.0011834355536848307, -0.005058737471699715, -0.9788641333580017, 0.6791025400161743, 0.19929957389831543, 0.8430753946304321, -0.9996671080589294, -1.000369906425476, -1.0033512115478516, -0.6000000238418579, -0.0010960391955450177, -0.8524823784828186, -0.8775153160095215, -1.0, -0.9961251020431519, -1.0, -0.990277111530304, -0.08757655322551727, 0.07712094485759735, -0.3396991789340973, 0.7903642654418945, -0.17425256967544556, -0.8570156097412109, 0.05978155881166458, -0.4834049940109253, -0.5846434831619263], [0.6683415770530701, 0.3617112338542938, 0.916581392288208, -0.0056668296456336975, 0.9994887709617615, 0.031464673578739166, -0.9775705933570862, 0.5590114593505859, 0.47529923915863037, 0.16518303751945496, -1.002061367034912, -0.9851101040840149, -0.9963250160217285, -0.6000000238418579, 0.053678665310144424, -0.8237488269805908, -0.8873143196105957, -0.8739782571792603, -0.9943413734436035, -0.7230489253997803, -0.994808554649353, -0.45170703530311584, 0.45998820662498474, -0.3396991789340973, 0.7903642654418945, -0.17425256967544556, -0.8570156097412109, 0.05978155881166458, -0.4834049940109253, -0.5846434831619263], [0.5432801842689514, 0.754087507724762, -0.03534833714365959, -0.03730092942714691, 0.9992892146110535, 0.005449327174574137, -0.9951480627059937, 0.6402179002761841, 0.7824309468269348, -0.22655527293682098, -1.0000677108764648, -0.9947083592414856, -0.9999014139175415, -1.0, -0.11594703793525696, -0.9111236929893494, -0.9038454294204712, -1.0, -0.988455593585968, -1.0, -0.9907793998718262, -0.4924268424510956, 0.495148241519928, -0.3396991789340973, 0.7903642654418945, -0.17425256967544556, -0.8570156097412109, 0.05978155881166458, -0.4834049940109253, -0.5846434831619263], [0.547886848449707, -0.24331556260585785, 0.8663052916526794, 0.9999306797981262, -0.010167928412556648, 0.005936741828918457, -0.9798740148544312, 0.6528214812278748, -0.2712981402873993, 0.8698562383651733, -0.999824047088623, -0.9995632171630859, -1.0037375688552856, -0.6000000238418579, -0.010615374892950058, -0.8660193681716919, -0.9161311388015747, -1.0, -0.9915414452552795, -1.0, -0.9910658597946167, -0.11190559715032578, 0.15438197553157806, -0.3396991789340973, 0.7903642654418945, -0.17425256967544556, -0.8570156097412109, 0.05978155881166458, -0.4834049940109253, -0.5846434831619263], [0.6382527351379395, -0.4027743637561798, 0.9216276407241821, 0.03607168048620224, -0.9992924928665161, 0.010644412599503994, -0.9819157123565674, 0.5297680497169495, -0.5707820057868958, 0.1569703072309494, -0.9957704544067383, -1.0144081115722656, -0.9974521398544312, -0.6000000238418579, -0.05619717016816139, -0.9167008399963379, -0.8510143160820007, -0.37426403164863586, -0.9921308755874634, -0.8739007115364075, -0.9926341772079468, -0.532711386680603, 0.5268326997756958, -0.3396991789340973, 0.7903642654418945, -0.17425256967544556, -0.8570156097412109, 0.05978155881166458, -0.4834049940109253, -0.5846434831619263], [0.5003823637962341, -0.8086947798728943, 0.0380159355700016, 0.08595411479473114, -0.989676833152771, 0.11468073725700378, -0.9952533841133118, 0.612478494644165, -0.8418935537338257, -0.18655024468898773, -0.9996271133422852, -1.004733681678772, -0.9992773532867432, -1.0, 0.11950287967920303, -0.8573330640792847, -0.9062822461128235, -1.0, -0.9911891222000122, -0.6759188175201416, -0.9892467260360718, -0.49991413950920105, 0.522034227848053, -0.3396991789340973, 0.7903642654418945, -0.17425256967544556, -0.8570156097412109, 0.05978155881166458, -0.4834049940109253, -0.5846434831619263], [-0.5499289631843567, 0.12123383581638336, 0.8620213866233826, -0.9986063838005066, 0.018783440813422203, -0.04932062327861786, -0.9776340126991272, -0.6656726002693176, 0.19204722344875336, 0.8640604615211487, -1.000016689300537, -0.999958336353302, -1.002903938293457, -0.6000000238418579, -0.011503717862069607, -0.9324787855148315, -0.89447420835495, -0.3971961438655853, -0.9915755987167358, -0.42280811071395874, -0.9965935349464417, -0.09000764042139053, 0.1362001597881317, -0.3396991789340973, 0.7903642654418945, -0.17425256967544556, -0.8570156097412109, 0.05978155881166458, -0.4834049940109253, -0.5846434831619263], [-0.6614800691604614, 0.3325476348400116, 0.8955591320991516, -0.0064661758951842785, 0.9976639747619629, 0.06800584495067596, -0.9806402921676636, -0.5297551155090332, 0.5103247165679932, 0.15125927329063416, -1.0042163133621216, -0.9868058562278748, -0.9989309906959534, -0.6000000238418579, -0.07006901502609253, -0.8888651728630066, -0.872155487537384, -0.6286503672599792, -0.9915590882301331, -1.0, -0.9937919974327087, -0.4864751398563385, 0.4839468002319336, -0.3396991789340973, 0.7903642654418945, -0.17425256967544556, -0.8570156097412109, 0.05978155881166458, -0.4834049940109253, -0.5846434831619263], [-0.4937549829483032, 0.7343859672546387, 0.06194457411766052, 0.029912179335951805, 0.9925143122673035, 0.11840842664241791, -0.9963788390159607, -0.5882748961448669, 0.7361270785331726, -0.10720368474721909, -1.000370979309082, -0.9954725503921509, -0.9992559552192688, -1.0, 0.12182890623807907, -0.8541656732559204, -0.9067800641059875, -1.0, -0.9915651679039001, -1.0, -0.9964857697486877, -0.48615261912345886, 0.5348128080368042, -0.3396991789340973, 0.7903642654418945, -0.17425256967544556, -0.8570156097412109, 0.05978155881166458, -0.4834049940109253, -0.5846434831619263], [-0.5559115409851074, -0.2986028790473938, 0.8687841892242432, -0.999825656414032, 0.017920350655913353, 0.005242094863206148, -0.9777058959007263, -0.6548178791999817, -0.3468311131000519, 0.8363114595413208, -1.0006712675094604, -0.9999597668647766, -1.0030399560928345, -0.6000000238418579, -0.003329228376969695, -0.8247860670089722, -0.9012215733528137, -0.8255265951156616, -0.9859196543693542, -0.7215980291366577, -0.9969882369041443, -0.07074854522943497, 0.060375407338142395, -0.3396991789340973, 0.7903642654418945, -0.17425256967544556, -0.8570156097412109, 0.05978155881166458, -0.4834049940109253, -0.5846434831619263], [-0.6699609160423279, -0.4663980007171631, 0.8517304062843323, 0.04524458944797516, -0.9971116781234741, -0.061001770198345184, -0.975534975528717, -0.5742622017860413, -0.5595269203186035, 0.022952506318688393, -0.9979021549224854, -1.0196006298065186, -0.9975520968437195, -0.6000000238418579, 0.05250277742743492, -0.8735454082489014, -0.9061139822006226, -1.0, -0.9990296363830566, -1.0, -0.9958193898200989, -0.5056703686714172, 0.5272521376609802, -0.3396991789340973, 0.7903642654418945, -0.17425256967544556, -0.8570156097412109, 0.05978155881166458, -0.4834049940109253, -0.5846434831619263], [-0.5252900719642639, -0.8140347003936768, -0.0655931606888771, -0.0010827712249010801, -0.9947213530540466, -0.10260754823684692, -0.9949139952659607, -0.6260113716125488, -0.8159552216529846, -0.24334679543972015, -0.9999700784683228, -1.0056661367416382, -0.999523401260376, -1.0, -0.12624593079090118, -0.8711822032928467, -0.8721984028816223, -0.8805744647979736, -0.9912927150726318, -1.0, -0.9950796365737915, -0.5203967690467834, 0.4411833584308624, -0.3396991789340973, 0.7903642654418945, -0.17425256967544556, -0.8570156097412109, 0.05978155881166458, -0.4834049940109253, -0.5846434831619263]], "general_static": {"gains_and_scale_normalized": [-0.33969917465019306, 0.7903642702528508, -0.1742525742731288], "mass_normalized": [-0.8570156057095775], "robot_dimensions_normalized": [0.059781560579935666, -0.48340499753464206, -0.5846434852558917], "trunk_attributes_normalized": [-0.8668512251211897, 0.002157910195581314, -0.09698067532731536, 1.0, -0.9743751069805692, -0.6874814077457136, -0.9865467114603791]},