{"n_joints": 12, "joint_descriptions": [[0.521786093711853, 0.29137492179870605, 0.8240976929664612, 1.0, 4.785733108292334e-05, -6.294054855970899e-06, -0.9875110983848572, 0.615652322769165, 0.343176007270813, 0.8258792161941528, -0.9996970891952515, -0.9997838735580444, -1.000322937965393, -0.6000000238418579, -0.0007695600506849587, -0.9055144786834717, -0.9212401509284973, -0.865571916103363, -0.9924774169921875, -1.0, -0.9954578280448914, -0.11018615961074829, 0.07579118758440018, -0.030129695311188698, 0.9608981609344482, -0.4194469153881073, -0.9139491319656372, -0.2962510883808136, -0.5677856802940369, -0.6012627482414246], [0.6263989806175232, 0.5361433029174805, 0.8356584906578064, 0.0004587149014696479, 0.9999885559082031, -0.004756058566272259, -0.987165093421936, 0.43526899814605713, 0.6197177767753601, 0.05929182842373848, -1.0014148950576782, -0.9988330006599426, -0.9987937211990356, -0.6000000238418579, 0.06299517303705215, -0.9136946201324463, -0.9164654016494751, -0.9126816987991333, -0.993196964263916, -1.0, -0.9948362112045288, -0.48853442072868347, 0.48244425654411316, -0.030129695311188698, 0.9608981609344482, -0.4194469153881073, -0.9139491319656372, -0.2962510883808136, -0.5677856802940369, -0.6012627482414246], [0.40517985820770264, 0.8181815147399902, -0.05827804654836655, -0.0017791991122066975, 0.9999356865882874, -0.011201901361346245, -0.9974690675735474, 0.5642589330673218, 0.8325929045677185, -0.24167829751968384, -1.000417947769165, -0.9994699954986572, -1.0001872777938843, -1.0, -0.12302695214748383, -0.9075759649276733, -0.920035183429718, -0.7848821878433228, -0.9928393363952637, -1.0, -0.9953047633171082, -0.48432204127311707, 0.4856307804584503, -0.030129695311188698, 0.9608981609344482, -0.4194469153881073, -0.9139491319656372, -0.2962510883808136, -0.5677856802940369, -0.6012627482414246], [0.5214996337890625, -0.3057449162006378, 0.8289993405342102, 0.9999976754188538, -0.0014998983824625611, 0.0015523547772318125, -0.9883581399917603, 0.6208492517471313, -0.3543941378593445, 0.8276991844177246, -0.9997261166572571, -0.999704122543335, -1.0002493858337402, -0.6000000238418579, 0.0021613016724586487, -0.8998259902000427, -0.9200344681739807, -0.9564886093139648, -0.9929748177528381, -1.0, -0.9951821565628052, -0.06931454688310623, 0.10283545404672623, -0.030129695311188698, 0.9608981609344482, -0.4194469153881073, -0.9139491319656372, -0.2962510883808136, -0.5677856802940369, -0.6012627482414246], [0.6311126351356506, -0.5532251596450806, 0.8360742926597595, -0.013432081788778305, -0.9998409152030945, -0.011735592037439346, -0.9861673712730408, 0.4479318857192993, -0.6294591426849365, 0.05533841252326965, -0.9980725646018982, -1.0011318922042847, -1.0002036094665527, -0.6000000238418579, -0.06083238497376442, -0.9035590887069702, -0.9270906448364258, -1.0, -0.9927765727043152, -0.932445764541626, -0.9945507049560547, -0.4753526747226715, 0.47467702627182007, -0.030129695311188698, 0.9608981609344482, -0.4194469153881073, -0.9139491319656372, -0.2962510883808136, -0.5677856802940369, -0.6012627482414246], [0.4156004786491394, -0.8304394483566284, -0.06924482434988022, -0.0009776061633601785, -0.9999894499778748, -0.0044936868362128735, -0.9975160360336304, 0.5759115219116211, -0.8439798355102539, -0.23967109620571136, -0.9996497631072998, -1.00048828125, -0.9996255040168762, -1.0, 0.12290673702955246, -0.9041535258293152, -0.919695258140564, -0.9407995939254761, -0.9928873181343079, -1.0, -0.9955083131790161, -0.48509639501571655, 0.4750576317310333, -0.030129695311188698, 0.9608981609344482, -0.4194469153881073, -0.9139491319656372, -0.2962510883808136, -0.5677856802940369, -0.6012627482414246], [-0.5186065435409546, 0.2989441454410553, 0.8274206519126892, -0.9999678730964661, -0.006934979930520058, 0.004014613572508097, -0.9882264137268066, -0.6168051362037659, 0.3439352214336395, 0.834677517414093, -1.0002655982971191, -1.0003215074539185, -1.000250220298767, -0.6000000238418579, 0.002210852690041065, -0.8980201482772827, -0.917190670967102, -0.978201150894165, -0.9928627610206604, -1.0, -0.9946938753128052, -0.07919766008853912, 0.11065033078193665, -0.030129695311188698, 0.9608981609344482, -0.4194469153881073, -0.9139491319656372, -0.2962510883808136, -0.5677856802940369, -0.6012627482414246], [-0.6218279004096985, 0.5378897190093994, 0.8410311937332153, -0.0015084367478266358, 0.9999305605888367, -0.011688681319355965, -0.9865054488182068, -0.4281924068927765, 0.6169791221618652, 0.06821750104427338, -1.0019339323043823, -0.998809814453125, -1.0002156496047974, -0.6000000238418579, -0.06285753846168518, -0.903205156326294, -0.9238312244415283, -0.8796291947364807, -0.9930338263511658, -1.0, -0.9947822690010071, -0.4840983748435974, 0.4819836914539337, -0.030129695311188698, 0.9608981609344482, -0.4194469153881073, -0.9139491319656372, -0.2962510883808136, -0.5677856802940369, -0.6012627482414246], [-0.4000391364097595, 0.8152728080749512, -0.06035762280225754, -0.0012831769417971373, 0.9999138712882996, -0.013060648925602436, -0.9974273443222046, -0.5604886412620544, 0.8349442481994629, -0.2512691020965576, -1.0003820657730103, -0.9994900822639465, -0.999610960483551, -1.0, 0.12176390737295151, -0.9042623043060303, -0.9196269512176514, -0.8065727353096008, -0.9929145574569702, -1.0, -0.9947556257247925, -0.4841682016849518, 0.47534847259521484, -0.030129695311188698, 0.9608981609344482, -0.4194469153881073, -0.9139491319656372, -0.2962510883808136, -0.5677856802940369, -0.6012627482414246], [-0.5211735963821411, -0.2949661314487457, 0.8207476735115051, -1.0, 0.00022142242232803255, -3.252606620662846e-05, -0.9878904223442078, -0.6177705526351929, -0.3456375002861023, 0.8229349255561829, -1.0002846717834473, -1.000213384628296, -1.0003199577331543, -0.6000000238418579, -0.0005662038456648588, -0.9134666323661804, -0.9211573600769043, -0.8556062579154968, -0.9939079880714417, -1.0, -0.9944956302642822, -0.11907682567834854, 0.07249660044908524, -0.030129695311188698, 0.9608981609344482, -0.4194469153881073, -0.9139491319656372, -0.2962510883808136, -0.5677856802940369, -0.6012627482414246], [-0.6263564825057983, -0.5435677766799927, 0.8403068780899048, 0.0061267525888979435, -0.9999810457229614, 0.0006058418657630682, -0.9869627356529236, -0.4275176525115967, -0.6284826397895813, 0.07637279480695724, -0.9986668229103088, -1.001144289970398, -0.9988085627555847, -0.6000000238418579, 0.06486989557743073, -0.9012018442153931, -0.9208071231842041, -0.9130997657775879, -0.9918867349624634, -0.9423303604125977, -0.9950546026229858, -0.4837949872016907, 0.4753230810165405, -0.030129695311188698, 0.9608981609344482, -0.4194469153881073, -0.9139491319656372, -0.2962510883808136, -0.5677856802940369, -0.6012627482414246], [-0.40196987986564636, -0.8186287879943848, -0.060113999992609024, 0.0019391225650906563, -0.9999872446060181, 0.004658565856516361, -0.9975209832191467, -0.5589701533317566, -0.8343281745910645, -0.24867302179336548, -0.9995545744895935, -1.000516414642334, -1.0001765489578247, -1.0, -0.12259215116500854, -0.9004932045936584, -0.9214375019073486, -0.9280152916908264, -0.9930843710899353, -0.9068966507911682, -0.9949939846992493, -0.47372734546661377, 0.49036481976509094, -0.030129695311188698, 0.9608981609344482, -0.4194469153881073, -0.9139491319656372, -0.2962510883808136, -0.5677856802940369, -0.6012627482414246]], "general_static": {"gains_and_scale_normalized": [-0.03012969495627882, 0.9608981749980152, -0.41944691942124523], "mass_normalized": [-0.9139491044671312], "robot_dimensions_normalized": [-0.29625109942754113, -0.5677856756590454, -0.6012627729559328], "trunk_attributes_normalized": [-0.9176653104772445, 0.004831096258822498, 0.0038896606503036057, 1.0, -0.9811758838488133, -0.9672593104147073, -0.9676999834693948]},