{"n_joints": 12, "joint_descriptions": [[-0.16851326823234558, -0.2086656242609024, 0.42387253046035767, 0.0006704223924316466, -0.9999996423721313, -0.0004987024585716426, -0.9981358647346497, -0.15748509764671326, -0.6557247638702393, 0.4277869462966919, -0.9999990463256836, -1.0000035762786865, -0.9999840259552002, -0.6000000238418579, 0.06146907061338425, -0.9739075899124146, -0.7682253122329712, -0.8787230253219604, -0.9925692677497864, -1.0, -0.999449610710144, -0.26743176579475403, 0.19120053946971893, -0.7698787450790405, -0.49730902910232544, -0.6249584555625916, -0.9845139980316162, -0.8617743253707886, -0.8648013472557068, -0.7374728918075562], [-0.1685040444135666, -0.6635077595710754, 0.4231696128845215, -0.7947730422019958, 0.0024011805653572083, -0.606902003288269, -0.9980466961860657, 0.2169514298439026, -0.6589060425758362, 0.14310449361801147, -1.0000174045562744, -0.9999619126319885, -0.9999950528144836, -0.6000000238418579, -0.001043136464431882, -0.9745795726776123, -0.7628848552703857, -0.907139003276825, -0.9929219484329224, -0.9982802867889404, -0.9994842410087585, -0.018338937312364578, 0.07708712667226791, -0.7698787450790405, -0.49730902910232544, -0.6249584555625916, -0.9845139980316162, -0.8617743253707886, -0.8648013472557068, -0.7374728918075562], [0.2745150327682495, -0.6466715335845947, 0.11686324328184128, 0.6043737530708313, 0.007686002179980278, -0.7966638207435608, -0.9994358420372009, 0.5769437551498413, -0.6388857364654541, -0.09689678996801376, -0.9999906420707703, -1.0000070333480835, -0.999988853931427, -0.6000000238418579, -0.00026359999901615083, -0.9737240672111511, -0.7638055086135864, -0.9996682405471802, -0.9928756356239319, -1.0, -0.9994710683822632, -0.04409988969564438, 0.09020782262086868, -0.7698787450790405, -0.49730902910232544, -0.6249584555625916, -0.9845139980316162, -0.8617743253707886, -0.8648013472557068, -0.7374728918075562], [0.7281887531280518, -0.6633018851280212, -0.19691234827041626, 0.005589805543422699, -0.9999683499336243, -0.005660681985318661, -0.9959134459495544, 0.19275522232055664, -0.6715441942214966, -0.46836230158805847, -0.9997110962867737, -0.9998966455459595, -1.0002760887145996, -0.6000000238418579, -0.12415395677089691, -0.9728246927261353, -0.7602003812789917, -0.9170966148376465, -0.9926087856292725, -1.0, -0.99946528673172, -0.2540538012981415, 0.09712979942560196, -0.7698787450790405, -0.49730902910232544, -0.6249584555625916, -0.9845139980316162, -0.8617743253707886, -0.8648013472557068, -0.7374728918075562], [-0.3381415009498596, -0.658534049987793, -0.7313675284385681, -0.0001791247632354498, -0.9999904632568359, -0.004369999282062054, -0.9991305470466614, -0.2810528576374054, -0.6287801265716553, -0.732769787311554, -0.999984860420227, -1.0000061988830566, -0.9999653697013855, -0.6000000238418579, 0.06100538372993469, -0.9732494950294495, -0.766264021396637, -0.8635632395744324, -0.9925074577331543, -1.0, -0.9994502663612366, -0.19706857204437256, 0.07680492848157883, -0.7698787450790405, -0.49730902910232544, -0.6249584555625916, -0.9845139980316162, -0.8617743253707886, -0.8648013472557068, -0.7374728918075562], [0.4498778283596039, -0.6293020248413086, -0.7369274497032166, -0.9999240636825562, -0.006272504571825266, 0.010606334544718266, -0.9974298477172852, 0.19732820987701416, -0.6297670006752014, -0.8200390338897705, -0.9999735355377197, -0.9998708367347717, -0.9999649524688721, -1.0, -0.00020680433954112232, -0.974596381187439, -0.7627944350242615, -0.8751421570777893, -0.9925388693809509, -1.0, -0.999467670917511, -0.02611009031534195, 0.02049054019153118, -0.7698787450790405, -0.49730902910232544, -0.6249584555625916, -0.9845139980316162, -0.8617743253707886, -0.8648013472557068, -0.7374728918075562], [-0.1650625318288803, 0.16925081610679626, 0.42391303181648254, 0.00021422462305054069, 1.0, -0.00010768141510197893, -0.9980341196060181, -0.14662998914718628, 0.5996001958847046, 0.4234178364276886, -0.9999986290931702, -1.0000019073486328, -0.9999803304672241, -0.6000000238418579, -0.06159701198339462, -0.9739127159118652, -0.7565881609916687, -0.9415695071220398, -0.9926130771636963, -1.0, -0.9994819760322571, -0.19350335001945496, 0.27190250158309937, -0.7698787450790405, -0.49730902910232544, -0.6249584555625916, -0.9845139980316162, -0.8617743253707886, -0.8648013472557068, -0.7374728918075562], [-0.1720687597990036, 0.62055504322052, 0.4274532198905945, -0.7956110835075378, 0.00016336173575837165, -0.6058077216148376, -0.9980299472808838, 0.22511406242847443, 0.6266061067581177, 0.15023773908615112, -1.000017762184143, -0.999961793422699, -0.9999957084655762, -0.6000000238418579, 4.25641774199903e-05, -0.9733065366744995, -0.7620587944984436, -0.9945512413978577, -0.9923616647720337, -1.0, -0.9994587898254395, -0.07689286768436432, 0.02079841122031212, -0.7698787450790405, -0.49730902910232544, -0.6249584555625916, -0.9845139980316162, -0.8617743253707886, -0.8648013472557068, -0.7374728918075562], [0.27624404430389404, 0.6171308159828186, 0.12307848781347275, 0.605027437210083, 0.0007231447380036116, -0.7962042689323425, -0.9994342923164368, 0.5877500772476196, 0.5948324203491211, -0.09303068369626999, -0.9999898672103882, -1.0000075101852417, -0.9999897480010986, -0.6000000238418579, 0.0006422771839424968, -0.974635124206543, -0.7707170248031616, -0.914959728717804, -0.992781937122345, -0.9933122992515564, -0.9994392991065979, -0.09180961549282074, 0.044557854533195496, -0.7698787450790405, -0.49730902910232544, -0.6249584555625916, -0.9845139980316162, -0.8617743253707886, -0.8648013472557068, -0.7374728918075562], [0.7322465777397156, 0.6230507493019104, -0.18572059273719788, 0.008076625876128674, 0.9999669790267944, 0.0009058489231392741, -0.9959642887115479, 0.20863986015319824, 0.6645487546920776, -0.45963338017463684, -0.9997032284736633, -0.9998985528945923, -1.0002738237380981, -0.6000000238418579, 0.12367896735668182, -0.9741382598876953, -0.7608885765075684, -0.8777222037315369, -0.9924472570419312, -1.0, -0.9994838237762451, -0.09948324412107468, 0.25484806299209595, -0.7698787450790405, -0.49730902910232544, -0.6249584555625916, -0.9845139980316162, -0.8617743253707886, -0.8648013472557068, -0.7374728918075562], [-0.3307737112045288, 0.6461281180381775, -0.7293984293937683, 0.006042072549462318, 0.9999621510505676, 0.006261917762458324, -0.999133288860321, -0.2869228422641754, 0.6479376554489136, -0.7318342924118042, -0.9999843835830688, -1.0000063180923462, -0.9999655485153198, -0.6000000238418579, -0.06046275421977043, -0.9746017456054688, -0.7767162322998047, -1.0, -0.9923942685127258, -1.0, -0.9994452595710754, -0.07498978078365326, 0.1994166374206543, -0.7698787450790405, -0.49730902910232544, -0.6249584555625916, -0.9845139980316162, -0.8617743253707886, -0.8648013472557068, -0.7374728918075562], [0.44898781180381775, 0.6407249569892883, -0.7341497540473938, -0.9999197721481323, 0.007389976643025875, 0.010288379155099392, -0.9974576234817505, 0.19509008526802063, 0.6386651396751404, -0.814633309841156, -0.9999722838401794, -0.9998738169670105, -0.9999647736549377, -1.0, 0.000769863196182996, -0.9739726781845093, -0.7707101106643677, -0.888607382774353, -0.9925830364227295, -1.0, -0.9994403719902039, -0.02279108576476574, 0.02047952078282833, -0.7698787450790405, -0.49730902910232544, -0.6249584555625916, -0.9845139980316162, -0.8617743253707886, -0.8648013472557068, -0.7374728918075562]], "general_static": {"gains_and_scale_normalized": [-0.7698787697359158, -0.4973090382690364, -0.6249584514766322], "mass_normalized": [-0.9845140221104048], "robot_dimensions_normalized": [-0.8617743255925981, -0.8648013244359254, -0.7374729049514688], "trunk_attributes_normalized": [-0.9890106342063752, -0.13184074492301034, -0.03508338716829584, 0.8337150550868926, -1.000272821666865, -0.9988878861212247, -0.9994701373392845]},