{"n_joints": 12, "joint_descriptions": [[-0.1657283753156662, -0.19770732522010803, 0.4261908531188965, -0.0008140399004332721, -0.9999985098838806, 0.0015146384248510003, -0.9980749487876892, -0.15547318756580353, -0.6523920893669128, 0.4252358675003052, -0.9999995231628418, -1.0000038146972656, -0.9999833106994629, -0.6000000238418579, 0.062044430524110794, -0.9729483127593994, -0.7652481198310852, -0.8567354679107666, -0.9924319386482239, -0.9995534420013428, -0.99944007396698, -0.26838043332099915, 0.19258525967597961, -0.7715734839439392, -0.5001953840255737, -0.6177269816398621, -0.9839791655540466, -0.8609607219696045, -0.8643942475318909, -0.7367715239524841], [-0.17205403745174408, -0.6603500843048096, 0.4267269968986511, -0.7942935824394226, -0.002265558810904622, -0.607529878616333, -0.9980076551437378, 0.21662865579128265, -0.6549869179725647, 0.15214724838733673, -1.0000180006027222, -0.9999601244926453, -0.9999954700469971, -0.6000000238418579, -0.0015479145804420114, -0.9750240445137024, -0.7657588124275208, -0.9078840017318726, -0.9931209683418274, -1.0, -0.99947589635849, -0.019024210050702095, 0.0767027735710144, -0.7715734839439392, -0.5001953840255737, -0.6177269816398621, -0.9839791655540466, -0.8609607219696045, -0.8643942475318909, -0.7367715239524841], [0.2772357761859894, -0.6475083231925964, 0.12310972064733505, 0.6082824468612671, 0.010097297839820385, -0.7936564683914185, -0.999415934085846, 0.5718929767608643, -0.6453141570091248, -0.09010575711727142, -0.9999902844429016, -1.000007152557373, -0.9999881982803345, -0.6000000238418579, 0.000322146835969761, -0.973647952079773, -0.7570503950119019, -0.9778569936752319, -0.9930458664894104, -1.0, -0.9994677901268005, -0.04346884787082672, 0.09207983314990997, -0.7715734839439392, -0.5001953840255737, -0.6177269816398621, -0.9839791655540466, -0.8609607219696045, -0.8643942475318909, -0.7367715239524841], [0.7310517430305481, -0.661517858505249, -0.19178979098796844, 0.004105604253709316, -0.9999327063560486, -0.01084886398166418, -0.9957146644592285, 0.20534516870975494, -0.667829692363739, -0.4643080234527588, -0.9996891617774963, -0.9998794198036194, -1.0002893209457397, -0.6000000238418579, -0.12441020458936691, -0.9718353748321533, -0.7633998990058899, -0.9321198463439941, -0.9924898743629456, -1.0, -0.9994492530822754, -0.2545168399810791, 0.09680978208780289, -0.7715734839439392, -0.5001953840255737, -0.6177269816398621, -0.9839791655540466, -0.8609607219696045, -0.8643942475318909, -0.7367715239524841], [-0.3252575695514679, -0.650263786315918, -0.7292330861091614, 0.009250304661691189, -0.9998710751533508, -0.013124926947057247, -0.9990952014923096, -0.2656141519546509, -0.6185117363929749, -0.727571964263916, -0.999984860420227, -1.000007152557373, -0.9999633431434631, -0.6000000238418579, 0.06106020137667656, -0.972598135471344, -0.7585939764976501, -0.8236685395240784, -0.9922366142272949, -0.9971588253974915, -0.9994399547576904, -0.19683849811553955, 0.07710779458284378, -0.7715734839439392, -0.5001953840255737, -0.6177269816398621, -0.9839791655540466, -0.8609607219696045, -0.8643942475318909, -0.7367715239524841], [0.4629237651824951, -0.6301093101501465, -0.73119056224823, -0.9999710321426392, -0.004302246030420065, 0.006281927227973938, -0.9973756074905396, 0.21637773513793945, -0.6360856890678406, -0.8123745918273926, -0.999973714351654, -0.9998661279678345, -0.999957799911499, -1.0, -1.4347920114232693e-05, -0.9750435948371887, -0.753737211227417, -0.870331883430481, -0.9927135109901428, -1.0, -0.9994821548461914, -0.028254734352231026, 0.020729301497340202, -0.7715734839439392, -0.5001953840255737, -0.6177269816398621, -0.9839791655540466, -0.8609607219696045, -0.8643942475318909, -0.7367715239524841], [-0.16714613139629364, 0.1883452832698822, 0.426192969083786, -0.002192204352468252, 0.9999943971633911, 0.002535242820158601, -0.9979807138442993, -0.1417636275291443, 0.6188726425170898, 0.42483556270599365, -0.9999993443489075, -1.000002145767212, -0.9999794960021973, -0.6000000238418579, -0.062433868646621704, -0.973576009273529, -0.7475160956382751, -0.9746506214141846, -0.9924927353858948, -1.0, -0.9994799494743347, -0.19577248394489288, 0.2725144922733307, -0.7715734839439392, -0.5001953840255737, -0.6177269816398621, -0.9839791655540466, -0.8609607219696045, -0.8643942475318909, -0.7367715239524841], [-0.18150785565376282, 0.6400951147079468, 0.4302726984024048, -0.7929204106330872, 0.0009745197603479028, -0.6093244552612305, -0.9979488253593445, 0.22582264244556427, 0.6383877396583557, 0.1533162146806717, -1.00001859664917, -0.9999586939811707, -0.9999964237213135, -0.6000000238418579, 0.0006488083745352924, -0.9730181097984314, -0.7632336020469666, -0.9816722869873047, -0.9924257397651672, -1.0, -0.9994555115699768, -0.0772206261754036, 0.020624369382858276, -0.7715734839439392, -0.5001953840255737, -0.6177269816398621, -0.9839791655540466, -0.8609607219696045, -0.8643942475318909, -0.7367715239524841], [0.26801514625549316, 0.6299338936805725, 0.12415792793035507, 0.6096369028091431, -0.0046873074024915695, -0.7926669716835022, -0.9994184970855713, 0.5792152285575867, 0.6059765219688416, -0.09606288373470306, -0.9999895691871643, -1.0000076293945312, -0.9999889731407166, -0.6000000238418579, 0.0011186418123543262, -0.9743812084197998, -0.7728702425956726, -0.887672483921051, -0.992612361907959, -1.0, -0.9994133710861206, -0.09138799458742142, 0.04389936104416847, -0.7715734839439392, -0.5001953840255737, -0.6177269816398621, -0.9839791655540466, -0.8609607219696045, -0.8643942475318909, -0.7367715239524841], [0.7262464165687561, 0.6321848630905151, -0.17938488721847534, 0.004826744087040424, 0.999988317489624, 0.00019796639389824122, -0.9958314299583435, 0.20113608241081238, 0.66961669921875, -0.4527781903743744, -0.9996777176856995, -0.9998905658721924, -1.0002942085266113, -0.6000000238418579, 0.12408432364463806, -0.9740079641342163, -0.7601314187049866, -0.8930293917655945, -0.9925002455711365, -1.0, -0.999472439289093, -0.10159453749656677, 0.25709912180900574, -0.7715734839439392, -0.5001953840255737, -0.6177269816398621, -0.9839791655540466, -0.8609607219696045, -0.8643942475318909, -0.7367715239524841], [-0.32390525937080383, 0.6425556540489197, -0.7260558605194092, 0.010864642448723316, 0.9999396204948425, -0.001654608640819788, -0.9991074800491333, -0.282084196805954, 0.6432321071624756, -0.7319491505622864, -0.9999845623970032, -1.0000067949295044, -0.9999627470970154, -0.6000000238418579, -0.061056122183799744, -0.9744324684143066, -0.7720564603805542, -1.0, -0.9921623468399048, -1.0, -0.9994546175003052, -0.07598191499710083, 0.20057664811611176, -0.7715734839439392, -0.5001953840255737, -0.6177269816398621, -0.9839791655540466, -0.8609607219696045, -0.8643942475318909, -0.7367715239524841], [0.4543076157569885, 0.6397340297698975, -0.731657087802887, -0.9999509453773499, 0.009507890790700912, 0.0027757694479078054, -0.9973688125610352, 0.19721466302871704, 0.6366322636604309, -0.8108747005462646, -0.9999729990959167, -0.9998660683631897, -0.9999626874923706, -1.0, 0.000443595286924392, -0.9736327528953552, -0.7707023620605469, -0.9146420955657959, -0.992607057094574, -1.0, -0.999427855014801, -0.02221708558499813, 0.018307046964764595, -0.7715734839439392, -0.5001953840255737, -0.6177269816398621, -0.9839791655540466, -0.8609607219696045, -0.8643942475318909, -0.7367715239524841]], "general_static": {"gains_and_scale_normalized": [-0.7715735089580044, -0.5001953977645635, -0.6177269919746968], "mass_normalized": [-0.9839791691065202], "robot_dimensions_normalized": [-0.8609607122809453, -0.8643942250502776, -0.7367715008432314], "trunk_attributes_normalized": [-0.9886133585797487, -0.1358438038386004, -0.012988055706187551, 0.8322371558154136, -1.000314348200068, -0.9988218045106666, -0.9994544599188482]},