{"n_joints": 12, "joint_descriptions": [[-0.09799981117248535, -0.19624103605747223, 0.42390361428260803, 0.0018199989572167397, -0.9999856352806091, -0.005037488881498575, -0.9990216493606567, -0.09127682447433472, -0.6742765307426453, 0.4538656175136566, -1.0, -1.0000014305114746, -0.9999948143959045, -0.6000000238418579, 0.058994051069021225, -0.9801884293556213, -0.8036201000213623, -0.8357853889465332, -0.9943041801452637, -1.0, -0.9995118379592896, -0.2598815858364105, 0.1838252991437912, -0.7854189872741699, -0.5643709301948547, -0.6757044792175293, -0.9919469952583313, -0.8820363879203796, -0.8869251012802124, -0.7925368547439575], [-0.07425184547901154, -0.6314546465873718, 0.42590686678886414, -0.8058316707611084, -0.0005631533567793667, -0.5921444296836853, -0.9988957643508911, 0.3187924027442932, -0.6479665040969849, 0.1298041045665741, -1.000005841255188, -0.9999856352806091, -0.9999992847442627, -0.6000000238418579, 0.002658821875229478, -0.9751057624816895, -0.7953879833221436, -0.9814425706863403, -0.9926681518554688, -1.0, -0.9995440244674683, -0.01975485123693943, 0.07967934012413025, -0.7854189872741699, -0.5643709301948547, -0.6757044792175293, -0.9919469952583313, -0.8820363879203796, -0.8869251012802124, -0.7925368547439575], [0.277506560087204, -0.6411932110786438, 0.11206816136837006, 0.592812716960907, -0.02240704372525215, -0.8050285577774048, -0.9997004866600037, 0.5968642234802246, -0.5999489426612854, -0.07758314162492752, -0.9999966621398926, -1.0000019073486328, -0.9999957084655762, -0.6000000238418579, -0.0020356900058686733, -0.977933406829834, -0.825219452381134, -0.9797551035881042, -0.9928227066993713, -1.0, -0.9996103048324585, -0.05140712857246399, 0.08572059869766235, -0.7854189872741699, -0.5643709301948547, -0.6757044792175293, -0.9919469952583313, -0.8820363879203796, -0.8869251012802124, -0.7925368547439575], [0.6578055024147034, -0.6685649752616882, -0.19092106819152832, 0.0007249476620927453, -0.9992349147796631, 0.039103876799345016, -0.9979899525642395, 0.12287558615207672, -0.6820204854011536, -0.4447668790817261, -0.9998963475227356, -0.9999562501907349, -1.000097393989563, -0.6000000238418579, -0.12434379011392593, -0.9825470447540283, -0.7947152853012085, -0.9739384651184082, -0.9939360618591309, -1.0, -0.9995331168174744, -0.2517029345035553, 0.10381285101175308, -0.7854189872741699, -0.5643709301948547, -0.6757044792175293, -0.9919469952583313, -0.8820363879203796, -0.8869251012802124, -0.7925368547439575], [-0.40490105748176575, -0.6857900023460388, -0.7336351871490479, -0.011467433534562588, -0.9994053840637207, 0.03251763433218002, -0.9995325803756714, -0.3802674412727356, -0.6673710346221924, -0.7530617713928223, -0.9999951720237732, -1.0000027418136597, -0.9999876618385315, -0.6000000238418579, 0.06066569685935974, -0.9802746176719666, -0.81312096118927, -1.0, -0.9947004914283752, -0.937861442565918, -0.9995127320289612, -0.20362864434719086, 0.0759696215391159, -0.7854189872741699, -0.5643709301948547, -0.6757044792175293, -0.9919469952583313, -0.8820363879203796, -0.8869251012802124, -0.7925368547439575], [0.386294960975647, -0.6121776103973389, -0.7530041337013245, -0.9992586374282837, 0.016226887702941895, 0.034912656992673874, -0.9985975027084351, 0.10316620767116547, -0.5804479718208313, -0.8373532295227051, -0.9999924898147583, -0.9999520182609558, -0.9999881386756897, -1.0, 0.0007778790313750505, -0.9752317667007446, -0.826792299747467, -1.0, -0.9933967590332031, -0.9480211734771729, -0.9994932413101196, -0.008842220529913902, 0.026284823194146156, -0.7854189872741699, -0.5643709301948547, -0.6757044792175293, -0.9919469952583313, -0.8820363879203796, -0.8869251012802124, -0.7925368547439575], [-0.05239896476268768, 0.14787237346172333, 0.4271624684333801, -0.006514045409858227, 0.9999751448631287, -0.0026917927898466587, -0.9989863038063049, -0.09644964337348938, 0.624777615070343, 0.44065800309181213, -0.9999997615814209, -1.000001072883606, -0.9999937415122986, -0.6000000238418579, -0.056725770235061646, -0.9780348539352417, -0.826794445514679, -0.9262308478355408, -0.9939686059951782, -1.0, -0.9995306134223938, -0.18035633862018585, 0.2653525471687317, -0.7854189872741699, -0.5643709301948547, -0.6757044792175293, -0.9919469952583313, -0.8820363879203796, -0.8869251012802124, -0.7925368547439575], [0.005698851775377989, 0.6346624493598938, 0.4230031669139862, -0.815704882144928, -0.0026218732818961143, -0.5784623622894287, -0.9990258812904358, 0.26638323068618774, 0.6498165726661682, 0.14918945729732513, -1.0000057220458984, -0.9999879598617554, -0.9999995231628418, -0.6000000238418579, -0.0020866908598691225, -0.9767656326293945, -0.8067447543144226, -0.9408517479896545, -0.9938944578170776, -1.0, -0.999560534954071, -0.0777435451745987, 0.014416523277759552, -0.7854189872741699, -0.5643709301948547, -0.6757044792175293, -0.9919469952583313, -0.8820363879203796, -0.8869251012802124, -0.7925368547439575], [0.38645854592323303, 0.6227491497993469, 0.11905006319284439, 0.5798177719116211, 0.020366299897432327, -0.8144916296005249, -0.9996947050094604, 0.6650818586349487, 0.6191134452819824, -0.06011268123984337, -0.9999964833259583, -1.000002145767212, -0.9999961853027344, -0.6000000238418579, -0.0026183808222413063, -0.9778121113777161, -0.8255219459533691, -1.0, -0.9946615099906921, -1.0, -0.9996532201766968, -0.09306149184703827, 0.03795658424496651, -0.7854189872741699, -0.5643709301948547, -0.6757044792175293, -0.9919469952583313, -0.8820363879203796, -0.8869251012802124, -0.7925368547439575], [0.7497388124465942, 0.6529884934425354, -0.23015013337135315, -0.019275493919849396, 0.9998112320899963, -0.002446916652843356, -0.9977895617485046, 0.25921574234962463, 0.663737416267395, -0.5008896589279175, -0.9999088644981384, -0.9999549388885498, -1.0000920295715332, -0.6000000238418579, 0.1217411607503891, -0.9804055094718933, -0.8065568804740906, -0.9909219741821289, -0.9932796955108643, -0.9481533765792847, -0.9995514154434204, -0.09381076693534851, 0.24550840258598328, -0.7854189872741699, -0.5643709301948547, -0.6757044792175293, -0.9919469952583313, -0.8820363879203796, -0.8869251012802124, -0.7925368547439575], [-0.3065883219242096, 0.6778481006622314, -0.7540926337242126, -0.015917029231786728, 0.9998645186424255, 0.004188353195786476, -0.9995170831680298, -0.23210184276103973, 0.6538234949111938, -0.7413492202758789, -0.9999950528144836, -1.0000027418136597, -0.9999884366989136, -0.6000000238418579, -0.05730559304356575, -0.9776893258094788, -0.8088459968566895, -0.706726610660553, -0.994627833366394, -1.0, -0.999538004398346, -0.07917815446853638, 0.20395052433013916, -0.7854189872741699, -0.5643709301948547, -0.6757044792175293, -0.9919469952583313, -0.8820363879203796, -0.8869251012802124, -0.7925368547439575], [0.4731115400791168, 0.6804617047309875, -0.7659531235694885, -0.9989020228385925, -0.013278227299451828, 0.044927146285772324, -0.9986357092857361, 0.23470845818519592, 0.6739121675491333, -0.8394080996513367, -0.9999925494194031, -0.9999549984931946, -0.9999844431877136, -1.0, 0.0010601310059428215, -0.9780329465866089, -0.8253766894340515, -0.952989935874939, -0.9936623573303223, -1.0, -0.9995962977409363, -0.018300075083971024, 0.038210660219192505, -0.7854189872741699, -0.5643709301948547, -0.6757044792175293, -0.9919469952583313, -0.8820363879203796, -0.8869251012802124, -0.7925368547439575]], "general_static": {"gains_and_scale_normalized": [-0.7854189944956067, -0.5643709050931038, -0.6757044512579831], "mass_normalized": [-0.9919469971110704], "robot_dimensions_normalized": [-0.8820363921011853, -0.8869251073011555, -0.792536867009533], "trunk_attributes_normalized": [-0.9944934917864573, 0.004581118536413298, -0.0670102752628644, 0.8386626895368738, -1.0001181706438496, -0.9996418546849032, -0.9998473405195768]},