{"n_joints": 12, "joint_descriptions": [[-0.30641448497772217, -0.2713484466075897, 0.428341805934906, 0.003424732480198145, -0.9999510645866394, 0.009281648322939873, -0.9988313913345337, -0.2830154597759247, -0.725447416305542, 0.537261426448822, -1.0000063180923462, -1.0000046491622925, -0.9999895691871643, -0.6000000238418579, 0.05830118805170059, -0.9842364192008972, -0.8187156915664673, -0.6780089735984802, -0.9936721920967102, -0.8609026074409485, -0.9995212554931641, -0.266089528799057, 0.19258342683315277, -0.7476520538330078, -0.4891098439693451, -0.7061781883239746, -0.9910235404968262, -0.8709954023361206, -0.8603492975234985, -0.8409481644630432], [-0.20792023837566376, -0.7297459840774536, 0.4189603328704834, -0.8183171153068542, -0.02266831137239933, -0.5743197798728943, -0.9987205266952515, 0.08600197732448578, -0.7506985068321228, 0.15632417798042297, -1.000004529953003, -0.999955415725708, -1.000006914138794, -0.6000000238418579, 0.007310312706977129, -0.9691830277442932, -0.7456985116004944, -0.8661784529685974, -0.9904480576515198, -0.9266172647476196, -0.9996429085731506, -0.017175955697894096, 0.07112699747085571, -0.7476520538330078, -0.4891098439693451, -0.7061781883239746, -0.9910235404968262, -0.8709954023361206, -0.8603492975234985, -0.8409481644630432], [0.011407176032662392, -0.7213902473449707, 0.10929089039564133, 0.58774733543396, -0.04848826304078102, -0.8075901865959167, -0.9996650815010071, 0.30508121848106384, -0.635186493396759, -0.06463828682899475, -0.9999883770942688, -0.9999991059303284, -0.9999882578849792, -0.6000000238418579, -0.006649044808000326, -0.9785330295562744, -0.7876958847045898, -1.0, -0.9908925890922546, -1.0, -0.9995656609535217, -0.036996062844991684, 0.06866156309843063, -0.7476520538330078, -0.4891098439693451, -0.7061781883239746, -0.9910235404968262, -0.8709954023361206, -0.8603492975234985, -0.8409481644630432], [0.31064075231552124, -0.7068454623222351, -0.17544247210025787, 0.0019317388068884611, -0.998047411441803, 0.06243125721812248, -0.9978470206260681, -0.006324526853859425, -0.7265524864196777, -0.416481614112854, -0.9996808767318726, -0.9999392032623291, -1.0003031492233276, -0.6000000238418579, -0.12626825273036957, -0.9869403839111328, -0.7452040314674377, -0.7984880805015564, -0.9939003586769104, -0.9554802179336548, -0.9995046257972717, -0.2571941912174225, 0.08922138810157776, -0.7476520538330078, -0.4891098439693451, -0.7061781883239746, -0.9910235404968262, -0.8709954023361206, -0.8603492975234985, -0.8409481644630432], [-0.4046134054660797, -0.6993035674095154, -0.6751824021339417, 0.025068962946534157, -0.9976543188095093, 0.06369752436876297, -0.9995124340057373, -0.3234069347381592, -0.6663066744804382, -0.6719937920570374, -0.9999974370002747, -1.000004529953003, -0.9999615550041199, -0.6000000238418579, 0.0625566840171814, -0.9759265780448914, -0.8482218384742737, -1.0, -0.993201494216919, -1.0, -0.9995200634002686, -0.18864497542381287, 0.07953467965126038, -0.7476520538330078, -0.4891098439693451, -0.7061781883239746, -0.9910235404968262, -0.8709954023361206, -0.8603492975234985, -0.8409481644630432], [0.5422143340110779, -0.6434282660484314, -0.7163280844688416, -0.9985931515693665, -0.010817596688866615, 0.05190998688340187, -0.9983011484146118, 0.2628914415836334, -0.5658119916915894, -0.842424213886261, -1.0000075101852417, -0.9998521208763123, -0.9999726414680481, -1.0, -0.0031710669863969088, -0.9693137407302856, -0.8636423349380493, -0.87696772813797, -0.9912791848182678, -1.0, -0.9993401765823364, 0.009893406182527542, 0.010803716257214546, -0.7476520538330078, -0.4891098439693451, -0.7061781883239746, -0.9910235404968262, -0.8709954023361206, -0.8603492975234985, -0.8409481644630432], [-0.24257275462150574, 0.1475176364183426, 0.41313308477401733, -0.03533191233873367, 0.9992424249649048, -0.01631731167435646, -0.9987986087799072, -0.2921680808067322, 0.644927978515625, 0.49166595935821533, -1.0000090599060059, -1.0000030994415283, -0.9999858140945435, -0.6000000238418579, -0.05833469331264496, -0.9786331057548523, -0.8643737435340881, -0.6511394381523132, -0.9938811659812927, -0.7283828258514404, -0.9996221661567688, -0.16221071779727936, 0.2799223065376282, -0.7476520538330078, -0.4891098439693451, -0.7061781883239746, -0.9910235404968262, -0.8709954023361206, -0.8603492975234985, -0.8409481644630432], [-0.1644914299249649, 0.6590301394462585, 0.36968258023262024, -0.8115087151527405, 0.006891520693898201, -0.5842996835708618, -0.9990209937095642, -0.10569043457508087, 0.7316591143608093, 0.12137676775455475, -1.0000061988830566, -0.9999692440032959, -1.0000029802322388, -0.6000000238418579, -0.006665525957942009, -0.9772146344184875, -0.758925199508667, -1.0, -0.9921714067459106, -0.9667784571647644, -0.9995511174201965, -0.07572559267282486, 0.03016967885196209, -0.7476520538330078, -0.4891098439693451, -0.7061781883239746, -0.9910235404968262, -0.8709954023361206, -0.8603492975234985, -0.8409481644630432], [0.10521979629993439, 0.6877585649490356, 0.13624168932437897, 0.5853890776634216, 0.05150037631392479, -0.8091151714324951, -0.9996300935745239, 0.307463675737381, 0.6375924348831177, 0.04680030792951584, -0.9999883770942688, -1.000000238418579, -0.9999883770942688, -0.6000000238418579, 0.0002504556905478239, -0.9810793995857239, -0.8208332061767578, -0.954286515712738, -0.9934841394424438, -1.0, -0.999777615070343, -0.09910507500171661, 0.0403904989361763, -0.7476520538330078, -0.4891098439693451, -0.7061781883239746, -0.9910235404968262, -0.8709954023361206, -0.8603492975234985, -0.8409481644630432], [0.3297556936740875, 0.7313178777694702, -0.2688024640083313, -0.0368787981569767, 0.9988250732421875, 0.031438883394002914, -0.9975665211677551, 0.02080356888473034, 0.8083028793334961, -0.6012576818466187, -0.9997704029083252, -0.9999170899391174, -1.000238299369812, -0.6000000238418579, 0.11726339161396027, -0.9786732792854309, -0.7942116260528564, -0.706489622592926, -0.9937806725502014, -0.6563032865524292, -0.9996533989906311, -0.07607096433639526, 0.2274159938097, -0.7476520538330078, -0.4891098439693451, -0.7061781883239746, -0.9910235404968262, -0.8709954023361206, -0.8603492975234985, -0.8409481644630432], [-0.32175037264823914, 0.7340837717056274, -0.7752771973609924, -0.021431662142276764, 0.9991586804389954, 0.03496507555246353, -0.9993982315063477, -0.2903459966182709, 0.7575898170471191, -0.7070729732513428, -0.9999980926513672, -1.000008225440979, -0.9999665021896362, -0.6000000238418579, -0.058075595647096634, -0.9808531403541565, -0.838940441608429, -0.41810694336891174, -0.9929160475730896, -1.0, -0.9993939399719238, -0.06275828927755356, 0.207736074924469, -0.7476520538330078, -0.4891098439693451, -0.7061781883239746, -0.9910235404968262, -0.8709954023361206, -0.8603492975234985, -0.8409481644630432], [0.6236245632171631, 0.6906896233558655, -0.7293482422828674, -0.999954104423523, -0.008956885896623135, 0.0033928724005818367, -0.9985413551330566, 0.3338232934474945, 0.6784557700157166, -0.8238040208816528, -1.0000159740447998, -0.9998738765716553, -0.9999716281890869, -1.0, 0.005003462545573711, -0.9791275262832642, -0.8098453879356384, -0.6725859642028809, -0.9937903881072998, -1.0, -0.9994762539863586, -0.02116677351295948, 0.05680256709456444, -0.7476520538330078, -0.4891098439693451, -0.7061781883239746, -0.9910235404968262, -0.8709954023361206, -0.8603492975234985, -0.8409481644630432]], "general_static": {"gains_and_scale_normalized": [-0.747652078263519, -0.48910984276504177, -0.7061781780266487], "mass_normalized": [-0.9910235323978026], "robot_dimensions_normalized": [-0.8709953778054008, -0.8603492900775755, -0.8409481486785992], "trunk_attributes_normalized": [-0.9939694854864506, -0.19153741016982495, -0.15260359373621468, 0.8586229599011845, -1.0003035926938761, -0.999016705634151, -1.0000181187510757]},