{"n_joints": 12, "joint_descriptions": [[-0.11608857661485672, -0.42232221364974976, 0.4274056553840637, -0.01570974290370941, -0.999876081943512, 0.0010007956298068166, -0.9982177019119263, -0.12237377464771271, -0.9665123224258423, 0.4369450807571411, -0.999995231628418, -1.0000114440917969, -0.9999938011169434, -0.6000000238418579, 0.05870380997657776, -0.976297914981842, -0.7694026827812195, -1.0, -0.993122398853302, -0.8869349956512451, -0.999549925327301, -0.26662304997444153, 0.19573917984962463, -0.7793603539466858, -0.45621082186698914, -0.5912896990776062, -0.9854039549827576, -0.8638597130775452, -0.8565655946731567, -0.7552787065505981], [-0.14694532752037048, -0.9688424468040466, 0.43598467111587524, -0.8084933161735535, -0.006403804291039705, -0.5884705185890198, -0.9981629848480225, 0.26341623067855835, -1.0, 0.1465819925069809, -1.0000276565551758, -0.9999898076057434, -1.0000149011611938, -0.6000000238418579, -0.005612131208181381, -0.9782562851905823, -0.7815236449241638, -0.9911925792694092, -0.9931113123893738, -1.0, -0.9995065331459045, -0.020706485956907272, 0.07587707787752151, -0.7793603539466858, -0.45621082186698914, -0.5912896990776062, -0.9854039549827576, -0.8638597130775452, -0.8565655946731567, -0.7552787065505981], [0.23797622323036194, -0.8866435289382935, 0.12329144775867462, 0.586042582988739, 0.039573006331920624, -0.8093132972717285, -0.9994592070579529, 0.5384687185287476, -0.863482654094696, -0.07826758176088333, -1.0000032186508179, -1.000004768371582, -0.9999895691871643, -0.6000000238418579, 0.002513953484594822, -0.9745944738388062, -0.7666852474212646, -0.74251788854599, -0.9933175444602966, -0.8827911019325256, -0.9995610117912292, -0.03526300564408302, 0.10222350805997849, -0.7793603539466858, -0.45621082186698914, -0.5912896990776062, -0.9854039549827576, -0.8638597130775452, -0.8565655946731567, -0.7552787065505981], [0.6971516013145447, -0.8522265553474426, -0.186013862490654, 0.003916415851563215, -0.9984379410743713, -0.05573460832238197, -0.9963173866271973, 0.14363472163677216, -0.8304094076156616, -0.4427506923675537, -0.9999347925186157, -0.9996026754379272, -1.0000413656234741, -0.6000000238418579, -0.12520219385623932, -0.9735852479934692, -0.7675015926361084, -1.0, -0.9926786422729492, -0.9680774211883545, -0.9995406270027161, -0.2584265172481537, 0.09270329773426056, -0.7793603539466858, -0.45621082186698914, -0.5912896990776062, -0.9854039549827576, -0.8638597130775452, -0.8565655946731567, -0.7552787065505981], [-0.34638723731040955, -0.7705371379852295, -0.699722170829773, 0.012489504180848598, -0.9983707666397095, -0.05567614734172821, -0.9991456270217896, -0.29621201753616333, -0.7377347350120544, -0.7161435484886169, -0.9999892115592957, -1.0000251531600952, -0.9999918341636658, -0.6000000238418579, 0.061797384172677994, -0.9742608666419983, -0.7407639026641846, -0.8758932948112488, -0.9932737946510315, -1.0, -0.9995301961898804, -0.20046965777873993, 0.08594413846731186, -0.7793603539466858, -0.45621082186698914, -0.5912896990776062, -0.9854039549827576, -0.8638597130775452, -0.8565655946731567, -0.7552787065505981], [0.22801683843135834, -0.6670823097229004, -0.7190000414848328, -0.9988096952438354, -0.04597902670502663, 0.016283340752124786, -0.9976944923400879, 0.021319348365068436, -0.6574578881263733, -0.7927539348602295, -1.0000041723251343, -0.9999744892120361, -0.9998867511749268, -1.0, -0.001764733693562448, -0.9749899506568909, -0.7685612440109253, -0.9206376671791077, -0.9931918382644653, -1.0, -0.9994035959243774, -0.036325182765722275, 0.020301584154367447, -0.7793603539466858, -0.45621082186698914, -0.5912896990776062, -0.9854039549827576, -0.8638597130775452, -0.8565655946731567, -0.7552787065505981], [-0.10555348545312881, 0.05842279642820358, 0.41930538415908813, 0.007834500633180141, 0.99995356798172, 0.005616174545139074, -0.9981257915496826, -0.08150631934404373, 0.5728612542152405, 0.43299224972724915, -0.9999942183494568, -1.0000104904174805, -0.9999914765357971, -0.6000000238418579, -0.05841045826673508, -0.9723663926124573, -0.7698973417282104, -0.8431812524795532, -0.9927716851234436, -1.0, -0.9994478821754456, -0.1854337453842163, 0.2640073001384735, -0.7793603539466858, -0.45621082186698914, -0.5912896990776062, -0.9854039549827576, -0.8638597130775452, -0.8565655946731567, -0.7552787065505981], [-0.09602155536413193, 0.6083977818489075, 0.4451587498188019, -0.8092396259307861, 0.0010790895903483033, -0.5874777436256409, -0.9981006979942322, 0.2841002643108368, 0.5652124285697937, 0.18754632771015167, -1.0000290870666504, -0.9999902844429016, -1.0000160932540894, -0.6000000238418579, 2.054321339528542e-05, -0.973521888256073, -0.7751760482788086, -1.0, -0.994115948677063, -0.9228852391242981, -0.9995037317276001, -0.07590560615062714, 0.023750238120555878, -0.7793603539466858, -0.45621082186698914, -0.5912896990776062, -0.9854039549827576, -0.8638597130775452, -0.8565655946731567, -0.7552787065505981], [0.30284199118614197, 0.598820686340332, 0.12429217249155045, 0.5875567197799683, 0.003259418997913599, -0.8091764450073242, -0.9994739890098572, 0.605973482131958, 0.5748921036720276, -0.1042318269610405, -1.0000028610229492, -1.0000063180923462, -0.9999892711639404, -0.6000000238418579, -0.0016532528679817915, -0.9741240739822388, -0.8042656779289246, -0.9039134979248047, -0.9932766556739807, -1.0, -0.9994044303894043, -0.0856667160987854, 0.05196691304445267, -0.7793603539466858, -0.45621082186698914, -0.5912896990776062, -0.9854039549827576, -0.8638597130775452, -0.8565655946731567, -0.7552787065505981], [0.7343335747718811, 0.6099483966827393, -0.1726163923740387, -0.006532188970595598, 0.9999462962150574, -0.008043293841183186, -0.9962700605392456, 0.2016284167766571, 0.609712541103363, -0.4683647155761719, -0.9999215006828308, -0.9996042847633362, -1.000065565109253, -0.6000000238418579, 0.12126421928405762, -0.9758097529411316, -0.7443447709083557, -0.9653549790382385, -0.9934417009353638, -0.7996042966842651, -0.9994023442268372, -0.10517822951078415, 0.24726372957229614, -0.7793603539466858, -0.45621082186698914, -0.5912896990776062, -0.9854039549827576, -0.8638597130775452, -0.8565655946731567, -0.7552787065505981], [-0.3069194555282593, 0.5936471819877625, -0.7283301949501038, -0.014327595010399818, 0.9998908042907715, -0.0036270341370254755, -0.9991208910942078, -0.2768370807170868, 0.5891618728637695, -0.7424415349960327, -0.999988853931427, -1.000024437904358, -0.9999900460243225, -0.6000000238418579, -0.0630769208073616, -0.9743690490722656, -0.7797776460647583, -1.0, -0.9919756650924683, -1.0, -0.9994906187057495, -0.08656249195337296, 0.20226994156837463, -0.7793603539466858, -0.45621082186698914, -0.5912896990776062, -0.9854039549827576, -0.8638597130775452, -0.8565655946731567, -0.7552787065505981], [0.3071725070476532, 0.6188574433326721, -0.722541868686676, -0.999957263469696, -0.008654579520225525, -0.003257967298850417, -0.9975560307502747, 0.09589879959821701, 0.6251623034477234, -0.8014590740203857, -1.0000063180923462, -0.9999666213989258, -0.9998794198036194, -1.0, -0.0028160226065665483, -0.9740375280380249, -0.801754355430603, -0.8094636797904968, -0.9934366941452026, -1.0, -0.9995337128639221, -0.03528648614883423, 0.021325869485735893, -0.7793603539466858, -0.45621082186698914, -0.5912896990776062, -0.9854039549827576, -0.8638597130775452, -0.8565655946731567, -0.7552787065505981]], "general_static": {"gains_and_scale_normalized": [-0.7793603589363458, -0.4562108264238274, -0.5912896747469059], "mass_normalized": [-0.9854039518291103], "robot_dimensions_normalized": [-0.8638597306436802, -0.8565656071044638, -0.7552786839687841], "trunk_attributes_normalized": [-0.9895140508534586, -0.09740788744155049, -0.16274379028086705, 0.8342551672209835, -1.001045740334802, -0.9996988437405896, -0.9995903349942804]},