{"n_joints": 12, "joint_descriptions": [[-0.13217395544052124, -0.2462351769208908, 0.420901894569397, -0.0027688320260494947, -0.9999850392341614, 0.0047151800245046616, -0.9981474280357361, -0.11114255338907242, -0.7515295743942261, 0.41869938373565674, -0.999992847442627, -1.000003695487976, -0.9999848008155823, -0.6000000238418579, 0.06011960282921791, -0.9756283164024353, -0.7486937642097473, -0.7996945381164551, -0.9922096729278564, -0.9650102853775024, -0.99941086769104, -0.2601970136165619, 0.20027382671833038, -0.7775095701217651, -0.4583187401294708, -0.6336686015129089, -0.9844942092895508, -0.8468979001045227, -0.8704603910446167, -0.7199926376342773], [-0.12001112103462219, -0.6900340914726257, 0.4353174865245819, -0.807698130607605, -0.00991430226713419, -0.5895128846168518, -0.9979735612869263, 0.2458336502313614, -0.6865161061286926, 0.14910611510276794, -1.0000228881835938, -0.999975860118866, -0.9999918341636658, -0.6000000238418579, -0.0016839843010529876, -0.9726040959358215, -0.7597007155418396, -0.7730020880699158, -0.9915184378623962, -1.0, -0.9994307160377502, -0.017597924917936325, 0.07747673988342285, -0.7775095701217651, -0.4583187401294708, -0.6336686015129089, -0.9844942092895508, -0.8468979001045227, -0.8704603910446167, -0.7199926376342773], [0.3197234570980072, -0.6298975944519043, 0.11999601870775223, 0.6033436059951782, 0.016158131882548332, -0.797317624092102, -0.9994436502456665, 0.6147544980049133, -0.6403809785842896, -0.10921908169984818, -0.9999951720237732, -1.0000096559524536, -0.9999916553497314, -0.6000000238418579, 0.00031435248092748225, -0.9735537767410278, -0.7689286470413208, -0.9657717347145081, -0.9915909767150879, -1.0, -0.9994173645973206, -0.05071138218045235, 0.08700025826692581, -0.7775095701217651, -0.4583187401294708, -0.6336686015129089, -0.9844942092895508, -0.8468979001045227, -0.8704603910446167, -0.7199926376342773], [0.7635222673416138, -0.6462171673774719, -0.20969770848751068, 0.003199512604624033, -0.9999094605445862, -0.01307046227157116, -0.9960069060325623, 0.22246627509593964, -0.6306976079940796, -0.48191022872924805, -0.9998109936714172, -0.9998817443847656, -1.000157356262207, -0.6000000238418579, -0.1255853772163391, -0.9746628999710083, -0.7367494106292725, -1.0, -0.992574155330658, -1.0, -0.9994059205055237, -0.26198482513427734, 0.10108523070812225, -0.7775095701217651, -0.4583187401294708, -0.6336686015129089, -0.9844942092895508, -0.8468979001045227, -0.8704603910446167, -0.7199926376342773], [-0.31733831763267517, -0.6377108097076416, -0.7437227964401245, 0.009781626984477043, -0.9998795390129089, -0.01205268781632185, -0.9991050362586975, -0.2551683485507965, -0.6349456310272217, -0.7372817397117615, -0.9999781847000122, -1.000006914138794, -0.99997878074646, -0.6000000238418579, 0.06219536066055298, -0.9734802842140198, -0.7755250930786133, -0.9325526356697083, -0.9917722344398499, -1.0, -0.999400794506073, -0.2083142250776291, 0.07150628417730331, -0.7775095701217651, -0.4583187401294708, -0.6336686015129089, -0.9844942092895508, -0.8468979001045227, -0.8704603910446167, -0.7199926376342773], [0.3331003487110138, -0.6152833104133606, -0.7427732944488525, -0.9997347593307495, -0.010595303028821945, 0.0204482302069664, -0.9973621964454651, 0.0982692763209343, -0.5867473483085632, -0.8261815905570984, -0.9999591112136841, -0.9999178647994995, -0.9999569058418274, -1.0, 0.0018549459055066109, -0.9710887670516968, -0.7390184998512268, -0.769376814365387, -0.9921537637710571, -0.915004551410675, -0.9994251728057861, -0.02005370333790779, 0.03140021488070488, -0.7775095701217651, -0.4583187401294708, -0.6336686015129089, -0.9844942092895508, -0.8468979001045227, -0.8704603910446167, -0.7199926376342773], [-0.18222258985042572, 0.1744232326745987, 0.43407031893730164, -0.0024857071693986654, 0.9999924898147583, 0.0029809086117893457, -0.9981110095977783, -0.19134028255939484, 0.6302571296691895, 0.4471556544303894, -0.9999909996986389, -1.0000014305114746, -0.9999816417694092, -0.6000000238418579, -0.06177544221282005, -0.971236526966095, -0.7598303556442261, -0.9375149607658386, -0.9923270344734192, -0.922120213508606, -0.999470591545105, -0.1955590844154358, 0.27684926986694336, -0.7775095701217651, -0.4583187401294708, -0.6336686015129089, -0.9844942092895508, -0.8468979001045227, -0.8704603910446167, -0.7199926376342773], [-0.2048049420118332, 0.6279618144035339, 0.4379090666770935, -0.7980276346206665, 0.015381175093352795, -0.6024245023727417, -0.9980740547180176, 0.15421795845031738, 0.6322513818740845, 0.16259808838367462, -1.000024437904358, -0.9999768733978271, -0.9999920129776001, -0.6000000238418579, 0.0008915159851312637, -0.9741644263267517, -0.7439225912094116, -0.9528623819351196, -0.9921702742576599, -0.942563533782959, -0.9995318055152893, -0.07641341537237167, 0.02166428603231907, -0.7775095701217651, -0.4583187401294708, -0.6336686015129089, -0.9844942092895508, -0.8468979001045227, -0.8704603910446167, -0.7199926376342773], [0.1946994662284851, 0.6177961230278015, 0.13176867365837097, 0.6079010963439941, -0.000694960996042937, -0.7940124869346619, -0.9994454383850098, 0.48634591698646545, 0.6289976239204407, -0.07628436386585236, -0.9999940395355225, -1.0000098943710327, -0.999993085861206, -0.6000000238418579, -0.0020967780146747828, -0.9743855595588684, -0.7849233150482178, -1.0, -0.9936755299568176, -0.8989778161048889, -0.9994217753410339, -0.0886567011475563, 0.04742678627371788, -0.7775095701217651, -0.4583187401294708, -0.6336686015129089, -0.9844942092895508, -0.8468979001045227, -0.8704603910446167, -0.7199926376342773], [0.6146713495254517, 0.6025481224060059, -0.18346808850765228, -0.016912896186113358, 0.9997262358665466, -0.0161698330193758, -0.9960265755653381, 0.08690789341926575, 0.5977920889854431, -0.4572610855102539, -0.9998056292533875, -0.9998941421508789, -1.0001603364944458, -0.6000000238418579, 0.12387309968471527, -0.976219654083252, -0.7457534074783325, -0.8950039148330688, -0.993414580821991, -1.0, -0.999434232711792, -0.09272343665361404, 0.2500147819519043, -0.7775095701217651, -0.4583187401294708, -0.6336686015129089, -0.9844942092895508, -0.8468979001045227, -0.8704603910446167, -0.7199926376342773], [-0.45515120029449463, 0.6088312864303589, -0.7295417189598083, -0.0023505387362092733, 0.999912440776825, -0.013021319173276424, -0.9991011619567871, -0.4060623347759247, 0.571879506111145, -0.7254012227058411, -0.9999791383743286, -1.0000061988830566, -0.999977171421051, -0.6000000238418579, -0.061515551060438156, -0.9731259346008301, -0.7472129464149475, -0.795105516910553, -0.9932987093925476, -0.9737017154693604, -0.9995348453521729, -0.07524292171001434, 0.20067431032657623, -0.7775095701217651, -0.4583187401294708, -0.6336686015129089, -0.9844942092895508, -0.8468979001045227, -0.8704603910446167, -0.7199926376342773], [0.2106640487909317, 0.5988737344741821, -0.7227123975753784, -0.999999463558197, 0.0006216209148988128, 0.0008018687949515879, -0.9973080158233643, -0.028014611452817917, 0.5824742913246155, -0.8001607060432434, -0.9999590516090393, -0.9999147653579712, -0.9999586343765259, -1.0, 0.0012274503242224455, -0.9764902591705322, -0.7549552321434021, -1.0, -0.9923526644706726, -1.0, -0.9995048642158508, -0.019558029249310493, 0.024603568017482758, -0.7775095701217651, -0.4583187401294708, -0.6336686015129089, -0.9844942092895508, -0.8468979001045227, -0.8704603910446167, -0.7199926376342773]], "general_static": {"gains_and_scale_normalized": [-0.7775095796332642, -0.4583187393128817, -0.6336685745308743], "mass_normalized": [-0.9844942208556903], "robot_dimensions_normalized": [-0.8468979163896001, -0.8704604070420372, -0.7199926272041568], "trunk_attributes_normalized": [-0.9890069319309803, -0.15562984228181231, -0.07038647778440044, 0.8470933854829101, -1.0002837079894884, -0.9993000702957311, -0.9992643242576583]},