{"n_joints": 12, "joint_descriptions": [[-0.13906735181808472, -0.16993878781795502, 0.420920193195343, -0.008140803314745426, -0.9999635815620422, 0.0025713962968438864, -0.9980661869049072, -0.12433583289384842, -0.6450582146644592, 0.4198524057865143, -0.9999945163726807, -1.0000028610229492, -0.9999813437461853, -0.6000000238418579, 0.060915980488061905, -0.9744505286216736, -0.7481974363327026, -0.755476176738739, -0.9922255277633667, -1.0, -0.9993829727172852, -0.2611676752567291, 0.19874083995819092, -0.770017147064209, -0.4652857780456543, -0.6354301571846008, -0.983805775642395, -0.8448235392570496, -0.8687010407447815, -0.7156046628952026], [-0.12201613932847977, -0.584562361240387, 0.43366101384162903, -0.7947854995727539, 0.005699115805327892, -0.6068636775016785, -0.9978936910629272, 0.2347804605960846, -0.5783412456512451, 0.1519433557987213, -1.0000230073928833, -0.999965250492096, -0.9999892115592957, -0.6000000238418579, -0.0002727628452703357, -0.9712706804275513, -0.7550151944160461, -0.7553183436393738, -0.9913246035575867, -1.0, -0.9994248151779175, -0.01910390704870224, 0.07515302300453186, -0.770017147064209, -0.4652857780456543, -0.6354301571846008, -0.983805775642395, -0.8448235392570496, -0.8687010407447815, -0.7156046628952026], [0.32199764251708984, -0.5515156388282776, 0.12202674150466919, 0.6021755337715149, 0.007958461530506611, -0.7983240485191345, -0.9994223117828369, 0.6174856424331665, -0.5688471794128418, -0.10762274265289307, -0.9999915957450867, -1.0000104904174805, -0.9999896287918091, -0.6000000238418579, -0.0006802278221584857, -0.9734821319580078, -0.7628105878829956, -1.0, -0.991341233253479, -1.0, -0.9993871450424194, -0.05323426425457001, 0.08454389125108719, -0.770017147064209, -0.4652857780456543, -0.6354301571846008, -0.983805775642395, -0.8448235392570496, -0.8687010407447815, -0.7156046628952026], [0.7605916857719421, -0.5891916751861572, -0.20511062443256378, -0.006304135080426931, -0.9999639391899109, 0.005694092717021704, -0.9957507252693176, 0.23405960202217102, -0.5848621129989624, -0.4801097810268402, -0.9997298717498779, -0.9999074339866638, -1.000244140625, -0.6000000238418579, -0.12507770955562592, -0.9739018082618713, -0.7338406443595886, -1.0, -0.9923056364059448, -1.0, -0.9993801116943359, -0.26015332341194153, 0.1027696430683136, -0.770017147064209, -0.4652857780456543, -0.6354301571846008, -0.983805775642395, -0.8448235392570496, -0.8687010407447815, -0.7156046628952026], [-0.30823051929473877, -0.6020556688308716, -0.7484298348426819, -0.0016913756262511015, -0.9999977350234985, -0.0012698560021817684, -0.9990711808204651, -0.24873578548431396, -0.5983492136001587, -0.7387487292289734, -0.9999769330024719, -1.0000050067901611, -0.9999682307243347, -0.6000000238418579, 0.061822596937417984, -0.9733608365058899, -0.7781870365142822, -0.924088180065155, -0.9915212392807007, -0.9800730347633362, -0.999377429485321, -0.2077687680721283, 0.06945126503705978, -0.770017147064209, -0.4652857780456543, -0.6354301571846008, -0.983805775642395, -0.8448235392570496, -0.8687010407447815, -0.7156046628952026], [0.3947077989578247, -0.6031663417816162, -0.7424328327178955, -0.9997683167457581, -0.0036172361578792334, 0.02121765725314617, -0.9972022175788879, 0.15145491063594818, -0.578549325466156, -0.8255095481872559, -0.9999545812606812, -0.999876856803894, -0.9999644160270691, -1.0, 0.0023566586896777153, -0.9705510139465332, -0.7359683513641357, -0.7772524356842041, -0.9921343922615051, -0.8984255790710449, -0.999441921710968, -0.017138199880719185, 0.0320238322019577, -0.770017147064209, -0.4652857780456543, -0.6354301571846008, -0.983805775642395, -0.8448235392570496, -0.8687010407447815, -0.7156046628952026], [-0.17462843656539917, 0.2087746262550354, 0.43585994839668274, -0.0005964316660538316, 0.9999997615814209, -0.0002858915540855378, -0.9980268478393555, -0.18716776371002197, 0.6410101056098938, 0.44500190019607544, -0.9999927878379822, -1.0000007152557373, -0.9999772310256958, -0.6000000238418579, -0.06250624358654022, -0.9715378880500793, -0.7600468993186951, -0.9138338565826416, -0.9924399852752686, -0.896531343460083, -0.999464213848114, -0.19608885049819946, 0.27817055583000183, -0.770017147064209, -0.4652857780456543, -0.6354301571846008, -0.983805775642395, -0.8448235392570496, -0.8687010407447815, -0.7156046628952026], [-0.19474869966506958, 0.6345552802085876, 0.43340644240379333, -0.7927276492118835, -0.01340110320597887, -0.6094286441802979, -0.9980142712593079, 0.16148176789283752, 0.650681734085083, 0.15299196541309357, -1.0000234842300415, -0.9999650120735168, -0.9999894499778748, -0.6000000238418579, 0.0004049430135637522, -0.9733890891075134, -0.7403222918510437, -0.9274864196777344, -0.9917250871658325, -0.9931498169898987, -0.9995107650756836, -0.0779619887471199, 0.019326582551002502, -0.770017147064209, -0.4652857780456543, -0.6354301571846008, -0.983805775642395, -0.8448235392570496, -0.8687010407447815, -0.7156046628952026], [0.21469713747501373, 0.6221699118614197, 0.13079452514648438, 0.6076036691665649, -0.003913773689419031, -0.7942306995391846, -0.9994168281555176, 0.5090088844299316, 0.6350409388542175, -0.0726294293999672, -0.9999904632568359, -1.0000104904174805, -0.999991238117218, -0.6000000238418579, -0.0014953857753425837, -0.9734302759170532, -0.7715486288070679, -1.0, -0.9933614730834961, -0.9214061498641968, -0.9994383454322815, -0.09126609563827515, 0.04527323693037033, -0.770017147064209, -0.4652857780456543, -0.6354301571846008, -0.983805775642395, -0.8448235392570496, -0.8687010407447815, -0.7156046628952026], [0.6355433464050293, 0.6103619933128357, -0.1898326277732849, -0.01754739135503769, 0.9997661709785461, -0.01263729389756918, -0.9958168864250183, 0.11635437607765198, 0.6111867427825928, -0.4590913951396942, -0.9997217059135437, -0.9999218583106995, -1.0002435445785522, -0.6000000238418579, 0.1242479532957077, -0.9752311706542969, -0.7501291632652283, -0.8848116397857666, -0.9930444359779358, -1.0, -0.9994508028030396, -0.09153494983911514, 0.25266340374946594, -0.770017147064209, -0.4652857780456543, -0.6354301571846008, -0.983805775642395, -0.8448235392570496, -0.8687010407447815, -0.7156046628952026], [-0.4274938404560089, 0.6123915314674377, -0.7312604188919067, -0.00675027072429657, 0.9997833967208862, -0.019686244428157806, -0.9990800023078918, -0.37831053137779236, 0.5763170719146729, -0.7251356840133667, -0.9999775886535645, -1.0000035762786865, -0.9999670386314392, -0.6000000238418579, -0.06065921112895012, -0.9733507633209229, -0.742555558681488, -0.7707516551017761, -0.9933905601501465, -0.9246177673339844, -0.9995185136795044, -0.07339666038751602, 0.19926762580871582, -0.770017147064209, -0.4652857780456543, -0.6354301571846008, -0.983805775642395, -0.8448235392570496, -0.8687010407447815, -0.7156046628952026], [0.278574675321579, 0.6105666160583496, -0.7294199466705322, -0.9999076128005981, -0.00966580118983984, 0.009554092772305012, -0.9971961379051208, 0.030326610431075096, 0.590276837348938, -0.8105394244194031, -0.9999547004699707, -0.9998776316642761, -0.9999681115150452, -1.0, 0.0019031011033803225, -0.9761373996734619, -0.744450032711029, -1.0, -0.9920873641967773, -0.9958844184875488, -0.9994728565216064, -0.016915345564484596, 0.024960510432720184, -0.770017147064209, -0.4652857780456543, -0.6354301571846008, -0.983805775642395, -0.8448235392570496, -0.8687010407447815, -0.7156046628952026]], "general_static": {"gains_and_scale_normalized": [-0.7700171230970979, -0.46528577011271255, -0.6354301710870631], "mass_normalized": [-0.9838057663048392], "robot_dimensions_normalized": [-0.8448235536273074, -0.8687010114847696, -0.7156046625698731], "trunk_attributes_normalized": [-0.9886056799055299, -0.15098033404441735, -0.022599610692959793, 0.8468711708313186, -1.0002036079332564, -0.9990095457249132, -0.999208332613444]},