{"n_joints": 12, "joint_descriptions": [[-0.15943820774555206, -0.1538524478673935, 0.4212940037250519, 0.00545368529856205, -0.9999850988388062, -0.0001403504138579592, -0.9980330467224121, -0.15128114819526672, -0.5983046293258667, 0.42150911688804626, -0.9999956488609314, -1.0000029802322388, -0.9999792575836182, -0.6000000238418579, 0.06156904622912407, -0.9734421968460083, -0.7523366212844849, -0.7350541949272156, -0.992392897605896, -1.0, -0.9993717670440674, -0.2630252242088318, 0.19650216400623322, -0.7636878490447998, -0.47750288248062134, -0.6355447769165039, -0.983540952205658, -0.8478966951370239, -0.8653049468994141, -0.7142913341522217], [-0.14028066396713257, -0.5463104248046875, 0.43067407608032227, -0.7988976240158081, 0.001829353510402143, -0.6014642715454102, -0.9978845119476318, 0.2224241942167282, -0.5341280102729797, 0.15332120656967163, -1.000022292137146, -0.9999569058418274, -0.9999877214431763, -0.6000000238418579, 0.000768975995015353, -0.9705826044082642, -0.7556677460670471, -0.7625924348831177, -0.991367518901825, -0.9877002835273743, -0.9994341135025024, -0.01938692480325699, 0.07451914250850677, -0.7636878490447998, -0.47750288248062134, -0.6355447769165039, -0.983540952205658, -0.8478966951370239, -0.8653049468994141, -0.7142913341522217], [0.3111823797225952, -0.5312369465827942, 0.1230199933052063, 0.6145694851875305, -0.006296925712376833, -0.7888375520706177, -0.9994131326675415, 0.6133991479873657, -0.5454992651939392, -0.10557614266872406, -0.9999886751174927, -1.0000107288360596, -0.9999879002571106, -0.6000000238418579, -0.0010435163276270032, -0.9732930660247803, -0.7600084543228149, -1.0, -0.9913318753242493, -1.0, -0.9993734359741211, -0.05447673425078392, 0.08331628888845444, -0.7636878490447998, -0.47750288248062134, -0.6355447769165039, -0.983540952205658, -0.8478966951370239, -0.8653049468994141, -0.7142913341522217], [0.7526243329048157, -0.5726821422576904, -0.20108234882354736, -0.002803879091516137, -0.9997590184211731, 0.02177176997065544, -0.9956220984458923, 0.2235025018453598, -0.5776938199996948, -0.47596120834350586, -0.9996650815010071, -0.9999426007270813, -1.00031578540802, -0.6000000238418579, -0.12452054768800735, -0.9731873273849487, -0.7365493774414062, -0.9589821100234985, -0.9922517538070679, -1.0, -0.9993709921836853, -0.25769785046577454, 0.10299856960773468, -0.7636878490447998, -0.47750288248062134, -0.6355447769165039, -0.983540952205658, -0.8478966951370239, -0.8653049468994141, -0.7142913341522217], [-0.33184200525283813, -0.5937110781669617, -0.750677764415741, -0.012287354096770287, -0.9998154044151306, 0.01477261632680893, -0.9990643858909607, -0.27589288353919983, -0.5854467749595642, -0.7397435307502747, -0.9999762773513794, -1.0000039339065552, -0.9999602437019348, -0.6000000238418579, 0.06134628877043724, -0.9733557105064392, -0.7792493104934692, -0.9063434600830078, -0.9914838075637817, -1.0, -0.9993707537651062, -0.20621858537197113, 0.06868919730186462, -0.7636878490447998, -0.47750288248062134, -0.6355447769165039, -0.983540952205658, -0.8478966951370239, -0.8653049468994141, -0.7142913341522217], [0.42420101165771484, -0.6076351404190063, -0.7422501444816589, -0.9999630451202393, 0.008519084192812443, 0.0011620206059888005, -0.9971365332603455, 0.17218017578125, -0.5891884565353394, -0.823506772518158, -0.999950647354126, -0.9998438358306885, -0.9999730587005615, -1.0, 0.002510395599529147, -0.9706595540046692, -0.7383217215538025, -0.8057762384414673, -0.9923087358474731, -0.9071681499481201, -0.9994598627090454, -0.015495345927774906, 0.031443748623132706, -0.7636878490447998, -0.47750288248062134, -0.6355447769165039, -0.983540952205658, -0.8478966951370239, -0.8653049468994141, -0.7142913341522217], [-0.17300660908222198, 0.1943468302488327, 0.43549010157585144, -0.001413594582118094, 0.9999977350234985, 0.0016088533448055387, -0.9979830980300903, -0.18375810980796814, 0.6032851934432983, 0.44146114587783813, -0.9999950528144836, -1.0000001192092896, -0.9999740719795227, -0.6000000238418579, -0.0630643218755722, -0.9722343683242798, -0.7561779618263245, -0.8812073469161987, -0.9926174283027649, -0.8980528712272644, -0.9994512796401978, -0.19493071734905243, 0.27821698784828186, -0.7636878490447998, -0.47750288248062134, -0.6355447769165039, -0.983540952205658, -0.8478966951370239, -0.8653049468994141, -0.7142913341522217], [-0.1855289340019226, 0.5989145040512085, 0.42908021807670593, -0.7911069989204407, -0.00713398726657033, -0.611636221408844, -0.9979948997497559, 0.18113024532794952, 0.6234013438224792, 0.14577803015708923, -1.0000227689743042, -0.9999566674232483, -0.999986469745636, -0.6000000238418579, -0.00023020703520160168, -0.97283935546875, -0.7423221468925476, -0.9119524359703064, -0.9914867877960205, -1.0, -0.9994872212409973, -0.07852426171302795, 0.01722411997616291, -0.7636878490447998, -0.47750288248062134, -0.6355447769165039, -0.983540952205658, -0.8478966951370239, -0.8653049468994141, -0.7142913341522217], [0.24605128169059753, 0.5944370627403259, 0.1281767040491104, 0.6101727485656738, 0.004429933149367571, -0.7922559976577759, -0.999400794506073, 0.5509185194969177, 0.6088865995407104, -0.07440721988677979, -0.999987781047821, -1.0000108480453491, -0.9999897480010986, -0.6000000238418579, -0.0007518066558986902, -0.9727725982666016, -0.7614954113960266, -1.0, -0.9930103421211243, -0.9610822200775146, -0.9994570016860962, -0.09351978451013565, 0.043821677565574646, -0.7636878490447998, -0.47750288248062134, -0.6355447769165039, -0.983540952205658, -0.8478966951370239, -0.8653049468994141, -0.7142913341522217], [0.6823800802230835, 0.5964945554733276, -0.19617454707622528, -0.009859026409685612, 0.9999426007270813, -0.004199225455522537, -0.9957128763198853, 0.16083180904388428, 0.6183595657348633, -0.4649505317211151, -0.9996535181999207, -0.999933660030365, -1.0003067255020142, -0.6000000238418579, 0.12424910813570023, -0.9742650389671326, -0.7564458847045898, -0.9013863801956177, -0.9926844835281372, -1.0, -0.9994663596153259, -0.09160848706960678, 0.25501686334609985, -0.7636878490447998, -0.47750288248062134, -0.6355447769165039, -0.983540952205658, -0.8478966951370239, -0.8653049468994141, -0.7142913341522217], [-0.3923463225364685, 0.6234829425811768, -0.73761385679245, -0.002395142801105976, 0.9999901652336121, -0.003740186570212245, -0.9990770816802979, -0.34534043073654175, 0.5911552309989929, -0.7321251034736633, -0.999977171421051, -1.0000033378601074, -0.999959409236908, -0.6000000238418579, -0.06015465036034584, -0.9736562371253967, -0.7434372901916504, -0.7717511653900146, -0.9933969974517822, -0.8994749784469604, -0.9994981288909912, -0.07344479113817215, 0.19889488816261292, -0.7636878490447998, -0.47750288248062134, -0.6355447769165039, -0.983540952205658, -0.8478966951370239, -0.8653049468994141, -0.7142913341522217], [0.3567867875099182, 0.6227037310600281, -0.7390934824943542, -0.9999505877494812, -0.0036036933306604624, 0.009263784624636173, -0.9971529841423035, 0.1000630259513855, 0.6104890704154968, -0.8231441378593445, -0.999951958656311, -0.9998496770858765, -0.9999715685844421, -1.0, 0.002246138406917453, -0.9756229519844055, -0.7396534085273743, -1.0, -0.9920552372932434, -0.9890010952949524, -0.9994461536407471, -0.015572279691696167, 0.02391701005399227, -0.7636878490447998, -0.47750288248062134, -0.6355447769165039, -0.983540952205658, -0.8478966951370239, -0.8653049468994141, -0.7142913341522217]], "general_static": {"gains_and_scale_normalized": [-0.7636878524294974, -0.47750287111944123, -0.6355447703528336], "mass_normalized": [-0.9835409653598604], "robot_dimensions_normalized": [-0.8478966720606986, -0.865304969987386, -0.7142913620297526], "trunk_attributes_normalized": [-0.9884917284102832, -0.15408931667070835, -0.01953632416101192, 0.8450440816789107, -1.000191133342261, -0.998785815758069, -0.9991953800762288]},