{"n_joints": 12, "joint_descriptions": [[-0.14678844809532166, -0.15679103136062622, 0.42090272903442383, 0.005861490033566952, -0.9999762177467346, 0.003641364397481084, -0.9980481266975403, -0.13359858095645905, -0.6139475703239441, 0.41923046112060547, -0.9999950528144836, -1.0000032186508179, -0.9999805092811584, -0.6000000238418579, 0.0611427016556263, -0.9740787744522095, -0.749079167842865, -0.7461071014404297, -0.9922692775726318, -1.0, -0.9993773102760315, -0.261711448431015, 0.1980462372303009, -0.7676641941070557, -0.4687909185886383, -0.6355366110801697, -0.9836581349372864, -0.8459194302558899, -0.8655309677124023, -0.7150404453277588], [-0.12787871062755585, -0.5566964745521545, 0.43204233050346375, -0.7987741827964783, -0.010174852795898914, -0.6015449166297913, -0.9978817701339722, 0.23022779822349548, -0.543736457824707, 0.15151524543762207, -1.0000227689743042, -0.9999620318412781, -0.9999881386756897, -0.6000000238418579, 0.00012795114889740944, -0.9709629416465759, -0.7546311020851135, -0.7552191019058228, -0.9913126230239868, -1.0, -0.9994264245033264, -0.019404133781790733, 0.07470463961362839, -0.7676641941070557, -0.4687909185886383, -0.6355366110801697, -0.9836581349372864, -0.8459194302558899, -0.8655309677124023, -0.7150404453277588], [0.31931135058403015, -0.5251911878585815, 0.12177067250013351, 0.6104978919029236, 0.007238573394715786, -0.7919847965240479, -0.9994174838066101, 0.616439938545227, -0.5377629995346069, -0.10829978436231613, -0.9999902844429016, -1.00001060962677, -0.9999890327453613, -0.6000000238418579, -0.0008870379533618689, -0.9734326004981995, -0.7612716555595398, -1.0, -0.9913110733032227, -1.0, -0.9993806481361389, -0.05378391966223717, 0.08400516211986542, -0.7676641941070557, -0.4687909185886383, -0.6355366110801697, -0.9836581349372864, -0.8459194302558899, -0.8655309677124023, -0.7150404453277588], [0.7580934166908264, -0.5589854121208191, -0.20516936480998993, 0.00847567431628704, -0.999925434589386, -0.00878925435245037, -0.9956891536712646, 0.22937263548374176, -0.5666337609291077, -0.47993147373199463, -0.999708890914917, -0.9999200105667114, -1.0002776384353638, -0.6000000238418579, -0.1249166876077652, -0.9736354947090149, -0.7341227531433105, -0.9890165328979492, -0.9922567009925842, -1.0, -0.9993751645088196, -0.25937557220458984, 0.1030060276389122, -0.7676641941070557, -0.4687909185886383, -0.6355366110801697, -0.9836581349372864, -0.8459194302558899, -0.8655309677124023, -0.7150404453277588], [-0.31923678517341614, -0.5932741165161133, -0.7498031854629517, 0.012313052080571651, -0.999921977519989, 0.0020995086524635553, -0.9990653395652771, -0.2606658637523651, -0.5872737765312195, -0.7395644783973694, -0.9999762177467346, -1.0000044107437134, -0.9999653100967407, -0.6000000238418579, 0.06165014207363129, -0.9733787178993225, -0.7786549925804138, -0.9187461733818054, -0.9914841651916504, -0.9831010699272156, -0.9993732571601868, -0.20734216272830963, 0.06906243413686752, -0.7676641941070557, -0.4687909185886383, -0.6355366110801697, -0.9836581349372864, -0.8459194302558899, -0.8655309677124023, -0.7150404453277588], [0.40462109446525574, -0.5846328735351562, -0.7435722947120667, -0.9995166063308716, -0.024048693478107452, 0.019702564924955368, -0.9971670508384705, 0.15672074258327484, -0.5668155550956726, -0.8258466720581055, -0.9999544024467468, -0.9998632669448853, -0.9999681711196899, -1.0, 0.002448597690090537, -0.9705138206481934, -0.7361469864845276, -0.7848404049873352, -0.9921753406524658, -0.8988052606582642, -0.9994479417800903, -0.016454173251986504, 0.0319482684135437, -0.7676641941070557, -0.4687909185886383, -0.6355366110801697, -0.9836581349372864, -0.8459194302558899, -0.8655309677124023, -0.7150404453277588], [-0.17573057115077972, 0.20439451932907104, 0.4354487657546997, 0.00010387031943537295, 0.9999999403953552, 0.0003786663291975856, -0.9980059862136841, -0.18813978135585785, 0.6219003796577454, 0.4433771073818207, -0.9999937415122986, -1.0000004768371582, -0.9999759197235107, -0.6000000238418579, -0.06271718442440033, -0.9717297554016113, -0.7591156363487244, -0.9031920433044434, -0.9924969673156738, -0.8942570090293884, -0.9994601011276245, -0.19585639238357544, 0.27831506729125977, -0.7676641941070557, -0.4687909185886383, -0.6355366110801697, -0.9836581349372864, -0.8459194302558899, -0.8655309677124023, -0.7150404453277588], [-0.19376395642757416, 0.6155895590782166, 0.43112459778785706, -0.797726035118103, 0.004848185461014509, -0.6030005216598511, -0.9980025887489319, 0.16657544672489166, 0.6325985193252563, 0.14948968589305878, -1.0000227689743042, -0.9999613165855408, -0.9999886751174927, -0.6000000238418579, 0.0001761497842380777, -0.9731485843658447, -0.7403585314750671, -0.9208055734634399, -0.9916204810142517, -1.0, -0.9995027780532837, -0.07828397303819656, 0.018572941422462463, -0.7676641941070557, -0.4687909185886383, -0.6355366110801697, -0.9836581349372864, -0.8459194302558899, -0.8655309677124023, -0.7150404453277588], [0.22396917641162872, 0.6028627753257751, 0.12914787232875824, 0.6099609732627869, -0.0018414336955174804, -0.7924293279647827, -0.999409556388855, 0.5227640271186829, 0.6162020564079285, -0.07347308844327927, -0.9999894499778748, -1.00001060962677, -0.9999906420707703, -0.6000000238418579, -0.0012530911481007934, -0.9731540679931641, -0.7676571011543274, -1.0, -0.9932431578636169, -0.933197557926178, -0.9994444847106934, -0.09208497405052185, 0.04469206556677818, -0.7676641941070557, -0.4687909185886383, -0.6355366110801697, -0.9836581349372864, -0.8459194302558899, -0.8655309677124023, -0.7150404453277588], [0.6510902047157288, 0.5951864123344421, -0.19304703176021576, -0.006083053536713123, 0.999975323677063, 0.0035116958897560835, -0.9957680702209473, 0.13171972334384918, 0.6065759062767029, -0.4626830220222473, -0.9996941685676575, -0.9999209642410278, -1.0002658367156982, -0.6000000238418579, 0.12425374239683151, -0.9748906493186951, -0.752060055732727, -0.8877964615821838, -0.9929179549217224, -1.0, -0.9994562268257141, -0.09143237769603729, 0.2535090446472168, -0.7676641941070557, -0.4687909185886383, -0.6355366110801697, -0.9836581349372864, -0.8459194302558899, -0.8655309677124023, -0.7150404453277588], [-0.41526228189468384, 0.6125752925872803, -0.7361544370651245, -0.009546414948999882, 0.9999517202377319, -0.002323075430467725, -0.9990765452384949, -0.36648207902908325, 0.5780342221260071, -0.730126678943634, -0.999977171421051, -1.0000038146972656, -0.9999641180038452, -0.6000000238418579, -0.06046050414443016, -0.9734554290771484, -0.7422157526016235, -0.7684674263000488, -0.9933998584747314, -0.9136563539505005, -0.9995118379592896, -0.07321314513683319, 0.19901150465011597, -0.7676641941070557, -0.4687909185886383, -0.6355366110801697, -0.9836581349372864, -0.8459194302558899, -0.8655309677124023, -0.7150404453277588], [0.3080690801143646, 0.6140841245651245, -0.7349467277526855, -0.9998974204063416, -0.011630534194409847, 0.00835907831788063, -0.9971715807914734, 0.056194428354501724, 0.5972788333892822, -0.8177335262298584, -0.9999540448188782, -0.9998666048049927, -0.9999682903289795, -1.0, 0.00204895599745214, -0.9759721755981445, -0.7421631813049316, -1.0, -0.9920494556427002, -0.9900003671646118, -0.999462902545929, -0.016329210251569748, 0.024718819186091423, -0.7676641941070557, -0.4687909185886383, -0.6355366110801697, -0.9836581349372864, -0.8459194302558899, -0.8655309677124023, -0.7150404453277588]], "general_static": {"gains_and_scale_normalized": [-0.7676642170563743, -0.46879092897242947, -0.6355366267135951], "mass_normalized": [-0.9836581348168699], "robot_dimensions_normalized": [-0.8459194299256697, -0.8655309943733865, -0.71504046386789], "trunk_attributes_normalized": [-0.9885276334139641, -0.15343177015705334, -0.017735648248068614, 0.8463070444444265, -1.0001749009520076, -0.9989343304905539, -0.9991770124950257]},