{"n_joints": 12, "joint_descriptions": [[-0.19033020734786987, -0.1790575087070465, 0.4339210093021393, -0.010564962401986122, -0.9999370574951172, 0.003775078570470214, -0.9984519481658936, -0.19597189128398895, -0.6374744772911072, 0.43359020352363586, -0.9999979138374329, -1.0000029802322388, -0.9999893307685852, -0.6000000238418579, 0.062189262360334396, -0.9762088656425476, -0.8006628751754761, -0.7830671072006226, -0.9929993152618408, -1.0, -0.9994893670082092, -0.2636343538761139, 0.19167956709861755, -0.7750453352928162, -0.536238431930542, -0.6363553404808044, -0.9871426224708557, -0.8702946901321411, -0.8720899820327759, -0.7466616630554199], [-0.19277285039424896, -0.638601541519165, 0.43892839550971985, -0.795870304107666, -0.0027589339297264814, -0.6054608225822449, -0.9983630776405334, 0.2144567370414734, -0.6396535634994507, 0.15548168122768402, -1.0000145435333252, -0.9999774694442749, -0.9999971389770508, -0.6000000238418579, -0.0009280975209549069, -0.9738317131996155, -0.7775217294692993, -0.9043965339660645, -0.9933111667633057, -1.0, -0.9994961023330688, -0.01695803925395012, 0.0800178125500679, -0.7750453352928162, -0.536238431930542, -0.6363553404808044, -0.9871426224708557, -0.8702946901321411, -0.8720899820327759, -0.7466616630554199], [0.26346808671951294, -0.6510564088821411, 0.13352282345294952, 0.6086446046829224, 0.001999735599383712, -0.7934404015541077, -0.9995357394218445, 0.5711573362350464, -0.6333317756652832, -0.0767715722322464, -0.9999951124191284, -1.0000054836273193, -0.9999927878379822, -0.6000000238418579, -0.001278526964597404, -0.974351167678833, -0.7798522114753723, -0.9491599798202515, -0.9929646253585815, -1.0, -0.9994661808013916, -0.045929376035928726, 0.09697459638118744, -0.7750453352928162, -0.536238431930542, -0.6363553404808044, -0.9871426224708557, -0.8702946901321411, -0.8720899820327759, -0.7466616630554199], [0.7144684791564941, -0.6465954184532166, -0.18536534905433655, 0.012987319380044937, -0.999809741973877, 0.014552177861332893, -0.9965071678161621, 0.1739128977060318, -0.6709737777709961, -0.4685593247413635, -0.9998193383216858, -0.9999078512191772, -1.000160574913025, -0.6000000238418579, -0.12274271994829178, -0.9734957218170166, -0.7800601720809937, -0.9099969863891602, -0.9933123588562012, -1.0, -0.9995012283325195, -0.2553471028804779, 0.09991735219955444, -0.7750453352928162, -0.536238431930542, -0.6363553404808044, -0.9871426224708557, -0.8702946901321411, -0.8720899820327759, -0.7466616630554199], [-0.3613153100013733, -0.6472883224487305, -0.7332238554954529, 0.004071126226335764, -0.9999379515647888, 0.010367204435169697, -0.9992731809616089, -0.30456382036209106, -0.5930683016777039, -0.7360397577285767, -0.9999881982803345, -1.0000053644180298, -0.9999794363975525, -0.6000000238418579, 0.06044866144657135, -0.9749113321304321, -0.7737040519714355, -0.9561045169830322, -0.9933501482009888, -1.0, -0.9994944334030151, -0.20293492078781128, 0.07740812003612518, -0.7750453352928162, -0.536238431930542, -0.6363553404808044, -0.9871426224708557, -0.8702946901321411, -0.8720899820327759, -0.7466616630554199], [0.3954530954360962, -0.6229488253593445, -0.7265053391456604, -0.9999430179595947, -0.005146391224116087, 0.009355230256915092, -0.9978752136230469, 0.17875441908836365, -0.6197840571403503, -0.8025264739990234, -0.9999794363975525, -0.9999246001243591, -0.9999685287475586, -1.0, -0.0011383743258193135, -0.9758912324905396, -0.7968884706497192, -0.8432615399360657, -0.9931522011756897, -1.0, -0.9995022416114807, -0.022570505738258362, 0.021763283759355545, -0.7750453352928162, -0.536238431930542, -0.6363553404808044, -0.9871426224708557, -0.8702946901321411, -0.8720899820327759, -0.7466616630554199], [-0.17642875015735626, 0.1953565776348114, 0.4305274784564972, 0.009958567097783089, 0.9999503493309021, -0.0004005500231869519, -0.9983599781990051, -0.1532060205936432, 0.6197994351387024, 0.4367839992046356, -0.9999973177909851, -1.0000017881393433, -0.9999870657920837, -0.6000000238418579, -0.06161300837993622, -0.9752616286277771, -0.7892777323722839, -0.884722888469696, -0.993694543838501, -1.0, -0.9995148777961731, -0.19680939614772797, 0.27101653814315796, -0.7750453352928162, -0.536238431930542, -0.6363553404808044, -0.9871426224708557, -0.8702946901321411, -0.8720899820327759, -0.7466616630554199], [-0.17929384112358093, 0.6534519195556641, 0.4318174719810486, -0.7985415458679199, -0.005369659513235092, -0.6019157767295837, -0.9983755350112915, 0.20396648347377777, 0.6687061786651611, 0.1549818515777588, -1.000014066696167, -0.9999775290489197, -0.999997615814209, -0.6000000238418579, 0.0006050943629816175, -0.9761521220207214, -0.8002453446388245, -0.9633162021636963, -0.9927095174789429, -1.0, -0.9994749426841736, -0.07861824333667755, 0.014862976968288422, -0.7750453352928162, -0.536238431930542, -0.6363553404808044, -0.9871426224708557, -0.8702946901321411, -0.8720899820327759, -0.7466616630554199], [0.29087674617767334, 0.6553570032119751, 0.11821439862251282, 0.6040581464767456, -0.005811448674649, -0.796919047832489, -0.9995381236076355, 0.5960050225257874, 0.6342273354530334, -0.07953215390443802, -0.9999943971633911, -1.000005841255188, -0.9999933838844299, -0.6000000238418579, -0.00021701578225474805, -0.9762414693832397, -0.7876408100128174, -1.0, -0.9929684400558472, -1.0, -0.9994791746139526, -0.0980486273765564, 0.044038645923137665, -0.7750453352928162, -0.536238431930542, -0.6363553404808044, -0.9871426224708557, -0.8702946901321411, -0.8720899820327759, -0.7466616630554199], [0.7291352152824402, 0.6464086771011353, -0.1959753930568695, -0.004918981343507767, 0.9999629855155945, -0.007059987634420395, -0.9966133832931519, 0.19076481461524963, 0.6543591022491455, -0.46852871775627136, -0.9998222589492798, -0.9999114274978638, -1.000152587890625, -0.6000000238418579, 0.12277762591838837, -0.9752194285392761, -0.7742188572883606, -0.90262770652771, -0.9929229021072388, -0.9867186546325684, -0.9995154142379761, -0.09989374876022339, 0.25127002596855164, -0.7750453352928162, -0.536238431930542, -0.6363553404808044, -0.9871426224708557, -0.8702946901321411, -0.8720899820327759, -0.7466616630554199], [-0.3390381932258606, 0.6365790963172913, -0.7358115911483765, -0.002062737476080656, 0.9998247623443604, -0.01860545389354229, -0.9992652535438538, -0.2983384132385254, 0.6251974105834961, -0.7382523417472839, -0.9999880194664001, -1.0000052452087402, -0.9999791383743286, -0.6000000238418579, -0.05928661301732063, -0.9748131632804871, -0.780862033367157, -1.0, -0.9928213953971863, -1.0, -0.9994863271713257, -0.07856232672929764, 0.19976560771465302, -0.7750453352928162, -0.536238431930542, -0.6363553404808044, -0.9871426224708557, -0.8702946901321411, -0.8720899820327759, -0.7466616630554199], [0.4227818250656128, 0.6413756012916565, -0.7400310635566711, -0.9999502897262573, 0.002021393273025751, 0.009761752560734749, -0.997822642326355, 0.15869326889514923, 0.6133079528808594, -0.8095653057098389, -0.9999793767929077, -0.9999237060546875, -0.9999691247940063, -1.0, -0.0005207791109569371, -0.9758314490318298, -0.7885888814926147, -0.8430707454681396, -0.9928472638130188, -0.986030638217926, -0.9994587898254395, -0.023779982700943947, 0.024629920721054077, -0.7750453352928162, -0.536238431930542, -0.6363553404808044, -0.9871426224708557, -0.8702946901321411, -0.8720899820327759, -0.7466616630554199]], "general_static": {"gains_and_scale_normalized": [-0.7750453267466056, -0.5362384311017505, -0.6363553680485414], "mass_normalized": [-0.9871426203221221], "robot_dimensions_normalized": [-0.8702946697352282, -0.8720899796941676, -0.7466616776119521], "trunk_attributes_normalized": [-0.9910896631671705, -0.17523771258335996, 0.005543900796726398, 0.8357026572907928, -1.0002321194322545, -0.9993291942599853, -0.999578348676191]},