{"n_joints": 12, "joint_descriptions": [[-0.15975922346115112, -0.22786852717399597, 0.4338030517101288, 0.0013761805603280663, -0.9999938011169434, -0.0032422570511698723, -0.9985294342041016, -0.15133796632289886, -0.680697500705719, 0.4376301169395447, -1.0000004768371582, -1.0000028610229492, -0.9999892711639404, -0.6000000238418579, 0.061577923595905304, -0.975871205329895, -0.7906876802444458, -0.8660299181938171, -0.9931097626686096, -1.0, -0.9994964599609375, -0.26873067021369934, 0.18957661092281342, -0.7823275923728943, -0.5323733687400818, -0.6487898826599121, -0.9877154231071472, -0.8735047578811646, -0.8741112351417542, -0.7611818313598633], [-0.14987799525260925, -0.6855063438415527, 0.43947651982307434, -0.7942367792129517, 0.001320169772952795, -0.6076069474220276, -0.99845290184021, 0.2335234433412552, -0.6848859190940857, 0.1601921021938324, -1.0000110864639282, -0.9999722838401794, -0.9999982714653015, -0.6000000238418579, -0.00034599314676597714, -0.9757357239723206, -0.7883985638618469, -0.8852786421775818, -0.9931018352508545, -0.9976409673690796, -0.9994767904281616, -0.01839367486536503, 0.07509932667016983, -0.7823275923728943, -0.5323733687400818, -0.6487898826599121, -0.9877154231071472, -0.8735047578811646, -0.8741112351417542, -0.7611818313598633], [0.2861856520175934, -0.680266797542572, 0.13302771747112274, 0.6072943806648254, 0.003592541441321373, -0.7944687604904175, -0.9995584487915039, 0.5872045159339905, -0.6762653589248657, -0.07784655690193176, -0.9999932050704956, -1.0000041723251343, -0.9999918341636658, -0.6000000238418579, 0.0003420455032028258, -0.9756528735160828, -0.7899560332298279, -0.9691228270530701, -0.9931626915931702, -1.0, -0.9994891881942749, -0.04904172942042351, 0.09182413667440414, -0.7823275923728943, -0.5323733687400818, -0.6487898826599121, -0.9877154231071472, -0.8735047578811646, -0.8741112351417542, -0.7611818313598633], [0.7250446081161499, -0.6862581372261047, -0.17817255854606628, 0.001128194504417479, -0.9999993443489075, -2.485281765984837e-05, -0.9967400431632996, 0.19690397381782532, -0.689121425151825, -0.44746243953704834, -0.9997869729995728, -0.9999226331710815, -1.0002014636993408, -0.6000000238418579, -0.1232641190290451, -0.9753772616386414, -0.7775668501853943, -0.9389443397521973, -0.9933066964149475, -1.0, -0.9995018839836121, -0.253044456243515, 0.09976649284362793, -0.7823275923728943, -0.5323733687400818, -0.6487898826599121, -0.9877154231071472, -0.8735047578811646, -0.8741112351417542, -0.7611818313598633], [-0.32951003313064575, -0.6756396293640137, -0.7230436205863953, -0.004687257576733828, -0.9999824166297913, -0.003628864185884595, -0.9992935061454773, -0.2710481286048889, -0.6377035975456238, -0.7215330600738525, -0.9999910593032837, -1.0000048875808716, -0.9999745488166809, -0.6000000238418579, 0.06135660037398338, -0.9760907888412476, -0.779840350151062, -0.9260026812553406, -0.992965579032898, -1.0, -0.9994764924049377, -0.20001769065856934, 0.07715310156345367, -0.7823275923728943, -0.5323733687400818, -0.6487898826599121, -0.9877154231071472, -0.8735047578811646, -0.8741112351417542, -0.7611818313598633], [0.4915033280849457, -0.6621004939079285, -0.7260642051696777, -0.9999896287918091, 0.004355538170784712, 0.0013287956826388836, -0.9979127049446106, 0.2428344190120697, -0.6513846516609192, -0.8099439740180969, -0.9999848008155823, -0.9999068975448608, -0.9999733567237854, -1.0, -0.00011404462566133589, -0.9752540588378906, -0.787307858467102, -0.9316532015800476, -0.9929583072662354, -1.0, -0.999500572681427, -0.023509379476308823, 0.02310984581708908, -0.7823275923728943, -0.5323733687400818, -0.6487898826599121, -0.9877154231071472, -0.8735047578811646, -0.8741112351417542, -0.7611818313598633], [-0.15078534185886383, 0.15902312099933624, 0.4303182363510132, -0.0032713497057557106, 0.9999914765357971, 0.0025257377419620752, -0.9984296560287476, -0.14182084798812866, 0.5926747918128967, 0.4334512948989868, -1.000000238418579, -1.0000017881393433, -0.9999868869781494, -0.6000000238418579, -0.0614502914249897, -0.9755649566650391, -0.7792624831199646, -0.8591274619102478, -0.9931740164756775, -1.0, -0.9995100498199463, -0.1916739046573639, 0.26983118057250977, -0.7823275923728943, -0.5323733687400818, -0.6487898826599121, -0.9877154231071472, -0.8735047578811646, -0.8741112351417542, -0.7611818313598633], [-0.15932999551296234, 0.6154015064239502, 0.42751196026802063, -0.7979766130447388, -0.000453668792033568, -0.6026882529258728, -0.998454749584198, 0.21709834039211273, 0.6173802018165588, 0.1535349190235138, -1.0000110864639282, -0.999972403049469, -0.9999984502792358, -0.6000000238418579, 0.0002166280901292339, -0.9750984907150269, -0.7921565771102905, -0.9101607799530029, -0.9933600425720215, -1.0, -0.9994791746139526, -0.07681630551815033, 0.01741624064743519, -0.7823275923728943, -0.5323733687400818, -0.6487898826599121, -0.9877154231071472, -0.8735047578811646, -0.8741112351417542, -0.7611818313598633], [0.2859708368778229, 0.6069834232330322, 0.11976490169763565, 0.6057695746421814, 0.00034285473520867527, -0.7956400513648987, -0.9995490908622742, 0.5877901911735535, 0.5898126363754272, -0.08585856109857559, -0.9999927878379822, -1.0000044107437134, -0.9999924302101135, -0.6000000238418579, 0.00012103071640012786, -0.9758126139640808, -0.7833698391914368, -0.9582781195640564, -0.9931887984275818, -0.9995639324188232, -0.9995055794715881, -0.09283524751663208, 0.04621998593211174, -0.7823275923728943, -0.5323733687400818, -0.6487898826599121, -0.9877154231071472, -0.8735047578811646, -0.8741112351417542, -0.7611818313598633], [0.7280755043029785, 0.6012381315231323, -0.19281621277332306, 0.003465584246441722, 0.9999936819076538, 0.0008075384539552033, -0.996753990650177, 0.19507654011249542, 0.6226436495780945, -0.46077457070350647, -0.9997901916503906, -0.9999231696128845, -1.0001970529556274, -0.6000000238418579, 0.12339922040700912, -0.9756889939308167, -0.778694748878479, -0.943149983882904, -0.9931241273880005, -1.0, -0.9994840025901794, -0.10269640386104584, 0.25430557131767273, -0.7823275923728943, -0.5323733687400818, -0.6487898826599121, -0.9877154231071472, -0.8735047578811646, -0.8741112351417542, -0.7611818313598633], [-0.3207836449146271, 0.6150760650634766, -0.7353764772415161, 0.002581259934231639, 0.999995768070221, 0.0013522952795028687, -0.999299943447113, -0.264039546251297, 0.6099360585212708, -0.7332875728607178, -0.9999906420707703, -1.0000046491622925, -0.9999745488166809, -0.6000000238418579, -0.06036430597305298, -0.9758216738700867, -0.7854445576667786, -0.945717990398407, -0.9932953119277954, -0.9883140921592712, -0.9994901418685913, -0.08018116652965546, 0.19765716791152954, -0.7823275923728943, -0.5323733687400818, -0.6487898826599121, -0.9877154231071472, -0.8735047578811646, -0.8741112351417542, -0.7611818313598633], [0.484301894903183, 0.6153796315193176, -0.7384181618690491, -0.9999634623527527, 0.003056633984670043, 0.00798659585416317, -0.9979320764541626, 0.22149577736854553, 0.6036661267280579, -0.8169679641723633, -0.999984622001648, -0.9999046921730042, -0.9999738335609436, -1.0, 0.0006358477403409779, -0.976371705532074, -0.7858645915985107, -0.921938955783844, -0.9931266903877258, -1.0, -0.9995072484016418, -0.022069498896598816, 0.026023738086223602, -0.7823275923728943, -0.5323733687400818, -0.6487898826599121, -0.9877154231071472, -0.8735047578811646, -0.8741112351417542, -0.7611818313598633]], "general_static": {"gains_and_scale_normalized": [-0.7823276192331998, -0.532373393146631, -0.6487898590182448], "mass_normalized": [-0.9877154047930273], "robot_dimensions_normalized": [-0.8735047363185346, -0.8741112086005307, -0.7611818369802147], "trunk_attributes_normalized": [-0.9914530273172357, -0.13323171693344038, -0.05126346175481722, 0.8355535703560861, -1.0002080793727959, -0.9992036628687494, -0.9996847365599152]},