{"n_joints": 12, "joint_descriptions": [[-0.10919302701950073, -0.27414944767951965, 0.41705891489982605, 0.0003917927679140121, -0.9999998211860657, 0.0004416318261064589, -0.9979362487792969, -0.09368553757667542, -0.7801229953765869, 0.4225260615348816, -1.0000019073486328, -1.0000081062316895, -0.9999852776527405, -0.6000000238418579, 0.06122436001896858, -0.9697625637054443, -0.7433417439460754, -0.9450699687004089, -0.9921896457672119, -1.0, -0.9994429349899292, -0.271797239780426, 0.19807292520999908, -0.7534694075584412, -0.49565035104751587, -0.5829277634620667, -0.9825697541236877, -0.8602494597434998, -0.8462674021720886, -0.7524018883705139], [-0.11160575598478317, -0.7518517971038818, 0.40313464403152466, -0.8006214499473572, -0.0012557781301438808, -0.5991691946983337, -0.9979000091552734, 0.22531206905841827, -0.7520188093185425, 0.13592569530010223, -1.000019907951355, -0.9999595284461975, -1.0000077486038208, -0.6000000238418579, 0.0010957828490063548, -0.9731258153915405, -0.7408413887023926, -1.0, -0.9912854433059692, -1.0, -0.9994797706604004, -0.016259171068668365, 0.07674115151166916, -0.7534694075584412, -0.49565035104751587, -0.5829277634620667, -0.9825697541236877, -0.8602494597434998, -0.8462674021720886, -0.7524018883705139], [0.29492610692977905, -0.7373494505882263, 0.09915292263031006, 0.611762523651123, 0.0010524020763114095, -0.7910407781600952, -0.9993281364440918, 0.6008104085922241, -0.7525728344917297, -0.10386050492525101, -0.9999921321868896, -1.0000048875808716, -0.9999844431877136, -0.6000000238418579, 0.001992959761992097, -0.9753543734550476, -0.7432745695114136, -0.971914529800415, -0.9923025369644165, -0.8554996848106384, -0.9995133280754089, -0.041664719581604004, 0.08796479552984238, -0.7534694075584412, -0.49565035104751587, -0.5829277634620667, -0.9825697541236877, -0.8602494597434998, -0.8462674021720886, -0.7524018883705139], [0.7273269891738892, -0.7818020582199097, -0.20830516517162323, -0.020806588232517242, -0.9997832775115967, 0.0006831716164015234, -0.9954260587692261, 0.22293725609779358, -0.753791868686676, -0.4646855592727661, -0.9996963143348694, -0.9997479319572449, -1.0003095865249634, -0.6000000238418579, -0.1246262788772583, -0.9742008447647095, -0.7628446221351624, -0.9953081607818604, -0.9913589954376221, -1.0, -0.9994686841964722, -0.253546804189682, 0.10018734633922577, -0.7534694075584412, -0.49565035104751587, -0.5829277634620667, -0.9825697541236877, -0.8602494597434998, -0.8462674021720886, -0.7524018883705139], [-0.25829383730888367, -0.766142725944519, -0.7349410057067871, -0.030454205349087715, -0.9994955658912659, -0.009011337533593178, -0.998977541923523, -0.2326023280620575, -0.7579159140586853, -0.7254826426506042, -0.9999892115592957, -1.0000174045562744, -0.9999614953994751, -0.6000000238418579, 0.06292054057121277, -0.9749832153320312, -0.7438509464263916, -0.790749728679657, -0.9924391508102417, -0.9509783387184143, -0.9994819164276123, -0.19107916951179504, 0.07778019458055496, -0.7534694075584412, -0.49565035104751587, -0.5829277634620667, -0.9825697541236877, -0.8602494597434998, -0.8462674021720886, -0.7524018883705139], [0.5300770401954651, -0.7285228371620178, -0.7366379499435425, -0.9997778534889221, 0.02088191546499729, -0.0028690060134977102, -0.9971268773078918, 0.2553715109825134, -0.7402976155281067, -0.8132562041282654, -0.999992847442627, -0.9998551607131958, -0.9999231100082397, -1.0, 0.0018873997032642365, -0.9702308773994446, -0.7343010902404785, -1.0, -0.991449773311615, -1.0, -0.999465823173523, -0.023612920194864273, 0.02059866487979889, -0.7534694075584412, -0.49565035104751587, -0.5829277634620667, -0.9825697541236877, -0.8602494597434998, -0.8462674021720886, -0.7524018883705139], [-0.14717988669872284, 0.1158486008644104, 0.42632153630256653, -0.010375120677053928, 0.9998869299888611, 0.010885939002037048, -0.997871458530426, -0.1467466652393341, 0.6023004055023193, 0.42803552746772766, -1.0000015497207642, -1.0000072717666626, -0.9999818801879883, -0.6000000238418579, -0.060211896896362305, -0.9728232026100159, -0.7398419976234436, -0.7542166709899902, -0.9917680621147156, -0.9214710593223572, -0.9993625283241272, -0.190024733543396, 0.2726711630821228, -0.7534694075584412, -0.49565035104751587, -0.5829277634620667, -0.9825697541236877, -0.8602494597434998, -0.8462674021720886, -0.7524018883705139], [-0.1238839328289032, 0.6219654083251953, 0.4343101978302002, -0.8014076352119446, -0.008492404595017433, -0.59805828332901, -0.9977184534072876, 0.2492813616991043, 0.6217990517616272, 0.1646590530872345, -1.0000231266021729, -0.9999588131904602, -1.000006914138794, -0.6000000238418579, -0.0026779212057590485, -0.9731630086898804, -0.7339330315589905, -1.0, -0.9920319318771362, -1.0, -0.9995042681694031, -0.07921120524406433, 0.025827260687947273, -0.7534694075584412, -0.49565035104751587, -0.5829277634620667, -0.9825697541236877, -0.8602494597434998, -0.8462674021720886, -0.7524018883705139], [0.25830933451652527, 0.6335088014602661, 0.1298670917749405, 0.6015123724937439, 0.005308077204972506, -0.7988458871841431, -0.9993636012077332, 0.5641810894012451, 0.6263877153396606, -0.08787050098180771, -0.999991238117218, -1.000006079673767, -0.9999857544898987, -0.6000000238418579, -0.0010687203612178564, -0.9698615074157715, -0.7438182830810547, -0.9563020467758179, -0.992424488067627, -1.0, -0.9994367957115173, -0.0894579365849495, 0.04466494917869568, -0.7534694075584412, -0.49565035104751587, -0.5829277634620667, -0.9825697541236877, -0.8602494597434998, -0.8462674021720886, -0.7524018883705139], [0.6900948882102966, 0.6704145669937134, -0.18779490888118744, -0.012103307992219925, 0.9998798966407776, 0.009680804796516895, -0.9954971671104431, 0.20162248611450195, 0.7212145924568176, -0.45812246203422546, -0.9996927380561829, -0.9997318983078003, -1.0003132820129395, -0.6000000238418579, 0.12535077333450317, -0.9725509285926819, -0.7532589435577393, -0.9379218220710754, -0.9923444390296936, -1.0, -0.9994520545005798, -0.09471070021390915, 0.2625320255756378, -0.7534694075584412, -0.49565035104751587, -0.5829277634620667, -0.9825697541236877, -0.8602494597434998, -0.8462674021720886, -0.7524018883705139], [-0.3133224546909332, 0.6641260385513306, -0.7246126532554626, -0.025728745386004448, 0.9995455741882324, 0.01570630446076393, -0.9990419149398804, -0.23668286204338074, 0.6610348224639893, -0.7135847210884094, -0.9999882578849792, -1.0000165700912476, -0.9999621510505676, -0.6000000238418579, -0.0630769208073616, -0.9722763895988464, -0.7616211771965027, -0.9396046996116638, -0.993276059627533, -0.9001726508140564, -0.9993954300880432, -0.07213559746742249, 0.20670868456363678, -0.7534694075584412, -0.49565035104751587, -0.5829277634620667, -0.9825697541236877, -0.8602494597434998, -0.8462674021720886, -0.7524018883705139], [0.46144095063209534, 0.6623443365097046, -0.7321975231170654, -0.9999620318412781, -0.008707404136657715, 0.0003391282807569951, -0.9970595240592957, 0.20852328836917877, 0.6778372526168823, -0.8157064318656921, -0.9999963045120239, -0.9998635053634644, -0.9999181032180786, -1.0, -0.0001511836308054626, -0.9703208804130554, -0.736417293548584, -0.946497917175293, -0.9919705986976624, -1.0, -0.9994366765022278, -0.018080545589327812, 0.017061278223991394, -0.7534694075584412, -0.49565035104751587, -0.5829277634620667, -0.9825697541236877, -0.8602494597434998, -0.8462674021720886, -0.7524018883705139]], "general_static": {"gains_and_scale_normalized": [-0.7534693997211571, -0.4956503451035633, -0.5829277578154519], "mass_normalized": [-0.9825697448618341], "robot_dimensions_normalized": [-0.8602494534065136, -0.846267381076631, -0.7524018748513058], "trunk_attributes_normalized": [-0.987534967058591, -0.08998849061360104, -0.09714729915675446, 0.8342020351881412, -1.000710141635645, -0.9988089269985551, -0.999577198238456]},