{"n_joints": 12, "joint_descriptions": [[-0.18244637548923492, -0.21243496239185333, 0.43472301959991455, 0.002240175614133477, -0.9999729990959167, -0.006997336633503437, -0.9984856247901917, -0.18361398577690125, -0.6677398085594177, 0.43455982208251953, -0.9999985694885254, -1.0000028610229492, -0.9999894499778748, -0.6000000238418579, 0.06196289882063866, -0.9762794375419617, -0.797897219657898, -0.8116114735603333, -0.9930822253227234, -1.0, -0.9994964003562927, -0.26541468501091003, 0.19030818343162537, -0.7777873277664185, -0.5354369282722473, -0.6426859498023987, -0.9874054789543152, -0.8717929124832153, -0.8736518025398254, -0.7507005929946899], [-0.18051287531852722, -0.6739221811294556, 0.44018176198005676, -0.7939099073410034, 0.0012745754793286324, -0.608034074306488, -0.9984052181243896, 0.22293300926685333, -0.675180196762085, 0.15808044373989105, -1.0000131130218506, -0.9999762177467346, -0.9999969601631165, -0.6000000238418579, -0.0009006952750496566, -0.974564254283905, -0.7829645276069641, -0.8891278505325317, -0.9932736754417419, -1.0, -0.9994853734970093, -0.0168340802192688, 0.07803770154714584, -0.7777873277664185, -0.5354369282722473, -0.6426859498023987, -0.9874054789543152, -0.8717929124832153, -0.8736518025398254, -0.7507005929946899], [0.2730659544467926, -0.6782549023628235, 0.133577361702919, 0.608779788017273, 0.006513591855764389, -0.7933124899864197, -0.999548077583313, 0.5782039761543274, -0.6641860008239746, -0.07685279846191406, -0.9999946355819702, -1.0000051259994507, -0.9999926686286926, -0.6000000238418579, -0.0006590294069610536, -0.9747621417045593, -0.7852024435997009, -0.9529222846031189, -0.9929994940757751, -1.0, -0.9994702935218811, -0.04756506532430649, 0.09517543017864227, -0.7777873277664185, -0.5354369282722473, -0.6426859498023987, -0.9874054789543152, -0.8717929124832153, -0.8736518025398254, -0.7507005929946899], [0.7229275703430176, -0.6739170551300049, -0.1825346201658249, 0.007079453207552433, -0.9999603033065796, 0.005410937126725912, -0.996595025062561, 0.18327732384204865, -0.6871070861816406, -0.46155261993408203, -0.999811589717865, -0.999914824962616, -1.000169277191162, -0.6000000238418579, -0.12280134111642838, -0.9741672873497009, -0.7800861597061157, -0.9268028736114502, -0.9933891892433167, -1.0, -0.9995076060295105, -0.2543817162513733, 0.09961573034524918, -0.7777873277664185, -0.5354369282722473, -0.6426859498023987, -0.9874054789543152, -0.8717929124832153, -0.8736518025398254, -0.7507005929946899], [-0.3533940315246582, -0.6599657535552979, -0.7311373353004456, -0.0008445496205240488, -0.9999917149543762, 0.003988352604210377, -0.9992838501930237, -0.2938408851623535, -0.6103242635726929, -0.7312819361686707, -0.9999890923500061, -1.0000052452087402, -0.9999784231185913, -0.6000000238418579, 0.060777127742767334, -0.9754722714424133, -0.7767065167427063, -0.9534230828285217, -0.9931932091712952, -1.0, -0.9994840621948242, -0.20234531164169312, 0.07701288163661957, -0.7777873277664185, -0.5354369282722473, -0.6426859498023987, -0.9874054789543152, -0.8717929124832153, -0.8736518025398254, -0.7507005929946899], [0.42137211561203003, -0.6413341164588928, -0.7273237109184265, -0.9999828338623047, -0.005842112936079502, -0.0003868844942189753, -0.9978988766670227, 0.19506900012493134, -0.6319754719734192, -0.8067139983177185, -0.9999803900718689, -0.9999215006828308, -0.9999703168869019, -1.0, -0.0008249779930338264, -0.9756297469139099, -0.7943285703659058, -0.8745710253715515, -0.9930338263511658, -1.0, -0.9995075464248657, -0.022863585501909256, 0.02162977308034897, -0.7777873277664185, -0.5354369282722473, -0.6426859498023987, -0.9874054789543152, -0.8717929124832153, -0.8736518025398254, -0.7507005929946899], [-0.17038653790950775, 0.16860851645469666, 0.4301774501800537, -0.008742483332753181, 0.9999615550041199, -0.0006334941717796028, -0.99838787317276, -0.15243132412433624, 0.5963537693023682, 0.4362194836139679, -0.9999980926513672, -1.0000016689300537, -0.9999871253967285, -0.6000000238418579, -0.06145916134119034, -0.9755043983459473, -0.7860761880874634, -0.8621549606323242, -0.9935265779495239, -1.0, -0.9995188117027283, -0.19493743777275085, 0.27126559615135193, -0.7777873277664185, -0.5354369282722473, -0.6426859498023987, -0.9874054789543152, -0.8717929124832153, -0.8736518025398254, -0.7507005929946899], [-0.17846879363059998, 0.6255821585655212, 0.43093061447143555, -0.7945656180381775, 0.006086322478950024, -0.6071478128433228, -0.9984089136123657, 0.205552875995636, 0.6392809748649597, 0.15462146699428558, -1.0000131130218506, -0.9999765157699585, -0.9999975562095642, -0.6000000238418579, 0.0005831183516420424, -0.9757133722305298, -0.7983770370483398, -0.937282383441925, -0.9929913282394409, -1.0, -0.9994714260101318, -0.0784883201122284, 0.015263098292052746, -0.7777873277664185, -0.5354369282722473, -0.6426859498023987, -0.9874054789543152, -0.8717929124832153, -0.8736518025398254, -0.7507005929946899], [0.2875216603279114, 0.6262751221656799, 0.11925864219665527, 0.6041515469551086, -0.0008371364674530923, -0.7968689799308777, -0.9995425343513489, 0.5945588946342468, 0.608974039554596, -0.08055301010608673, -0.9999940395355225, -1.0000054836273193, -0.9999932050704956, -0.6000000238418579, -0.00029383739456534386, -0.9762579798698425, -0.7859190702438354, -1.0, -0.9929968118667603, -1.0, -0.9994896650314331, -0.09623486548662186, 0.044351864606142044, -0.7777873277664185, -0.5354369282722473, -0.6426859498023987, -0.9874054789543152, -0.8717929124832153, -0.8736518025398254, -0.7507005929946899], [0.7288610935211182, 0.6188812851905823, -0.1947917491197586, 0.005031063687056303, 0.9999721050262451, -0.005522049963474274, -0.9966915249824524, 0.1836462765932083, 0.6357542872428894, -0.46553730964660645, -0.9998185634613037, -0.9999210238456726, -1.0001652240753174, -0.6000000238418579, 0.12291743606328964, -0.9753795862197876, -0.7766369581222534, -0.9172514081001282, -0.9930148124694824, -1.0, -0.9995023012161255, -0.10147116333246231, 0.25202417373657227, -0.7777873277664185, -0.5354369282722473, -0.6426859498023987, -0.9874054789543152, -0.8717929124832153, -0.8736518025398254, -0.7507005929946899], [-0.3418898284435272, 0.6272909641265869, -0.7352445125579834, 0.0038895532488822937, 0.9999868273735046, -0.0033503149170428514, -0.9992800951004028, -0.29535433650016785, 0.6192983388900757, -0.7354407906532288, -0.9999884963035583, -1.0000051259994507, -0.999978244304657, -0.6000000238418579, -0.05959082394838333, -0.9751167297363281, -0.781553328037262, -0.9918646216392517, -0.9930344820022583, -1.0, -0.9994823932647705, -0.07980037480592728, 0.19839130342006683, -0.7777873277664185, -0.5354369282722473, -0.6426859498023987, -0.9874054789543152, -0.8717929124832153, -0.8736518025398254, -0.7507005929946899], [0.4334636628627777, 0.6252430081367493, -0.7396812438964844, -0.9999105930328369, 0.0035890243016183376, 0.012879147194325924, -0.9978716969490051, 0.16986654698848724, 0.6038268208503723, -0.8120949268341064, -0.9999805092811584, -0.999919593334198, -0.999970555305481, -1.0, -4.396929944050498e-05, -0.9762597680091858, -0.7891364097595215, -0.8711587190628052, -0.9928945899009705, -1.0, -0.9994782209396362, -0.022539949044585228, 0.025787869468331337, -0.7777873277664185, -0.5354369282722473, -0.6426859498023987, -0.9874054789543152, -0.8717929124832153, -0.8736518025398254, -0.7507005929946899]], "general_static": {"gains_and_scale_normalized": [-0.7777873529880208, -0.5354369285049144, -0.6426859303102397], "mass_normalized": [-0.9874055010208098], "robot_dimensions_normalized": [-0.871792890070635, -0.8736518185835751, -0.7507006065391554], "trunk_attributes_normalized": [-0.9912630797480503, -0.1664506348047725, -0.032311545419988486, 0.835699731095636, -1.0002200990315842, -0.9993095412901011, -0.9996043091728503]},