{"n_joints": 12, "joint_descriptions": [[-0.15080736577510834, -0.1721809208393097, 0.4200146496295929, -0.010335135273635387, -0.9999401569366455, -0.0035883947275578976, -0.9982646107673645, -0.16353186964988708, -0.6408162117004395, 0.41733694076538086, -1.000001311302185, -1.0000050067901611, -0.9999883770942688, -0.6000000238418579, 0.061370253562927246, -0.9730575084686279, -0.7920620441436768, -0.7649913430213928, -0.992730975151062, -0.9834335446357727, -0.9994677901268005, -0.26157355308532715, 0.19998705387115479, -0.7742828130722046, -0.4991984963417053, -0.600479781627655, -0.9855176210403442, -0.8696580529212952, -0.8510110378265381, -0.7621936202049255], [-0.16633786261081696, -0.6256353855133057, 0.4075961410999298, -0.7887974381446838, -0.009611355140805244, -0.6145780682563782, -0.9981997609138489, 0.21125410497188568, -0.6353788375854492, 0.12620821595191956, -1.0000149011611938, -0.9999681711196899, -1.000003457069397, -0.6000000238418579, 0.0012698642676696181, -0.9718247056007385, -0.7487800121307373, -1.0, -0.9924424290657043, -1.0, -0.9995440244674683, -0.022060483694076538, 0.08500085771083832, -0.7742828130722046, -0.4991984963417053, -0.600479781627655, -0.9855176210403442, -0.8696580529212952, -0.8510110378265381, -0.7621936202049255], [0.25421538949012756, -0.649666965007782, 0.10865608602762222, 0.609977126121521, -0.026508543640375137, -0.7919754981994629, -0.9994446039199829, 0.5585408806800842, -0.6450324058532715, -0.09316942095756531, -0.9999933838844299, -1.000003457069397, -0.9999890923500061, -0.6000000238418579, -0.0019280872074887156, -0.9749910235404968, -0.7502163648605347, -0.9928813576698303, -0.9927476048469543, -1.0, -0.9995097517967224, -0.038168665021657944, 0.09889327734708786, -0.7742828130722046, -0.4991984963417053, -0.600479781627655, -0.9855176210403442, -0.8696580529212952, -0.8510110378265381, -0.7621936202049255], [0.6800791621208191, -0.6671264171600342, -0.21822227537631989, -0.0004156290669925511, -0.9998712539672852, 0.01603945903480053, -0.9961494207382202, 0.16542360186576843, -0.6825214624404907, -0.502017617225647, -0.9997584819793701, -0.9998458623886108, -1.0002490282058716, -0.6000000238418579, -0.12444602698087692, -0.9722185730934143, -0.7621841430664062, -0.88459312915802, -0.9921671152114868, -1.0, -0.9994441866874695, -0.25175121426582336, 0.09959124028682709, -0.7742828130722046, -0.4991984963417053, -0.600479781627655, -0.9855176210403442, -0.8696580529212952, -0.8510110378265381, -0.7621936202049255], [-0.3319297134876251, -0.7012597322463989, -0.7415248155593872, 0.012077901512384415, -0.9995002150535583, 0.02921370416879654, -0.9991796612739563, -0.30006176233291626, -0.6565120816230774, -0.7471858859062195, -0.9999908804893494, -1.0000094175338745, -0.9999704957008362, -0.6000000238418579, 0.060973528772592545, -0.9740143418312073, -0.7704777717590332, -0.8493708968162537, -0.9936783313751221, -0.9331345558166504, -0.9995435476303101, -0.19644783437252045, 0.07762152701616287, -0.7742828130722046, -0.4991984963417053, -0.600479781627655, -0.9855176210403442, -0.8696580529212952, -0.8510110378265381, -0.7621936202049255], [0.4867391884326935, -0.6524491906166077, -0.7327865362167358, -0.9996492862701416, -0.02065690979361534, 0.01657186821103096, -0.9976388216018677, 0.24952849745750427, -0.6756598353385925, -0.7957654595375061, -0.9999919533729553, -0.9998885989189148, -0.9999479055404663, -1.0, -0.0009542818297632039, -0.9745014309883118, -0.7863555550575256, -0.8082850575447083, -0.9929477572441101, -1.0, -0.9994438886642456, -0.023297514766454697, 0.026579275727272034, -0.7742828130722046, -0.4991984963417053, -0.600479781627655, -0.9855176210403442, -0.8696580529212952, -0.8510110378265381, -0.7621936202049255], [-0.13508790731430054, 0.16437934339046478, 0.4308447241783142, 0.004140627104789019, 0.9999846816062927, 0.003680993802845478, -0.9982233643531799, -0.10530858486890793, 0.5833771228790283, 0.440402090549469, -1.000001311302185, -1.000004529953003, -0.999985933303833, -0.6000000238418579, -0.06181412935256958, -0.9742117524147034, -0.7857829928398132, -0.939116895198822, -0.9935926795005798, -1.0, -0.9994295835494995, -0.19979269802570343, 0.26603052020072937, -0.7742828130722046, -0.4991984963417053, -0.600479781627655, -0.9855176210403442, -0.8696580529212952, -0.8510110378265381, -0.7621936202049255], [-0.10738064348697662, 0.6278218626976013, 0.43905168771743774, -0.7934014797210693, 0.00700765335932374, -0.6086583733558655, -0.9981494545936584, 0.2568303346633911, 0.6506436467170715, 0.16557644307613373, -1.0000157356262207, -0.9999684691429138, -1.0000029802322388, -0.6000000238418579, -0.0010232446948066354, -0.9770410656929016, -0.7865055203437805, -1.0, -0.9916675090789795, -1.0, -0.9995290040969849, -0.07360007613897324, 0.021806590259075165, -0.7742828130722046, -0.4991984963417053, -0.600479781627655, -0.9855176210403442, -0.8696580529212952, -0.8510110378265381, -0.7621936202049255], [0.3151467740535736, 0.6498966813087463, 0.11954899877309799, 0.6063157320022583, 0.0077316295355558395, -0.795186460018158, -0.9994908571243286, 0.5892781615257263, 0.6397776007652283, -0.08437683433294296, -0.9999929666519165, -1.000004768371582, -0.9999898076057434, -0.6000000238418579, 0.00028798196581192315, -0.973288357257843, -0.7745783925056458, -1.0, -0.9925623536109924, -1.0, -0.9994929432868958, -0.10002002865076065, 0.04940912500023842, -0.7742828130722046, -0.4991984963417053, -0.600479781627655, -0.9855176210403442, -0.8696580529212952, -0.8510110378265381, -0.7621936202049255], [0.7224970459938049, 0.6752557754516602, -0.19901587069034576, 0.0030317730270326138, 0.9999786019325256, -0.00579685065895319, -0.9961546659469604, 0.2305978387594223, 0.7217516899108887, -0.4838489592075348, -0.9997434020042419, -0.9998356699943542, -1.0002350807189941, -0.6000000238418579, 0.12379942089319229, -0.9742045402526855, -0.7662133574485779, -0.9627390503883362, -0.992875337600708, -1.0, -0.9995462894439697, -0.09177354723215103, 0.2567114531993866, -0.7742828130722046, -0.4991984963417053, -0.600479781627655, -0.9855176210403442, -0.8696580529212952, -0.8510110378265381, -0.7621936202049255], [-0.2777247130870819, 0.7010571956634521, -0.7289294004440308, 0.006101000588387251, 0.9999606609344482, 0.00643787020817399, -0.9991695284843445, -0.22688080370426178, 0.6977800130844116, -0.7318755388259888, -0.9999904036521912, -1.000010371208191, -0.9999709129333496, -0.6000000238418579, -0.06003205478191376, -0.9753135442733765, -0.773930013179779, -1.0, -0.9926661849021912, -1.0, -0.999497652053833, -0.07020246982574463, 0.20822425186634064, -0.7742828130722046, -0.4991984963417053, -0.600479781627655, -0.9855176210403442, -0.8696580529212952, -0.8510110378265381, -0.7621936202049255], [0.5237783193588257, 0.7027134895324707, -0.7365332841873169, -0.9998788237571716, 0.009010540321469307, 0.01269555278122425, -0.9974755048751831, 0.2353057712316513, 0.6880432963371277, -0.8011766076087952, -0.9999911189079285, -0.9998959898948669, -0.999946117401123, -1.0, -0.001903356285765767, -0.9722191691398621, -0.7632404565811157, -0.796938955783844, -0.993168294429779, -0.9002009630203247, -0.9993999004364014, -0.025912698358297348, 0.016135603189468384, -0.7742828130722046, -0.4991984963417053, -0.600479781627655, -0.9855176210403442, -0.8696580529212952, -0.8510110378265381, -0.7621936202049255]], "general_static": {"gains_and_scale_normalized": [-0.7742828040594039, -0.49919851024583917, -0.6004797618445707], "mass_normalized": [-0.9855176372552005], "robot_dimensions_normalized": [-0.8696580586908769, -0.8510110333759754, -0.7621935939132476], "trunk_attributes_normalized": [-0.9898744389621038, -0.12654874912757896, 0.009083242266409775, 0.8351530771279241, -1.0004667262969333, -0.9990212286588523, -0.9997087260823851]},