{"n_joints": 12, "joint_descriptions": [[-0.11560269445180893, -0.21510420739650726, 0.4159146547317505, -0.005352767184376717, -0.9999728202819824, 0.005074967630207539, -0.9980636239051819, -0.11396995931863785, -0.7094979882240295, 0.419297456741333, -1.0000029802322388, -1.000007152557373, -0.9999862313270569, -0.6000000238418579, 0.06061963737010956, -0.9705941677093506, -0.7646488547325134, -0.8648627996444702, -0.9925121068954468, -1.0, -0.9994574785232544, -0.26702409982681274, 0.20032371580600739, -0.7645434141159058, -0.49651700258255005, -0.5856730341911316, -0.9837871789932251, -0.8676238059997559, -0.8461064696311951, -0.7634291052818298], [-0.1252571940422058, -0.6864932775497437, 0.3995668888092041, -0.8076213598251343, -0.00167153833899647, -0.5896990299224854, -0.9980464577674866, 0.22292736172676086, -0.6993979215621948, 0.12536437809467316, -1.0000180006027222, -0.9999605417251587, -1.0000067949295044, -0.6000000238418579, 0.0017474842024967074, -0.9722987413406372, -0.7401688098907471, -1.0, -0.991582453250885, -0.9819681644439697, -0.9995183348655701, -0.019414350390434265, 0.08106508105993271, -0.7645434141159058, -0.49651700258255005, -0.5856730341911316, -0.9837871789932251, -0.8676238059997559, -0.8461064696311951, -0.7634291052818298], [0.2778569459915161, -0.6931485533714294, 0.09831385314464569, 0.6094709634780884, -0.016376713290810585, -0.7926391959190369, -0.9993690252304077, 0.585681676864624, -0.7061240077018738, -0.10441289842128754, -0.999991774559021, -1.000003457069397, -0.99998539686203, -0.6000000238418579, 0.00026497759972698987, -0.9756367802619934, -0.7418931722640991, -0.9931036829948425, -0.9922950267791748, -0.9237353205680847, -0.9995255470275879, -0.03888694941997528, 0.09302830696105957, -0.7645434141159058, -0.49651700258255005, -0.5856730341911316, -0.9837871789932251, -0.8676238059997559, -0.8461064696311951, -0.7634291052818298], [0.7020949721336365, -0.7307655811309814, -0.21986611187458038, -0.012149039655923843, -0.9998590350151062, 0.01158914901316166, -0.9957269430160522, 0.19041600823402405, -0.7205968499183655, -0.4857511520385742, -0.9996912479400635, -0.9997804164886475, -1.0003105401992798, -0.6000000238418579, -0.12506788969039917, -0.9731676578521729, -0.7642903327941895, -0.9533265829086304, -0.9915077090263367, -1.0, -0.9994539618492126, -0.2512688934803009, 0.10003271698951721, -0.7645434141159058, -0.49651700258255005, -0.5856730341911316, -0.9837871789932251, -0.8676238059997559, -0.8461064696311951, -0.7634291052818298], [-0.2990202009677887, -0.7488307356834412, -0.7348963618278503, -0.01799791306257248, -0.9998341202735901, -0.002791632665321231, -0.9990552663803101, -0.27381759881973267, -0.725287675857544, -0.7302950620651245, -0.9999909996986389, -1.0000145435333252, -0.9999621510505676, -0.6000000238418579, 0.06235300377011299, -0.9747958779335022, -0.7544127106666565, -0.7901713252067566, -0.993066132068634, -0.9125519394874573, -0.9995196461677551, -0.1916542798280716, 0.07631807029247284, -0.7645434141159058, -0.49651700258255005, -0.5856730341911316, -0.9837871789932251, -0.8676238059997559, -0.8461064696311951, -0.7634291052818298], [0.532920241355896, -0.7095776796340942, -0.7349914312362671, -0.9997290372848511, 0.015594875440001488, 0.017280254513025284, -0.9973458647727966, 0.26112380623817444, -0.7290772199630737, -0.8023832440376282, -0.9999950528144836, -0.9998559951782227, -0.9999316930770874, -1.0, 0.0006447467603720725, -0.971659243106842, -0.7568932175636292, -0.9155609011650085, -0.9919993877410889, -1.0, -0.9994511604309082, -0.022331824526190758, 0.023665500804781914, -0.7645434141159058, -0.49651700258255005, -0.5856730341911316, -0.9837871789932251, -0.8676238059997559, -0.8461064696311951, -0.7634291052818298], [-0.12499378621578217, 0.1439182460308075, 0.42827677726745605, 0.004753702785819769, 0.9999886751174927, -0.00015747651923447847, -0.9980431199073792, -0.11396487057209015, 0.6022623777389526, 0.4339710474014282, -1.0000033378601074, -1.0000063180923462, -0.9999833703041077, -0.6000000238418579, -0.06094088405370712, -0.97352135181427, -0.7606315612792969, -0.8255504965782166, -0.992582380771637, -0.9836888909339905, -0.9993756413459778, -0.19472096860408783, 0.2693147361278534, -0.7645434141159058, -0.49651700258255005, -0.5856730341911316, -0.9837871789932251, -0.8676238059997559, -0.8461064696311951, -0.7634291052818298], [-0.0932745561003685, 0.6359554529190063, 0.4344876706600189, -0.7921199798583984, -0.005118326283991337, -0.6103439927101135, -0.9978863000869751, 0.2789049446582794, 0.6465400457382202, 0.16286949813365936, -1.0000205039978027, -0.9999603629112244, -1.0000079870224, -0.6000000238418579, -0.002281193621456623, -0.9751080870628357, -0.7564258575439453, -1.0, -0.9917234778404236, -1.0, -0.9995284080505371, -0.07599803805351257, 0.02588040754199028, -0.7645434141159058, -0.49651700258255005, -0.5856730341911316, -0.9837871789932251, -0.8676238059997559, -0.8461064696311951, -0.7634291052818298], [0.2994318902492523, 0.654269814491272, 0.12206628918647766, 0.6069620847702026, 0.008800208568572998, -0.7946820259094238, -0.9994163513183594, 0.5895001292228699, 0.6450327038764954, -0.09033819288015366, -0.999990701675415, -1.0000044107437134, -0.999986469745636, -0.6000000238418579, -0.0008183460449799895, -0.9707686901092529, -0.7531532049179077, -1.0, -0.9923301339149475, -1.0, -0.9994727373123169, -0.0943572074174881, 0.04784020408987999, -0.7645434141159058, -0.49651700258255005, -0.5856730341911316, -0.9837871789932251, -0.8676238059997559, -0.8461064696311951, -0.7634291052818298], [0.7200905084609985, 0.6904371380805969, -0.19773298501968384, -0.010032927617430687, 0.9998595118522644, 0.013427598401904106, -0.9957777857780457, 0.2302979677915573, 0.7397851943969727, -0.47725924849510193, -0.9996922612190247, -0.9997557401657104, -1.0003092288970947, -0.6000000238418579, 0.12492705881595612, -0.9736500978469849, -0.7546527981758118, -0.9712436199188232, -0.9923829436302185, -1.0, -0.9995005130767822, -0.09210191667079926, 0.2616286873817444, -0.7645434141159058, -0.49651700258255005, -0.5856730341911316, -0.9837871789932251, -0.8676238059997559, -0.8461064696311951, -0.7634291052818298], [-0.2776084542274475, 0.6861039400100708, -0.7294301390647888, -0.014207444153726101, 0.9996352791786194, 0.022967133671045303, -0.9990949034690857, -0.20477555692195892, 0.6877294778823853, -0.722253143787384, -0.9999908208847046, -1.000015139579773, -0.9999625086784363, -0.6000000238418579, -0.06205816566944122, -0.9738878607749939, -0.7630971074104309, -0.9922585487365723, -0.9931336641311646, -0.931100606918335, -0.9994380474090576, -0.06981056928634644, 0.20880302786827087, -0.7645434141159058, -0.49651700258255005, -0.5856730341911316, -0.9837871789932251, -0.8676238059997559, -0.8461064696311951, -0.7634291052818298], [0.5388611555099487, 0.6856284737586975, -0.738612174987793, -0.999954342842102, -0.002972802147269249, 0.009081859141588211, -0.9972025752067566, 0.2582925856113434, 0.68674236536026, -0.8128748536109924, -0.9999996423721313, -0.9998666644096375, -0.9999260902404785, -1.0, -0.001121235080063343, -0.9705659747123718, -0.7431735992431641, -0.8730226159095764, -0.9925704002380371, -0.9735428690910339, -0.999412477016449, -0.02084732986986637, 0.015149633400142193, -0.7645434141159058, -0.49651700258255005, -0.5856730341911316, -0.9837871789932251, -0.8676238059997559, -0.8461064696311951, -0.7634291052818298]], "general_static": {"gains_and_scale_normalized": [-0.7645434229253906, -0.496517014539101, -0.5856730099775331], "mass_normalized": [-0.9837872075759848], "robot_dimensions_normalized": [-0.8676238302323457, -0.8461064566321166, -0.7634291130219306], "trunk_attributes_normalized": [-0.9884929416086794, -0.08029380244637696, -0.04194783903921906, 0.8365459489968445, -1.0006643828747896, -0.9987856355743214, -0.9997186721438128]},