{"n_joints": 12, "joint_descriptions": [[-0.2657001316547394, -0.2546238899230957, 0.4370534420013428, 0.02132127247750759, -0.9997510313987732, 0.006582705769687891, -0.9980162978172302, -0.2176074981689453, -0.6710430979728699, 0.4655737280845642, -0.9999496340751648, -1.0000054836273193, -0.9999596476554871, -0.6000000238418579, 0.06608163565397263, -0.9727168679237366, -0.7489137053489685, -0.6209256649017334, -0.9923241138458252, -0.5482822060585022, -0.9995733499526978, -0.2685842216014862, 0.1908714324235916, -0.7405064702033997, -0.4202412962913513, -0.47335994243621826, -0.9820497035980225, -0.817624568939209, -0.8527128100395203, -0.5985167622566223], [-0.25911274552345276, -0.6888589262962341, 0.4353524446487427, -0.777474582195282, 0.004569429904222488, -0.6288977861404419, -0.9976414442062378, 0.17389705777168274, -0.6578755974769592, 0.13677264750003815, -1.000098705291748, -0.999998152256012, -0.9999348521232605, -0.6000000238418579, -0.001828628359362483, -0.9716859459877014, -0.7587167024612427, -0.6797968149185181, -0.9886806607246399, -1.0, -0.9993730783462524, 0.002228939440101385, 0.06778259575366974, -0.7405064702033997, -0.4202412962913513, -0.47335994243621826, -0.9820497035980225, -0.817624568939209, -0.8527128100395203, -0.5985167622566223], [0.2565940320491791, -0.6666309237480164, 0.13907159864902496, 0.6313235759735107, 0.04288847744464874, -0.7743327021598816, -0.9993219971656799, 0.5652451515197754, -0.6743859052658081, -0.055127330124378204, -1.000007152557373, -1.0000535249710083, -0.999991238117218, -0.6000000238418579, 0.0012580192415043712, -0.972337007522583, -0.731038510799408, -1.0, -0.9890678524971008, -0.5464374423027039, -0.9994795918464661, -0.04484818875789642, 0.07800627499818802, -0.7405064702033997, -0.4202412962913513, -0.47335994243621826, -0.9820497035980225, -0.817624568939209, -0.8527128100395203, -0.5985167622566223], [0.7761380076408386, -0.7395013570785522, -0.16045163571834564, 0.001782599720172584, -0.9999544024467468, -0.009381390176713467, -0.9960341453552246, 0.16439193487167358, -0.7386151552200317, -0.4173631966114044, -0.9998691082000732, -0.9998682737350464, -0.9999092221260071, -0.6000000238418579, -0.12212330847978592, -0.973298966884613, -0.7471072673797607, -0.5877490639686584, -0.9965063333511353, -1.0, -0.9997133612632751, -0.25905346870422363, 0.12249401956796646, -0.7405064702033997, -0.4202412962913513, -0.47335994243621826, -0.9820497035980225, -0.817624568939209, -0.8527128100395203, -0.5985167622566223], [-0.4098307490348816, -0.7187642455101013, -0.7310876250267029, 0.04437601938843727, -0.9982023239135742, -0.040285151451826096, -0.9987897872924805, -0.347659170627594, -0.6026325821876526, -0.7287576794624329, -0.999883234500885, -1.0000112056732178, -0.9999955892562866, -0.6000000238418579, 0.06186089292168617, -0.9711074233055115, -0.795979380607605, -0.9098172187805176, -0.9927104115486145, -0.5640017986297607, -0.9992879033088684, -0.17971624433994293, 0.05878129228949547, -0.7405064702033997, -0.4202412962913513, -0.47335994243621826, -0.9820497035980225, -0.817624568939209, -0.8527128100395203, -0.5985167622566223], [-0.06975104659795761, -0.6713722944259644, -0.7210376858711243, -0.9978588819503784, 0.060401495546102524, -0.025085503235459328, -0.9971292018890381, -0.20391152799129486, -0.6583032608032227, -0.8009828329086304, -0.9997833967208862, -0.9999936819076538, -0.9998946189880371, -1.0, -0.006205807439982891, -0.9732347726821899, -0.7521286606788635, -0.7650995850563049, -0.9915092587471008, -0.9484987854957581, -0.9993826746940613, -0.029098764061927795, 0.04447724297642708, -0.7405064702033997, -0.4202412962913513, -0.47335994243621826, -0.9820497035980225, -0.817624568939209, -0.8527128100395203, -0.5985167622566223], [-0.29781028628349304, 0.089166559278965, 0.42930155992507935, 0.0020092795602977276, 0.9999964237213135, 0.0017804111121222377, -0.997575581073761, -0.3523070514202118, 0.513759970664978, 0.4162718951702118, -0.9999259114265442, -0.9999955892562866, -0.9999457597732544, -0.6000000238418579, -0.057046882808208466, -0.9737813472747803, -0.754470705986023, -0.6835129857063293, -0.9944067597389221, -0.9663885831832886, -0.9994727969169617, -0.2025812864303589, 0.27560633420944214, -0.7405064702033997, -0.4202412962913513, -0.47335994243621826, -0.9820497035980225, -0.817624568939209, -0.8527128100395203, -0.5985167622566223], [-0.22362126410007477, 0.5239296555519104, 0.4315131604671478, -0.8103737235069275, 0.007100813556462526, -0.5858703255653381, -0.9974582195281982, 0.20219510793685913, 0.5017904043197632, 0.159312903881073, -1.0000923871994019, -0.9999862909317017, -0.9999340176582336, -0.6000000238418579, 0.005097368266433477, -0.9690510034561157, -0.7483400702476501, -0.44542160630226135, -0.994418740272522, -1.0, -0.9994980096817017, -0.07622087001800537, 0.021645355969667435, -0.7405064702033997, -0.4202412962913513, -0.47335994243621826, -0.9820497035980225, -0.817624568939209, -0.8527128100395203, -0.5985167622566223], [0.26184403896331787, 0.5102165937423706, 0.11609787493944168, 0.5751976370811462, -0.0218995101749897, -0.8177212476730347, -0.999325156211853, 0.6041643619537354, 0.48840224742889404, -0.1037135124206543, -1.0000016689300537, -1.0000512599945068, -1.0000004768371582, -0.6000000238418579, 0.007539630401879549, -0.9723242521286011, -0.851550817489624, -0.9998131990432739, -0.9907606840133667, -1.0, -0.9994682669639587, -0.09355103969573975, 0.03972828388214111, -0.7405064702033997, -0.4202412962913513, -0.47335994243621826, -0.9820497035980225, -0.817624568939209, -0.8527128100395203, -0.5985167622566223], [0.7659710645675659, 0.5693651437759399, -0.21556374430656433, 0.04311986267566681, 0.9990273714065552, 0.009219388477504253, -0.9952200055122375, 0.16945412755012512, 0.5961757302284241, -0.4761711061000824, -0.9998546838760376, -0.9998775124549866, -0.9999154210090637, -0.6000000238418579, 0.11842108517885208, -0.9826517701148987, -0.7152647972106934, -1.0, -0.9884073138237, -1.0, -0.9996919631958008, -0.10336297005414963, 0.2590002119541168, -0.7405064702033997, -0.4202412962913513, -0.47335994243621826, -0.9820497035980225, -0.817624568939209, -0.8527128100395203, -0.5985167622566223], [-0.3934100866317749, 0.7206423878669739, -0.729030191898346, 0.05834855139255524, 0.9982401728630066, 0.010584759525954723, -0.9988921284675598, -0.36125802993774414, 0.7342010736465454, -0.7235365509986877, -0.9998814463615417, -1.0000168085098267, -0.9999962449073792, -0.6000000238418579, -0.0630769208073616, -0.9715571999549866, -0.7669386863708496, -1.0, -0.9920529723167419, -1.0, -0.9994745254516602, -0.08281552046537399, 0.19969713687896729, -0.7405064702033997, -0.4202412962913513, -0.47335994243621826, -0.9820497035980225, -0.817624568939209, -0.8527128100395203, -0.5985167622566223], [0.058162566274404526, 0.6330485343933105, -0.7355906367301941, -0.9987412691116333, 0.045108307152986526, 0.021934056654572487, -0.9969381093978882, -0.13704845309257507, 0.6144477725028992, -0.8246638774871826, -0.9997544884681702, -0.9999973177909851, -0.9998835325241089, -1.0, 0.005421855021268129, -0.9661880135536194, -0.7501804828643799, -1.0, -0.9913493394851685, -0.8218055963516235, -0.9994157552719116, -0.024330822750926018, 0.02222384512424469, -0.7405064702033997, -0.4202412962913513, -0.47335994243621826, -0.9820497035980225, -0.817624568939209, -0.8527128100395203, -0.5985167622566223]], "general_static": {"gains_and_scale_normalized": [-0.7405064901158465, -0.42024130455501785, -0.47335995517244267], "mass_normalized": [-0.9820496785510537], "robot_dimensions_normalized": [-0.8176245864275686, -0.8527127979466719, -0.5985167559260092], "trunk_attributes_normalized": [-0.9872696322829015, -0.20923125241556884, -0.1322997186912941, 0.8341138444249532, -1.0002517607011379, -0.9998832240242748, -0.9966895051609567]},