{"n_joints": 12, "joint_descriptions": [[-0.1376127004623413, -0.23330280184745789, 0.42656517028808594, 0.0026712713297456503, -0.9999955892562866, -0.0013208722230046988, -0.9984054565429688, -0.15529268980026245, -0.707538366317749, 0.42618557810783386, -1.0000020265579224, -1.0000039339065552, -0.9999887347221375, -0.6000000238418579, 0.06130587309598923, -0.9748271703720093, -0.7810637950897217, -0.8297341465950012, -0.9929608106613159, -1.0, -0.9994738698005676, -0.26924070715904236, 0.18930266797542572, -0.7746456265449524, -0.5157901048660278, -0.6600486636161804, -0.9868670105934143, -0.8730574250221252, -0.8675513863563538, -0.7685568332672119], [-0.1361067146062851, -0.7089864611625671, 0.42280012369155884, -0.7975676655769348, 0.0019523089285939932, -0.6032263040542603, -0.998339056968689, 0.23648515343666077, -0.7042532563209534, 0.16176320612430573, -1.000011682510376, -0.9999685287475586, -1.0000011920928955, -0.6000000238418579, 0.0005141482688486576, -0.9750664830207825, -0.7862716317176819, -0.9825474619865417, -0.9936966300010681, -1.0, -0.999489963054657, -0.022598115727305412, 0.0740855485200882, -0.7746456265449524, -0.5157901048660278, -0.6600486636161804, -0.9868670105934143, -0.8730574250221252, -0.8675513863563538, -0.7685568332672119], [0.28042370080947876, -0.7107036113739014, 0.1203792542219162, 0.60139000415802, -0.002423153957352042, -0.7989519238471985, -0.9995270371437073, 0.5762638449668884, -0.7097392082214355, -0.0918978676199913, -0.999992311000824, -1.0000033378601074, -0.9999902844429016, -0.6000000238418579, -9.65801882557571e-06, -0.9752939343452454, -0.7743178606033325, -1.0, -0.9935526847839355, -1.0, -0.999496579170227, -0.04607765004038811, 0.09140698611736298, -0.7746456265449524, -0.5157901048660278, -0.6600486636161804, -0.9868670105934143, -0.8730574250221252, -0.8675513863563538, -0.7685568332672119], [0.7040608525276184, -0.7102578282356262, -0.18773801624774933, -0.0015749885933473706, -0.9999987483024597, 0.00017449191363994032, -0.9964192509651184, 0.19637064635753632, -0.7261572480201721, -0.4563625752925873, -0.9997633099555969, -0.999884843826294, -1.0002340078353882, -0.6000000238418579, -0.12445825338363647, -0.9751726388931274, -0.7771081924438477, -1.0, -0.992050051689148, -0.9382730722427368, -0.9994269609451294, -0.25478559732437134, 0.09464427083730698, -0.7746456265449524, -0.5157901048660278, -0.6600486636161804, -0.9868670105934143, -0.8730574250221252, -0.8675513863563538, -0.7685568332672119], [-0.31146475672721863, -0.701171875, -0.712441623210907, -0.013488665223121643, -0.9998827576637268, -0.0072456481866538525, -0.999266505241394, -0.2657487988471985, -0.6945209503173828, -0.709380030632019, -0.9999923706054688, -1.0000072717666626, -0.9999706149101257, -0.6000000238418579, 0.061570435762405396, -0.9753352403640747, -0.7655790448188782, -0.9095304608345032, -0.9930562376976013, -1.0, -0.9994967579841614, -0.203340545296669, 0.08027343451976776, -0.7746456265449524, -0.5157901048660278, -0.6600486636161804, -0.9868670105934143, -0.8730574250221252, -0.8675513863563538, -0.7685568332672119], [0.5314623713493347, -0.6751866340637207, -0.7164825797080994, -0.9996851682662964, 0.006949152331799269, 0.02411060221493244, -0.9977819323539734, 0.26295769214630127, -0.6750087738037109, -0.7914192080497742, -0.9999899864196777, -0.99988853931427, -0.999965488910675, -1.0, 0.001957041211426258, -0.9750643372535706, -0.7777674794197083, -0.9668893218040466, -0.9930538535118103, -1.0, -0.9994968175888062, -0.025122569873929024, 0.01899099163711071, -0.7746456265449524, -0.5157901048660278, -0.6600486636161804, -0.9868670105934143, -0.8730574250221252, -0.8675513863563538, -0.7685568332672119], [-0.12432098388671875, 0.1351458579301834, 0.43293917179107666, 0.0019030107650905848, 0.9999982118606567, 8.306681411340833e-05, -0.9983503222465515, -0.09941142797470093, 0.5969510078430176, 0.44315773248672485, -1.000002145767212, -1.0000028610229492, -0.9999863505363464, -0.6000000238418579, -0.06281569600105286, -0.9752178192138672, -0.7755370140075684, -1.0, -0.9926559329032898, -1.0, -0.9995134472846985, -0.192635178565979, 0.26951077580451965, -0.7746456265449524, -0.5157901048660278, -0.6600486636161804, -0.9868670105934143, -0.8730574250221252, -0.8675513863563538, -0.7685568332672119], [-0.14439237117767334, 0.6020895838737488, 0.4306444823741913, -0.7920752167701721, -0.004910383373498917, -0.6104037165641785, -0.9983813762664795, 0.22060264647006989, 0.6036117076873779, 0.1598483771085739, -1.0000121593475342, -0.9999690055847168, -1.0000015497207642, -0.6000000238418579, -0.001734578749164939, -0.9745224714279175, -0.7711867094039917, -1.0, -0.9927185773849487, -0.935949444770813, -0.9995072484016418, -0.07421888411045074, 0.021008439362049103, -0.7746456265449524, -0.5157901048660278, -0.6600486636161804, -0.9868670105934143, -0.8730574250221252, -0.8675513863563538, -0.7685568332672119], [0.2897617220878601, 0.597891628742218, 0.12543706595897675, 0.6140909790992737, 0.009038646705448627, -0.789183497428894, -0.9995203614234924, 0.5897576212882996, 0.587843656539917, -0.08393565565347672, -0.999992311000824, -1.0000038146972656, -0.9999906420707703, -0.6000000238418579, -0.001460638246499002, -0.9752035737037659, -0.7631465196609497, -0.9806777834892273, -0.9928062558174133, -1.0, -0.9994980096817017, -0.09286008030176163, 0.04505481943488121, -0.7746456265449524, -0.5157901048660278, -0.6600486636161804, -0.9868670105934143, -0.8730574250221252, -0.8675513863563538, -0.7685568332672119], [0.7215256094932556, 0.5907779335975647, -0.1760629117488861, -0.014968935400247574, 0.9998870491981506, 0.0013366683851927519, -0.9965282678604126, 0.21906138956546783, 0.6171742677688599, -0.4485771358013153, -0.9997648000717163, -0.9998761415481567, -1.0002297163009644, -0.6000000238418579, 0.12401985377073288, -0.9729160070419312, -0.7683427929878235, -0.9586585164070129, -0.9938050508499146, -0.9544609785079956, -0.9994307160377502, -0.09996933490037918, 0.2553163766860962, -0.7746456265449524, -0.5157901048660278, -0.6600486636161804, -0.9868670105934143, -0.8730574250221252, -0.8675513863563538, -0.7685568332672119], [-0.2898882329463959, 0.5961334705352783, -0.7284840941429138, -0.0166007187217474, 0.9998606443405151, 0.0017591504147276282, -0.9992361664772034, -0.2349846065044403, 0.5957267880439758, -0.730312705039978, -0.9999922513961792, -1.0000070333480835, -0.9999701976776123, -0.6000000238418579, -0.05998881906270981, -0.9750134944915771, -0.7801486849784851, -0.9797148108482361, -0.9929214119911194, -1.0, -0.9995132088661194, -0.07674793899059296, 0.19988763332366943, -0.7746456265449524, -0.5157901048660278, -0.6600486636161804, -0.9868670105934143, -0.8730574250221252, -0.8675513863563538, -0.7685568332672119], [0.5115827322006226, 0.6310511827468872, -0.7320929169654846, -0.9999396800994873, -0.010943461209535599, 0.0009379358380101621, -0.9977977871894836, 0.2682189643383026, 0.6238649487495422, -0.8148947954177856, -0.9999918341636658, -0.9998968839645386, -0.9999643564224243, -1.0, -0.0010840038303285837, -0.9759122133255005, -0.7799181938171387, -0.9460471868515015, -0.9928464889526367, -1.0, -0.9995039701461792, -0.021007969975471497, 0.023697251453995705, -0.7746456265449524, -0.5157901048660278, -0.6600486636161804, -0.9868670105934143, -0.8730574250221252, -0.8675513863563538, -0.7685568332672119]], "general_static": {"gains_and_scale_normalized": [-0.77464560419287, -0.5157900894893215, -0.6600486745820575], "mass_normalized": [-0.9868670078784575], "robot_dimensions_normalized": [-0.87305740833226, -0.867551405553763, -0.7685568605062534], "trunk_attributes_normalized": [-0.9908972395450079, -0.1355661987101091, -0.04603248996290543, 0.837166992835688, -1.0003105816374047, -0.9990736912235731, -0.9997153067924198]},