{"n_joints": 12, "joint_descriptions": [[-0.11864112317562103, -0.23911325633525848, 0.4259294867515564, 5.1495666411938146e-05, -0.9999976754188538, -0.0021623382344841957, -0.9982203245162964, -0.13007621467113495, -0.7273483276367188, 0.4203138053417206, -1.0000020265579224, -1.0000052452087402, -0.9999878406524658, -0.6000000238418579, 0.06077226623892784, -0.973373532295227, -0.7769160270690918, -0.8861473798751831, -0.9928142428398132, -1.0, -0.9994204044342041, -0.26908907294273376, 0.18974199891090393, -0.7739766240119934, -0.5204238891601562, -0.6508596539497375, -0.9857102632522583, -0.8703665733337402, -0.8582661151885986, -0.7688001990318298], [-0.12378895282745361, -0.7217500805854797, 0.42356112599372864, -0.7994357943534851, -0.001547673949971795, -0.6007495522499084, -0.9981856942176819, 0.23687337338924408, -0.7233586311340332, 0.1652776449918747, -1.000014305114746, -0.9999667406082153, -1.0000038146972656, -0.6000000238418579, 0.00017217746062669903, -0.9745622277259827, -0.7759393453598022, -1.0, -0.9938390851020813, -0.93784499168396, -0.9994588494300842, -0.026229092851281166, 0.07798292487859726, -0.7739766240119934, -0.5204238891601562, -0.6508596539497375, -0.9857102632522583, -0.8703665733337402, -0.8582661151885986, -0.7688001990318298], [0.2760452330112457, -0.7272398471832275, 0.11302726715803146, 0.60886549949646, -0.0005594312679022551, -0.7932732701301575, -0.999484658241272, 0.5867445468902588, -0.7172418236732483, -0.10363862663507462, -0.9999924302101135, -1.0000032186508179, -0.9999889135360718, -0.6000000238418579, 2.9053569960524328e-05, -0.9741221070289612, -0.7707973718643188, -0.9667316675186157, -0.9937421083450317, -1.0, -0.9994847774505615, -0.047170184552669525, 0.09629911184310913, -0.7739766240119934, -0.5204238891601562, -0.6508596539497375, -0.9857102632522583, -0.8703665733337402, -0.8582661151885986, -0.7688001990318298], [0.6913346648216248, -0.7238969802856445, -0.20821471512317657, -0.0005981502472423017, -0.9999908804893494, 0.004235127940773964, -0.9960317611694336, 0.19913744926452637, -0.7400455474853516, -0.48509085178375244, -0.9997433423995972, -0.999833345413208, -1.0002540349960327, -0.6000000238418579, -0.12420812249183655, -0.9735493659973145, -0.7695295214653015, -1.0, -0.9917485117912292, -0.8884266018867493, -0.9994043707847595, -0.2553335130214691, 0.0915195643901825, -0.7739766240119934, -0.5204238891601562, -0.6508596539497375, -0.9857102632522583, -0.8703665733337402, -0.8582661151885986, -0.7688001990318298], [-0.30895674228668213, -0.7080658078193665, -0.7330588102340698, 0.003073567757382989, -0.9998968839645386, 0.014025988057255745, -0.9992076754570007, -0.27853459119796753, -0.7012542486190796, -0.7295365929603577, -0.999991774559021, -1.0000101327896118, -0.9999693632125854, -0.6000000238418579, 0.061577633023262024, -0.9754337668418884, -0.7470881342887878, -0.9281547665596008, -0.992450475692749, -1.0, -0.9995210766792297, -0.2071266919374466, 0.08424906432628632, -0.7739766240119934, -0.5204238891601562, -0.6508596539497375, -0.9857102632522583, -0.8703665733337402, -0.8582661151885986, -0.7688001990318298], [0.5378861427307129, -0.6697772145271301, -0.7402053475379944, -0.9996652007102966, -0.0023503729607909918, 0.025767546147108078, -0.9975571632385254, 0.2887808680534363, -0.6708356142044067, -0.8145779371261597, -0.9999935030937195, -0.9998792409896851, -0.9999516010284424, -1.0, 0.0024140484165400267, -0.9734743237495422, -0.7697370648384094, -1.0, -0.9932223558425903, -1.0, -0.9994664788246155, -0.023340344429016113, 0.015407061204314232, -0.7739766240119934, -0.5204238891601562, -0.6508596539497375, -0.9857102632522583, -0.8703665733337402, -0.8582661151885986, -0.7688001990318298], [-0.09104615449905396, 0.14911159873008728, 0.43357282876968384, 0.0016472864663228393, 0.9999775290489197, 0.006501419004052877, -0.9982104897499084, -0.06309303641319275, 0.6157674789428711, 0.44900789856910706, -1.0000022649765015, -1.0000044107437134, -0.9999854564666748, -0.6000000238418579, -0.06362054497003555, -0.9748529195785522, -0.7658397555351257, -1.0, -0.9919624328613281, -1.0, -0.9994755983352661, -0.18822263181209564, 0.27145710587501526, -0.7739766240119934, -0.5204238891601562, -0.6508596539497375, -0.9857102632522583, -0.8703665733337402, -0.8582661151885986, -0.7688001990318298], [-0.12488694489002228, 0.6282181143760681, 0.4349108636379242, -0.7868743538856506, 0.006186043377965689, -0.6170821785926819, -0.9982619881629944, 0.23290948569774628, 0.6370539665222168, 0.16529154777526855, -1.000015377998352, -0.9999677538871765, -1.000003695487976, -0.6000000238418579, -0.0019298448460176587, -0.9750357866287231, -0.7697761058807373, -1.0, -0.9919697642326355, -0.9021144509315491, -0.9994600415229797, -0.07440005987882614, 0.018704988062381744, -0.7739766240119934, -0.5204238891601562, -0.6508596539497375, -0.9857102632522583, -0.8703665733337402, -0.8582661151885986, -0.7688001990318298], [0.2956058084964752, 0.6254555583000183, 0.13241955637931824, 0.6143380999565125, 0.015382365323603153, -0.788892924785614, -0.9994821548461914, 0.5880838632583618, 0.6164231300354004, -0.06981717050075531, -0.9999926090240479, -1.0000040531158447, -0.9999892115592957, -0.6000000238418579, -0.0020904731936752796, -0.9744277000427246, -0.7544600963592529, -0.9930388927459717, -0.9931522607803345, -1.0, -0.9994579553604126, -0.09191962331533432, 0.04848933592438698, -0.7739766240119934, -0.5204238891601562, -0.6508596539497375, -0.9857102632522583, -0.8703665733337402, -0.8582661151885986, -0.7688001990318298], [0.7196059823036194, 0.6092692613601685, -0.1649562418460846, -0.019309045746922493, 0.9998108148574829, 0.002352872397750616, -0.9962603449821472, 0.21606364846229553, 0.6480498909950256, -0.4425926208496094, -0.9997441172599792, -0.999826967716217, -1.000235915184021, -0.6000000238418579, 0.12490261346101761, -0.9719375371932983, -0.7734315395355225, -0.9285224080085754, -0.9937376379966736, -0.9923572540283203, -0.9994019865989685, -0.09702175110578537, 0.2523437738418579, -0.7739766240119934, -0.5204238891601562, -0.6508596539497375, -0.9857102632522583, -0.8703665733337402, -0.8582661151885986, -0.7688001990318298], [-0.2915739417076111, 0.600292980670929, -0.7282790541648865, -0.01714113913476467, 0.9998422861099243, -0.0046420590952038765, -0.9991857409477234, -0.24112388491630554, 0.5874393582344055, -0.7262343168258667, -0.9999918341636658, -1.0000098943710327, -0.9999692440032959, -0.6000000238418579, -0.05926299840211868, -0.9746552109718323, -0.7726625204086304, -0.9447574019432068, -0.9928052425384521, -0.9813433289527893, -0.9994745850563049, -0.0742177814245224, 0.200992614030838, -0.7739766240119934, -0.5204238891601562, -0.6508596539497375, -0.9857102632522583, -0.8703665733337402, -0.8582661151885986, -0.7688001990318298], [0.5004685521125793, 0.6421529650688171, -0.7326837182044983, -0.9998677372932434, -0.016193034127354622, -0.0014991119969636202, -0.9976056218147278, 0.2633473873138428, 0.6286234855651855, -0.8075547814369202, -0.9999951124191284, -0.9998900890350342, -0.9999522566795349, -1.0, -0.0018587110098451376, -0.9765308499336243, -0.7760117650032043, -0.8710451126098633, -0.9926530718803406, -1.0, -0.9995012283325195, -0.020547877997159958, 0.023087771609425545, -0.7739766240119934, -0.5204238891601562, -0.6508596539497375, -0.9857102632522583, -0.8703665733337402, -0.8582661151885986, -0.7688001990318298]], "general_static": {"gains_and_scale_normalized": [-0.7739766298690585, -0.5204239104811452, -0.6508596712010479], "mass_normalized": [-0.9857102825534202], "robot_dimensions_normalized": [-0.870366582401226, -0.858266104884599, -0.7688002097215803], "trunk_attributes_normalized": [-0.9901545096634644, -0.10824994184281878, -0.03459373747092065, 0.8315836428737888, -1.0004327068950167, -0.9990336572907301, -0.9997022355537954]},