{"n_joints": 12, "joint_descriptions": [[-0.13336814939975739, -0.2543695569038391, 0.41999921202659607, 0.02235468104481697, -0.9996472597122192, -0.014338699169456959, -0.9977635145187378, -0.14236615598201752, -0.7132940292358398, 0.41158968210220337, -0.999981164932251, -1.0000025033950806, -0.9999650120735168, -0.6000000238418579, 0.05960125848650932, -0.9700578451156616, -0.7653379440307617, -0.70021653175354, -0.9928328990936279, -1.0, -0.9994931817054749, -0.2685551643371582, 0.20358207821846008, -0.7628188133239746, -0.5069757699966431, -0.5859500765800476, -0.9818053841590881, -0.82829350233078, -0.8972921967506409, -0.6644948720932007], [-0.11433412879705429, -0.7139180898666382, 0.4232569932937622, -0.8173754811286926, 0.01002987939864397, -0.5760180354118347, -0.9976940155029297, 0.29831206798553467, -0.7349169850349426, 0.1396566480398178, -1.0000410079956055, -0.9999464750289917, -0.9999667406082153, -0.6000000238418579, 0.0024384057614952326, -0.9701128602027893, -0.7347880601882935, -1.0, -0.9929879307746887, -1.0, -0.999458909034729, -0.008962004445493221, 0.08240795880556107, -0.7628188133239746, -0.5069757699966431, -0.5859500765800476, -0.9818053841590881, -0.82829350233078, -0.8972921967506409, -0.6644948720932007], [0.3030766248703003, -0.7025691270828247, 0.12234389036893845, 0.5952971577644348, -0.010566153563559055, -0.8034361600875854, -0.9993529319763184, 0.6162042021751404, -0.6985592842102051, -0.10292750597000122, -0.9999873638153076, -1.0000240802764893, -0.9999873042106628, -0.6000000238418579, 0.0014554723165929317, -0.973496675491333, -0.7551500201225281, -0.9260343909263611, -0.9925363659858704, -1.0, -0.9993647933006287, -0.040011003613471985, 0.09655238687992096, -0.7628188133239746, -0.5069757699966431, -0.5859500765800476, -0.9818053841590881, -0.82829350233078, -0.8972921967506409, -0.6644948720932007], [0.7767219543457031, -0.7286826968193054, -0.20211997628211975, -0.025037098675966263, -0.9996854662895203, 0.0014354782178997993, -0.9953900575637817, 0.20739831030368805, -0.7113600969314575, -0.4574374854564667, -0.9995921850204468, -0.9999825358390808, -1.000327467918396, -0.6000000238418579, -0.12426088005304337, -0.9722118973731995, -0.7632977962493896, -0.9403662085533142, -0.9920626878738403, -1.0, -0.9994660019874573, -0.2584167420864105, 0.10211602598428726, -0.7628188133239746, -0.5069757699966431, -0.5859500765800476, -0.9818053841590881, -0.82829350233078, -0.8972921967506409, -0.6644948720932007], [-0.35074058175086975, -0.7217734456062317, -0.7389243841171265, -0.011706476099789143, -0.9998421669006348, -0.013365604914724827, -0.9989068508148193, -0.30643245577812195, -0.6647874116897583, -0.7458891868591309, -0.9999473094940186, -1.0000030994415283, -0.999952495098114, -0.6000000238418579, 0.0630769208073616, -0.9703695774078369, -0.72664475440979, -0.811858057975769, -0.9932212233543396, -0.9847882986068726, -0.9994200468063354, -0.20803870260715485, 0.08516393601894379, -0.7628188133239746, -0.5069757699966431, -0.5859500765800476, -0.9818053841590881, -0.82829350233078, -0.8972921967506409, -0.6644948720932007], [0.29871493577957153, -0.6566231846809387, -0.7382231950759888, -0.9996781945228577, 0.025268254801630974, 0.002236153231933713, -0.9970527291297913, 0.09362991899251938, -0.641361653804779, -0.8322665095329285, -0.9998792409896851, -0.9998242259025574, -0.9999614953994751, -1.0, -0.001533465227112174, -0.9719333052635193, -0.7393024563789368, -0.8103018403053284, -0.991263747215271, -0.9609164595603943, -0.9995013475418091, -0.022750303149223328, 0.029594868421554565, -0.7628188133239746, -0.5069757699966431, -0.5859500765800476, -0.9818053841590881, -0.82829350233078, -0.8972921967506409, -0.6644948720932007], [-0.12927381694316864, 0.16065680980682373, 0.4346785545349121, -0.0059535386972129345, 0.9999789595603943, 0.0025656651705503464, -0.9976917505264282, -0.11244994401931763, 0.5467916131019592, 0.44149112701416016, -0.9999749064445496, -0.9999966621398926, -0.9999575614929199, -0.6000000238418579, -0.05942843481898308, -0.9744758009910583, -0.7584300637245178, -0.7015751004219055, -0.9937843680381775, -1.0, -0.9994995594024658, -0.18237493932247162, 0.27875375747680664, -0.7628188133239746, -0.5069757699966431, -0.5859500765800476, -0.9818053841590881, -0.82829350233078, -0.8972921967506409, -0.6644948720932007], [-0.13061684370040894, 0.6806286573410034, 0.43380501866340637, -0.8092052340507507, -0.018926145508885384, -0.5872211456298828, -0.9977387189865112, 0.26094919443130493, 0.6325715780258179, 0.14368535578250885, -1.0000438690185547, -0.9999491572380066, -0.9999663829803467, -0.6000000238418579, 0.0035591372288763523, -0.9729545712471008, -0.719910740852356, -1.0, -0.9914291501045227, -0.9058456420898438, -0.9993510246276855, -0.09114240854978561, 0.017385171726346016, -0.7628188133239746, -0.5069757699966431, -0.5859500765800476, -0.9818053841590881, -0.82829350233078, -0.8972921967506409, -0.6644948720932007], [0.3185875713825226, 0.6260336637496948, 0.12141107767820358, 0.6017183065414429, -0.028894055634737015, -0.7981855869293213, -0.9993503093719482, 0.6318419575691223, 0.5708945393562317, -0.09637018293142319, -0.9999837279319763, -1.0000249147415161, -0.9999885559082031, -0.6000000238418579, 0.0001622014824533835, -0.9748902320861816, -0.7747511863708496, -0.814522385597229, -0.9917592406272888, -1.0, -0.9994287490844727, -0.09395256638526917, 0.04589785262942314, -0.7628188133239746, -0.5069757699966431, -0.5859500765800476, -0.9818053841590881, -0.82829350233078, -0.8972921967506409, -0.6644948720932007], [0.772651731967926, 0.633311927318573, -0.19688284397125244, 0.018623389303684235, 0.99956214427948, -0.022992052137851715, -0.9952976703643799, 0.22181253135204315, 0.6581352949142456, -0.4815523326396942, -0.9995951056480408, -0.9999889135360718, -1.00032639503479, -0.6000000238418579, 0.12369056791067123, -0.9725392460823059, -0.7016754150390625, -0.8708566427230835, -0.9911759495735168, -1.0, -0.9993476867675781, -0.093925341963768, 0.2714518904685974, -0.7628188133239746, -0.5069757699966431, -0.5859500765800476, -0.9818053841590881, -0.82829350233078, -0.8972921967506409, -0.6644948720932007], [-0.3628401458263397, 0.6169508695602417, -0.7427634596824646, 0.021457547321915627, 0.999505877494812, -0.022968508303165436, -0.9988453984260559, -0.32621273398399353, 0.5709927678108215, -0.7353626489639282, -0.999943196773529, -1.000001311302185, -0.9999505281448364, -0.6000000238418579, -0.06082751229405403, -0.9708603620529175, -0.7831689715385437, -0.8986132144927979, -0.9924626350402832, -1.0, -0.9995935559272766, -0.07931511104106903, 0.19696520268917084, -0.7628188133239746, -0.5069757699966431, -0.5859500765800476, -0.9818053841590881, -0.82829350233078, -0.8972921967506409, -0.6644948720932007], [0.326790452003479, 0.5454348921775818, -0.7412450313568115, -0.9996824264526367, 0.020336264744400978, 0.014881916344165802, -0.99684739112854, 0.09276582300662994, 0.5445681214332581, -0.8175182938575745, -0.9998766183853149, -0.999832034111023, -0.9999711513519287, -1.0, -0.0006733634509146214, -0.9696406126022339, -0.7392359972000122, -0.8569207191467285, -0.9931131601333618, -0.9585320949554443, -0.9993112087249756, -0.021452493965625763, 0.023921458050608635, -0.7628188133239746, -0.5069757699966431, -0.5859500765800476, -0.9818053841590881, -0.82829350233078, -0.8972921967506409, -0.6644948720932007]], "general_static": {"gains_and_scale_normalized": [-0.7628188270739551, -0.5069757945475531, -0.5859500772357247], "mass_normalized": [-0.9818053598174569], "robot_dimensions_normalized": [-0.8282934798522675, -0.8972921792485212, -0.6644948737127663], "trunk_attributes_normalized": [-0.9871308182232362, -0.1277196734707693, -0.01631659946791597, 0.8413756738159022, -1.0000734947630063, -0.9985483107114083, -0.9983503575036567]},