{"n_joints": 12, "joint_descriptions": [[-0.11410966515541077, -0.5631452202796936, 0.4375777244567871, 0.0792231559753418, -0.9968364238739014, -0.0063858237117528915, -0.9942110180854797, -0.1712052822113037, -0.8901801109313965, 0.4129810929298401, -0.9999931454658508, -1.0000132322311401, -0.9998762607574463, -0.6000000238418579, 0.05941535159945488, -0.9729428887367249, -0.5674993395805359, -0.06896419078111649, -0.9855504035949707, -1.0, -0.9990094304084778, -0.26664426922798157, 0.23730257153511047, -0.6458687782287598, -0.5431314706802368, -0.40550321340560913, -0.9586954116821289, -0.7475067377090454, -0.8328180313110352, -0.6007647514343262], [-0.12125349044799805, -0.9521385431289673, 0.4327780306339264, -0.8316267728805542, -0.04313934966921806, -0.553656816482544, -0.9956614375114441, 0.19641080498695374, -1.0, 0.10737833380699158, -1.0000768899917603, -0.9996943473815918, -0.9999299049377441, -0.6000000238418579, 0.010476367548108101, -0.946378767490387, -0.742694616317749, -1.0, -0.9857200384140015, -0.7653369307518005, -0.9996833801269531, 0.024583494290709496, 0.05539672449231148, -0.6458687782287598, -0.5431314706802368, -0.40550321340560913, -0.9586954116821289, -0.7475067377090454, -0.8328180313110352, -0.6007647514343262], [0.137398824095726, -0.8835035562515259, 0.14388011395931244, 0.6444419622421265, -0.017510702833533287, -0.7644526958465576, -0.9983304738998413, 0.392814040184021, -0.9094401001930237, -0.039269838482141495, -0.9999242424964905, -1.0000677108764648, -0.999924898147583, -0.6000000238418579, 0.003851751098409295, -0.9796246886253357, -0.6668472290039062, -0.9735626578330994, -0.9884554743766785, -1.0, -0.9993981719017029, -0.0670102909207344, 0.07101256400346756, -0.6458687782287598, -0.5431314706802368, -0.40550321340560913, -0.9586954116821289, -0.7475067377090454, -0.8328180313110352, -0.6007647514343262], [0.5421236157417297, -0.9644908308982849, -0.13453158736228943, -0.09681624919176102, -0.9949491620063782, -0.02651013620197773, -0.9900913834571838, 0.06417717039585114, -0.8993958234786987, -0.38457417488098145, -0.9979872703552246, -0.9998975396156311, -1.0017040967941284, -0.6000000238418579, -0.11818572133779526, -0.9630387425422668, -0.572037398815155, -1.0, -0.9844090938568115, -0.8722744584083557, -0.9989399313926697, -0.2475031465291977, 0.07158680260181427, -0.6458687782287598, -0.5431314706802368, -0.40550321340560913, -0.9586954116821289, -0.7475067377090454, -0.8328180313110352, -0.6007647514343262], [-0.23771323263645172, -0.9867696166038513, -0.6893884539604187, -0.02138618566095829, -0.9989256858825684, -0.041111383587121964, -0.9968735575675964, -0.19886229932308197, -0.9943534135818481, -0.6802893280982971, -0.9998887777328491, -0.9999908804893494, -0.9997323751449585, -0.6000000238418579, 0.0630769208073616, -0.9467548727989197, -0.7045561671257019, -0.19206595420837402, -0.9874447584152222, -0.4433196783065796, -0.9992387294769287, -0.18389751017093658, 0.06389236450195312, -0.6458687782287598, -0.5431314706802368, -0.40550321340560913, -0.9586954116821289, -0.7475067377090454, -0.8328180313110352, -0.6007647514343262], [0.32647913694381714, -0.8894876837730408, -0.6947133541107178, -0.9974070191383362, 0.052213288843631744, -0.04952830821275711, -0.9929822087287903, 0.13708843290805817, -0.8271897435188293, -0.8267474174499512, -0.9997128844261169, -0.9989845156669617, -0.9998055100440979, -1.0, -0.009829722344875336, -0.9653407335281372, -0.5288265943527222, -0.17320334911346436, -0.992828369140625, -1.0, -0.9997486472129822, 0.009291722439229488, 0.0010475232265889645, -0.6458687782287598, -0.5431314706802368, -0.40550321340560913, -0.9586954116821289, -0.7475067377090454, -0.8328180313110352, -0.6007647514343262], [-0.014146029017865658, -0.3461624085903168, 0.4392196238040924, -0.034856490790843964, 0.9981735348701477, -0.049341682344675064, -0.9949378967285156, -0.041265811771154404, -0.06921259313821793, 0.4218710958957672, -0.9999642968177795, -1.0000110864639282, -0.9998250603675842, -0.6000000238418579, -0.05244630575180054, -0.9585963487625122, -0.6427426338195801, -0.21701359748840332, -0.9974067211151123, -0.7104930877685547, -0.9991008639335632, -0.1490166187286377, 0.2576536238193512, -0.6458687782287598, -0.5431314706802368, -0.40550321340560913, -0.9586954116821289, -0.7475067377090454, -0.8328180313110352, -0.6007647514343262], [0.007344602141529322, 0.1930113285779953, 0.4746071994304657, -0.8628044128417969, 0.03502785041928291, -0.5043229460716248, -0.9949083924293518, 0.2856289744377136, 0.13125105202198029, 0.2034503072500229, -1.0000972747802734, -0.9997454881668091, -0.9999279975891113, -0.6000000238418579, -0.004097693599760532, -0.9510558247566223, -0.5009928941726685, -0.6350555419921875, -0.9916474223136902, -1.0, -0.9987485408782959, -0.12496605515480042, -0.013971076346933842, -0.6458687782287598, -0.5431314706802368, -0.40550321340560913, -0.9586954116821289, -0.7475067377090454, -0.8328180313110352, -0.6007647514343262], [0.366594523191452, 0.2226286381483078, 0.1974106878042221, 0.5299984812736511, 0.0629294365644455, -0.845660388469696, -0.9985314011573792, 0.597579836845398, 0.24895863234996796, -0.01511269062757492, -0.9999256730079651, -1.0000591278076172, -0.9999355673789978, -0.6000000238418579, 0.007582515478134155, -0.9566512703895569, -0.5838308334350586, -0.29980677366256714, -0.9939296841621399, -0.9561189413070679, -0.9996333122253418, -0.06259780377149582, 0.014757347293198109, -0.6458687782287598, -0.5431314706802368, -0.40550321340560913, -0.9586954116821289, -0.7475067377090454, -0.8328180313110352, -0.6007647514343262], [0.6747505068778992, 0.373121052980423, -0.10170311480760574, -0.039829786866903305, 0.9977885484695435, 0.05321245640516281, -0.9881628155708313, 0.23849181830883026, 0.42334333062171936, -0.431297242641449, -0.9977052211761475, -0.999574601650238, -1.0019611120224, -0.6000000238418579, 0.11687099188566208, -0.950269341468811, -0.4766322374343872, -0.8980267643928528, -0.9833266139030457, -0.6855994462966919, -0.9987436532974243, -0.12149786949157715, 0.30560389161109924, -0.6458687782287598, -0.5431314706802368, -0.40550321340560913, -0.9586954116821289, -0.7475067377090454, -0.8328180313110352, -0.6007647514343262], [-0.2692193388938904, 0.46558961272239685, -0.6587997078895569, 0.04767359793186188, 0.9987165331840515, 0.01710377261042595, -0.9966986179351807, -0.28949984908103943, 0.49800267815589905, -0.6722378134727478, -0.9998680949211121, -1.0000110864639282, -0.9996663928031921, -0.6000000238418579, -0.06030184030532837, -0.9747697114944458, -0.6121288537979126, -0.28056374192237854, -0.9907620549201965, -0.9430971145629883, -0.9998816847801208, -0.07878641784191132, 0.20850348472595215, -0.6458687782287598, -0.5431314706802368, -0.40550321340560913, -0.9586954116821289, -0.7475067377090454, -0.8328180313110352, -0.6007647514343262], [0.4352113604545593, 0.5167730450630188, -0.6799995303153992, -0.9996151924133301, -0.025939317420125008, 0.009828373789787292, -0.9936622381210327, 0.270969957113266, 0.5093669891357422, -0.7641148567199707, -0.9997621774673462, -0.9990413784980774, -0.9999560713768005, -1.0, -0.00879987608641386, -0.9456462264060974, -0.7331082820892334, -1.0, -0.9866101741790771, -1.0, -0.9986904263496399, -0.02596805803477764, 0.026512008160352707, -0.6458687782287598, -0.5431314706802368, -0.40550321340560913, -0.9586954116821289, -0.7475067377090454, -0.8328180313110352, -0.6007647514343262]], "general_static": {"gains_and_scale_normalized": [-0.6458687634538378, -0.5431315001579797, -0.4055032058546142], "mass_normalized": [-0.9586954243483896], "robot_dimensions_normalized": [-0.7475067559800079, -0.8328180168466676, -0.6007647635142535], "trunk_attributes_normalized": [-0.9720132719951504, -0.01169184981841842, -0.3426072576949607, 0.8112266559682564, -1.0005053408123448, -0.9944388100102535, -0.9965442768666923]},