{"n_joints": 12, "joint_descriptions": [[-0.16898944973945618, -0.22287845611572266, 0.4283699095249176, -0.0019526684191077948, -0.9999980330467224, 0.00034079435863532126, -0.9984090924263, -0.1630295068025589, -0.6867495179176331, 0.43156567215919495, -0.9999986886978149, -1.0000038146972656, -0.9999896287918091, -0.6000000238418579, 0.06086697801947594, -0.9748938679695129, -0.7719941735267639, -0.950667142868042, -0.9929230213165283, -1.0, -0.9994914531707764, -0.26886865496635437, 0.19242863357067108, -0.7756608128547668, -0.5228176116943359, -0.6356765031814575, -0.9868444800376892, -0.8711841106414795, -0.8670592904090881, -0.7535114884376526], [-0.1695188581943512, -0.6847944855690002, 0.4305456876754761, -0.7986025810241699, 0.0016136870253831148, -0.601856529712677, -0.9983563423156738, 0.21313779056072235, -0.682268500328064, 0.15004758536815643, -1.000014305114746, -0.9999763369560242, -0.9999992847442627, -0.6000000238418579, -0.0006483134930022061, -0.9744784235954285, -0.773665726184845, -0.906569242477417, -0.9929076433181763, -1.0, -0.9995077848434448, -0.01760270819067955, 0.07716576009988785, -0.7756608128547668, -0.5228176116943359, -0.6356765031814575, -0.9868444800376892, -0.8711841106414795, -0.8670592904090881, -0.7535114884376526], [0.2638015151023865, -0.6689751148223877, 0.12062381207942963, 0.60059654712677, 0.0016384617192670703, -0.7995505928993225, -0.9995125532150269, 0.57297283411026, -0.6583005785942078, -0.09195404499769211, -0.9999949336051941, -1.0000048875808716, -0.9999918937683105, -0.6000000238418579, 0.00015602864732500166, -0.9757581353187561, -0.7793260216712952, -0.9559319615364075, -0.9928556680679321, -1.0, -0.9994817972183228, -0.04602458328008652, 0.09254372864961624, -0.7756608128547668, -0.5228176116943359, -0.6356765031814575, -0.9868444800376892, -0.8711841106414795, -0.8670592904090881, -0.7535114884376526], [0.7206131815910339, -0.689033567905426, -0.19122537970542908, 0.005111477803438902, -0.9999796748161316, -0.003807784290984273, -0.9965677261352539, 0.17718471586704254, -0.6980538368225098, -0.45765936374664307, -0.9998186826705933, -0.999888002872467, -1.000167965888977, -0.6000000238418579, -0.12337872385978699, -0.9752734899520874, -0.7711464166641235, -0.9623043537139893, -0.992652177810669, -1.0, -0.9994739890098572, -0.2529534697532654, 0.09750708937644958, -0.7756608128547668, -0.5228176116943359, -0.6356765031814575, -0.9868444800376892, -0.8711841106414795, -0.8670592904090881, -0.7535114884376526], [-0.34654155373573303, -0.6762015223503113, -0.7303042411804199, 0.002350208582356572, -0.9999967217445374, -0.0009999382309615612, -0.9992378950119019, -0.29671549797058105, -0.6446018815040588, -0.7302235960960388, -0.9999891519546509, -1.0000070333480835, -0.9999781250953674, -0.6000000238418579, 0.06078106164932251, -0.9745087623596191, -0.7718404531478882, -0.9421911239624023, -0.9930663108825684, -0.9844556450843811, -0.9994860291481018, -0.20122209191322327, 0.07829653471708298, -0.7756608128547668, -0.5228176116943359, -0.6356765031814575, -0.9868444800376892, -0.8711841106414795, -0.8670592904090881, -0.7535114884376526], [0.423739492893219, -0.642806887626648, -0.7352212071418762, -0.9999309778213501, -0.002870048163458705, 0.011394246481359005, -0.9977801442146301, 0.18153852224349976, -0.6437762975692749, -0.8161896467208862, -0.9999844431877136, -0.9999199509620667, -0.9999616742134094, -1.0, -7.056168396957219e-05, -0.9751669764518738, -0.7694988250732422, -0.9559834003448486, -0.9929506182670593, -1.0, -0.9994991421699524, -0.020518958568572998, 0.022800296545028687, -0.7756608128547668, -0.5228176116943359, -0.6356765031814575, -0.9868444800376892, -0.8711841106414795, -0.8670592904090881, -0.7535114884376526], [-0.1811206042766571, 0.16232827305793762, 0.429414302110672, -0.0054258727468550205, 0.9999852776527405, -8.677261212142184e-05, -0.9983350038528442, -0.17693369090557098, 0.6108030676841736, 0.43038812279701233, -0.999998152256012, -1.0000026226043701, -0.9999871253967285, -0.6000000238418579, -0.06168317794799805, -0.9751001000404358, -0.7724290490150452, -0.9429922699928284, -0.9929468631744385, -1.0, -0.999494194984436, -0.19072718918323517, 0.2711166739463806, -0.7756608128547668, -0.5228176116943359, -0.6356765031814575, -0.9868444800376892, -0.8711841106414795, -0.8670592904090881, -0.7535114884376526], [-0.17233961820602417, 0.6263443231582642, 0.4337409734725952, -0.7950460910797119, -0.0014125783927738667, -0.6065473556518555, -0.9983347654342651, 0.21471339464187622, 0.6181822419166565, 0.15718324482440948, -1.0000146627426147, -0.9999765157699585, -0.999999463558197, -0.6000000238418579, 0.0004650463815778494, -0.9743859767913818, -0.7809344530105591, -0.9215584993362427, -0.9929254055023193, -1.0, -0.9994765520095825, -0.07615026831626892, 0.015397611074149609, -0.7756608128547668, -0.5228176116943359, -0.6356765031814575, -0.9868444800376892, -0.8711841106414795, -0.8670592904090881, -0.7535114884376526], [0.281145840883255, 0.6261546611785889, 0.13107949495315552, 0.6063074469566345, -0.0011609537759795785, -0.7952294945716858, -0.9995176792144775, 0.5891376733779907, 0.6082874536514282, -0.07633865624666214, -0.9999945163726807, -1.0000053644180298, -0.9999926090240479, -0.6000000238418579, 0.0006786248995922506, -0.9755067825317383, -0.7750356793403625, -0.9565443992614746, -0.9932092428207397, -0.9985222816467285, -0.9995080232620239, -0.08992189168930054, 0.04348798841238022, -0.7756608128547668, -0.5228176116943359, -0.6356765031814575, -0.9868444800376892, -0.8711841106414795, -0.8670592904090881, -0.7535114884376526], [0.725120484828949, 0.6293585300445557, -0.18208658695220947, 0.0077703227289021015, 0.9999682307243347, 0.0017816581530496478, -0.9964879751205444, 0.18840165436267853, 0.6577211618423462, -0.45900899171829224, -0.9998130798339844, -0.9998856782913208, -1.000166654586792, -0.6000000238418579, 0.12275639176368713, -0.9743042588233948, -0.7767888903617859, -0.9240207672119141, -0.9927740097045898, -0.9606049656867981, -0.9994775056838989, -0.09958352893590927, 0.2522594630718231, -0.7756608128547668, -0.5228176116943359, -0.6356765031814575, -0.9868444800376892, -0.8711841106414795, -0.8670592904090881, -0.7535114884376526], [-0.3356274664402008, 0.6525203585624695, -0.7302320003509521, 0.009007136337459087, 0.9999402165412903, 0.006204263307154179, -0.999252438545227, -0.2946147322654724, 0.6391586065292358, -0.730254590511322, -0.9999894499778748, -1.0000070333480835, -0.9999781847000122, -0.6000000238418579, -0.061141010373830795, -0.9753702282905579, -0.782160222530365, -0.9240725040435791, -0.9929847717285156, -1.0, -0.9994685053825378, -0.07794735580682755, 0.20113135874271393, -0.7756608128547668, -0.5228176116943359, -0.6356765031814575, -0.9868444800376892, -0.8711841106414795, -0.8670592904090881, -0.7535114884376526], [0.4378858208656311, 0.6444200873374939, -0.7293040752410889, -0.999973714351654, 0.007077403366565704, 0.0015716353664174676, -0.9977884292602539, 0.1923750340938568, 0.6427322626113892, -0.8097426295280457, -0.9999834299087524, -0.999919593334198, -0.9999619722366333, -1.0, -0.0002107259351760149, -0.9746778607368469, -0.7775812149047852, -0.9234603047370911, -0.9930738210678101, -1.0, -0.9994896650314331, -0.023841720074415207, 0.023581376299262047, -0.7756608128547668, -0.5228176116943359, -0.6356765031814575, -0.9868444800376892, -0.8711841106414795, -0.8670592904090881, -0.7535114884376526]], "general_static": {"gains_and_scale_normalized": [-0.7756608288593355, -0.5228175988964114, -0.6356764859644903], "mass_normalized": [-0.9868444783569421], "robot_dimensions_normalized": [-0.8711841162544818, -0.8670592743183161, -0.7535114789312551], "trunk_attributes_normalized": [-0.9908200373432261, -0.14919488762026445, -0.03371724365715301, 0.8331984862321975, -1.0002990051629084, -0.9993228561551807, -0.9996239981617825]},