{"n_joints": 12, "joint_descriptions": [[-0.17582887411117554, -0.22286935150623322, 0.4295367896556854, -0.004643868189305067, -0.9999822974205017, -0.0037201198283582926, -0.9985672235488892, -0.15652865171432495, -0.6933765411376953, 0.4387105703353882, -1.000000238418579, -1.0000041723251343, -0.9999920129776001, -0.6000000238418579, 0.06206449866294861, -0.9765722751617432, -0.7831562161445618, -0.994933009147644, -0.9928684234619141, -0.9438765645027161, -0.9994789361953735, -0.2688024640083313, 0.18738548457622528, -0.784283459186554, -0.5189981460571289, -0.6433982849121094, -0.9879236817359924, -0.8795822262763977, -0.8644863963127136, -0.773637592792511], [-0.17194731533527374, -0.7037661075592041, 0.44172051548957825, -0.7905905842781067, 0.008415112271904945, -0.6122873425483704, -0.9984772205352783, 0.19203227758407593, -0.7003124952316284, 0.16799421608448029, -1.0000123977661133, -0.9999794363975525, -1.0000030994415283, -0.6000000238418579, -0.0016823477344587445, -0.9765037894248962, -0.7851884365081787, -0.9338221549987793, -0.9927916526794434, -1.0, -0.9994958639144897, -0.02251480706036091, 0.07389137148857117, -0.784283459186554, -0.5189981460571289, -0.6433982849121094, -0.9879236817359924, -0.8795822262763977, -0.8644863963127136, -0.773637592792511], [0.2786222994327545, -0.6970773339271545, 0.13014797866344452, 0.6089411377906799, 0.0076049333438277245, -0.7931789755821228, -0.9995515942573547, 0.5806524753570557, -0.686371386051178, -0.07676655054092407, -0.9999960660934448, -1.0000030994415283, -0.9999921917915344, -0.6000000238418579, 0.0005391635349951684, -0.9754095673561096, -0.7826663255691528, -0.9685887098312378, -0.9932221174240112, -1.0, -0.9994918704032898, -0.049208544194698334, 0.08955378085374832, -0.784283459186554, -0.5189981460571289, -0.6433982849121094, -0.9879236817359924, -0.8795822262763977, -0.8644863963127136, -0.773637592792511], [0.7145643830299377, -0.7099161148071289, -0.17703749239444733, 0.0015317514771595597, -0.9999830722808838, -0.005610073450952768, -0.9968037009239197, 0.19787642359733582, -0.7128257155418396, -0.4507773220539093, -0.9998398423194885, -0.999866783618927, -1.0001506805419922, -0.6000000238418579, -0.12336337566375732, -0.9754737615585327, -0.7723667025566101, -0.9339358806610107, -0.9930957555770874, -0.9964550733566284, -0.9994781017303467, -0.2553081810474396, 0.09734807908535004, -0.784283459186554, -0.5189981460571289, -0.6433982849121094, -0.9879236817359924, -0.8795822262763977, -0.8644863963127136, -0.773637592792511], [-0.3237878084182739, -0.674990713596344, -0.7213616371154785, 0.004418836906552315, -0.9999448657035828, -0.009524202905595303, -0.9993252158164978, -0.27194705605506897, -0.6405786871910095, -0.7261300086975098, -0.9999932050704956, -1.0000083446502686, -0.9999808073043823, -0.6000000238418579, 0.05973099172115326, -0.9765018224716187, -0.7757986187934875, -1.0, -0.9932095408439636, -1.0, -0.9995021820068359, -0.19851922988891602, 0.07730832695960999, -0.784283459186554, -0.5189981460571289, -0.6433982849121094, -0.9879236817359924, -0.8795822262763977, -0.8644863963127136, -0.773637592792511], [0.5024595260620117, -0.6570463180541992, -0.728269100189209, -0.9999335408210754, 0.0018766731955111027, 0.011376886628568172, -0.9979667067527771, 0.24345740675926208, -0.6528753042221069, -0.7994651794433594, -0.9999940991401672, -0.9999306201934814, -0.9999587535858154, -1.0, 0.0009134848951362073, -0.9756715893745422, -0.7859421968460083, -1.0, -0.9935557842254639, -1.0, -0.9994755387306213, -0.022884516045451164, 0.020066216588020325, -0.784283459186554, -0.5189981460571289, -0.6433982849121094, -0.9879236817359924, -0.8795822262763977, -0.8644863963127136, -0.773637592792511], [-0.18898554146289825, 0.1518702208995819, 0.4291791617870331, 0.001115299528464675, 0.9999987483024597, 0.0011333479778841138, -0.998479962348938, -0.18818345665931702, 0.6218510866165161, 0.42714643478393555, -1.0000001192092896, -1.0000035762786865, -0.9999900460243225, -0.6000000238418579, -0.06271758675575256, -0.9761293530464172, -0.7777944207191467, -0.9853789210319519, -0.9925747513771057, -0.9765640497207642, -0.9995066523551941, -0.1956566572189331, 0.2696455717086792, -0.784283459186554, -0.5189981460571289, -0.6433982849121094, -0.9879236817359924, -0.8795822262763977, -0.8644863963127136, -0.773637592792511], [-0.1790900081396103, 0.6088249087333679, 0.4321290850639343, -0.7975497841835022, 0.002430558670312166, -0.6032482385635376, -0.9984716176986694, 0.20254817605018616, 0.6181929111480713, 0.15781079232692719, -1.0000126361846924, -0.9999793767929077, -1.0000032186508179, -0.6000000238418579, -0.0011049665044993162, -0.9751288890838623, -0.7996543645858765, -0.8917617797851562, -0.9930421710014343, -0.9949336051940918, -0.9995304942131042, -0.07114141434431076, 0.016510222107172012, -0.784283459186554, -0.5189981460571289, -0.6433982849121094, -0.9879236817359924, -0.8795822262763977, -0.8644863963127136, -0.773637592792511], [0.2686118483543396, 0.6028580665588379, 0.1301700919866562, 0.6077595949172974, 0.0029006300028413534, -0.7941157817840576, -0.9995560646057129, 0.5799983143806458, 0.5933478474617004, -0.07969231903553009, -0.9999957084655762, -1.000003457069397, -0.9999926090240479, -0.6000000238418579, -4.675483069149777e-05, -0.9754859209060669, -0.7798753976821899, -1.0, -0.9934859871864319, -1.0, -0.9995108842849731, -0.09090960025787354, 0.044021956622600555, -0.784283459186554, -0.5189981460571289, -0.6433982849121094, -0.9879236817359924, -0.8795822262763977, -0.8644863963127136, -0.773637592792511], [0.7122447490692139, 0.5978845357894897, -0.18128667771816254, -0.003578412579372525, 0.9999529123306274, 0.00901916716247797, -0.9967659115791321, 0.1843857765197754, 0.6280292868614197, -0.44633302092552185, -0.9998376369476318, -0.9998638033866882, -1.000150442123413, -0.6000000238418579, 0.12335546314716339, -0.9753604531288147, -0.7961754202842712, -0.938027024269104, -0.9935272336006165, -0.982460081577301, -0.9995318651199341, -0.1027928963303566, 0.2476159632205963, -0.784283459186554, -0.5189981460571289, -0.6433982849121094, -0.9879236817359924, -0.8795822262763977, -0.8644863963127136, -0.773637592792511], [-0.30911293625831604, 0.6194813251495361, -0.7266514897346497, -0.00589653430506587, 0.9999676942825317, 0.005463385488837957, -0.9993414282798767, -0.25509873032569885, 0.6158000230789185, -0.7249926924705505, -0.9999932050704956, -1.0000081062316895, -0.9999815225601196, -0.6000000238418579, -0.06089657545089722, -0.9766765832901001, -0.7780572175979614, -0.9950257539749146, -0.9931477904319763, -0.9969047904014587, -0.999446451663971, -0.07703448832035065, 0.1996321827173233, -0.784283459186554, -0.5189981460571289, -0.6433982849121094, -0.9879236817359924, -0.8795822262763977, -0.8644863963127136, -0.773637592792511], [0.47759559750556946, 0.6389018297195435, -0.7286825776100159, -0.999971330165863, -0.007570257410407066, 5.1051047194050625e-05, -0.9979370832443237, 0.22895576059818268, 0.6347618699073792, -0.8104080557823181, -0.999994158744812, -0.9999279379844666, -0.9999583959579468, -1.0, 0.0005798540078103542, -0.9767988324165344, -0.7836441397666931, -0.9036744236946106, -0.9928958415985107, -1.0, -0.9995450377464294, -0.02342132106423378, 0.023720629513263702, -0.784283459186554, -0.5189981460571289, -0.6433982849121094, -0.9879236817359924, -0.8795822262763977, -0.8644863963127136, -0.773637592792511]], "general_static": {"gains_and_scale_normalized": [-0.7842834367582426, -0.518998121520134, -0.6433982818943156], "mass_normalized": [-0.9879236837192481], "robot_dimensions_normalized": [-0.8795822522089193, -0.864486370342322, -0.7736375689207396], "trunk_attributes_normalized": [-0.9915845412404785, -0.152772074972231, -0.05609138683952708, 0.8292235807053723, -1.00035504563833, -0.9993970630778074, -0.9997483642963686]},