{"n_joints": 12, "joint_descriptions": [[-0.16114410758018494, -0.14229664206504822, 0.4278252124786377, 0.0015186893288046122, -0.9999986886978149, 0.0005122513393871486, -0.9984513521194458, -0.15045133233070374, -0.6255835890769958, 0.4373270571231842, -0.9999939203262329, -1.0000019073486328, -0.9999843239784241, -0.6000000238418579, 0.06264352798461914, -0.9729893207550049, -0.808514416217804, -0.8927542567253113, -0.9939744472503662, -1.0, -0.9995496869087219, -0.2698414921760559, 0.19023680686950684, -0.7780737280845642, -0.514613687992096, -0.6447684168815613, -0.9870778918266296, -0.8521218299865723, -0.890285074710846, -0.7191404700279236], [-0.14499303698539734, -0.56059730052948, 0.4223109781742096, -0.7927031517028809, -0.0026160457637161016, -0.6096022129058838, -0.9983392953872681, 0.2542310953140259, -0.5589423775672913, 0.16270552575588226, -1.000017762184143, -0.9999741315841675, -0.9999884963035583, -0.6000000238418579, -0.0003881975426338613, -0.9767913818359375, -0.7672790288925171, -0.9331676959991455, -0.994056761264801, -1.0, -0.9994325041770935, -0.02184290625154972, 0.08345271646976471, -0.7780737280845642, -0.514613687992096, -0.6447684168815613, -0.9870778918266296, -0.8521218299865723, -0.890285074710846, -0.7191404700279236], [0.3166426420211792, -0.5797938704490662, 0.12417139112949371, 0.6104263663291931, -0.012382256798446178, -0.7919762134552002, -0.9995394349098206, 0.6283285617828369, -0.5837632417678833, -0.09210153669118881, -0.9999935030937195, -1.000009298324585, -0.9999930262565613, -0.6000000238418579, -0.0003715476195793599, -0.9731788039207458, -0.7748284339904785, -0.9246686697006226, -0.9927559494972229, -0.9044632911682129, -0.9994814395904541, -0.039262693375349045, 0.0973055437207222, -0.7780737280845642, -0.514613687992096, -0.6447684168815613, -0.9870778918266296, -0.8521218299865723, -0.890285074710846, -0.7191404700279236], [0.7642447352409363, -0.5951862931251526, -0.19740621745586395, 0.011119215749204159, -0.9999226927757263, -0.005568155087530613, -0.9965474009513855, 0.23504622280597687, -0.6055341362953186, -0.4720308482646942, -0.9997861981391907, -0.9999613165855408, -1.0001775026321411, -0.6000000238418579, -0.124729685485363, -0.9745367765426636, -0.8001070618629456, -0.7941465973854065, -0.9939314126968384, -1.0, -0.9995619654655457, -0.25107210874557495, 0.10833153128623962, -0.7780737280845642, -0.514613687992096, -0.6447684168815613, -0.9870778918266296, -0.8521218299865723, -0.890285074710846, -0.7191404700279236], [-0.32468029856681824, -0.6131035685539246, -0.7403982877731323, 0.004461954813450575, -0.9999850988388062, -0.0031480330508202314, -0.9992889761924744, -0.27967265248298645, -0.5803259611129761, -0.7382197976112366, -0.9999798536300659, -1.000002145767212, -0.9999765157699585, -0.6000000238418579, 0.061242152005434036, -0.9769296050071716, -0.7754981517791748, -0.987689197063446, -0.9933318495750427, -1.0, -0.999496340751648, -0.20452085137367249, 0.07976116240024567, -0.7780737280845642, -0.514613687992096, -0.6447684168815613, -0.9870778918266296, -0.8521218299865723, -0.890285074710846, -0.7191404700279236], [0.37751567363739014, -0.5798855423927307, -0.7332412600517273, -0.9999743700027466, -0.007141316309571266, 0.0005255023716017604, -0.9978412389755249, 0.15864160656929016, -0.5768353939056396, -0.809335470199585, -0.9999598264694214, -0.9999091625213623, -0.9999823570251465, -1.0, 0.0016027635429054499, -0.975624680519104, -0.7965093851089478, -0.9990777373313904, -0.9921635389328003, -1.0, -0.9994534850120544, -0.03135444223880768, 0.03157039359211922, -0.7780737280845642, -0.514613687992096, -0.6447684168815613, -0.9870778918266296, -0.8521218299865723, -0.890285074710846, -0.7191404700279236], [-0.18423022329807281, 0.27422162890434265, 0.4319767951965332, -0.006450386252254248, 0.9999410510063171, 0.008735954761505127, -0.9983572959899902, -0.1501595675945282, 0.7133492231369019, 0.4395606219768524, -0.9999927282333374, -0.9999990463256836, -0.999982476234436, -0.6000000238418579, -0.06173732876777649, -0.9754346609115601, -0.7695993185043335, -0.8749225735664368, -0.9928508400917053, -1.0, -0.9995068907737732, -0.19532717764377594, 0.2724037766456604, -0.7780737280845642, -0.514613687992096, -0.6447684168815613, -0.9870778918266296, -0.8521218299865723, -0.890285074710846, -0.7191404700279236], [-0.20537811517715454, 0.7312639951705933, 0.42230039834976196, -0.7945219874382019, 0.003405144903808832, -0.6072258949279785, -0.9983697533607483, 0.1831170916557312, 0.7441248893737793, 0.14700041711330414, -1.0000187158584595, -0.9999735951423645, -0.9999880194664001, -0.6000000238418579, 0.001895926776342094, -0.9778153300285339, -0.7845978736877441, -1.0, -0.9929394125938416, -0.9943953156471252, -0.9995225667953491, -0.07706344872713089, 0.025901611894369125, -0.7780737280845642, -0.514613687992096, -0.6447684168815613, -0.9870778918266296, -0.8521218299865723, -0.890285074710846, -0.7191404700279236], [0.22136114537715912, 0.7193707227706909, 0.10260748863220215, 0.603157103061676, -0.022627418860793114, -0.7973013520240784, -0.9995279908180237, 0.52213054895401, 0.6978409290313721, -0.10038456320762634, -0.9999921917915344, -1.0000097751617432, -0.9999939799308777, -0.6000000238418579, -0.0017043501138687134, -0.9766454100608826, -0.8107014298439026, -1.0, -0.9920632243156433, -1.0, -0.9994223713874817, -0.10117846727371216, 0.05397376790642738, -0.7780737280845642, -0.514613687992096, -0.6447684168815613, -0.9870778918266296, -0.8521218299865723, -0.890285074710846, -0.7191404700279236], [0.669087827205658, 0.6968581676483154, -0.21869893372058868, -0.004174356814473867, 0.9999722242355347, -0.0061792912892997265, -0.9967247247695923, 0.14049316942691803, 0.7095885872840881, -0.47890782356262207, -0.9997977614402771, -0.9999702572822571, -1.0001782178878784, -0.6000000238418579, 0.12546242773532867, -0.9777803421020508, -0.772062361240387, -0.9403875470161438, -0.9934402704238892, -1.0, -0.9995205998420715, -0.092649444937706, 0.2566641569137573, -0.7780737280845642, -0.514613687992096, -0.6447684168815613, -0.9870778918266296, -0.8521218299865723, -0.890285074710846, -0.7191404700279236], [-0.40641191601753235, 0.6358548998832703, -0.7478719353675842, -0.005658481735736132, 0.9999631643295288, -0.006449388340115547, -0.9992606043815613, -0.3405916392803192, 0.608489453792572, -0.7469727396965027, -0.9999790787696838, -1.0000015497207642, -0.9999763369560242, -0.6000000238418579, -0.06151319667696953, -0.9727622866630554, -0.8017430305480957, -1.0, -0.9928910136222839, -0.992222249507904, -0.9995133280754089, -0.07553675025701523, 0.20236945152282715, -0.7780737280845642, -0.514613687992096, -0.6447684168815613, -0.9870778918266296, -0.8521218299865723, -0.890285074710846, -0.7191404700279236], [0.2624083459377289, 0.6157378554344177, -0.7475654482841492, -0.9999274611473083, -0.002818241249769926, 0.01171054132282734, -0.9978612065315247, 0.013825351372361183, 0.6016401052474976, -0.830030620098114, -0.9999583959579468, -0.9999135136604309, -0.9999832510948181, -1.0, 0.001782224397175014, -0.976530134677887, -0.7760273218154907, -0.9268666505813599, -0.9937527775764465, -1.0, -0.9994977116584778, -0.024884389713406563, 0.022906746715307236, -0.7780737280845642, -0.514613687992096, -0.6447684168815613, -0.9870778918266296, -0.8521218299865723, -0.890285074710846, -0.7191404700279236]], "general_static": {"gains_and_scale_normalized": [-0.7780737262858287, -0.5146136841544253, -0.6447684272402661], "mass_normalized": [-0.9870778818354292], "robot_dimensions_normalized": [-0.8521218360124213, -0.8902850863361618, -0.7191404829379033], "trunk_attributes_normalized": [-0.9908159642987799, -0.1754135603697896, 0.03660808432720275, 0.8487991462728941, -1.0000847133749173, -0.999178643464531, -0.9993003698675593]},