{"n_joints": 12, "joint_descriptions": [[0.04313688725233078, -0.15301641821861267, 0.47582751512527466, -0.041117072105407715, -0.9990699887275696, 0.012981253676116467, -0.9966642260551453, 0.07514725625514984, -0.6336593627929688, 0.5426262617111206, -1.0000125169754028, -1.0000332593917847, -0.9999639391899109, -0.6000000238418579, 0.04955219104886055, -0.9655413031578064, -0.5885218381881714, -1.0, -0.9853903651237488, -0.23677688837051392, -0.9995313882827759, -0.2731582522392273, 0.1828678846359253, -0.6816773414611816, -0.3107428252696991, -0.6658025979995728, -0.9657863974571228, -0.7635568380355835, -0.7764665484428406, -0.7297165989875793], [0.03486274555325508, -0.5967959761619568, 0.5165694952011108, -0.8239456415176392, 0.04618726298213005, -0.5647834539413452, -0.9955253601074219, 0.18645937740802765, -0.49458858370780945, 0.31369614601135254, -1.0001037120819092, -0.9998648166656494, -1.000071406364441, -0.6000000238418579, -0.007268998306244612, -0.9464542865753174, -0.7530757188796997, -0.5149191617965698, -0.994297444820404, -0.46551233530044556, -0.9990313053131104, -0.02938845008611679, 0.02891620062291622, -0.6816773414611816, -0.3107428252696991, -0.6658025979995728, -0.9657863974571228, -0.7635568380355835, -0.7764665484428406, -0.7297165989875793], [0.22685883939266205, -0.684211015701294, 0.10199522972106934, 0.5479441285133362, -0.03423678129911423, -0.8358139991760254, -0.9990042448043823, 0.45746496319770813, -0.6028984189033508, -0.14388860762119293, -0.9999869465827942, -1.0000033378601074, -0.9999392628669739, -0.6000000238418579, -0.001242749742232263, -0.9784568548202515, -0.6598747372627258, -0.28783828020095825, -0.9930552840232849, -1.0, -0.9986671209335327, -0.06742290407419205, 0.06514877080917358, -0.6816773414611816, -0.3107428252696991, -0.6658025979995728, -0.9657863974571228, -0.7635568380355835, -0.7764665484428406, -0.7297165989875793], [0.4754289984703064, -0.7542129755020142, -0.30968573689460754, 0.02528510056436062, -0.9994776248931885, 0.020126713439822197, -0.9927018284797668, 0.1618444323539734, -0.6950966119766235, -0.5883274078369141, -0.9991207122802734, -0.9988453984260559, -1.00093412399292, -0.6000000238418579, -0.12143649905920029, -0.9562267065048218, -0.680380642414093, -1.0, -0.9833790063858032, -0.2369757890701294, -0.9992275834083557, -0.30156394839286804, 0.09937527030706406, -0.6816773414611816, -0.3107428252696991, -0.6658025979995728, -0.9657863974571228, -0.7635568380355835, -0.7764665484428406, -0.7297165989875793], [-0.15954262018203735, -0.7462607622146606, -0.7324875593185425, -0.03193558380007744, -0.999386727809906, 0.014362681657075882, -0.9985650181770325, -0.11818073689937592, -0.7135416269302368, -0.6536282896995544, -1.0000056028366089, -1.0000841617584229, -0.9998868703842163, -0.6000000238418579, 0.0630769208073616, -0.975901186466217, -0.8529443740844727, -0.8952842354774475, -0.9905163645744324, -1.0, -0.9998104572296143, -0.20110389590263367, 0.024623243138194084, -0.6816773414611816, -0.3107428252696991, -0.6658025979995728, -0.9657863974571228, -0.7635568380355835, -0.7764665484428406, -0.7297165989875793], [0.4147576093673706, -0.7390004992485046, -0.7585006356239319, -0.9932915568351746, -0.020308125764131546, 0.11383962631225586, -0.9917091131210327, 0.18879221379756927, -0.7688391804695129, -0.9173435568809509, -0.9999969601631165, -0.999456524848938, -0.9995889067649841, -1.0, 0.010477819480001926, -0.9788737297058105, -0.5984926223754883, -1.0, -0.9820124506950378, -1.0, -0.9989274144172668, -0.05928090587258339, 0.06846286356449127, -0.6816773414611816, -0.3107428252696991, -0.6658025979995728, -0.9657863974571228, -0.7635568380355835, -0.7764665484428406, -0.7297165989875793], [0.08408818393945694, 0.2851230204105377, 0.515913724899292, -0.049012210220098495, 0.9986699819564819, -0.016003858298063278, -0.9962950348854065, 0.024506153538823128, 0.7610686421394348, 0.5808728933334351, -1.0000125169754028, -1.0000544786453247, -0.9999523758888245, -0.6000000238418579, -0.0679311603307724, -0.9721561670303345, -0.5696028470993042, -1.0, -0.9969848990440369, -0.9305744171142578, -0.9991273283958435, -0.23125532269477844, 0.2597644627094269, -0.6816773414611816, -0.3107428252696991, -0.6658025979995728, -0.9657863974571228, -0.7635568380355835, -0.7764665484428406, -0.7297165989875793], [0.08113212883472443, 0.8017087578773499, 0.49822136759757996, -0.7623002529144287, -0.01891911029815674, -0.6469470262527466, -0.9958645701408386, 0.31188803911209106, 0.7769253253936768, 0.34730619192123413, -1.000077486038208, -0.9998379349708557, -1.0000462532043457, -0.6000000238418579, 0.0018979994347319007, -0.9840576648712158, -0.6909222602844238, -0.025236044079065323, -0.9851186871528625, -1.0, -0.9992798566818237, -0.027591753751039505, -0.02297893352806568, -0.6816773414611816, -0.3107428252696991, -0.6658025979995728, -0.9657863974571228, -0.7635568380355835, -0.7764665484428406, -0.7297165989875793], [0.3577709496021271, 0.7523598074913025, 0.2904869616031647, 0.6348451972007751, 0.018260538578033447, -0.772423505783081, -0.9985466003417969, 0.5461003184318542, 0.8166044354438782, 0.01615253835916519, -0.9999803900718689, -1.000016450881958, -0.9999403953552246, -0.6000000238418579, 0.011432060040533543, -0.9457883238792419, -0.7234328985214233, -0.9216079711914062, -0.9893737435340881, -0.15020757913589478, -0.9991442561149597, -0.09733376652002335, 0.07707009464502335, -0.6816773414611816, -0.3107428252696991, -0.6658025979995728, -0.9657863974571228, -0.7635568380355835, -0.7764665484428406, -0.7297165989875793], [0.6333054304122925, 0.7999156713485718, -0.009901201352477074, 0.05949541926383972, 0.9968486428260803, 0.05246942117810249, -0.990178644657135, 0.39229846000671387, 0.7732532024383545, -0.2531319260597229, -0.9983795881271362, -0.9980486631393433, -1.0010714530944824, -0.6000000238418579, 0.11235567182302475, -0.9700334668159485, -0.512567937374115, -0.9210807085037231, -0.9897896647453308, -1.0, -0.9995592832565308, -0.15304133296012878, 0.20680341124534607, -0.6816773414611816, -0.3107428252696991, -0.6658025979995728, -0.9657863974571228, -0.7635568380355835, -0.7764665484428406, -0.7297165989875793], [-0.00010315347753930837, 0.8903716802597046, -0.6396757960319519, 0.05922091007232666, 0.9968163967132568, 0.05338463559746742, -0.9972862005233765, 0.09537707269191742, 0.803753674030304, -0.6431957483291626, -0.9999982118606567, -1.0001251697540283, -0.9998693466186523, -0.6000000238418579, -0.052180878818035126, -0.9797790050506592, -0.729720950126648, -0.7876331210136414, -0.9842618107795715, -0.9459929466247559, -0.9994993805885315, -0.030159151181578636, 0.21654748916625977, -0.6816773414611816, -0.3107428252696991, -0.6658025979995728, -0.9657863974571228, -0.7635568380355835, -0.7764665484428406, -0.7297165989875793], [0.5059890747070312, 0.8740390539169312, -0.6324737071990967, -0.9991360902786255, 0.028590861707925797, -0.03016011230647564, -0.9922583699226379, 0.27855509519577026, 0.8960938453674316, -0.7196047902107239, -1.0000896453857422, -0.9994590878486633, -0.9994185566902161, -1.0, -0.0016710131894797087, -0.9888377785682678, -0.5436591506004333, -0.840969443321228, -0.9963403940200806, -0.9521141648292542, -0.9993125200271606, -0.046350035816431046, 0.025568261742591858, -0.6816773414611816, -0.3107428252696991, -0.6658025979995728, -0.9657863974571228, -0.7635568380355835, -0.7764665484428406, -0.7297165989875793]], "general_static": {"gains_and_scale_normalized": [-0.6816773183280723, -0.31074281129209647, -0.6658026239655235], "mass_normalized": [-0.9657863736457011], "robot_dimensions_normalized": [-0.763556822942832, -0.7764665379059154, -0.7297166151410011], "trunk_attributes_normalized": [-0.978420212420039, 0.1304148591585459, -0.028964563868166482, 0.8263772089442591, -1.003878765736389, -0.9970061602947846, -0.9997204606937332]},