{"n_joints": 12, "joint_descriptions": [[0.10040323436260223, -0.09547040611505508, 0.5043259263038635, 0.046570565551519394, -0.9989092350006104, -0.003392161102965474, -0.9965914487838745, 0.1362939476966858, -0.620878279209137, 0.5744702219963074, -1.0000139474868774, -1.0000481605529785, -0.9999609589576721, -0.6000000238418579, 0.04801315441727638, -0.9655667543411255, -0.5568559765815735, -1.0, -0.9840673208236694, -0.1367160677909851, -0.9995939135551453, -0.27925240993499756, 0.17674045264720917, -0.659756600856781, -0.27572908997535706, -0.6857365965843201, -0.964041531085968, -0.7520142197608948, -0.7782647609710693, -0.7416932582855225], [0.07862173020839691, -0.5594817399978638, 0.5386996269226074, -0.8754047155380249, 0.06193627417087555, -0.47940635681152344, -0.9952622652053833, 0.2038906216621399, -0.4363667964935303, 0.3610275685787201, -1.0001447200775146, -0.9998447895050049, -1.000103235244751, -0.6000000238418579, -0.008779955096542835, -0.9427468180656433, -0.7713782787322998, -0.3974214494228363, -0.995236873626709, -0.3654647469520569, -0.9989396333694458, -0.03551659733057022, 0.02276892215013504, -0.659756600856781, -0.27572908997535706, -0.6857365965843201, -0.964041531085968, -0.7520142197608948, -0.7782647609710693, -0.7416932582855225], [0.22634702920913696, -0.6394749879837036, 0.10570477694272995, 0.4629370868206024, 0.04573915898799896, -0.8852102756500244, -0.9990013241767883, 0.4394170641899109, -0.5318605303764343, -0.14228671789169312, -0.9999834895133972, -1.0000039339065552, -0.9999226331710815, -0.6000000238418579, -0.00253373384475708, -0.9806462526321411, -0.6297346353530884, -0.16967979073524475, -0.9939712285995483, -1.0, -0.9985681772232056, -0.07356078922748566, 0.05901293829083443, -0.659756600856781, -0.27572908997535706, -0.6857365965843201, -0.964041531085968, -0.7520142197608948, -0.7782647609710693, -0.7416932582855225], [0.4287237524986267, -0.7032471895217896, -0.324846476316452, 0.04327518865466118, -0.9954086542129517, -0.08537513762712479, -0.9923111796379089, 0.13868816196918488, -0.6336426734924316, -0.6004625558853149, -0.9992656111717224, -0.9983479976654053, -1.001265048980713, -0.6000000238418579, -0.11995168775320053, -0.9527196884155273, -0.6852037310600281, -1.0, -0.9819895029067993, -0.13691318035125732, -0.9991405010223389, -0.3077114522457123, 0.10511614382266998, -0.659756600856781, -0.27572908997535706, -0.6857365965843201, -0.964041531085968, -0.7520142197608948, -0.7782647609710693, -0.7416932582855225], [-0.14295990765094757, -0.6975253820419312, -0.6977617144584656, 0.08333117514848709, -0.9965181946754456, -0.0027166728395968676, -0.9985643029212952, -0.08929804712533951, -0.6717984676361084, -0.6053885817527771, -0.9999723434448242, -1.0001296997070312, -0.999874472618103, -0.6000000238418579, 0.0630769208073616, -0.9780369997024536, -0.8733268976211548, -0.9776283502578735, -0.9902628064155579, -1.0, -0.9998787045478821, -0.20711371302604675, 0.018474873155355453, -0.659756600856781, -0.27572908997535706, -0.6857365965843201, -0.964041531085968, -0.7520142197608948, -0.7782647609710693, -0.7416932582855225], [0.42258116602897644, -0.6490650773048401, -0.7518993020057678, -0.9944661259651184, -0.008161814883351326, 0.10474022477865219, -0.9908242225646973, 0.1825561374425888, -0.7001442909240723, -0.9141407608985901, -1.0001106262207031, -0.9993107914924622, -0.9994539022445679, -1.0, 0.012014683336019516, -0.9810709357261658, -0.5670825242996216, -1.0, -0.9805940985679626, -1.0, -0.9988335967063904, -0.065425343811512, 0.0746101438999176, -0.659756600856781, -0.27572908997535706, -0.6857365965843201, -0.964041531085968, -0.7520142197608948, -0.7782647609710693, -0.7416932582855225], [0.16091305017471313, 0.36880016326904297, 0.5463413000106812, 0.059735771268606186, 0.9980741739273071, 0.016720140352845192, -0.9960973858833313, 0.09953626990318298, 0.8913042545318604, 0.5971348881721497, -1.000026822090149, -1.0000743865966797, -0.999942421913147, -0.6000000238418579, -0.06946910172700882, -0.9742144346237183, -0.5375776290893555, -1.0, -0.9979726076126099, -0.8312264680862427, -0.9990378618240356, -0.23740245401859283, 0.25364038348197937, -0.659756600856781, -0.27572908997535706, -0.6857365965843201, -0.964041531085968, -0.7520142197608948, -0.7782647609710693, -0.7416932582855225], [0.16896134614944458, 0.9270319938659668, 0.4937388002872467, -0.768356442451477, 0.029699569568037987, -0.63933265209198, -0.995631754398346, 0.3732142448425293, 0.8759638071060181, 0.37299323081970215, -1.0001072883605957, -0.9998190999031067, -1.0001112222671509, -0.6000000238418579, 0.0034321611747145653, -0.9863612651824951, -0.6964328289031982, 0.09182612597942352, -0.9837701916694641, -1.0, -0.99929279088974, -0.02144288271665573, -0.029125427827239037, -0.659756600856781, -0.27572908997535706, -0.6857365965843201, -0.964041531085968, -0.7520142197608948, -0.7782647609710693, -0.7416932582855225], [0.4152252674102783, 0.8464524745941162, 0.3183387219905853, 0.6487281322479248, -0.0494326651096344, -0.7594130635261536, -0.9984624981880188, 0.5877682566642761, 0.9010318517684937, 0.03245489299297333, -0.9999824166297913, -1.0000241994857788, -0.9999221563339233, -0.6000000238418579, 0.012970518320798874, -0.9420672059059143, -0.7408122420310974, -0.8051744103431702, -0.989969789981842, -0.05014204978942871, -0.9990550875663757, -0.10340572148561478, 0.08321401476860046, -0.659756600856781, -0.27572908997535706, -0.6857365965843201, -0.964041531085968, -0.7520142197608948, -0.7782647609710693, -0.7416932582855225], [0.6666327118873596, 0.8794251084327698, 0.042998310178518295, 0.09003692120313644, 0.9957999587059021, 0.016608433797955513, -0.9896552562713623, 0.4603516459465027, 0.8331694006919861, -0.1801169216632843, -0.997679591178894, -0.997437596321106, -1.0015419721603394, -0.6000000238418579, 0.1108185350894928, -0.9720439314842224, -0.4793795049190521, -0.8349356055259705, -0.9903632998466492, -1.0, -0.9996223449707031, -0.15918973088264465, 0.2006552666425705, -0.659756600856781, -0.27572908997535706, -0.6857365965843201, -0.964041531085968, -0.7520142197608948, -0.7782647609710693, -0.7416932582855225], [0.10703127831220627, 0.9377895593643188, -0.5930187106132507, 0.07440818101167679, 0.9971590042114258, 0.01171816699206829, -0.9969943761825562, 0.2071496546268463, 0.8342957496643066, -0.5812641382217407, -1.0000193119049072, -1.0001626014709473, -0.9998229146003723, -0.6000000238418579, -0.05064495652914047, -0.9819949865341187, -0.7472142577171326, -0.6990438103675842, -0.9830224514007568, -0.8578802347183228, -0.9995611906051636, -0.024008803069591522, 0.2226746529340744, -0.659756600856781, -0.27572908997535706, -0.6857365965843201, -0.964041531085968, -0.7520142197608948, -0.7782647609710693, -0.7416932582855225], [0.6086087822914124, 0.8977270722389221, -0.5631787776947021, -0.9959728717803955, 0.04589817300438881, -0.07701531052589417, -0.9914200901985168, 0.37240365147590637, 0.9244422912597656, -0.6446784734725952, -1.0001320838928223, -0.9992120862007141, -0.9992453455924988, -1.0, -0.003197824815288186, -0.9912384748458862, -0.5110949277877808, -0.7520888447761536, -0.997183620929718, -0.8550089001655579, -0.999256432056427, -0.05248763784766197, 0.02064482681453228, -0.659756600856781, -0.27572908997535706, -0.6857365965843201, -0.964041531085968, -0.7520142197608948, -0.7782647609710693, -0.7416932582855225]], "general_static": {"gains_and_scale_normalized": [-0.6597566095865344, -0.2757290979070933, -0.6857366260203586], "mass_normalized": [-0.9640415575310004], "robot_dimensions_normalized": [-0.7520142193858909, -0.7782647355861495, -0.7416932361730999], "trunk_attributes_normalized": [-0.9782774535023132, 0.20613284537708831, 0.01693888145186806, 0.8203216771259136, -1.0056451133500233, -0.9972417700528341, -0.9997335663950793]},