{"n_joints": 12, "joint_descriptions": [[-0.18067552149295807, -0.21425509452819824, 0.42183464765548706, -0.0018537342548370361, -0.9999828338623047, 0.005559811368584633, -0.9984920620918274, -0.18797746300697327, -0.6681456565856934, 0.4235927164554596, -0.9999993443489075, -1.0000025033950806, -0.9999881982803345, -0.6000000238418579, 0.0634022131562233, -0.9755939841270447, -0.8002259731292725, -0.9580091834068298, -0.9936333894729614, -1.0, -0.9995171427726746, -0.2669849097728729, 0.19076810777187347, -0.7839550375938416, -0.5429702401161194, -0.6204057335853577, -0.9878719449043274, -0.8710203170776367, -0.8797488808631897, -0.7519364953041077], [-0.18401968479156494, -0.65924471616745, 0.420852392911911, -0.7828732132911682, -0.0075673493556678295, -0.6221352815628052, -0.9984425902366638, 0.2223520427942276, -0.7006068825721741, 0.13889272511005402, -1.0000115633010864, -0.9999736547470093, -0.9999959468841553, -0.6000000238418579, 0.001897522364743054, -0.9782305359840393, -0.7904981374740601, -0.888563871383667, -0.9932295680046082, -1.0, -0.9994927048683167, -0.020929671823978424, 0.08507519215345383, -0.7839550375938416, -0.5429702401161194, -0.6204057335853577, -0.9878719449043274, -0.8710203170776367, -0.8797488808631897, -0.7519364953041077], [0.27095016837120056, -0.6371496319770813, 0.13384927809238434, 0.6203626394271851, -0.0029567228630185127, -0.7843095660209656, -0.9995372295379639, 0.5774071216583252, -0.655038595199585, -0.06201047822833061, -0.9999931454658508, -1.0000051259994507, -0.9999920129776001, -0.6000000238418579, 0.0002391444140812382, -0.9744547605514526, -0.7831243276596069, -1.0, -0.9935545921325684, -0.9083236455917358, -0.9995587468147278, -0.04828416556119919, 0.09213774651288986, -0.7839550375938416, -0.5429702401161194, -0.6204057335853577, -0.9878719449043274, -0.8710203170776367, -0.8797488808631897, -0.7519364953041077], [0.7324017286300659, -0.6408815979957581, -0.15792953968048096, -0.0065215271897614, -0.9998329877853394, 0.017071330919861794, -0.9966704845428467, 0.2004573941230774, -0.6724249720573425, -0.4304370582103729, -0.9997849464416504, -0.9999502897262573, -1.0001895427703857, -0.6000000238418579, -0.12404537945985794, -0.9755060076713562, -0.7839002013206482, -0.952842116355896, -0.9941186308860779, -1.0, -0.9995144009590149, -0.24551449716091156, 0.09894052892923355, -0.7839550375938416, -0.5429702401161194, -0.6204057335853577, -0.9878719449043274, -0.8710203170776367, -0.8797488808631897, -0.7519364953041077], [-0.3389516770839691, -0.6333921551704407, -0.7192689180374146, -0.012492036446928978, -0.999824047088623, 0.01399351004511118, -0.999286949634552, -0.29073765873908997, -0.6063988208770752, -0.7347749471664429, -0.9999887347221375, -1.0000032186508179, -0.9999750256538391, -0.6000000238418579, 0.0596725232899189, -0.9757718443870544, -0.7565779089927673, -0.9373323321342468, -0.9931824207305908, -1.0, -0.9994317293167114, -0.2009420543909073, 0.0847303494811058, -0.7839550375938416, -0.5429702401161194, -0.6204057335853577, -0.9878719449043274, -0.8710203170776367, -0.8797488808631897, -0.7519364953041077], [0.4462742209434509, -0.6330172419548035, -0.7305168509483337, -0.9996922016143799, 0.012807469815015793, 0.021246979013085365, -0.9980762600898743, 0.19007077813148499, -0.623458981513977, -0.7981628775596619, -0.999979555606842, -0.999912440776825, -0.9999774694442749, -1.0, -0.0017643638420850039, -0.9744831919670105, -0.7830440402030945, -0.7835780382156372, -0.9940893650054932, -1.0, -0.999538242816925, -0.016607515513896942, 0.014732270501554012, -0.7839550375938416, -0.5429702401161194, -0.6204057335853577, -0.9878719449043274, -0.8710203170776367, -0.8797488808631897, -0.7519364953041077], [-0.17815473675727844, 0.14355748891830444, 0.4142441749572754, 0.004627947695553303, 0.9999886751174927, 0.0011055454378947616, -0.998394787311554, -0.15511420369148254, 0.5867766737937927, 0.4029572606086731, -0.999998927116394, -1.0000009536743164, -0.9999858736991882, -0.6000000238418579, -0.06074226647615433, -0.9767903685569763, -0.7893372178077698, -0.9278190732002258, -0.9922396540641785, -1.0, -0.9994754791259766, -0.18411105871200562, 0.2688297629356384, -0.7839550375938416, -0.5429702401161194, -0.6204057335853577, -0.9878719449043274, -0.8710203170776367, -0.8797488808631897, -0.7519364953041077], [-0.18042117357254028, 0.6071106791496277, 0.41018176078796387, -0.7975522875785828, -0.0003240513615310192, -0.603249728679657, -0.9984379410743713, 0.1905442327260971, 0.5835347771644592, 0.11561194807291031, -1.0000118017196655, -0.9999741911888123, -0.9999969601631165, -0.6000000238418579, 0.001183865126222372, -0.97322016954422, -0.7906895279884338, -1.0, -0.9935769438743591, -1.0, -0.999502956867218, -0.08516115695238113, 0.026062138378620148, -0.7839550375938416, -0.5429702401161194, -0.6204057335853577, -0.9878719449043274, -0.8710203170776367, -0.8797488808631897, -0.7519364953041077], [0.26202037930488586, 0.6011762022972107, 0.08369643986225128, 0.5994747281074524, -0.009775776416063309, -0.8003339767456055, -0.9995706677436829, 0.5692602396011353, 0.558625340461731, -0.11193367838859558, -0.9999927282333374, -1.0000053644180298, -0.999993085861206, -0.6000000238418579, -0.0020969812758266926, -0.9782412648200989, -0.786399781703949, -0.994059681892395, -0.9932870864868164, -1.0, -0.9994801878929138, -0.09206198900938034, 0.04171937331557274, -0.7839550375938416, -0.5429702401161194, -0.6204057335853577, -0.9878719449043274, -0.8710203170776367, -0.8797488808631897, -0.7519364953041077], [0.7074266672134399, 0.6041038036346436, -0.22409984469413757, -0.008301373571157455, 0.9998560547828674, -0.01479692105203867, -0.9968664050102234, 0.1432882398366928, 0.6432768106460571, -0.5016559958457947, -0.9998013973236084, -0.9999446868896484, -1.0001903772354126, -0.6000000238418579, 0.12518711388111115, -0.9761917591094971, -0.801824152469635, -0.9056648015975952, -0.9931598901748657, -1.0, -0.9995060563087463, -0.0924045667052269, 0.2627002000808716, -0.7839550375938416, -0.5429702401161194, -0.6204057335853577, -0.9878719449043274, -0.8710203170776367, -0.8797488808631897, -0.7519364953041077], [-0.3702660799026489, 0.5830636620521545, -0.7450723648071289, -0.008083775639533997, 0.9998116493225098, -0.01764284260571003, -0.999352216720581, -0.3404603898525238, 0.6015805006027222, -0.7448417544364929, -0.9999887943267822, -1.0000028610229492, -0.9999761581420898, -0.6000000238418579, -0.06305106729269028, -0.9741109013557434, -0.7823838591575623, -0.8601081371307373, -0.993999719619751, -1.0, -0.9995255470275879, -0.08611191064119339, 0.20315630733966827, -0.7839550375938416, -0.5429702401161194, -0.6204057335853577, -0.9878719449043274, -0.8710203170776367, -0.8797488808631897, -0.7519364953041077], [0.442105233669281, 0.5905877351760864, -0.7391971945762634, -0.9999669194221497, -0.006105944514274597, 0.005371877923607826, -0.9980729818344116, 0.184769868850708, 0.5810648202896118, -0.8174705505371094, -0.9999803304672241, -0.9999107718467712, -0.9999797344207764, -1.0, 0.0007757681887596846, -0.9737111330032349, -0.8078408241271973, -0.9487367272377014, -0.9922668933868408, -1.0, -0.999501645565033, -0.024580063298344612, 0.023665349930524826, -0.7839550375938416, -0.5429702401161194, -0.6204057335853577, -0.9878719449043274, -0.8710203170776367, -0.8797488808631897, -0.7519364953041077]], "general_static": {"gains_and_scale_normalized": [-0.7839550551599593, -0.5429702645689432, -0.6204057339517131], "mass_normalized": [-0.9878719338518809], "robot_dimensions_normalized": [-0.8710203319444898, -0.879748871400886, -0.7519364906419149], "trunk_attributes_normalized": [-0.9915111831635022, -0.17243082404957444, -0.029910422500098566, 0.8329622707490889, -1.0001613542216814, -0.9992202362202735, -0.9995912753867595]},