{"n_joints": 12, "joint_descriptions": [[-0.18896088004112244, -0.2101641595363617, 0.4211946427822113, 0.0009182175272144377, -0.9999991059303284, 0.0009655088069848716, -0.9984439611434937, -0.20087692141532898, -0.6565853953361511, 0.417538583278656, -0.9999938607215881, -1.0000026226043701, -0.9999874830245972, -0.6000000238418579, 0.06264690309762955, -0.9754815697669983, -0.8062105774879456, -0.9301115274429321, -0.9938925504684448, -1.0, -0.9994863867759705, -0.2683723568916321, 0.18871264159679413, -0.7819411158561707, -0.5545280575752258, -0.6155480742454529, -0.987403929233551, -0.8636418581008911, -0.8785997033119202, -0.728461503982544], [-0.2010532021522522, -0.6530367136001587, 0.41661542654037476, -0.7952427268028259, 0.011181822046637535, -0.6061881184577942, -0.9984074234962463, 0.20897041261196136, -0.686344563961029, 0.13807561993598938, -1.0000168085098267, -0.9999814033508301, -0.9999918341636658, -0.6000000238418579, 0.001465370412915945, -0.9777347445487976, -0.7839263081550598, -0.9340863823890686, -0.9927164912223816, -1.0, -0.9995147585868835, -0.022031016647815704, 0.08386214077472687, -0.7819411158561707, -0.5545280575752258, -0.6155480742454529, -0.987403929233551, -0.8636418581008911, -0.8785997033119202, -0.728461503982544], [0.25630077719688416, -0.6382215619087219, 0.12599605321884155, 0.5999603271484375, -0.017028486356139183, -0.7998484969139099, -0.9995241761207581, 0.5625894665718079, -0.6648756861686707, -0.07180493324995041, -0.9999957084655762, -1.000008225440979, -0.9999936819076538, -0.6000000238418579, 0.0007621309487149119, -0.973235011100769, -0.7730528712272644, -1.0, -0.9933394193649292, -0.9291256666183472, -0.9995297789573669, -0.045203156769275665, 0.09551440179347992, -0.7819411158561707, -0.5545280575752258, -0.6155480742454529, -0.987403929233551, -0.8636418581008911, -0.8785997033119202, -0.728461503982544], [0.7414509654045105, -0.632249116897583, -0.16746066510677338, -0.011479287408292294, -0.999905526638031, 0.0075609865598380566, -0.9965851306915283, 0.18173901736736298, -0.6660026907920837, -0.4334408938884735, -0.9998442530632019, -0.9999426603317261, -1.0001250505447388, -0.6000000238418579, -0.12439946085214615, -0.976239025592804, -0.7743124961853027, -0.9647988080978394, -0.994126558303833, -1.0, -0.9994993805885315, -0.24677163362503052, 0.09973258525133133, -0.7819411158561707, -0.5545280575752258, -0.6155480742454529, -0.987403929233551, -0.8636418581008911, -0.8785997033119202, -0.728461503982544], [-0.3717307448387146, -0.6268703937530518, -0.7269494533538818, -0.015616259537637234, -0.9998754858970642, 0.002268474316224456, -0.9992560744285583, -0.33394137024879456, -0.5982534289360046, -0.7378129959106445, -0.9999824166297913, -1.0000039339065552, -0.9999826550483704, -0.6000000238418579, 0.06032199412584305, -0.9744213223457336, -0.7545045614242554, -0.9190493822097778, -0.9930017590522766, -1.0, -0.9994296431541443, -0.19970601797103882, 0.08229558914899826, -0.7819411158561707, -0.5545280575752258, -0.6155480742454529, -0.987403929233551, -0.8636418581008911, -0.8785997033119202, -0.728461503982544], [0.3294511139392853, -0.6157820224761963, -0.7350902557373047, -0.9998162984848022, 0.019154613837599754, -0.000657547963783145, -0.9979866147041321, 0.10430766642093658, -0.615635871887207, -0.8084971904754639, -0.9999642372131348, -0.9999374747276306, -0.9999735951423645, -1.0, -0.0017984049627557397, -0.9732972979545593, -0.789983332157135, -0.7848841547966003, -0.9938381314277649, -1.0, -0.9995561838150024, -0.014630725607275963, 0.015337969176471233, -0.7819411158561707, -0.5545280575752258, -0.6155480742454529, -0.987403929233551, -0.8636418581008911, -0.8785997033119202, -0.728461503982544], [-0.17736761271953583, 0.14008617401123047, 0.41719987988471985, -0.008172184228897095, 0.9999480247497559, 0.006096729077398777, -0.9983387589454651, -0.15478557348251343, 0.5860894918441772, 0.41039347648620605, -0.9999929666519165, -1.0000004768371582, -0.9999851584434509, -0.6000000238418579, -0.060186050832271576, -0.9760652780532837, -0.7943090200424194, -0.9501185417175293, -0.9920375943183899, -1.0, -0.9994707703590393, -0.18311923742294312, 0.2665926218032837, -0.7819411158561707, -0.5545280575752258, -0.6155480742454529, -0.987403929233551, -0.8636418581008911, -0.8785997033119202, -0.728461503982544], [-0.17547260224819183, 0.5899404883384705, 0.4150087833404541, -0.8032181262969971, 0.003409577999264002, -0.5956752300262451, -0.9983653426170349, 0.20490729808807373, 0.5788130760192871, 0.1261507123708725, -1.0000174045562744, -0.9999817609786987, -0.9999916553497314, -0.6000000238418579, 0.0007627663435414433, -0.9729872345924377, -0.7877097725868225, -0.983188271522522, -0.9938397407531738, -0.9744148850440979, -0.9994914531707764, -0.08343623578548431, 0.026562657207250595, -0.7819411158561707, -0.5545280575752258, -0.6155480742454529, -0.987403929233551, -0.8636418581008911, -0.8785997033119202, -0.728461503982544], [0.27975577116012573, 0.6028645038604736, 0.08638441562652588, 0.5982749462127686, -0.003018768271431327, -0.8012852072715759, -0.999553918838501, 0.5995118021965027, 0.5569989085197449, -0.106516033411026, -0.9999949932098389, -1.0000083446502686, -0.9999948740005493, -0.6000000238418579, -0.0018302679527550936, -0.9776206612586975, -0.779782772064209, -0.9844308495521545, -0.9930857419967651, -1.0, -0.9994679689407349, -0.0911673903465271, 0.03878564387559891, -0.7819411158561707, -0.5545280575752258, -0.6155480742454529, -0.987403929233551, -0.8636418581008911, -0.8785997033119202, -0.728461503982544], [0.7508851885795593, 0.600216269493103, -0.21958716213703156, -0.005419551860541105, 0.9999440312385559, -0.009084749035537243, -0.9966744184494019, 0.16656242311000824, 0.6446416974067688, -0.49713364243507385, -0.9998486638069153, -0.999943196773529, -1.0001263618469238, -0.6000000238418579, 0.12488770484924316, -0.9764440655708313, -0.7964182496070862, -0.9169378876686096, -0.9929906725883484, -1.0, -0.9994716048240662, -0.09497697651386261, 0.2614929974079132, -0.7819411158561707, -0.5545280575752258, -0.6155480742454529, -0.987403929233551, -0.8636418581008911, -0.8785997033119202, -0.728461503982544], [-0.36628422141075134, 0.592696487903595, -0.7464894652366638, -0.00013646700244862586, 0.9999527931213379, -0.009718291461467743, -0.9993292689323425, -0.34835225343704224, 0.6164531707763672, -0.7454161643981934, -0.999982476234436, -1.0000030994415283, -0.9999830722808838, -0.6000000238418579, -0.0630769208073616, -0.9730761051177979, -0.775592565536499, -0.8675230145454407, -0.9939612150192261, -0.9986521601676941, -0.9995025992393494, -0.08485846221446991, 0.2026422917842865, -0.7819411158561707, -0.5545280575752258, -0.6155480742454529, -0.987403929233551, -0.8636418581008911, -0.8785997033119202, -0.728461503982544], [0.347087562084198, 0.6003428101539612, -0.7412870526313782, -0.9999251961708069, -0.0028508997056633234, 0.011893397197127342, -0.9980258941650391, 0.12689392268657684, 0.5958859920501709, -0.8223813772201538, -0.9999669194221497, -0.9999374747276306, -0.999975323677063, -1.0, 0.00011990869825240225, -0.9743210673332214, -0.8072763085365295, -0.9022812247276306, -0.9920556545257568, -1.0, -0.9994946718215942, -0.02151167020201683, 0.023229200392961502, -0.7819411158561707, -0.5545280575752258, -0.6155480742454529, -0.987403929233551, -0.8636418581008911, -0.8785997033119202, -0.728461503982544]], "general_static": {"gains_and_scale_normalized": [-0.7819411010017232, -0.5545280799552308, -0.6155480632687877], "mass_normalized": [-0.9874039016751689], "robot_dimensions_normalized": [-0.8636418704108109, -0.8785997097604586, -0.7284615095777374], "trunk_attributes_normalized": [-0.9911678482106633, -0.1792357981831566, -0.00784757804596159, 0.8288960683239834, -1.0001683526471246, -0.9994459552968242, -0.999388124891558]},