{"n_joints": 12, "joint_descriptions": [[0.07997787743806839, -0.11473658680915833, 0.4906373620033264, -0.027754127979278564, -0.9994704723358154, -0.016985125839710236, -0.996597170829773, 0.10998564213514328, -0.6216375827789307, 0.5652255415916443, -1.0000239610671997, -1.000036597251892, -0.9999642968177795, -0.6000000238418579, 0.04878237843513489, -0.9646095633506775, -0.5728468298912048, -1.0, -0.9847527742385864, -0.1867157220840454, -0.9995622634887695, -0.27617552876472473, 0.17981736361980438, -0.670929491519928, -0.299483984708786, -0.6756578087806702, -0.9649147391319275, -0.7565052509307861, -0.7795815467834473, -0.7352326512336731], [0.06169065460562706, -0.5724090933799744, 0.5334156155586243, -0.8314267992973328, -0.06879125535488129, -0.5513594746589661, -0.995395302772522, 0.19919900596141815, -0.462784081697464, 0.3413660228252411, -1.0001273155212402, -0.9998630881309509, -1.0000934600830078, -0.6000000238418579, -0.00801072921603918, -0.9446196556091309, -0.7620963454246521, -0.45640960335731506, -0.99476158618927, -0.4154644012451172, -0.998986005783081, -0.0324396975338459, 0.025845825672149658, -0.670929491519928, -0.299483984708786, -0.6756578087806702, -0.9649147391319275, -0.7565052509307861, -0.7795815467834473, -0.7352326512336731], [0.2289315164089203, -0.665826141834259, 0.11131606996059418, 0.4838908612728119, 0.006534841377288103, -0.8751039505004883, -0.9990025162696838, 0.44976210594177246, -0.5765938758850098, -0.13659043610095978, -0.9999850988388062, -1.0000025033950806, -0.9999313950538635, -0.6000000238418579, -0.001764508429914713, -0.9795384407043457, -0.6449976563453674, -0.22882091999053955, -0.9935071468353271, -1.0, -0.9986181855201721, -0.07048388570547104, 0.062089841812849045, -0.670929491519928, -0.299483984708786, -0.6756578087806702, -0.9649147391319275, -0.7565052509307861, -0.7795815467834473, -0.7352326512336731], [0.45180365443229675, -0.7426003217697144, -0.30826956033706665, 0.04472365975379944, -0.9989092946052551, 0.01341811940073967, -0.9925107359886169, 0.1533057689666748, -0.6817254424095154, -0.5867274403572083, -0.9988440275192261, -0.9987224340438843, -1.0009218454360962, -0.6000000238418579, -0.12072090804576874, -0.95449298620224, -0.6767823696136475, -1.0, -0.98269122838974, -0.18691283464431763, -0.999184787273407, -0.30463457107543945, 0.10203924030065536, -0.670929491519928, -0.299483984708786, -0.6756578087806702, -0.9649147391319275, -0.7565052509307861, -0.7795815467834473, -0.7352326512336731], [-0.14807602763175964, -0.7364799380302429, -0.7056764364242554, 0.01779235526919365, -0.9987162947654724, 0.04742542654275894, -0.9985644221305847, -0.09996829926967621, -0.703271210193634, -0.620923638343811, -0.9999690055847168, -1.0001059770584106, -0.999883770942688, -0.6000000238418579, 0.0630769208073616, -0.9769552946090698, -0.8630267977714539, -0.935634970664978, -0.9908140301704407, -1.0, -0.9998441934585571, -0.20403680205345154, 0.021551774814724922, -0.670929491519928, -0.299483984708786, -0.6756578087806702, -0.9649147391319275, -0.7565052509307861, -0.7795815467834473, -0.7352326512336731], [0.4192444682121277, -0.7240895628929138, -0.7482678294181824, -0.9934774041175842, 0.043418969959020615, 0.10543907433748245, -0.9912780523300171, 0.18507423996925354, -0.76268470287323, -0.9063019156455994, -1.000053882598877, -0.9993166923522949, -0.999631941318512, -1.0, 0.011245458386838436, -0.9799588918685913, -0.5829711556434631, -1.0, -0.981310248374939, -1.0, -0.9988810420036316, -0.062348440289497375, 0.07153324037790298, -0.670929491519928, -0.299483984708786, -0.6756578087806702, -0.9649147391319275, -0.7565052509307861, -0.7795815467834473, -0.7352326512336731], [0.13065217435359955, 0.3410321772098541, 0.5316275358200073, 0.04861518368124962, 0.9983175992965698, -0.03159988299012184, -0.9961972832679749, 0.06671231985092163, 0.8460655808448792, 0.5807213187217712, -1.0000163316726685, -1.000063419342041, -0.9999462366104126, -0.6000000238418579, -0.06869988143444061, -0.9731708765029907, -0.5537609457969666, -1.0, -0.9974734783172607, -0.8812261819839478, -0.9990831613540649, -0.2343255579471588, 0.2567172944545746, -0.670929491519928, -0.299483984708786, -0.6756578087806702, -0.9649147391319275, -0.7565052509307861, -0.7795815467834473, -0.7352326512336731], [0.1290654093027115, 0.8830186724662781, 0.4872494637966156, -0.747559130191803, -0.020628932863473892, -0.6638748645782471, -0.9957495331764221, 0.3454303741455078, 0.8424005508422852, 0.35165679454803467, -1.000051736831665, -0.9998201727867126, -1.0000958442687988, -0.6000000238418579, 0.0026629355270415545, -0.9851964116096497, -0.6878993511199951, 0.03324129432439804, -0.9844514727592468, -1.0, -0.9992641806602478, -0.0245197843760252, -0.026048526167869568, -0.670929491519928, -0.299483984708786, -0.6756578087806702, -0.9649147391319275, -0.7565052509307861, -0.7795815467834473, -0.7352326512336731], [0.3892512917518616, 0.8139432668685913, 0.2964319884777069, 0.6418241262435913, -0.03599796071648598, -0.7660065293312073, -0.9985047578811646, 0.5675479769706726, 0.8683649301528931, 0.015705207362771034, -0.9999894499778748, -1.0000152587890625, -0.9999287724494934, -0.6000000238418579, 0.01220129244029522, -0.9439468383789062, -0.7318355441093445, -0.8636849522590637, -0.9896107316017151, -0.10014170408248901, -0.9991002678871155, -0.10032881796360016, 0.08013711124658585, -0.670929491519928, -0.299483984708786, -0.6756578087806702, -0.9649147391319275, -0.7565052509307861, -0.7795815467834473, -0.7352326512336731], [0.6502872109413147, 0.8488008379936218, 0.007495822850614786, 0.07453790307044983, 0.9969228506088257, 0.024267371743917465, -0.9899197220802307, 0.4296649396419525, 0.809037446975708, -0.2263229340314865, -0.9980586171150208, -0.9977738261222839, -1.0013141632080078, -0.6000000238418579, 0.1115877628326416, -0.9710220694541931, -0.49614405632019043, -0.8788327574729919, -0.9900044202804565, -1.0, -0.9995903968811035, -0.15611281991004944, 0.20373216271400452, -0.670929491519928, -0.299483984708786, -0.6756578087806702, -0.9649147391319275, -0.7565052509307861, -0.7795815467834473, -0.7352326512336731], [0.060874924063682556, 0.9168059229850769, -0.6272904872894287, 0.07528257369995117, 0.9968959093093872, 0.023046180605888367, -0.9971441030502319, 0.15834692120552063, 0.8208193182945251, -0.6223958134651184, -1.0000065565109253, -1.000141978263855, -0.9998466968536377, -0.6000000238418579, -0.05141418054699898, -0.9808737635612488, -0.7381736040115356, -0.743320882320404, -0.983648955821991, -0.9078798890113831, -0.9995298385620117, -0.02708570472896099, 0.21959775686264038, -0.670929491519928, -0.299483984708786, -0.6756578087806702, -0.9649147391319275, -0.7565052509307861, -0.7795815467834473, -0.7352326512336731], [0.5621092915534973, 0.890138566493988, -0.6072549223899841, -0.9962595105171204, 0.08302145451307297, -0.02396831475198269, -0.9918501377105713, 0.3319331705570221, 0.916402280330658, -0.692140519618988, -1.000069260597229, -0.9993117451667786, -0.999366044998169, -1.0, -0.0024285989347845316, -0.9900249242782593, -0.5275427103042603, -0.796613872051239, -0.9967569708824158, -0.9050085544586182, -0.9992995262145996, -0.04941073805093765, 0.02372172847390175, -0.670929491519928, -0.299483984708786, -0.6756578087806702, -0.9649147391319275, -0.7565052509307861, -0.7795815467834473, -0.7352326512336731]], "general_static": {"gains_and_scale_normalized": [-0.6709294857875241, -0.2994839778833085, -0.6756577871629841], "mass_normalized": [-0.9649147302376484], "robot_dimensions_normalized": [-0.7565052442342978, -0.779581566118244, -0.7352326656027987], "trunk_attributes_normalized": [-0.9783443634072224, 0.17616385990596495, 0.004818443253947757, 0.8237594189747963, -1.0046796194292456, -0.9971476190382308, -0.9990523107017769]},