{"n_joints": 12, "joint_descriptions": [[-0.23605413734912872, -0.2824721038341522, 0.43476057052612305, -0.00015150848776102066, -0.9999998807907104, -0.0004104900290258229, -0.9981083273887634, -0.22577045857906342, -0.750551164150238, 0.43656089901924133, -0.9999891519546509, -1.0000028610229492, -0.9999820590019226, -0.6000000238418579, 0.06331288814544678, -0.9707068204879761, -0.7711998820304871, -0.867890477180481, -0.9935318231582642, -0.8889456391334534, -0.9994730949401855, -0.27150893211364746, 0.18435251712799072, -0.7741806507110596, -0.4982738792896271, -0.6305980086326599, -0.9838667511940002, -0.8536680936813354, -0.8659283518791199, -0.6919403076171875], [-0.26054292917251587, -0.6977190971374512, 0.437558650970459, -0.7816820740699768, -0.008844710886478424, -0.6236143708229065, -0.9980430006980896, 0.14737340807914734, -0.6889744400978088, 0.1717343032360077, -1.0000278949737549, -0.9999762773513794, -0.9999839663505554, -0.6000000238418579, -0.002368431305512786, -0.9737223982810974, -0.7483502626419067, -1.0, -0.9933410286903381, -1.0, -0.9993818402290344, -0.021444007754325867, 0.07730114459991455, -0.7741806507110596, -0.4982738792896271, -0.6305980086326599, -0.9838667511940002, -0.8536680936813354, -0.8659283518791199, -0.6919403076171875], [0.2506328821182251, -0.6567251682281494, 0.14395906031131744, 0.6173234581947327, 0.009759519249200821, -0.7866488695144653, -0.999410092830658, 0.5991072654724121, -0.652987539768219, -0.06251703947782516, -0.9999951124191284, -1.0000139474868774, -0.9999921321868896, -0.6000000238418579, 0.000755121058318764, -0.97374027967453, -0.765619158744812, -1.0, -0.9914171099662781, -0.9829245805740356, -0.9994165301322937, -0.0541074201464653, 0.0954289361834526, -0.7741806507110596, -0.4982738792896271, -0.6305980086326599, -0.9838667511940002, -0.8536680936813354, -0.8659283518791199, -0.6919403076171875], [0.7319807410240173, -0.6668336391448975, -0.16275566816329956, -0.002272728830575943, -0.9997876286506653, -0.020483391359448433, -0.9958369135856628, 0.13418172299861908, -0.6908981204032898, -0.4312915503978729, -0.99980628490448, -0.9999088048934937, -1.0001442432403564, -0.6000000238418579, -0.12269633263349533, -0.9707666039466858, -0.7679327130317688, -0.8794726133346558, -0.9930076003074646, -1.0, -0.999462366104126, -0.25408777594566345, 0.10165117681026459, -0.7741806507110596, -0.4982738792896271, -0.6305980086326599, -0.9838667511940002, -0.8536680936813354, -0.8659283518791199, -0.6919403076171875], [-0.40401068329811096, -0.655275821685791, -0.716206431388855, 0.01822594366967678, -0.9995454549789429, -0.024014757946133614, -0.9990479350090027, -0.335370808839798, -0.6207679510116577, -0.7239037156105042, -0.9999696612358093, -1.0000051259994507, -0.9999778866767883, -0.6000000238418579, 0.0630769208073616, -0.9744955897331238, -0.7562476992607117, -1.0, -0.9917426109313965, -1.0, -0.9994369745254517, -0.19108983874320984, 0.08411917835474014, -0.7741806507110596, -0.4982738792896271, -0.6305980086326599, -0.9838667511940002, -0.8536680936813354, -0.8659283518791199, -0.6919403076171875], [0.2600001096725464, -0.6420263648033142, -0.7054576873779297, -0.9994947910308838, -0.005000622943043709, -0.031386759132146835, -0.997164785861969, 0.024493902921676636, -0.637697696685791, -0.7871374487876892, -0.9999386072158813, -0.9999150633811951, -0.9999569654464722, -1.0, -0.00018814012582879514, -0.972678005695343, -0.760219395160675, -0.8702155947685242, -0.9915236234664917, -0.9704769849777222, -0.9994714260101318, -0.016373494639992714, 0.025198254734277725, -0.7741806507110596, -0.4982738792896271, -0.6305980086326599, -0.9838667511940002, -0.8536680936813354, -0.8659283518791199, -0.6919403076171875], [-0.19484387338161469, 0.0824805274605751, 0.4269918203353882, -0.0024444677401334047, 0.9999961853027344, 0.0012692592572420835, -0.9979168176651001, -0.16997486352920532, 0.5248180031776428, 0.42088305950164795, -0.9999858736991882, -0.9999997615814209, -0.9999772310256958, -0.6000000238418579, -0.06132139638066292, -0.9760841131210327, -0.7425457835197449, -0.7878028154373169, -0.9923610687255859, -1.0, -0.9995165467262268, -0.19561149179935455, 0.2699193060398102, -0.7741806507110596, -0.4982738792896271, -0.6305980086326599, -0.9838667511940002, -0.8536680936813354, -0.8659283518791199, -0.6919403076171875], [-0.22237420082092285, 0.5136874318122864, 0.4245276153087616, -0.7970612645149231, 0.0005681731272488832, -0.6038981676101685, -0.9980685710906982, 0.18281033635139465, 0.5219464302062988, 0.14066997170448303, -1.0000277757644653, -0.9999780058860779, -0.9999851584434509, -0.6000000238418579, -0.0015761858085170388, -0.9760225415229797, -0.7707722187042236, -0.8102860450744629, -0.9922441840171814, -1.0, -0.9995019435882568, -0.0768435001373291, 0.021133720874786377, -0.7741806507110596, -0.4982738792896271, -0.6305980086326599, -0.9838667511940002, -0.8536680936813354, -0.8659283518791199, -0.6919403076171875], [0.25072798132896423, 0.5229974985122681, 0.11728697270154953, 0.6038109660148621, 0.010658349841833115, -0.797056257724762, -0.9994027614593506, 0.5923383831977844, 0.5426398515701294, -0.08510207384824753, -0.9999933838844299, -1.0000144243240356, -0.999993622303009, -0.6000000238418579, 0.0006130443071015179, -0.973436176776886, -0.7493846416473389, -0.9111813306808472, -0.9925370812416077, -1.0, -0.9994410872459412, -0.10047850757837296, 0.039480987936258316, -0.7741806507110596, -0.4982738792896271, -0.6305980086326599, -0.9838667511940002, -0.8536680936813354, -0.8659283518791199, -0.6919403076171875], [0.7436316609382629, 0.5242452621459961, -0.1817059963941574, 0.0003438072744756937, 0.9996981024742126, 0.024567225947976112, -0.9957775473594666, 0.14179015159606934, 0.5625095963478088, -0.44899702072143555, -0.999799370765686, -0.9999128580093384, -1.0001418590545654, -0.6000000238418579, 0.12316985428333282, -0.9729105234146118, -0.7380500435829163, -1.0, -0.9924198985099792, -1.0, -0.9994460344314575, -0.10004296153783798, 0.2548358738422394, -0.7741806507110596, -0.4982738792896271, -0.6305980086326599, -0.9838667511940002, -0.8536680936813354, -0.8659283518791199, -0.6919403076171875], [-0.41547805070877075, 0.5434624552726746, -0.7300488948822021, -0.010986091569066048, 0.9997957348823547, 0.016963787376880646, -0.9991440773010254, -0.36649566888809204, 0.5538809299468994, -0.7344365119934082, -0.9999712109565735, -1.000004768371582, -0.9999791979789734, -0.6000000238418579, -0.062350768595933914, -0.9710424542427063, -0.7665113210678101, -0.9320812225341797, -0.9932767748832703, -1.0, -0.9994344115257263, -0.08293771743774414, 0.1937628537416458, -0.7741806507110596, -0.4982738792896271, -0.6305980086326599, -0.9838667511940002, -0.8536680936813354, -0.8659283518791199, -0.6919403076171875], [0.2576729953289032, 0.5796929597854614, -0.7301158905029297, -0.9998840689659119, -0.014466467313468456, -0.004755563568323851, -0.9972776770591736, 0.06387342512607574, 0.5621657371520996, -0.8131173253059387, -0.999943196773529, -0.999919056892395, -0.999958872795105, -1.0, -0.0017797502223402262, -0.9724122285842896, -0.7727611660957336, -0.7762461304664612, -0.9913942217826843, -1.0, -0.9994272589683533, -0.01492121908813715, 0.016233056783676147, -0.7741806507110596, -0.4982738792896271, -0.6305980086326599, -0.9838667511940002, -0.8536680936813354, -0.8659283518791199, -0.6919403076171875]], "general_static": {"gains_and_scale_normalized": [-0.7741806246571843, -0.49827389039009506, -0.6305979815293141], "mass_normalized": [-0.9838667399546577], "robot_dimensions_normalized": [-0.8536681020755982, -0.8659283730849732, -0.6919403230731511], "trunk_attributes_normalized": [-0.9885015933347852, -0.21401915703487928, -0.10778954376311844, 0.8361632848270786, -1.0001979840813553, -0.9993145564687241, -0.9989914401430742]},