{"n_joints": 12, "joint_descriptions": [[-0.14652040600776672, -0.22527262568473816, 0.4230726659297943, -0.0021043352317065, -0.9999977350234985, 0.0003308600571472198, -0.9976922869682312, -0.14041858911514282, -0.6176044940948486, 0.42538246512413025, -0.9999943971633911, -1.0000027418136597, -0.9999657869338989, -0.6000000238418579, 0.060387615114450455, -0.9741895794868469, -0.7596958875656128, -0.8605302572250366, -0.991320013999939, -1.0, -0.9994828701019287, -0.2633729577064514, 0.20516951382160187, -0.7183297872543335, -0.46276888251304626, -0.5981752872467041, -0.982437014579773, -0.8364138603210449, -0.8851610422134399, -0.6900206804275513], [-0.15669991075992584, -0.6851803064346313, 0.4262010455131531, -0.8033788204193115, 0.004679006990045309, -0.5954498648643494, -0.9977842569351196, 0.23068250715732574, -0.6923273205757141, 0.15564502775669098, -1.0000295639038086, -0.9999316930770874, -0.9999772310256958, -0.6000000238418579, 0.0004652327043004334, -0.9729742407798767, -0.7456789016723633, -0.7264634370803833, -0.9922310709953308, -1.0, -0.9995472431182861, -0.012183263897895813, 0.07644731551408768, -0.7183297872543335, -0.46276888251304626, -0.5981752872467041, -0.982437014579773, -0.8364138603210449, -0.8851610422134399, -0.6900206804275513], [0.24197439849376678, -0.7189297080039978, 0.1150493323802948, 0.5982929468154907, -0.006510326638817787, -0.8012509942054749, -0.9993763566017151, 0.5540764927864075, -0.6735102534294128, -0.10118363052606583, -0.9999805688858032, -1.0000168085098267, -0.9999829530715942, -0.6000000238418579, 0.0023118010722100735, -0.9710729718208313, -0.7631722092628479, -1.0, -0.9938579797744751, -1.0, -0.9994003772735596, -0.04414547607302666, 0.08112622797489166, -0.7183297872543335, -0.46276888251304626, -0.5981752872467041, -0.982437014579773, -0.8364138603210449, -0.8851610422134399, -0.6900206804275513], [0.7123594880104065, -0.6798343658447266, -0.19053445756435394, -0.006568164099007845, -0.9999561309814453, -0.00668222364038229, -0.9952487945556641, 0.16841661930084229, -0.612133264541626, -0.4529793858528137, -0.9994345307350159, -1.0000039339065552, -1.0005303621292114, -0.6000000238418579, -0.12507686018943787, -0.9760081171989441, -0.7610226273536682, -1.0, -0.992780327796936, -0.8944705128669739, -0.9993970990180969, -0.2550199329853058, 0.10523771494626999, -0.7183297872543335, -0.46276888251304626, -0.5981752872467041, -0.982437014579773, -0.8364138603210449, -0.8851610422134399, -0.6900206804275513], [-0.36486878991127014, -0.6558618545532227, -0.7138803005218506, -0.008844242431223392, -0.9999555349349976, -0.0032750016544014215, -0.9990354776382446, -0.3483748137950897, -0.6537337303161621, -0.7176371812820435, -0.999966025352478, -1.0000025033950806, -0.9999390840530396, -0.6000000238418579, 0.059667158871889114, -0.9702125787734985, -0.7450491786003113, -0.822988748550415, -0.9921719431877136, -0.9807500243186951, -0.9994785785675049, -0.20823723077774048, 0.07650166004896164, -0.7183297872543335, -0.46276888251304626, -0.5981752872467041, -0.982437014579773, -0.8364138603210449, -0.8851610422134399, -0.6900206804275513], [0.37976348400115967, -0.6099585294723511, -0.7277823090553284, -0.9993767142295837, 0.00967409461736679, 0.03394933044910431, -0.9970475435256958, 0.1468300074338913, -0.610477864742279, -0.7996788620948792, -0.9999316930770874, -0.9997605085372925, -0.999976634979248, -1.0, 0.0020675798878073692, -0.9744202494621277, -0.7710933685302734, -1.0, -0.993794322013855, -1.0, -0.999362587928772, -0.023796698078513145, 0.022422928363084793, -0.7183297872543335, -0.46276888251304626, -0.5981752872467041, -0.982437014579773, -0.8364138603210449, -0.8851610422134399, -0.6900206804275513], [-0.1802293062210083, 0.0980638712644577, 0.4381776750087738, -0.0012921877205371857, 0.9999991059303284, 0.00029562378767877817, -0.9978748559951782, -0.1886664628982544, 0.4858650267124176, 0.45703646540641785, -0.9999945163726807, -0.9999979138374329, -0.9999646544456482, -0.6000000238418579, -0.06671922653913498, -0.9709855318069458, -0.7408887147903442, -0.8925583958625793, -0.9920768141746521, -0.9983230829238892, -0.9994258880615234, -0.18364907801151276, 0.2701480984687805, -0.7183297872543335, -0.46276888251304626, -0.5981752872467041, -0.982437014579773, -0.8364138603210449, -0.8851610422134399, -0.6900206804275513], [-0.1554897427558899, 0.48784127831459045, 0.4534073770046234, -0.78501296043396, 0.008983665145933628, -0.619414210319519, -0.997795820236206, 0.24772761762142181, 0.5210158824920654, 0.2120690792798996, -1.000031590461731, -0.999925971031189, -0.9999777674674988, -0.6000000238418579, -0.0008347923285327852, -0.9681999683380127, -0.7361928820610046, -0.9831646680831909, -0.9932165741920471, -1.0, -0.9994518756866455, -0.07044318318367004, 0.009078682400286198, -0.7183297872543335, -0.46276888251304626, -0.5981752872467041, -0.982437014579773, -0.8364138603210449, -0.8851610422134399, -0.6900206804275513], [0.3198705315589905, 0.5141288638114929, 0.14781038463115692, 0.6316903233528137, 0.007721748668700457, -0.7751823663711548, -0.9993962049484253, 0.6573423147201538, 0.47811704874038696, -0.06377407908439636, -0.9999805092811584, -1.0000157356262207, -0.9999853372573853, -0.6000000238418579, 0.00036662191268987954, -0.974825918674469, -0.7617291212081909, -1.0, -0.99142986536026, -0.8877115249633789, -0.9994494318962097, -0.08033458143472672, 0.0448109433054924, -0.7183297872543335, -0.46276888251304626, -0.5981752872467041, -0.982437014579773, -0.8364138603210449, -0.8851610422134399, -0.6900206804275513], [0.7486698031425476, 0.5442762970924377, -0.16901332139968872, -0.014357311651110649, 0.9998635053634644, 0.008177358657121658, -0.9951379299163818, 0.27022427320480347, 0.5712745785713196, -0.44150933623313904, -0.9994122385978699, -0.9999771118164062, -1.0005152225494385, -0.6000000238418579, 0.11943309754133224, -0.9726951718330383, -0.7900196313858032, -0.8634121417999268, -0.9927544593811035, -0.8804469704627991, -0.9993745684623718, -0.09772254526615143, 0.2608662545681, -0.7183297872543335, -0.46276888251304626, -0.5981752872467041, -0.982437014579773, -0.8364138603210449, -0.8851610422134399, -0.6900206804275513], [-0.26446670293807983, 0.5694600343704224, -0.7199625372886658, -0.007651276420801878, 0.999967098236084, 0.0026837962213903666, -0.9989731907844543, -0.2169823944568634, 0.5697916150093079, -0.7095681428909302, -0.9999685287475586, -1.000001072883606, -0.9999340176582336, -0.6000000238418579, -0.05712388455867767, -0.9731518030166626, -0.770784318447113, -0.9026662111282349, -0.9922077059745789, -1.0, -0.999383270740509, -0.08119718730449677, 0.20077812671661377, -0.7183297872543335, -0.46276888251304626, -0.5981752872467041, -0.982437014579773, -0.8364138603210449, -0.8851610422134399, -0.6900206804275513], [0.5129901170730591, 0.5598389506340027, -0.7157497406005859, -0.9994356036186218, -0.012861591763794422, -0.031034015119075775, -0.9970921874046326, 0.2610422372817993, 0.5310459136962891, -0.7910434603691101, -0.9999272227287292, -0.9997655153274536, -0.9999781847000122, -1.0, 0.0030559466686099768, -0.9751816391944885, -0.7719568014144897, -1.0, -0.9929324388504028, -0.824128270149231, -0.9993893504142761, -0.030954765155911446, 0.02487007901072502, -0.7183297872543335, -0.46276888251304626, -0.5981752872467041, -0.982437014579773, -0.8364138603210449, -0.8851610422134399, -0.6900206804275513]], "general_static": {"gains_and_scale_normalized": [-0.7183298123819231, -0.46276887825091695, -0.5981752948199308], "mass_normalized": [-0.9824370188891474], "robot_dimensions_normalized": [-0.83641384485753, -0.8851610661333377, -0.6900206900506753], "trunk_attributes_normalized": [-0.98802848023214, -0.087973516236033, -0.051785429038399666, 0.8274594239433068, -1.0000483688146977, -0.9979588239662954, -0.9987468550463988]},