{"n_joints": 12, "joint_descriptions": [[-0.01604672707617283, 0.16617989540100098, 0.43422403931617737, -0.007177312392741442, -0.9993266463279724, 0.0359819270670414, -0.9981042742729187, -0.011071812361478806, -0.1471596360206604, 0.45420336723327637, -1.0000100135803223, -1.0000065565109253, -0.9999791383743286, -0.6000000238418579, 0.06148334965109825, -0.9860919713973999, -0.7799489498138428, -0.6648722290992737, -0.9877663254737854, -1.0, -0.9992664456367493, -0.2755557894706726, 0.23886869847774506, -0.6716347932815552, -0.48838010430336, -0.5207661986351013, -0.9863420724868774, -0.8138733506202698, -0.847449779510498, -0.7987949848175049], [0.07914575189352036, -0.39439985156059265, 0.4308719336986542, -0.8215934634208679, -0.05800331383943558, -0.567115306854248, -0.9978313446044922, 0.3353957533836365, -0.42465710639953613, 0.07572244852781296, -1.0000083446502686, -0.9999402761459351, -1.000012755393982, -0.6000000238418579, 0.008803742937743664, -0.9735561013221741, -0.8447048664093018, -0.2544679045677185, -0.9892431497573853, -0.9119570851325989, -0.9998665452003479, -0.027614343911409378, 0.07115226238965988, -0.6716347932815552, -0.48838010430336, -0.5207661986351013, -0.9863420724868774, -0.8138733506202698, -0.847449779510498, -0.7987949848175049], [0.33226561546325684, -0.5411927103996277, 0.10521961748600006, 0.5901745557785034, -0.03141389414668083, -0.806664228439331, -0.9994349479675293, 0.48460817337036133, -0.5860085487365723, -0.07748221606016159, -0.999980628490448, -1.0000009536743164, -0.9999808669090271, -0.6000000238418579, -0.005197770427912474, -0.9761542081832886, -0.7558796405792236, -0.6773669719696045, -0.9986341595649719, -1.0, -0.9996962547302246, -0.011989714577794075, 0.10283633321523666, -0.6716347932815552, -0.48838010430336, -0.5207661986351013, -0.9863420724868774, -0.8138733506202698, -0.847449779510498, -0.7987949848175049], [0.6716992259025574, -0.6047127842903137, -0.14846138656139374, 0.05897999554872513, -0.9936563968658447, 0.09575119614601135, -0.9962078332901001, 0.44943755865097046, -0.5126158595085144, -0.45096275210380554, -0.9995861053466797, -0.9999925494194031, -1.0005520582199097, -0.6000000238418579, -0.12055180966854095, -0.9880281090736389, -0.6948527693748474, -0.6652557253837585, -0.9893488883972168, -1.0, -0.9995262622833252, -0.2562943994998932, 0.07670443505048752, -0.6716347932815552, -0.48838010430336, -0.5207661986351013, -0.9863420724868774, -0.8138733506202698, -0.847449779510498, -0.7987949848175049], [0.04165879637002945, -0.6046590209007263, -0.642132580280304, 0.005640837363898754, -0.9980522394180298, 0.06212802231311798, -0.9992508888244629, -0.01996176689863205, -0.5167108774185181, -0.584333598613739, -0.9999873638153076, -1.0000020265579224, -0.9999359250068665, -0.6000000238418579, 0.05132686719298363, -0.9780364632606506, -0.7614574432373047, -0.3046872317790985, -0.9961022138595581, -0.44864386320114136, -0.999399721622467, -0.2415558099746704, 0.04473758861422539, -0.6716347932815552, -0.48838010430336, -0.5207661986351013, -0.9863420724868774, -0.8138733506202698, -0.847449779510498, -0.7987949848175049], [0.7446678280830383, -0.5865792632102966, -0.7010534405708313, -0.997551441192627, -0.03298395872116089, 0.06167030707001686, -0.9981520175933838, 0.6236889362335205, -0.5875060558319092, -0.7838820815086365, -0.9999739527702332, -0.9998458623886108, -0.9999757409095764, -1.0, -0.003562922589480877, -0.9715067148208618, -0.710580587387085, -1.0, -0.99814373254776, -0.9067686200141907, -0.9996121525764465, -0.0550680086016655, 0.022074514999985695, -0.6716347932815552, -0.48838010430336, -0.5207661986351013, -0.9863420724868774, -0.8138733506202698, -0.847449779510498, -0.7987949848175049], [-0.19895198941230774, 0.5040214657783508, 0.46607619524002075, -0.004219153895974159, 0.9999871850013733, 0.002787827281281352, -0.9984973073005676, -0.2671761214733124, 0.8192980885505676, 0.5433962941169739, -1.0000042915344238, -1.0000032186508179, -0.99998539686203, -0.6000000238418579, -0.06334444880485535, -0.9625172019004822, -0.8433396816253662, -1.0, -0.9931291937828064, -0.4750663638114929, -0.9991863965988159, -0.2039799690246582, 0.26717233657836914, -0.6716347932815552, -0.48838010430336, -0.5207661986351013, -0.9863420724868774, -0.8138733506202698, -0.847449779510498, -0.7987949848175049], [-0.14911824464797974, 0.9979624152183533, 0.4358040392398834, -0.7705905437469482, -0.003475636476650834, -0.6373210549354553, -0.9976983070373535, 0.10573123395442963, 0.9252103567123413, 0.2867026925086975, -1.0000094175338745, -0.9999196529388428, -1.0000067949295044, -0.6000000238418579, 0.007090779487043619, -0.9595238566398621, -0.8184982538223267, -1.0, -0.9908552169799805, -0.936775803565979, -0.999219536781311, -0.0973055362701416, 0.031773895025253296, -0.6716347932815552, -0.48838010430336, -0.5207661986351013, -0.9863420724868774, -0.8138733506202698, -0.847449779510498, -0.7987949848175049], [0.142024964094162, 0.9115906953811646, 0.17201288044452667, 0.6288374066352844, -0.052917733788490295, -0.775734007358551, -0.999579131603241, 0.25466564297676086, 0.7667336463928223, -0.05126114934682846, -0.9999854564666748, -1.000003695487976, -0.9999867677688599, -0.6000000238418579, -0.0025015089195221663, -0.9678869843482971, -0.8630685806274414, -1.0, -0.9948340654373169, -0.3434716463088989, -0.9994788765907288, -0.046610698103904724, 0.07606606185436249, -0.6716347932815552, -0.48838010430336, -0.5207661986351013, -0.9863420724868774, -0.8138733506202698, -0.847449779510498, -0.7987949848175049], [0.36537644267082214, 0.863594651222229, -0.26626893877983093, -0.03532550483942032, 0.9973803162574768, -0.06312347203493118, -0.9960798621177673, 0.16907933354377747, 0.7836277484893799, -0.5338186621665955, -0.9994895458221436, -0.9997920393943787, -1.0005367994308472, -0.6000000238418579, 0.12442468106746674, -0.9748979210853577, -0.8969374299049377, -0.3966589570045471, -0.9932841658592224, -1.0, -0.9996522068977356, -0.09933057427406311, 0.23332752287387848, -0.6716347932815552, -0.48838010430336, -0.5207661986351013, -0.9863420724868774, -0.8138733506202698, -0.847449779510498, -0.7987949848175049], [-0.2916683256626129, 0.761512041091919, -0.7181572318077087, 0.023123271763324738, 0.9953750371932983, -0.09324061870574951, -0.9989180564880371, -0.26388415694236755, 0.66716468334198, -0.7464118003845215, -0.9999891519546509, -1.0000033378601074, -0.9999297857284546, -0.6000000238418579, -0.04889430105686188, -0.9848767518997192, -0.7640197277069092, -1.0, -0.9893220067024231, -0.9377073049545288, -0.9996687173843384, -0.050318844616413116, 0.2321844846010208, -0.6716347932815552, -0.48838010430336, -0.5207661986351013, -0.9863420724868774, -0.8138733506202698, -0.847449779510498, -0.7987949848175049], [0.3080170452594757, 0.636091411113739, -0.7185794711112976, -0.9985390901565552, 0.017059188336133957, 0.05127076804637909, -0.9976575374603271, 0.010557031258940697, 0.6849440932273865, -0.8361868262290955, -1.0000051259994507, -0.9997748136520386, -0.9999756217002869, -1.0, 0.011428305879235268, -0.969953179359436, -0.701921820640564, -1.0, -0.9976425766944885, -0.2800940275192261, -0.9996797442436218, -0.0638294592499733, 0.05651772394776344, -0.6716347932815552, -0.48838010430336, -0.5207661986351013, -0.9863420724868774, -0.8138733506202698, -0.847449779510498, -0.7987949848175049]], "general_static": {"gains_and_scale_normalized": [-0.6716348143850467, -0.48838010008781785, -0.5207662236102131], "mass_normalized": [-0.9863420710357309], "robot_dimensions_normalized": [-0.8138733535741468, -0.8474497624993315, -0.7987950020319423], "trunk_attributes_normalized": [-0.9918581377978984, 0.03801932781426043, 0.34933948327263753, 0.8720413008278618, -1.0003739621354795, -0.9983244682932246, -0.9997795758964978]},