{"n_joints": 12, "joint_descriptions": [[-0.24303478002548218, -0.2693222463130951, 0.427704393863678, -0.0054926020093262196, -0.9999805092811584, 0.0029629243072122335, -0.9980676770210266, -0.23670421540737152, -0.7061718106269836, 0.42903003096580505, -0.9999858140945435, -1.0000020265579224, -0.9999777674674988, -0.6000000238418579, 0.06378231197595596, -0.9709251523017883, -0.7572736740112305, -0.862971842288971, -0.9933710098266602, -0.8910095691680908, -0.9995130896568298, -0.2729278802871704, 0.1876712292432785, -0.7661513090133667, -0.5207840800285339, -0.6407673954963684, -0.9841214418411255, -0.8493840098381042, -0.8723515868186951, -0.6791287064552307], [-0.27403417229652405, -0.6630820035934448, 0.4301544725894928, -0.7872226238250732, -0.016315121203660965, -0.6164530515670776, -0.998059868812561, 0.13096165657043457, -0.6555776000022888, 0.1661710888147354, -1.0000338554382324, -0.9999731183052063, -0.9999772310256958, -0.6000000238418579, -0.002340947277843952, -0.9734758734703064, -0.7410500049591064, -0.9482450485229492, -0.9936060309410095, -0.9831770658493042, -0.9994117021560669, -0.021462636068463326, 0.07651757448911667, -0.7661513090133667, -0.5207840800285339, -0.6407673954963684, -0.9841214418411255, -0.8493840098381042, -0.8723515868186951, -0.6791287064552307], [0.243398517370224, -0.625063955783844, 0.1324792206287384, 0.6189666390419006, 0.013780124485492706, -0.7852963805198669, -0.9994174242019653, 0.5964491367340088, -0.6034365296363831, -0.08115974813699722, -0.9999938011169434, -1.0000176429748535, -0.9999920725822449, -0.6000000238418579, 0.0019423404010012746, -0.9745766520500183, -0.7569921016693115, -1.0, -0.9918338656425476, -0.9181600213050842, -0.999386727809906, -0.05503448098897934, 0.0914086103439331, -0.7661513090133667, -0.5207840800285339, -0.6407673954963684, -0.9841214418411255, -0.8493840098381042, -0.8723515868186951, -0.6791287064552307], [0.7477467060089111, -0.6097326278686523, -0.17715100944042206, 0.014626077376306057, -0.9997009038925171, -0.01960066705942154, -0.9958164095878601, 0.13422107696533203, -0.6234018206596375, -0.44605645537376404, -0.9997685551643372, -0.9999479055404663, -1.0001564025878906, -0.6000000238418579, -0.12287090718746185, -0.9716545939445496, -0.7802139520645142, -0.9590256810188293, -0.993537962436676, -1.0, -0.999483585357666, -0.2539771795272827, 0.10600212216377258, -0.7661513090133667, -0.5207840800285339, -0.6407673954963684, -0.9841214418411255, -0.8493840098381042, -0.8723515868186951, -0.6791287064552307], [-0.40065571665763855, -0.6230769157409668, -0.7330623865127563, 0.0013320359867066145, -0.9999961853027344, 0.002407526597380638, -0.9990684390068054, -0.3404608368873596, -0.6030745506286621, -0.7446545958518982, -0.9999626278877258, -1.0000027418136597, -0.9999757409095764, -0.6000000238418579, 0.0630769208073616, -0.9740570187568665, -0.763074517250061, -1.0, -0.9914882183074951, -1.0, -0.9994271397590637, -0.19277414679527283, 0.08580055087804794, -0.7661513090133667, -0.5207840800285339, -0.6407673954963684, -0.9841214418411255, -0.8493840098381042, -0.8723515868186951, -0.6791287064552307], [0.25357043743133545, -0.615765392780304, -0.723982036113739, -0.9998747706413269, -0.012704391032457352, -0.009433423168957233, -0.9971668124198914, 0.02007182501256466, -0.62163245677948, -0.8086819052696228, -0.9999178647994995, -0.9999011754989624, -0.9999647736549377, -1.0, 0.0006694513140246272, -0.9725695848464966, -0.7740967869758606, -0.8674245476722717, -0.9919524192810059, -0.9936451315879822, -0.9994369149208069, -0.014620262198150158, 0.022875159978866577, -0.7661513090133667, -0.5207840800285339, -0.6407673954963684, -0.9841214418411255, -0.8493840098381042, -0.8723515868186951, -0.6791287064552307], [-0.21184898912906647, 0.06550312042236328, 0.4292837977409363, -0.0020911411847919226, 0.9999977946281433, 4.496901237871498e-05, -0.9979732632637024, -0.19825822114944458, 0.4832988679409027, 0.42542600631713867, -0.9999826550483704, -0.9999988675117493, -0.9999730587005615, -0.6000000238418579, -0.06271299719810486, -0.9762130379676819, -0.7345512509346008, -0.7414495944976807, -0.9927635788917542, -1.0, -0.9995328187942505, -0.1930164396762848, 0.27028292417526245, -0.7661513090133667, -0.5207840800285339, -0.6407673954963684, -0.9841214418411255, -0.8493840098381042, -0.8723515868186951, -0.6791287064552307], [-0.23936127126216888, 0.4488971531391144, 0.43395164608955383, -0.7928681373596191, 0.007411654572933912, -0.6093481779098511, -0.9981333017349243, 0.17999620735645294, 0.4773266017436981, 0.1584881991147995, -1.0000320672988892, -0.9999748468399048, -0.9999776482582092, -0.6000000238418579, -0.002216943074017763, -0.9750759601593018, -0.7601842284202576, -0.8051335215568542, -0.9928027987480164, -1.0, -0.9995297193527222, -0.07235004752874374, 0.017320135608315468, -0.7661513090133667, -0.5207840800285339, -0.6407673954963684, -0.9841214418411255, -0.8493840098381042, -0.8723515868186951, -0.6791287064552307], [0.24262726306915283, 0.4783681035041809, 0.1234586238861084, 0.6116586923599243, 0.015091835521161556, -0.7909777760505676, -0.9994168877601624, 0.6084111928939819, 0.5002437829971313, -0.08092550188302994, -0.9999921917915344, -1.0000181198120117, -0.9999942779541016, -0.6000000238418579, 0.0001255143724847585, -0.9750213027000427, -0.7447932958602905, -0.9106508493423462, -0.9920443892478943, -1.0, -0.999447762966156, -0.09743061661720276, 0.03712385892868042, -0.7661513090133667, -0.5207840800285339, -0.6407673954963684, -0.9841214418411255, -0.8493840098381042, -0.8723515868186951, -0.6791287064552307], [0.7294481992721558, 0.48016366362571716, -0.17335383594036102, 0.0014799635391682386, 0.9998449683189392, 0.017544575035572052, -0.9957644939422607, 0.1275392770767212, 0.5323348045349121, -0.4384253919124603, -0.9997645616531372, -0.9999487400054932, -1.0001640319824219, -0.6000000238418579, 0.12213702499866486, -0.9736778140068054, -0.7491405606269836, -1.0, -0.9923065304756165, -0.989967405796051, -0.999407947063446, -0.10144279152154922, 0.2594349980354309, -0.7661513090133667, -0.5207840800285339, -0.6407673954963684, -0.9841214418411255, -0.8493840098381042, -0.8723515868186951, -0.6791287064552307], [-0.4367785155773163, 0.5251854658126831, -0.7219719886779785, -0.007682798430323601, 0.9996872544288635, 0.023799531161785126, -0.9991626739501953, -0.39524024724960327, 0.5466627478599548, -0.7221930027008057, -0.9999646544456482, -1.0000027418136597, -0.9999763369560242, -0.6000000238418579, -0.06123144552111626, -0.9707889556884766, -0.7561995387077332, -0.9249566197395325, -0.9935077428817749, -1.0, -0.999398410320282, -0.08624044805765152, 0.19179345667362213, -0.7661513090133667, -0.5207840800285339, -0.6407673954963684, -0.9841214418411255, -0.8493840098381042, -0.8723515868186951, -0.6791287064552307], [0.24776692688465118, 0.5581218004226685, -0.7206273674964905, -0.9998982548713684, -0.006640092469751835, -0.012623890303075314, -0.9973424673080444, 0.05457941070199013, 0.5291497111320496, -0.7995965480804443, -0.999923586845398, -0.9999103546142578, -0.9999644756317139, -1.0, -0.0010298407869413495, -0.9735099077224731, -0.786261796951294, -0.8266696333885193, -0.9914655685424805, -1.0, -0.9993932247161865, -0.016145331785082817, 0.014836343005299568, -0.7661513090133667, -0.5207840800285339, -0.6407673954963684, -0.9841214418411255, -0.8493840098381042, -0.8723515868186951, -0.6791287064552307]], "general_static": {"gains_and_scale_normalized": [-0.7661513289087092, -0.5207840941035206, -0.6407673744681561], "mass_normalized": [-0.9841214141808502], "robot_dimensions_normalized": [-0.849384037570546, -0.8723515927266363, -0.6791287270313682], "trunk_attributes_normalized": [-0.9888833519598497, -0.20972744220688466, -0.09910702303132513, 0.8297316945273681, -1.0001002745770426, -0.999211252786224, -0.9987512155640238]},