{"n_joints": 12, "joint_descriptions": [[-0.13916577398777008, -0.16779616475105286, 0.42489689588546753, 0.00445161759853363, -0.9999767541885376, 0.005169115494936705, -0.9975824356079102, -0.13423806428909302, -0.5607215762138367, 0.4252418577671051, -1.0000003576278687, -1.000003457069397, -0.9999627470970154, -0.6000000238418579, 0.05947379767894745, -0.9753928780555725, -0.7700145840644836, -0.8562246561050415, -0.9906072616577148, -1.0, -0.9994475245475769, -0.26153257489204407, 0.21013444662094116, -0.7040396332740784, -0.4355931580066681, -0.5779895186424255, -0.9818061590194702, -0.838811457157135, -0.884771466255188, -0.7006047964096069], [-0.13626804947853088, -0.6653130054473877, 0.4277116358280182, -0.803450345993042, 0.01001480221748352, -0.5952875018119812, -0.9976655840873718, 0.2564198672771454, -0.6814262866973877, 0.1532628983259201, -1.0000256299972534, -0.9999164342880249, -0.9999808669090271, -0.6000000238418579, 0.0015531789977103472, -0.9728172421455383, -0.7525274157524109, -0.663041353225708, -0.9916160702705383, -1.0, -0.9995872378349304, -0.011167963035404682, 0.07730754464864731, -0.7040396332740784, -0.4355931580066681, -0.5779895186424255, -0.9818061590194702, -0.838811457157135, -0.884771466255188, -0.7006047964096069], [0.243597611784935, -0.7261962294578552, 0.11571111530065536, 0.596096932888031, -0.018725264817476273, -0.8026940822601318, -0.9993472099304199, 0.5533155798912048, -0.6914628744125366, -0.09544152021408081, -0.9999755024909973, -1.000014305114746, -0.9999788403511047, -0.6000000238418579, 0.0015998115995898843, -0.9700431823730469, -0.7669065594673157, -1.0, -0.9944621324539185, -1.0, -0.9994247555732727, -0.039817944169044495, 0.08123168349266052, -0.7040396332740784, -0.4355931580066681, -0.5779895186424255, -0.9818061590194702, -0.838811457157135, -0.884771466255188, -0.7006047964096069], [0.7161034345626831, -0.7024695873260498, -0.1838926076889038, -0.02523639053106308, -0.9996796250343323, 0.0019493853906169534, -0.9950810074806213, 0.19645638763904572, -0.6120206713676453, -0.44835373759269714, -0.9992905855178833, -1.000016212463379, -1.0006533861160278, -0.6000000238418579, -0.12535999715328217, -0.9773367047309875, -0.7472504377365112, -1.0, -0.9922019839286804, -0.8986299633979797, -0.9993725419044495, -0.2544163763523102, 0.10228031128644943, -0.7040396332740784, -0.4355931580066681, -0.5779895186424255, -0.9818061590194702, -0.838811457157135, -0.884771466255188, -0.7006047964096069], [-0.3429548144340515, -0.6563922762870789, -0.7021124958992004, -0.018062544986605644, -0.9998278617858887, 0.004239425528794527, -0.9990121722221375, -0.33736321330070496, -0.6465610861778259, -0.7001467347145081, -0.9999704360961914, -1.0000032186508179, -0.9999235272407532, -0.6000000238418579, 0.058480292558670044, -0.9698011875152588, -0.7383028268814087, -0.749795138835907, -0.9925632476806641, -0.911885678768158, -0.9994843602180481, -0.21305404603481293, 0.07234220951795578, -0.7040396332740784, -0.4355931580066681, -0.5779895186424255, -0.9818061590194702, -0.838811457157135, -0.884771466255188, -0.7006047964096069], [0.4531542658805847, -0.6013410687446594, -0.7195888161659241, -0.9990047812461853, 0.014654716476798058, 0.04212765768170357, -0.9970272779464722, 0.21799111366271973, -0.6021751165390015, -0.7945998907089233, -0.9999507069587708, -0.999715268611908, -0.9999813437461853, -1.0, 0.0018160296604037285, -0.9744742512702942, -0.7601222991943359, -1.0, -0.9943609237670898, -1.0, -0.999367356300354, -0.02791018784046173, 0.02517571672797203, -0.7040396332740784, -0.4355931580066681, -0.5779895186424255, -0.9818061590194702, -0.838811457157135, -0.884771466255188, -0.7006047964096069], [-0.19576510787010193, 0.16956932842731476, 0.44138383865356445, 0.0003659553767647594, 0.9999973177909851, -0.002285540336742997, -0.9978285431861877, -0.2121790647506714, 0.5599291324615479, 0.46677088737487793, -0.9999999403953552, -0.9999985098838806, -0.9999639391899109, -0.6000000238418579, -0.06724627315998077, -0.9690331816673279, -0.7485671639442444, -0.9629793763160706, -0.9916852712631226, -0.9342677593231201, -0.9993787407875061, -0.18367590010166168, 0.2714565098285675, -0.7040396332740784, -0.4355931580066681, -0.5779895186424255, -0.9818061590194702, -0.838811457157135, -0.884771466255188, -0.7006047964096069], [-0.15781010687351227, 0.5903454422950745, 0.4559084475040436, -0.7767411470413208, 0.011358160525560379, -0.6297175288200378, -0.9976340532302856, 0.24376991391181946, 0.6089901924133301, 0.22480586171150208, -1.000028371810913, -0.9999056458473206, -0.999982476234436, -0.6000000238418579, 0.00010015466250479221, -0.9660637378692627, -0.7370656728744507, -1.0, -0.9929242134094238, -1.0, -0.9994086623191833, -0.07284098863601685, 0.009756246581673622, -0.7040396332740784, -0.4355931580066681, -0.5779895186424255, -0.9818061590194702, -0.838811457157135, -0.884771466255188, -0.7006047964096069], [0.31885918974876404, 0.5987748503684998, 0.15409107506275177, 0.6333038806915283, 0.003441995708271861, -0.7738955616950989, -0.9993810653686523, 0.6425104141235352, 0.5387589931488037, -0.058840956538915634, -0.9999770522117615, -1.0000134706497192, -0.9999813437461853, -0.6000000238418579, 0.0004291403165552765, -0.973683774471283, -0.7708305716514587, -1.0, -0.9915808439254761, -0.8148981332778931, -0.9994238615036011, -0.07540274411439896, 0.04875369369983673, -0.7040396332740784, -0.4355931580066681, -0.5779895186424255, -0.9818061590194702, -0.838811457157135, -0.884771466255188, -0.7006047964096069], [0.7392810583114624, 0.62449711561203, -0.17235128581523895, -0.008239928632974625, 0.999908983707428, -0.010682448744773865, -0.9949332475662231, 0.28974995017051697, 0.644038736820221, -0.44698336720466614, -0.9992545247077942, -0.9998986124992371, -1.0006117820739746, -0.6000000238418579, 0.11919769644737244, -0.9715523719787598, -0.8017799258232117, -0.8039929270744324, -0.9925841093063354, -0.9106103181838989, -0.9993903636932373, -0.09877156466245651, 0.2583215534687042, -0.7040396332740784, -0.4355931580066681, -0.5779895186424255, -0.9818061590194702, -0.838811457157135, -0.884771466255188, -0.7006047964096069], [-0.250947505235672, 0.6474514603614807, -0.7210243940353394, 0.013481276109814644, 0.9998794794082642, -0.007697585970163345, -0.998892605304718, -0.19548358023166656, 0.6318711638450623, -0.7113308310508728, -0.999973475933075, -1.0000009536743164, -0.9999166131019592, -0.6000000238418579, -0.05601153150200844, -0.9742423295974731, -0.7748873233795166, -0.9337555170059204, -0.9916171431541443, -1.0, -0.9994027018547058, -0.07756073027849197, 0.2049097865819931, -0.7040396332740784, -0.4355931580066681, -0.5779895186424255, -0.9818061590194702, -0.838811457157135, -0.884771466255188, -0.7006047964096069], [0.5665106177330017, 0.5997368693351746, -0.7162594199180603, -0.9996836185455322, 0.010773197747766972, -0.02272898145020008, -0.9969812631607056, 0.2883348762989044, 0.5875107645988464, -0.7943528890609741, -0.9999368190765381, -0.9997119903564453, -0.999984085559845, -1.0, 0.004250604193657637, -0.9746732115745544, -0.7586081027984619, -1.0, -0.9934715628623962, -0.7506184577941895, -0.99941086769104, -0.03568053990602493, 0.029091956093907356, -0.7040396332740784, -0.4355931580066681, -0.5779895186424255, -0.9818061590194702, -0.838811457157135, -0.884771466255188, -0.7006047964096069]], "general_static": {"gains_and_scale_normalized": [-0.7040396060721688, -0.43559316208255183, -0.5779895074120305], "mass_normalized": [-0.9818061598266525], "robot_dimensions_normalized": [-0.8388114811067913, -0.884771446685247, -0.7006048057456538], "trunk_attributes_normalized": [-0.98769735302214, -0.07571967454011841, 0.012701767473482395, 0.8307237853037186, -1.0000873462086373, -0.9974652097487345, -0.998936188702227]},