{"n_joints": 12, "joint_descriptions": [[-0.19113530218601227, -0.28979751467704773, 0.4215559959411621, -0.003281352110207081, -0.9999945759773254, 0.00023811220307834446, -0.9978459477424622, -0.18058602511882782, -0.702913224697113, 0.42621177434921265, -0.9999882578849792, -1.0000020265579224, -0.9999698400497437, -0.6000000238418579, 0.06192738190293312, -0.9727594256401062, -0.7488000988960266, -0.8615862131118774, -0.9922066330909729, -1.0, -0.9995161294937134, -0.2670992314815521, 0.1985151767730713, -0.7372746467590332, -0.49854806065559387, -0.62176513671875, -0.9832717776298523, -0.8410976529121399, -0.8871347904205322, -0.6800471544265747], [-0.21415920555591583, -0.7232082486152649, 0.4238569736480713, -0.7963865399360657, 0.0028129674028605223, -0.6047813892364502, -0.9979224801063538, 0.18425579369068146, -0.7193030118942261, 0.1584048569202423, -1.0000336170196533, -0.9999503493309021, -0.9999738335609436, -0.6000000238418579, -0.0008366663823835552, -0.9728224277496338, -0.7399023175239563, -0.8092973232269287, -0.9929559826850891, -1.0, -0.9994956851005554, -0.015091273002326488, 0.0755576342344284, -0.7372746467590332, -0.49854806065559387, -0.62176513671875, -0.9832717776298523, -0.8410976529121399, -0.8871347904205322, -0.6800471544265747], [0.23603595793247223, -0.7274137139320374, 0.11623653024435043, 0.6093353629112244, 0.008394058793783188, -0.7928681969642639, -0.9994043707847595, 0.5682703852653503, -0.6799682974815369, -0.10222525894641876, -0.9999868273735046, -1.0000187158584595, -0.9999872446060181, -0.6000000238418579, 0.00279403617605567, -0.9727385640144348, -0.7570589780807495, -1.0, -0.9930807948112488, -0.9506492614746094, -0.9993795156478882, -0.04939233511686325, 0.08307337760925293, -0.7372746467590332, -0.49854806065559387, -0.62176513671875, -0.9832717776298523, -0.8410976529121399, -0.8871347904205322, -0.6800471544265747], [0.7328474521636963, -0.6842010021209717, -0.19245992600917816, -0.01511072926223278, -0.9997657537460327, -0.015495838597416878, -0.9954845309257507, 0.15191197395324707, -0.628495454788208, -0.4585902690887451, -0.9995826482772827, -0.9999570250511169, -1.0003474950790405, -0.6000000238418579, -0.12419933080673218, -0.9743272066116333, -0.7754960060119629, -1.0, -0.9933711886405945, -0.9258084893226624, -0.9994378685951233, -0.2541671097278595, 0.1077343076467514, -0.7372746467590332, -0.49854806065559387, -0.62176513671875, -0.9832717776298523, -0.8410976529121399, -0.8871347904205322, -0.6800471544265747], [-0.3818863034248352, -0.6489375829696655, -0.7340969443321228, -0.007647383492439985, -0.9998599290847778, -0.014886489138007164, -0.9990612268447876, -0.3492962121963501, -0.6489465832710266, -0.7432620525360107, -0.9999639391899109, -1.0000033378601074, -0.9999552369117737, -0.6000000238418579, 0.06120487302541733, -0.971356987953186, -0.7561639547348022, -0.9139972925186157, -0.9917539358139038, -1.0, -0.9994601607322693, -0.2019539475440979, 0.08137249946594238, -0.7372746467590332, -0.49854806065559387, -0.62176513671875, -0.9832717776298523, -0.8410976529121399, -0.8871347904205322, -0.6800471544265747], [0.32709798216819763, -0.627907395362854, -0.7360576391220093, -0.9999635815620422, 0.007758652325719595, -0.003561423858627677, -0.9970946311950684, 0.09230680018663406, -0.6192911863327026, -0.811184823513031, -0.9999109506607056, -0.9998242259025574, -0.9999707937240601, -1.0, 0.0019611879251897335, -0.9738985300064087, -0.780256450176239, -0.9659908413887024, -0.9930766820907593, -1.0, -0.9993739724159241, -0.01896609179675579, 0.019844310358166695, -0.7372746467590332, -0.49854806065559387, -0.62176513671875, -0.9832717776298523, -0.8410976529121399, -0.8871347904205322, -0.6800471544265747], [-0.198529452085495, 0.03520692512392998, 0.4349210262298584, 0.0005781849031336606, 0.9999834299087524, -0.005732189863920212, -0.9979234933853149, -0.20170292258262634, 0.4398514926433563, 0.44377779960632324, -0.9999876618385315, -0.9999979734420776, -0.9999666810035706, -0.6000000238418579, -0.06554927676916122, -0.9734036326408386, -0.7341006398200989, -0.8075944781303406, -0.9926022291183472, -1.0, -0.9994812607765198, -0.18557612597942352, 0.26831257343292236, -0.7372746467590332, -0.49854806065559387, -0.62176513671875, -0.9832717776298523, -0.8410976529121399, -0.8871347904205322, -0.6800471544265747], [-0.1941881626844406, 0.4116937518119812, 0.44919633865356445, -0.7783958315849304, 0.011917250230908394, -0.6276606321334839, -0.9979810118675232, 0.2240547388792038, 0.4551208019256592, 0.19506794214248657, -1.0000343322753906, -0.9999492764472961, -0.99997478723526, -0.6000000238418579, -0.0017804537201300263, -0.9709867238998413, -0.7402937412261963, -0.9013738036155701, -0.9933637976646423, -0.9895578026771545, -0.9994995594024658, -0.06889823079109192, 0.010197793133556843, -0.7372746467590332, -0.49854806065559387, -0.62176513671875, -0.9832717776298523, -0.8410976529121399, -0.8871347904205322, -0.6800471544265747], [0.29298752546310425, 0.4515807628631592, 0.14076852798461914, 0.6256015300750732, 0.012430689297616482, -0.7800437211990356, -0.9994146227836609, 0.6559014320373535, 0.44244036078453064, -0.06813207268714905, -0.9999855756759644, -1.0000184774398804, -0.9999896883964539, -0.6000000238418579, 6.511191895697266e-05, -0.9757486581802368, -0.7519656419754028, -0.9816381335258484, -0.9914349913597107, -0.9809735417366028, -0.9994692802429199, -0.0869046002626419, 0.04036058112978935, -0.7372746467590332, -0.49854806065559387, -0.62176513671875, -0.9832717776298523, -0.8410976529121399, -0.8871347904205322, -0.6800471544265747], [0.7486128807067871, 0.4744579493999481, -0.1646329015493393, -0.01125833299010992, 0.9999120831489563, 0.0070059290155768394, -0.9954155683517456, 0.21671335399150848, 0.516599714756012, -0.4349001944065094, -0.9995601177215576, -0.9999755620956421, -1.0003396272659302, -0.6000000238418579, 0.12021041661500931, -0.9739070534706116, -0.7749602198600769, -0.9357680678367615, -0.9927252531051636, -0.8795592784881592, -0.9993690848350525, -0.09814734756946564, 0.26262176036834717, -0.7372746467590332, -0.49854806065559387, -0.62176513671875, -0.9832717776298523, -0.8410976529121399, -0.8871347904205322, -0.6800471544265747], [-0.3311351537704468, 0.5137061476707458, -0.7180222272872925, -0.012672344222664833, 0.9998530149459839, 0.011547951027750969, -0.9990689754486084, -0.291530042886734, 0.5302543640136719, -0.7092461585998535, -0.99996417760849, -1.0000011920928955, -0.9999539256095886, -0.6000000238418579, -0.05860001593828201, -0.9719420671463013, -0.761867880821228, -0.8858534693717957, -0.992895781993866, -0.9759612679481506, -0.9993714690208435, -0.08495517820119858, 0.1959497034549713, -0.7372746467590332, -0.49854806065559387, -0.62176513671875, -0.9832717776298523, -0.8410976529121399, -0.8871347904205322, -0.6800471544265747], [0.41830867528915405, 0.5277178883552551, -0.7124105095863342, -0.999575138092041, -0.007429494522511959, -0.028184790164232254, -0.9972307085990906, 0.19052110612392426, 0.4898693561553955, -0.7868548035621643, -0.9999187588691711, -0.9998313188552856, -0.999970555305481, -1.0, 0.0014900874812155962, -0.9752129912376404, -0.7850733399391174, -1.0, -0.9922841191291809, -0.9194320440292358, -0.9993738532066345, -0.024823496118187904, 0.019821682944893837, -0.7372746467590332, -0.49854806065559387, -0.62176513671875, -0.9832717776298523, -0.8410976529121399, -0.8871347904205322, -0.6800471544265747]], "general_static": {"gains_and_scale_normalized": [-0.7372746502539311, -0.4985480482302602, -0.6217651475708392], "mass_normalized": [-0.9832717619808826], "robot_dimensions_normalized": [-0.8410976316105088, -0.8871347749066132, -0.6800471786109127], "trunk_attributes_normalized": [-0.9885139201655975, -0.13885591744102432, -0.11565949265904363, 0.8253263006461204, -1.000064003773177, -0.9985042714914185, -0.9986616084661544]},