{"n_joints": 12, "joint_descriptions": [[-0.15304125845432281, -0.20790523290634155, 0.4322360157966614, -9.945620695361868e-05, -1.0, 0.00018968335643876344, -0.9983672499656677, -0.14483419060707092, -0.673203706741333, 0.43559199571609497, -1.0000008344650269, -1.0000039339065552, -0.9999880194664001, -0.6000000238418579, 0.06120195612311363, -0.9753307700157166, -0.7759237885475159, -0.8625379800796509, -0.9926851391792297, -1.0, -0.9994746446609497, -0.2699127793312073, 0.19177848100662231, -0.7762536406517029, -0.5242959260940552, -0.6224575042724609, -0.9862260222434998, -0.8707615733146667, -0.8672341108322144, -0.7582690119743347], [-0.13617952167987823, -0.6705980896949768, 0.43397802114486694, -0.7960495352745056, -0.003150882897898555, -0.6052232980728149, -0.998235285282135, 0.23669910430908203, -0.6728521585464478, 0.15614736080169678, -1.0000133514404297, -0.9999679327011108, -1.0, -0.6000000238418579, 0.00010024118091678247, -0.9745858907699585, -0.7795226573944092, -0.9724229574203491, -0.9925585985183716, -1.0, -0.9994776248931885, -0.018860097974538803, 0.07674415409564972, -0.7762536406517029, -0.5242959260940552, -0.6224575042724609, -0.9862260222434998, -0.8707615733146667, -0.8672341108322144, -0.7582690119743347], [0.2869461178779602, -0.6645772457122803, 0.12815798819065094, 0.6048570275306702, -0.000884375418536365, -0.7963336110115051, -0.9994978904724121, 0.5862715840339661, -0.6495940685272217, -0.07793864607810974, -0.9999925494194031, -1.0000044107437134, -0.9999900460243225, -0.6000000238418579, -0.0002943574218079448, -0.9749426245689392, -0.7739774584770203, -0.9138001799583435, -0.9928768277168274, -1.0, -0.9994926452636719, -0.043865300714969635, 0.08960441499948502, -0.7762536406517029, -0.5242959260940552, -0.6224575042724609, -0.9862260222434998, -0.8707615733146667, -0.8672341108322144, -0.7582690119743347], [0.7252635955810547, -0.6844986081123352, -0.18387608230113983, 0.0005164804169908166, -0.9999814629554749, 0.006066302303224802, -0.9963355660438538, 0.21053273975849152, -0.697481632232666, -0.45080506801605225, -0.9997565150260925, -0.9998859763145447, -1.0002355575561523, -0.6000000238418579, -0.12401384860277176, -0.9749156832695007, -0.7699089050292969, -0.9426468014717102, -0.992681086063385, -1.0, -0.9994866847991943, -0.2541990280151367, 0.09926971048116684, -0.7762536406517029, -0.5242959260940552, -0.6224575042724609, -0.9862260222434998, -0.8707615733146667, -0.8672341108322144, -0.7582690119743347], [-0.32767823338508606, -0.6821025609970093, -0.7191517353057861, -0.005027150735259056, -0.9999637007713318, 0.006875545252114534, -0.9992229342460632, -0.2783015966415405, -0.6557439565658569, -0.7167264223098755, -0.999989926815033, -1.0000070333480835, -0.9999706745147705, -0.6000000238418579, 0.060771919786930084, -0.9745885133743286, -0.7684192657470703, -0.9077095985412598, -0.9931528568267822, -1.0, -0.9994716644287109, -0.20098398625850677, 0.07440335303544998, -0.7762536406517029, -0.5242959260940552, -0.6224575042724609, -0.9862260222434998, -0.8707615733146667, -0.8672341108322144, -0.7582690119743347], [0.503193199634552, -0.6563191413879395, -0.7241334319114685, -0.9999342560768127, 0.0025266995653510094, 0.011187021620571613, -0.9977215528488159, 0.2513025104999542, -0.6561644077301025, -0.8024653792381287, -0.9999865293502808, -0.9998929500579834, -0.9999638795852661, -1.0, 0.0008375064353458583, -0.9745212197303772, -0.7767925262451172, -0.9280725121498108, -0.9928423166275024, -1.0, -0.9994667768478394, -0.02567208744585514, 0.024022547528147697, -0.7762536406517029, -0.5242959260940552, -0.6224575042724609, -0.9862260222434998, -0.8707615733146667, -0.8672341108322144, -0.7582690119743347], [-0.1649724245071411, 0.17400343716144562, 0.4305383265018463, -0.0004431542765814811, 0.9999997615814209, 0.0005699761677533388, -0.9982535243034363, -0.15537820756435394, 0.6205981373786926, 0.43224623799324036, -1.0000008344650269, -1.0000026226043701, -0.9999850988388062, -0.6000000238418579, -0.06104271858930588, -0.9739177227020264, -0.7757948637008667, -0.9157832264900208, -0.9928490519523621, -1.0, -0.9994564652442932, -0.19076354801654816, 0.2693530321121216, -0.7762536406517029, -0.5242959260940552, -0.6224575042724609, -0.9862260222434998, -0.8707615733146667, -0.8672341108322144, -0.7582690119743347], [-0.1549328714609146, 0.6499910354614258, 0.43112772703170776, -0.7970525622367859, 0.002199065638706088, -0.603905975818634, -0.9982397556304932, 0.21681582927703857, 0.6489289999008179, 0.1528080552816391, -1.0000139474868774, -0.9999682307243347, -1.000000238418579, -0.6000000238418579, 0.0005270499968901277, -0.9747676849365234, -0.7726218104362488, -0.9915857315063477, -0.9930445551872253, -1.0, -0.9994602799415588, -0.07640049606561661, 0.01626696065068245, -0.7762536406517029, -0.5242959260940552, -0.6224575042724609, -0.9862260222434998, -0.8707615733146667, -0.8672341108322144, -0.7582690119743347], [0.27650272846221924, 0.6430041193962097, 0.12428849935531616, 0.6022962331771851, -0.003273378126323223, -0.7982659339904785, -0.9994909763336182, 0.57470703125, 0.6213486790657043, -0.08771583437919617, -0.9999919533729553, -1.0000050067901611, -0.9999905824661255, -0.6000000238418579, 0.0002022877597482875, -0.9749317765235901, -0.7861674427986145, -0.9699246883392334, -0.9927705526351929, -1.0, -0.99947589635849, -0.09268822520971298, 0.048464465886354446, -0.7762536406517029, -0.5242959260940552, -0.6224575042724609, -0.9862260222434998, -0.8707615733146667, -0.8672341108322144, -0.7582690119743347], [0.722083568572998, 0.6418158411979675, -0.18880708515644073, -0.001116315950639546, 0.9999904036521912, -0.00423729931935668, -0.9964067339897156, 0.2005368322134018, 0.6641191244125366, -0.46437469124794006, -0.9997596740722656, -0.9998844861984253, -1.0002301931381226, -0.6000000238418579, 0.12366426736116409, -0.9745180606842041, -0.7666251063346863, -0.9321660995483398, -0.9928756952285767, -0.9717803597450256, -0.9994767904281616, -0.09958072751760483, 0.2546188235282898, -0.7762536406517029, -0.5242959260940552, -0.6224575042724609, -0.9862260222434998, -0.8707615733146667, -0.8672341108322144, -0.7582690119743347], [-0.3202837407588959, 0.6462008357048035, -0.7302115559577942, 0.003825102699920535, 0.99998539686203, -0.00381297105923295, -0.9991961121559143, -0.26614007353782654, 0.6319564580917358, -0.7289630174636841, -0.9999901056289673, -1.0000070333480835, -0.9999701380729675, -0.6000000238418579, -0.061947256326675415, -0.9755344390869141, -0.7756341695785522, -0.9461003541946411, -0.9925766587257385, -0.995998203754425, -0.9994831085205078, -0.07537564635276794, 0.20297279953956604, -0.7762536406517029, -0.5242959260940552, -0.6224575042724609, -0.9862260222434998, -0.8707615733146667, -0.8672341108322144, -0.7582690119743347], [0.49342793226242065, 0.6436067819595337, -0.7342093586921692, -0.9999805092811584, 0.0038504996336996555, 0.004916456062346697, -0.9976887106895447, 0.2216360718011856, 0.6468419432640076, -0.8120356798171997, -0.999986469745636, -0.9998913407325745, -0.9999638199806213, -1.0, 0.000129853084217757, -0.9751221537590027, -0.7751133441925049, -0.9229072332382202, -0.993135929107666, -1.0, -0.999487042427063, -0.025318503379821777, 0.026118166744709015, -0.7762536406517029, -0.5242959260940552, -0.6224575042724609, -0.9862260222434998, -0.8707615733146667, -0.8672341108322144, -0.7582690119743347]], "general_static": {"gains_and_scale_normalized": [-0.7762536469697257, -0.5242959180418245, -0.62245750168869], "mass_normalized": [-0.9862260180860892], "robot_dimensions_normalized": [-0.8707615527641, -0.8672340919461139, -0.7582689918372373], "trunk_attributes_normalized": [-0.9903522468590858, -0.14347277598911423, -0.03375641011777275, 0.8346990349763246, -1.000310120301373, -0.999083912760417, -0.9996572056895128]},