{"n_joints": 12, "joint_descriptions": [[-0.1613662838935852, -0.22898049652576447, 0.4271407723426819, -0.0019354465184733272, -0.999998152256012, 3.8285479604383e-06, -0.9986830949783325, -0.15044152736663818, -0.6868231892585754, 0.4334864318370819, -1.000001072883606, -1.000002384185791, -0.9999912977218628, -0.6000000238418579, 0.06275741755962372, -0.9767125844955444, -0.7873111963272095, -0.8717312812805176, -0.9934320449829102, -0.9648342132568359, -0.9995322823524475, -0.2662169635295868, 0.19348952174186707, -0.7918824553489685, -0.5664692521095276, -0.6616854667663574, -0.9892386794090271, -0.8798460364341736, -0.878069281578064, -0.7744250893592834], [-0.16668501496315002, -0.6771578788757324, 0.42218372225761414, -0.7924433350563049, 0.0015975960996001959, -0.6099433898925781, -0.998624324798584, 0.21477866172790527, -0.6725023984909058, 0.14433565735816956, -1.0000087022781372, -0.9999769330024719, -0.9999992251396179, -0.6000000238418579, 9.814008808461949e-05, -0.9774420857429504, -0.793211042881012, -0.994763195514679, -0.9932125806808472, -1.0, -0.9995219707489014, -0.019329681992530823, 0.07828492671251297, -0.7918824553489685, -0.5664692521095276, -0.6616854667663574, -0.9892386794090271, -0.8798460364341736, -0.878069281578064, -0.7744250893592834], [0.2698913514614105, -0.6719121932983398, 0.12200193107128143, 0.612059473991394, -0.0012341466499492526, -0.790810763835907, -0.9996048808097839, 0.5826466679573059, -0.6671667098999023, -0.08677895367145538, -0.9999942779541016, -1.0000030994415283, -0.9999929666519165, -0.6000000238418579, 0.0001617645611986518, -0.9770325422286987, -0.7875553369522095, -0.9522049427032471, -0.9931593537330627, -1.0, -0.9995465278625488, -0.045505598187446594, 0.0886545479297638, -0.7918824553489685, -0.5664692521095276, -0.6616854667663574, -0.9892386794090271, -0.8798460364341736, -0.878069281578064, -0.7744250893592834], [0.7202834486961365, -0.6926065683364868, -0.18731334805488586, 0.00042386326822452247, -0.9999957084655762, 0.0028992772568017244, -0.9971444606781006, 0.192563995718956, -0.7003527879714966, -0.45449283719062805, -0.9998198747634888, -0.9999335408210754, -1.0001697540283203, -0.6000000238418579, -0.12337318807840347, -0.975878894329071, -0.7838600277900696, -0.8962576985359192, -0.9935302138328552, -1.0, -0.9995303153991699, -0.2512049973011017, 0.0993974506855011, -0.7918824553489685, -0.5664692521095276, -0.6616854667663574, -0.9892386794090271, -0.8798460364341736, -0.878069281578064, -0.7744250893592834], [-0.30955278873443604, -0.688592255115509, -0.7306004762649536, -0.0015338935190811753, -0.999997615814209, 0.0015496611595153809, -0.9993836879730225, -0.26654067635536194, -0.6543967127799988, -0.7322642803192139, -0.9999937415122986, -1.0000041723251343, -0.9999783635139465, -0.6000000238418579, 0.06195655092597008, -0.9762741923332214, -0.7956293821334839, -0.9122493863105774, -0.9935059547424316, -1.0, -0.9995417594909668, -0.20211346447467804, 0.07744784653186798, -0.7918824553489685, -0.5664692521095276, -0.6616854667663574, -0.9892386794090271, -0.8798460364341736, -0.878069281578064, -0.7744250893592834], [0.5262030959129333, -0.6514352560043335, -0.724984347820282, -0.9999639987945557, -0.0020444360561668873, -0.008236258290708065, -0.9981783628463745, 0.2658518850803375, -0.6532079577445984, -0.8057810068130493, -0.9999896287918091, -0.9999217391014099, -0.9999784231185913, -1.0, 0.0008294470026157796, -0.9770665168762207, -0.7912731170654297, -0.9679544568061829, -0.9933177828788757, -1.0, -0.9995236992835999, -0.024903632700443268, 0.02227872423827648, -0.7918824553489685, -0.5664692521095276, -0.6616854667663574, -0.9892386794090271, -0.8798460364341736, -0.878069281578064, -0.7744250893592834], [-0.16149109601974487, 0.1496041715145111, 0.4345422387123108, -0.0007632075576111674, 0.9999951124191284, -0.003037602873519063, -0.9986158609390259, -0.16171598434448242, 0.5976284742355347, 0.4382339417934418, -1.0000007152557373, -1.0000015497207642, -0.9999894499778748, -0.6000000238418579, -0.061981990933418274, -0.9766452312469482, -0.7884848117828369, -0.9264796376228333, -0.9934470653533936, -1.0, -0.9995224475860596, -0.19315926730632782, 0.26932770013809204, -0.7918824553489685, -0.5664692521095276, -0.6616854667663574, -0.9892386794090271, -0.8798460364341736, -0.878069281578064, -0.7744250893592834], [-0.16231361031532288, 0.6077579855918884, 0.4365170896053314, -0.7935476899147034, -0.001284874975681305, -0.6085066795349121, -0.9986229538917542, 0.21077769994735718, 0.6072368621826172, 0.16568173468112946, -1.0000089406967163, -0.9999771118164062, -0.999999463558197, -0.6000000238418579, -0.00038281927118077874, -0.9758878946304321, -0.7971514463424683, -0.9466944932937622, -0.9933028817176819, -1.0, -0.9995121955871582, -0.07774214446544647, 0.01693302020430565, -0.7918824553489685, -0.5664692521095276, -0.6616854667663574, -0.9892386794090271, -0.8798460364341736, -0.878069281578064, -0.7744250893592834], [0.2822628617286682, 0.6028923988342285, 0.1290605366230011, 0.6087754368782043, 0.0012468986678868532, -0.7933416366577148, -0.9996064901351929, 0.5885975360870361, 0.5983954071998596, -0.07775759696960449, -0.9999939799308777, -1.0000033378601074, -0.9999935626983643, -0.6000000238418579, -0.0005440704990178347, -0.9768968224525452, -0.7980808019638062, -0.9947990775108337, -0.9936907887458801, -1.0, -0.9995417594909668, -0.09313827008008957, 0.043649688363075256, -0.7918824553489685, -0.5664692521095276, -0.6616854667663574, -0.9892386794090271, -0.8798460364341736, -0.878069281578064, -0.7744250893592834], [0.7262610793113708, 0.6194919347763062, -0.18233415484428406, -0.00738960737362504, 0.9999634027481079, -0.00431047473102808, -0.9971565008163452, 0.20247097313404083, 0.6338070631027222, -0.460761696100235, -0.9998239278793335, -0.9999335408210754, -1.0001665353775024, -0.6000000238418579, 0.12408290058374405, -0.976535975933075, -0.7895035147666931, -0.9427030086517334, -0.9934068322181702, -0.9664169549942017, -0.9995200634002686, -0.10108725726604462, 0.257010817527771, -0.7918824553489685, -0.5664692521095276, -0.6616854667663574, -0.9892386794090271, -0.8798460364341736, -0.878069281578064, -0.7744250893592834], [-0.3229101300239563, 0.6237139105796814, -0.7261884808540344, -0.003265536157414317, 0.999986469745636, -0.004044610541313887, -0.9993842840194702, -0.27420830726623535, 0.6150395274162292, -0.7267847657203674, -0.9999931454658508, -1.0000039339065552, -0.9999788999557495, -0.6000000238418579, -0.0606440007686615, -0.9774885773658752, -0.7975648641586304, -0.9146021604537964, -0.9934045076370239, -0.9932966828346252, -0.999538004398346, -0.07741723954677582, 0.2007182240486145, -0.7918824553489685, -0.5664692521095276, -0.6616854667663574, -0.9892386794090271, -0.8798460364341736, -0.878069281578064, -0.7744250893592834], [0.5037190914154053, 0.6279294490814209, -0.7349836230278015, -0.9999575018882751, -0.0009747339645400643, 0.009168272837996483, -0.9981750249862671, 0.2386680394411087, 0.6190915107727051, -0.8124225735664368, -0.9999902248382568, -0.9999217391014099, -0.9999788403511047, -1.0, 0.0008904112037271261, -0.9768961071968079, -0.78591388463974, -0.9507782459259033, -0.9933248162269592, -1.0, -0.9995055198669434, -0.023523733019828796, 0.02087915875017643, -0.7918824553489685, -0.5664692521095276, -0.6616854667663574, -0.9892386794090271, -0.8798460364341736, -0.878069281578064, -0.7744250893592834]], "general_static": {"gains_and_scale_normalized": [-0.7918824684100428, -0.5664692258026567, -0.661685449458516], "mass_normalized": [-0.9892387053459497], "robot_dimensions_normalized": [-0.8798460176526366, -0.8780692729914368, -0.7744251071371071], "trunk_attributes_normalized": [-0.9926070822089152, -0.14770229982780414, -0.05530852613693171, 0.8345298039258453, -1.0001829356567717, -0.9993362341412954, -0.9997679720593216]},