{"n_joints": 12, "joint_descriptions": [[-0.16312207281589508, -0.2107938528060913, 0.42885416746139526, 6.805457087466493e-05, -0.9999998807907104, -0.0004631438641808927, -0.9987720251083374, -0.1543262004852295, -0.6745292544364929, 0.43161526322364807, -1.0000003576278687, -1.000002145767212, -0.9999924302101135, -0.6000000238418579, 0.06335152685642242, -0.9768942594528198, -0.795871376991272, -0.8278316259384155, -0.9933871030807495, -0.9773654341697693, -0.9995235800743103, -0.26633328199386597, 0.19366542994976044, -0.7958118319511414, -0.5742714405059814, -0.6646512150764465, -0.9899733066558838, -0.8818031549453735, -0.8794008493423462, -0.7748876214027405], [-0.1678549200296402, -0.6541780829429626, 0.42636561393737793, -0.7876870632171631, -0.0009066076599992812, -0.6160749197006226, -0.9987286329269409, 0.23341074585914612, -0.6533614993095398, 0.14957886934280396, -1.0000083446502686, -0.9999812841415405, -0.9999989867210388, -0.6000000238418579, -0.0003573257999960333, -0.9775623679161072, -0.7915684580802917, -1.0, -0.9932417273521423, -1.0, -0.9995102882385254, -0.017372621223330498, 0.07594559341669083, -0.7958118319511414, -0.5742714405059814, -0.6646512150764465, -0.9899733066558838, -0.8818031549453735, -0.8794008493423462, -0.7748876214027405], [0.2668496370315552, -0.6579247713088989, 0.12589018046855927, 0.6155333518981934, 0.0010318539571017027, -0.7881101965904236, -0.9996298551559448, 0.5713063478469849, -0.6485304236412048, -0.08174151182174683, -0.9999954104423523, -1.0000029802322388, -0.9999939799308777, -0.6000000238418579, -0.0005917694070376456, -0.97749263048172, -0.7894995212554932, -0.9724756479263306, -0.9934037327766418, -1.0, -0.9995764493942261, -0.04820461943745613, 0.08964688330888748, -0.7958118319511414, -0.5742714405059814, -0.6646512150764465, -0.9899733066558838, -0.8818031549453735, -0.8794008493423462, -0.7748876214027405], [0.7244499921798706, -0.6781272292137146, -0.18985919654369354, 0.004872656427323818, -0.9999867677688599, 0.0016560647636651993, -0.9973388910293579, 0.1940794289112091, -0.7003035545349121, -0.4545794725418091, -0.9998534917831421, -0.9999384880065918, -1.0001360177993774, -0.6000000238418579, -0.12367239594459534, -0.9756162762641907, -0.7934125661849976, -0.9073793292045593, -0.9936599731445312, -1.0, -0.9995207786560059, -0.24837534129619598, 0.09812947362661362, -0.7958118319511414, -0.5742714405059814, -0.6646512150764465, -0.9899733066558838, -0.8818031549453735, -0.8794008493423462, -0.7748876214027405], [-0.3226451873779297, -0.6922138333320618, -0.7321121096611023, 0.001975382212549448, -0.9999852180480957, -0.005063279066234827, -0.9994184374809265, -0.2787807881832123, -0.6671533584594727, -0.7365391850471497, -0.9999937415122986, -1.0000038146972656, -0.9999823570251465, -0.6000000238418579, 0.06274767965078354, -0.9770570993423462, -0.7972601652145386, -0.9532619118690491, -0.9935126304626465, -0.9969239830970764, -0.9995445609092712, -0.20269203186035156, 0.07679035514593124, -0.7958118319511414, -0.5742714405059814, -0.6646512150764465, -0.9899733066558838, -0.8818031549453735, -0.8794008493423462, -0.7748876214027405], [0.4891344904899597, -0.6584691405296326, -0.7215679883956909, -0.9996573328971863, -0.004172048531472683, -0.025840891525149345, -0.9982913136482239, 0.237688347697258, -0.6551890969276428, -0.8037861585617065, -0.9999902248382568, -0.9999357461929321, -0.9999791383743286, -1.0, 0.0007104386459104717, -0.9783772230148315, -0.7942914366722107, -0.9377796649932861, -0.9931232929229736, -1.0, -0.9995324611663818, -0.027796952053904533, 0.023879356682300568, -0.7958118319511414, -0.5742714405059814, -0.6646512150764465, -0.9899733066558838, -0.8818031549453735, -0.8794008493423462, -0.7748876214027405], [-0.16765464842319489, 0.15638267993927002, 0.4332790672779083, -0.00829313788563013, 0.9999650716781616, 0.0010506584076210856, -0.9986949563026428, -0.16698603332042694, 0.6118698716163635, 0.4322880804538727, -1.0, -1.0000014305114746, -0.9999908208847046, -0.6000000238418579, -0.06222972646355629, -0.9772834181785583, -0.7924079895019531, -0.9405300617218018, -0.9936599731445312, -1.0, -0.9995307922363281, -0.19481174647808075, 0.2692832946777344, -0.7958118319511414, -0.5742714405059814, -0.6646512150764465, -0.9899733066558838, -0.8818031549453735, -0.8794008493423462, -0.7748876214027405], [-0.17338250577449799, 0.6011229157447815, 0.44229063391685486, -0.7924829721450806, -0.00200911913998425, -0.6098907589912415, -0.9987050890922546, 0.20287632942199707, 0.6012847423553467, 0.170938640832901, -1.000008463859558, -0.9999814033508301, -0.9999992251396179, -0.6000000238418579, 0.00013038190081715584, -0.9765321016311646, -0.8013765811920166, -0.9444272518157959, -0.9933157563209534, -1.0, -0.9995090961456299, -0.07862842828035355, 0.019676337018609047, -0.7958118319511414, -0.5742714405059814, -0.6646512150764465, -0.9899733066558838, -0.8818031549453735, -0.8794008493423462, -0.7748876214027405], [0.28242725133895874, 0.5934928059577942, 0.13318303227424622, 0.6055117845535278, 0.0027792719192802906, -0.7958315014839172, -0.9996334910392761, 0.5991693735122681, 0.598504900932312, -0.0715174600481987, -0.999995231628418, -1.0000032186508179, -0.9999946355819702, -0.6000000238418579, -0.0001505429099779576, -0.9776409864425659, -0.7968380451202393, -1.0, -0.9938086271286011, -1.0, -0.9995485544204712, -0.09300363063812256, 0.045744623988866806, -0.7958118319511414, -0.5742714405059814, -0.6646512150764465, -0.9899733066558838, -0.8818031549453735, -0.8794008493423462, -0.7748876214027405], [0.724806010723114, 0.6076167225837708, -0.17458967864513397, 0.0028135254979133606, 0.9999957084655762, -0.0008463537669740617, -0.997324526309967, 0.19852368533611298, 0.6346665024757385, -0.46031057834625244, -0.9998537302017212, -0.9999392628669739, -1.0001362562179565, -0.6000000238418579, 0.12388925999403, -0.9769685864448547, -0.7962746024131775, -0.9412572383880615, -0.9937482476234436, -0.9602838754653931, -0.9995525479316711, -0.10152524709701538, 0.2560020089149475, -0.7958118319511414, -0.5742714405059814, -0.6646512150764465, -0.9899733066558838, -0.8818031549453735, -0.8794008493423462, -0.7748876214027405], [-0.3346464931964874, 0.6182809472084045, -0.7236522436141968, 0.003151161363348365, 0.9999905228614807, 0.002998968353495002, -0.9994293451309204, -0.2873712480068207, 0.6126323938369751, -0.7247879505157471, -0.9999935030937195, -1.000003695487976, -0.9999826550483704, -0.6000000238418579, -0.060824278742074966, -0.9778768420219421, -0.7968941926956177, -0.8892444372177124, -0.9936087727546692, -1.0, -0.9995530247688293, -0.07738173753023148, 0.20215347409248352, -0.7958118319511414, -0.5742714405059814, -0.6646512150764465, -0.9899733066558838, -0.8818031549453735, -0.8794008493423462, -0.7748876214027405], [0.47174832224845886, 0.6176731586456299, -0.7302995324134827, -0.9999791979789734, 0.005963687784969807, -0.0024621954653412104, -0.9983006715774536, 0.20375877618789673, 0.6170865893363953, -0.8075823187828064, -0.9999891519546509, -0.9999366402626038, -0.999979555606842, -1.0, 0.00030661074561066926, -0.9771477580070496, -0.794526994228363, -0.9077536463737488, -0.9932940006256104, -1.0, -0.999506950378418, -0.023002078756690025, 0.02052660845220089, -0.7958118319511414, -0.5742714405059814, -0.6646512150764465, -0.9899733066558838, -0.8818031549453735, -0.8794008493423462, -0.7748876214027405]], "general_static": {"gains_and_scale_normalized": [-0.795811825365234, -0.574271468381388, -0.6646512236185833], "mass_normalized": [-0.9899733274962802], "robot_dimensions_normalized": [-0.8818031768270408, -0.8794008237199936, -0.7748876152625864], "trunk_attributes_normalized": [-0.9931728165606294, -0.16192887648384036, -0.04790556703397164, 0.8339000959519305, -1.0001602767948774, -0.9994564259716555, -0.9997791470443161]},