{"n_joints": 12, "joint_descriptions": [[-0.18707062304019928, -0.3847544491291046, 0.41869667172431946, -0.0066645643673837185, -0.9999063611030579, 0.011953990906476974, -0.9965469837188721, -0.16987526416778564, -0.8958703875541687, 0.41927945613861084, -0.9999537467956543, -1.0000219345092773, -0.9999650716781616, -0.6000000238418579, 0.05457071587443352, -0.9696767926216125, -0.6929200291633606, -1.0, -0.9907698035240173, -1.0, -0.9995219111442566, -0.26099586486816406, 0.19642671942710876, -0.698708176612854, -0.4127075672149658, -0.5811843872070312, -0.9716783165931702, -0.8198760747909546, -0.8352248072624207, -0.6294278502464294], [-0.1868748962879181, -0.928950846195221, 0.40533143281936646, -0.814224362373352, -0.032969653606414795, -0.5796133875846863, -0.9963728785514832, 0.14053046703338623, -0.9011947512626648, 0.1361694037914276, -1.000107765197754, -0.9999875426292419, -0.9999944567680359, -0.6000000238418579, 0.0018029978964477777, -0.972648024559021, -0.7718488574028015, -0.550146758556366, -0.9904393553733826, -0.8551632165908813, -0.9995617270469666, -0.018670395016670227, 0.09245067834854126, -0.698708176612854, -0.4127075672149658, -0.5811843872070312, -0.9716783165931702, -0.8198760747909546, -0.8352248072624207, -0.6294278502464294], [0.27462640404701233, -0.8725111484527588, 0.09733949601650238, 0.5743526220321655, -0.020501598715782166, -0.8183512091636658, -0.9990062713623047, 0.6471147537231445, -0.8803355693817139, -0.1210436224937439, -1.0000098943710327, -1.0000337362289429, -0.9999815821647644, -0.6000000238418579, 0.006849420256912708, -0.9696072936058044, -0.7026640772819519, -0.911276638507843, -0.9895325899124146, -0.8303919434547424, -0.9990222454071045, -0.027506215497851372, 0.07975151389837265, -0.698708176612854, -0.4127075672149658, -0.5811843872070312, -0.9716783165931702, -0.8198760747909546, -0.8352248072624207, -0.6294278502464294], [0.7142113447189331, -0.9111411571502686, -0.19561578333377838, -0.048687078058719635, -0.9985423684120178, 0.023295503109693527, -0.992577075958252, 0.1120176687836647, -0.8145105242729187, -0.45914381742477417, -0.9998033046722412, -0.9991899132728577, -1.0000337362289429, -0.6000000238418579, -0.11937446892261505, -0.9793617129325867, -0.6543770432472229, -0.8687942028045654, -0.9915421009063721, -0.6546106338500977, -0.9995300769805908, -0.28213825821876526, 0.09426050633192062, -0.698708176612854, -0.4127075672149658, -0.5811843872070312, -0.9716783165931702, -0.8198760747909546, -0.8352248072624207, -0.6294278502464294], [-0.445499449968338, -0.7396279573440552, -0.7281506657600403, -0.06449167430400848, -0.9973832964897156, 0.03267144784331322, -0.9984540343284607, -0.4373539686203003, -0.6586470603942871, -0.7357863783836365, -0.9999209642410278, -1.000052571296692, -0.9999945759773254, -0.6000000238418579, 0.05508860945701599, -0.9668010473251343, -0.7428035736083984, -0.6950151920318604, -0.9901632070541382, -1.0, -0.9994549751281738, -0.20613709092140198, 0.07768610864877701, -0.698708176612854, -0.4127075672149658, -0.5811843872070312, -0.9716783165931702, -0.8198760747909546, -0.8352248072624207, -0.6294278502464294], [0.04245034605264664, -0.6865425109863281, -0.7352095246315002, -0.9936133623123169, 0.09634501487016678, 0.05873798578977585, -0.9954851865768433, -0.11994675546884537, -0.6577022075653076, -0.8088937997817993, -0.9998563528060913, -0.999961793422699, -0.9997249245643616, -1.0, 0.0015163811622187495, -0.9587246179580688, -0.7216940522193909, -1.0, -0.9944844841957092, -1.0, -0.9993705749511719, 0.0017041609389707446, 0.03047831729054451, -0.698708176612854, -0.4127075672149658, -0.5811843872070312, -0.9716783165931702, -0.8198760747909546, -0.8352248072624207, -0.6294278502464294], [-0.21319395303726196, 0.08660328388214111, 0.4429534375667572, 0.0482134073972702, 0.9988130927085876, -0.006918021943420172, -0.9968377351760864, -0.23774747550487518, 0.5608097314834595, 0.4526910185813904, -0.9999514818191528, -1.0000114440917969, -0.9999529123306274, -0.6000000238418579, -0.0626191645860672, -0.9671682119369507, -0.7085316181182861, -1.0, -0.9907500743865967, -0.9638909101486206, -0.999349057674408, -0.1940603256225586, 0.2693357765674591, -0.698708176612854, -0.4127075672149658, -0.5811843872070312, -0.9716783165931702, -0.8198760747909546, -0.8352248072624207, -0.6294278502464294], [-0.18110838532447815, 0.7122183442115784, 0.4149601459503174, -0.792489767074585, -0.006084440276026726, -0.6098548173904419, -0.9968898892402649, 0.23294992744922638, 0.730040967464447, 0.1468283087015152, -1.0001062154769897, -0.9999904036521912, -0.9999939799308777, -0.6000000238418579, -0.0045080590061843395, -0.9645147323608398, -0.7618474364280701, -1.0, -0.9902456998825073, -0.5084207057952881, -0.9993176460266113, -0.08270902931690216, -0.0009633584995754063, -0.698708176612854, -0.4127075672149658, -0.5811843872070312, -0.9716783165931702, -0.8198760747909546, -0.8352248072624207, -0.6294278502464294], [0.25864893198013306, 0.7065675854682922, 0.12787143886089325, 0.6118313670158386, 0.015763917937874794, -0.7908311486244202, -0.998999297618866, 0.5959945917129517, 0.6289817690849304, -0.07857067883014679, -1.0000052452087402, -1.0000464916229248, -0.9999821782112122, -0.6000000238418579, -0.0023949970491230488, -0.9702104926109314, -0.787254810333252, -0.5936660766601562, -0.9921473860740662, -1.0, -0.9994379281997681, -0.08728982508182526, 0.030505502596497536, -0.698708176612854, -0.4127075672149658, -0.5811843872070312, -0.9716783165931702, -0.8198760747909546, -0.8352248072624207, -0.6294278502464294], [0.7494797110557556, 0.7407124042510986, -0.1935139000415802, -0.03929678723216057, 0.9991272687911987, 0.014156676828861237, -0.9927628040313721, 0.17627905309200287, 0.7066273093223572, -0.4202842116355896, -0.999891459941864, -0.9992278814315796, -0.999966561794281, -0.6000000238418579, 0.12488902360200882, -0.9701572060585022, -0.7292563319206238, -0.8477734923362732, -0.9910261034965515, -1.0, -0.9991160035133362, -0.10528132319450378, 0.26522618532180786, -0.698708176612854, -0.4127075672149658, -0.5811843872070312, -0.9716783165931702, -0.8198760747909546, -0.8352248072624207, -0.6294278502464294], [-0.35355889797210693, 0.6758927702903748, -0.7186620831489563, -0.039453648030757904, 0.9991647005081177, 0.010644588619470596, -0.9982883930206299, -0.33804014325141907, 0.6707475185394287, -0.7165647149085999, -0.9999145269393921, -1.0000433921813965, -0.9999895095825195, -0.6000000238418579, -0.06097697466611862, -0.9715438485145569, -0.7558396458625793, -0.9609755873680115, -0.9906757473945618, -0.8408966660499573, -0.9994058609008789, -0.07794257998466492, 0.20836013555526733, -0.698708176612854, -0.4127075672149658, -0.5811843872070312, -0.9716783165931702, -0.8198760747909546, -0.8352248072624207, -0.6294278502464294], [0.12415475398302078, 0.7156152129173279, -0.732333779335022, -0.9999852180480957, 0.004404378589242697, -0.003185297129675746, -0.9954491853713989, 0.010629584081470966, 0.7157377004623413, -0.8205508589744568, -0.9998806118965149, -0.9999483823776245, -0.9997287392616272, -1.0, 0.0037572956643998623, -0.9694388508796692, -0.6818663477897644, -1.0, -0.9907513856887817, -0.6528341770172119, -0.9992959499359131, -0.024274660274386406, 0.017152920365333557, -0.698708176612854, -0.4127075672149658, -0.5811843872070312, -0.9716783165931702, -0.8198760747909546, -0.8352248072624207, -0.6294278502464294]], "general_static": {"gains_and_scale_normalized": [-0.6987081619262345, -0.41270757252203516, -0.5811843613623495], "mass_normalized": [-0.9716783382040446], "robot_dimensions_normalized": [-0.8198760999303532, -0.8352248326399481, -0.6294278646076583], "trunk_attributes_normalized": [-0.9786065521013739, -0.11463347695584059, -0.1728360672030821, 0.8290695521759321, -1.001922780871588, -0.9997012564782676, -0.9971308447987259]},