{"n_joints": 12, "joint_descriptions": [[-0.25026634335517883, -0.2381325662136078, 0.43124130368232727, -0.014203645288944244, -0.9998749494552612, 0.006954915821552277, -0.9974414706230164, -0.2277887910604477, -0.7239518165588379, 0.43857717514038086, -0.9999798536300659, -1.000006914138794, -0.9999733567237854, -0.6000000238418579, 0.06032773479819298, -0.9695581793785095, -0.7698211669921875, -0.8562926054000854, -0.9927873611450195, -1.0, -0.9993556141853333, -0.27721914649009705, 0.19509416818618774, -0.7432300448417664, -0.3986717462539673, -0.5515375733375549, -0.9780036211013794, -0.8388739228248596, -0.8523064255714417, -0.6724480390548706], [-0.2404998391866684, -0.7077083587646484, 0.4449400305747986, -0.803961455821991, 0.0004968034918420017, -0.5946811437606812, -0.9973129630088806, 0.17271080613136292, -0.7169981002807617, 0.17227409780025482, -1.0000466108322144, -0.9999704360961914, -0.9999809265136719, -0.6000000238418579, -0.0019931900314986706, -0.9682098031044006, -0.7264035940170288, -0.8594561815261841, -0.9928269982337952, -1.0, -0.9993794560432434, -0.025430144742131233, 0.07195191830396652, -0.7432300448417664, -0.3986717462539673, -0.5515375733375549, -0.9780036211013794, -0.8388739228248596, -0.8523064255714417, -0.6724480390548706], [0.25166216492652893, -0.695110023021698, 0.13361983001232147, 0.6019476652145386, 0.011568094603717327, -0.7984517216682434, -0.9992149472236633, 0.5646118521690369, -0.6749140024185181, -0.07561308145523071, -0.999996542930603, -1.0000219345092773, -0.9999876022338867, -0.6000000238418579, 0.0003562799538485706, -0.9718242883682251, -0.7667825222015381, -0.8541533946990967, -0.9925886988639832, -1.0, -0.9993404150009155, -0.049190036952495575, 0.09827037900686264, -0.7432300448417664, -0.3986717462539673, -0.5515375733375549, -0.9780036211013794, -0.8388739228248596, -0.8523064255714417, -0.6724480390548706], [0.7449837923049927, -0.6839476227760315, -0.17579089105129242, 0.0016799492295831442, -0.9999727606773376, -0.007189544849097729, -0.9942969679832458, 0.1840214729309082, -0.6883543729782104, -0.44994693994522095, -0.9997502565383911, -0.9997984170913696, -1.0001674890518188, -0.6000000238418579, -0.12367939949035645, -0.9723337888717651, -0.747778594493866, -0.8277902603149414, -0.9922703504562378, -0.9934347867965698, -0.9993602633476257, -0.2580413520336151, 0.0987166091799736, -0.7432300448417664, -0.3986717462539673, -0.5515375733375549, -0.9780036211013794, -0.8388739228248596, -0.8523064255714417, -0.6724480390548706], [-0.41087010502815247, -0.6624331474304199, -0.723840057849884, -0.0023225380573421717, -0.9999529123306274, -0.009422768838703632, -0.9987807273864746, -0.35072556138038635, -0.6424674391746521, -0.7254421710968018, -0.9999540448188782, -1.0000120401382446, -0.9999752640724182, -0.6000000238418579, 0.06075682118535042, -0.9689187407493591, -0.7075987458229065, -1.0, -0.9918979406356812, -1.0, -0.9993246793746948, -0.1912180334329605, 0.07607081532478333, -0.7432300448417664, -0.3986717462539673, -0.5515375733375549, -0.9780036211013794, -0.8388739228248596, -0.8523064255714417, -0.6724480390548706], [0.24264973402023315, -0.6489611864089966, -0.7413111925125122, -0.9999191164970398, -0.005544422660022974, 0.011444345116615295, -0.996345043182373, 0.04257351532578468, -0.6529690623283386, -0.8233016729354858, -0.9999098777770996, -0.9998998641967773, -0.9999173879623413, -1.0, 0.0012756350915879011, -0.9703018069267273, -0.7406761050224304, -0.9950329065322876, -0.9919018745422363, -0.9255467653274536, -0.9993813037872314, -0.02146177925169468, 0.021575434133410454, -0.7432300448417664, -0.3986717462539673, -0.5515375733375549, -0.9780036211013794, -0.8388739228248596, -0.8523064255714417, -0.6724480390548706], [-0.2606174945831299, 0.16045928001403809, 0.41816243529319763, 0.004323921166360378, 0.9999736547470093, -0.005828147288411856, -0.9972435235977173, -0.2290513515472412, 0.613494336605072, 0.4210735857486725, -0.9999743103981018, -1.0000028610229492, -0.999967098236084, -0.6000000238418579, -0.060385290533304214, -0.9704270362854004, -0.7314655780792236, -0.738550066947937, -0.9916902184486389, -1.0, -0.9993833303451538, -0.18330715596675873, 0.27102452516555786, -0.7432300448417664, -0.3986717462539673, -0.5515375733375549, -0.9780036211013794, -0.8388739228248596, -0.8523064255714417, -0.6724480390548706], [-0.259682297706604, 0.6410701870918274, 0.41956597566604614, -0.7979739308357239, 0.011014352552592754, -0.602591335773468, -0.9972429871559143, 0.141776904463768, 0.6341794729232788, 0.14653493463993073, -1.0000509023666382, -0.9999696016311646, -0.9999796748161316, -0.6000000238418579, 0.0006372740608640015, -0.9733470678329468, -0.7516242861747742, -0.9019482135772705, -0.9928517937660217, -0.8537538647651672, -0.9994776844978333, -0.0789489895105362, 0.020835023373365402, -0.7432300448417664, -0.3986717462539673, -0.5515375733375549, -0.9780036211013794, -0.8388739228248596, -0.8523064255714417, -0.6724480390548706], [0.21120509505271912, 0.6394806504249573, 0.1129283607006073, 0.6080988049507141, -0.009721916168928146, -0.7938017845153809, -0.9991881251335144, 0.5221620202064514, 0.6124252080917358, -0.10810865461826324, -0.9999937415122986, -1.0000239610671997, -0.9999902844429016, -0.6000000238418579, -0.0006896560080349445, -0.9713003039360046, -0.7371312975883484, -0.9465084075927734, -0.9907591342926025, -0.9133768677711487, -0.9993193745613098, -0.09471113234758377, 0.050922248512506485, -0.7432300448417664, -0.3986717462539673, -0.5515375733375549, -0.9780036211013794, -0.8388739228248596, -0.8523064255714417, -0.6724480390548706], [0.7120551466941833, 0.6140252351760864, -0.2040674388408661, -0.010664153844118118, 0.9999430179595947, -0.0004585656279232353, -0.9942926168441772, 0.14204677939414978, 0.64055335521698, -0.4709623157978058, -0.9997340440750122, -0.9997881650924683, -1.0001775026321411, -0.6000000238418579, 0.12157869338989258, -0.9697158932685852, -0.735990047454834, -0.9463721513748169, -0.9907459020614624, -1.0, -0.9994069337844849, -0.10244208574295044, 0.2472200095653534, -0.7432300448417664, -0.3986717462539673, -0.5515375733375549, -0.9780036211013794, -0.8388739228248596, -0.8523064255714417, -0.6724480390548706], [-0.44048088788986206, 0.6012166142463684, -0.7407106757164001, -0.009431418962776661, 0.999836266040802, -0.015442471951246262, -0.9987788796424866, -0.4065077602863312, 0.5942137837409973, -0.7417702674865723, -0.9999529123306274, -1.000011682510376, -0.9999738931655884, -0.6000000238418579, -0.059877462685108185, -0.9679012298583984, -0.7643560171127319, -1.0, -0.991769552230835, -1.0, -0.9993130564689636, -0.07779818028211594, 0.2008230984210968, -0.7432300448417664, -0.3986717462539673, -0.5515375733375549, -0.9780036211013794, -0.8388739228248596, -0.8523064255714417, -0.6724480390548706], [0.20943674445152283, 0.6117444038391113, -0.7332207560539246, -0.9997221827507019, -0.019434809684753418, 0.013336061500012875, -0.9963773488998413, -0.008625082671642303, 0.6038830280303955, -0.808617889881134, -0.999910831451416, -0.9998936653137207, -0.9999171495437622, -1.0, -0.0012419670820236206, -0.9698596000671387, -0.7659288644790649, -0.8468164801597595, -0.9928368330001831, -0.9948648810386658, -0.9994792938232422, -0.024858977645635605, 0.032058220356702805, -0.7432300448417664, -0.3986717462539673, -0.5515375733375549, -0.9780036211013794, -0.8388739228248596, -0.8523064255714417, -0.6724480390548706]], "general_static": {"gains_and_scale_normalized": [-0.7432300507750201, -0.3986717401805915, -0.5515375450192725], "mass_normalized": [-0.978003596410125], "robot_dimensions_normalized": [-0.8388739233474651, -0.852306414312113, -0.6724480385888747], "trunk_attributes_normalized": [-0.9839924824000785, -0.2279377658270525, -0.005738939861261061, 0.8298188817139227, -1.0005443186846743, -0.9991393697728096, -0.9982646349904706]},