{"n_joints": 12, "joint_descriptions": [[-0.0612756721675396, -0.4411523640155792, 0.41214701533317566, 0.04781314358115196, -0.9988517761230469, 0.003009958891198039, -0.9957035779953003, -0.08333711326122284, -0.8983398675918579, 0.4096587896347046, -0.9999727606773376, -1.0000451803207397, -0.9999780654907227, -0.6000000238418579, 0.05045349895954132, -0.9658770561218262, -0.6049347519874573, -1.0, -0.9873953461647034, -0.7568313479423523, -0.9996855854988098, -0.24409322440624237, 0.18310104310512543, -0.695644199848175, -0.459783673286438, -0.621493935585022, -0.9648777842521667, -0.8121209144592285, -0.7940788865089417, -0.6563677191734314], [-0.06725264340639114, -0.9928016066551208, 0.36298415064811707, -0.8104937672615051, -0.030769070610404015, -0.5849385857582092, -0.9950103163719177, 0.13477717339992523, -0.9329955577850342, 0.10305504500865936, -1.0001509189605713, -0.9999670386314392, -1.0000866651535034, -0.6000000238418579, 0.006209888495504856, -0.9777733087539673, -0.8191542625427246, -0.2771763503551483, -0.9872973561286926, -1.0, -0.9997297525405884, -0.0032652122899889946, 0.1098787933588028, -0.695644199848175, -0.459783673286438, -0.621493935585022, -0.9648777842521667, -0.8121209144592285, -0.7940788865089417, -0.6563677191734314], [0.2953054904937744, -0.9107188582420349, 0.04050280526280403, 0.5480104684829712, -0.013415197841823101, -0.8363638520240784, -0.9987949728965759, 0.6651763319969177, -0.9196081757545471, -0.18415901064872742, -1.0000107288360596, -1.000016212463379, -0.9999633431434631, -0.6000000238418579, 0.011104623787105083, -0.9615942239761353, -0.6185030937194824, -1.0, -0.9862592816352844, -0.5392867922782898, -0.9987457394599915, -0.01003635860979557, 0.06284838914871216, -0.695644199848175, -0.459783673286438, -0.621493935585022, -0.9648777842521667, -0.8121209144592285, -0.7940788865089417, -0.6563677191734314], [0.6025988459587097, -0.9774656295776367, -0.2406150847673416, -0.0825016126036644, -0.9961460828781128, 0.02977326512336731, -0.9908530116081238, 0.06305539608001709, -0.8350712656974792, -0.48036181926727295, -0.9996660947799683, -0.997897207736969, -1.0002554655075073, -0.6000000238418579, -0.11517761647701263, -0.9852180480957031, -0.5654419660568237, -1.0, -0.9885526895523071, -0.36164093017578125, -0.9996947050094604, -0.2998383641242981, 0.1065467968583107, -0.695644199848175, -0.459783673286438, -0.621493935585022, -0.9648777842521667, -0.8121209144592285, -0.7940788865089417, -0.6563677191734314], [-0.3850913941860199, -0.7504371404647827, -0.7666792273521423, -0.0853080302476883, -0.9928375482559204, -0.08364298194646835, -0.998103141784668, -0.3956214189529419, -0.6417129039764404, -0.7563307285308838, -0.9999591112136841, -1.000144600868225, -0.999980628490448, -0.6000000238418579, 0.05079229921102524, -0.9703863263130188, -0.7879845499992371, -0.3639328181743622, -0.9908784031867981, -1.0, -0.9996100664138794, -0.22290505468845367, 0.07452136278152466, -0.695644199848175, -0.459783673286438, -0.621493935585022, -0.9648777842521667, -0.8121209144592285, -0.7940788865089417, -0.6563677191734314], [0.18103037774562836, -0.7179545164108276, -0.7674417495727539, -0.9832204580307007, 0.1032673791050911, 0.15037736296653748, -0.9941089153289795, -0.010147903114557266, -0.6926852464675903, -0.837315022945404, -0.9998733401298523, -0.9999226331710815, -0.9994297027587891, -1.0, -0.0019808895885944366, -0.9482741355895996, -0.6989699602127075, -0.8331650495529175, -0.9966492056846619, -1.0, -0.9993156790733337, 0.019401947036385536, 0.02018675021827221, -0.695644199848175, -0.459783673286438, -0.621493935585022, -0.9648777842521667, -0.8121209144592285, -0.7940788865089417, -0.6563677191734314], [-0.06145617738366127, -0.024108123034238815, 0.4823121726512909, -0.06530636548995972, 0.997104287147522, 0.038963284343481064, -0.9966043829917908, -0.1346876323223114, 0.4014330506324768, 0.5092344284057617, -0.999973475933075, -1.0000485181808472, -0.9999672174453735, -0.6000000238418579, -0.06417658179998398, -0.9659408330917358, -0.6742177605628967, -1.0, -0.9896811842918396, -0.6798233389854431, -0.9992560744285583, -0.2105279415845871, 0.2736316919326782, -0.695644199848175, -0.459783673286438, -0.621493935585022, -0.9648777842521667, -0.8121209144592285, -0.7940788865089417, -0.6563677191734314], [0.0003157065366394818, 0.6034473776817322, 0.45156458020210266, -0.778472900390625, 0.05559685826301575, -0.6252111196517944, -0.9966747164726257, 0.38661813735961914, 0.6442831754684448, 0.1817585527896881, -1.0001158714294434, -0.9999637603759766, -1.000078558921814, -0.6000000238418579, -0.00885061640292406, -0.9547805190086365, -0.6907176971435547, -0.9982414841651917, -0.9867521524429321, -0.21452701091766357, -0.9990803003311157, -0.06962597370147705, -0.018395937979221344, -0.695644199848175, -0.459783673286438, -0.621493935585022, -0.9648777842521667, -0.8121209144592285, -0.7940788865089417, -0.6563677191734314], [0.36258581280708313, 0.6286329627037048, 0.19725704193115234, 0.6386020183563232, 0.09452546387910843, -0.7637096047401428, -0.9988328814506531, 0.698900580406189, 0.5535193085670471, 0.0002437430521240458, -1.0000181198120117, -1.000032901763916, -0.9999597668647766, -0.6000000238418579, 0.0008581032743677497, -0.9626026749610901, -0.8344059586524963, -0.25932663679122925, -0.994023859500885, -1.0, -0.9995901584625244, -0.09521090984344482, 0.013294740580022335, -0.695644199848175, -0.459783673286438, -0.621493935585022, -0.9648777842521667, -0.8121209144592285, -0.7940788865089417, -0.6563677191734314], [0.7472091317176819, 0.7310353517532349, -0.10408353805541992, -0.022081753239035606, 0.992637574672699, 0.11909263581037521, -0.9907119274139404, 0.2474474161863327, 0.7015312910079956, -0.2849847972393036, -0.9997701644897461, -0.9980696439743042, -1.0000780820846558, -0.6000000238418579, 0.12920545041561127, -0.9649122357368469, -0.6659925580024719, -0.9955114126205444, -0.9926679134368896, -0.7744282484054565, -0.9988486170768738, -0.09207358956336975, 0.28230807185173035, -0.695644199848175, -0.459783673286438, -0.621493935585022, -0.9648777842521667, -0.8121209144592285, -0.7940788865089417, -0.6563677191734314], [-0.17207227647304535, 0.7719423174858093, -0.5978625416755676, -0.04255768656730652, 0.9963095784187317, 0.07453867793083191, -0.9977094531059265, -0.12075066566467285, 0.7713575959205627, -0.603695809841156, -0.9999435544013977, -1.000104546546936, -0.9999781250953674, -0.6000000238418579, -0.0630769208073616, -0.9764793515205383, -0.6804628372192383, -0.7170650362968445, -0.9907827973365784, -0.5496329069137573, -0.9995527863502502, -0.08096005767583847, 0.19629286229610443, -0.695644199848175, -0.459783673286438, -0.621493935585022, -0.9648777842521667, -0.8121209144592285, -0.7940788865089417, -0.6563677191734314], [0.3612397611141205, 0.7956217527389526, -0.6307783722877502, -0.9949307441711426, -0.08579938113689423, -0.05245259404182434, -0.9942004680633545, 0.26250025629997253, 0.7821144461631775, -0.710328221321106, -1.0000576972961426, -0.9999071955680847, -0.9994471073150635, -1.0, 0.008103216998279095, -0.9665878415107727, -0.592641294002533, -1.0, -0.9873661398887634, -0.3594304323196411, -0.9990537762641907, -0.02794339321553707, 0.0002317171893082559, -0.695644199848175, -0.459783673286438, -0.621493935585022, -0.9648777842521667, -0.8121209144592285, -0.7940788865089417, -0.6563677191734314]], "general_static": {"gains_and_scale_normalized": [-0.6956442245234761, -0.4597836784003404, -0.6214939138934681], "mass_normalized": [-0.9648777762326906], "robot_dimensions_normalized": [-0.812120915490574, -0.7940788897105518, -0.6563677101816303], "trunk_attributes_normalized": [-0.9736671263266815, 0.0652148546249276, -0.3003826439597239, 0.8497448996968298, -1.0043585300646236, -0.9992209235085788, -0.9984222108741121]},