{"n_joints": 12, "joint_descriptions": [[-0.17164644598960876, -0.2323325127363205, 0.44059255719184875, 0.0016660455148667097, -0.9999963045120239, -0.002150007989257574, -0.9978613257408142, -0.17148824036121368, -0.682014524936676, 0.4495840072631836, -0.999995231628418, -1.000004529953003, -0.9999783039093018, -0.6000000238418579, 0.06120624765753746, -0.9711105823516846, -0.7643751502037048, -0.874268651008606, -0.9919437170028687, -1.0, -0.9993972778320312, -0.27018430829048157, 0.18799914419651031, -0.7592040300369263, -0.4579940140247345, -0.5853430032730103, -0.9815689325332642, -0.8485355973243713, -0.8593641519546509, -0.7076738476753235], [-0.18066731095314026, -0.6638852953910828, 0.43464991450309753, -0.8014893531799316, 0.007939992472529411, -0.5979562997817993, -0.9976685643196106, 0.22600677609443665, -0.6463583707809448, 0.16439422965049744, -1.0000276565551758, -0.9999555349349976, -0.9999895691871643, -0.6000000238418579, -0.0006319317617453635, -0.9719686508178711, -0.7482170462608337, -0.8750017285346985, -0.9929901957511902, -1.0, -0.9994315505027771, -0.019624054431915283, 0.08463366329669952, -0.7592040300369263, -0.4579940140247345, -0.5853430032730103, -0.9815689325332642, -0.8485355973243713, -0.8593641519546509, -0.7076738476753235], [0.260360985994339, -0.6820152401924133, 0.1250915229320526, 0.6044738292694092, -0.0020038073416799307, -0.7966224551200867, -0.9993200302124023, 0.5986875295639038, -0.6742377877235413, -0.08688134700059891, -0.9999895095825195, -1.0000109672546387, -0.9999866485595703, -0.6000000238418579, -0.0011171684600412846, -0.9697818160057068, -0.749312698841095, -0.9497610926628113, -0.9922415018081665, -1.0, -0.9994233250617981, -0.053197503089904785, 0.091603122651577, -0.7592040300369263, -0.4579940140247345, -0.5853430032730103, -0.9815689325332642, -0.8485355973243713, -0.8593641519546509, -0.7076738476753235], [0.7036723494529724, -0.697378396987915, -0.19197195768356323, 0.013240151107311249, -0.9999119639396667, 0.0008759351330809295, -0.9952853918075562, 0.1512843668460846, -0.7234542965888977, -0.45900189876556396, -0.9996469616889954, -0.9998759627342224, -1.0003248453140259, -0.6000000238418579, -0.12459655106067657, -0.9750130772590637, -0.7422115802764893, -0.9125916361808777, -0.9917476773262024, -1.0, -0.9993987679481506, -0.24662046134471893, 0.10319046676158905, -0.7592040300369263, -0.4579940140247345, -0.5853430032730103, -0.9815689325332642, -0.8485355973243713, -0.8593641519546509, -0.7076738476753235], [-0.355543315410614, -0.6884687542915344, -0.7321327328681946, 0.007447301410138607, -0.9999426603317261, -0.00769783416762948, -0.9988768100738525, -0.31790515780448914, -0.682635486125946, -0.732982337474823, -0.9999740719795227, -1.0000083446502686, -0.9999574422836304, -0.6000000238418579, 0.062394797801971436, -0.9692550897598267, -0.7388531565666199, -0.8090395331382751, -0.9919849038124084, -1.0, -0.9994211196899414, -0.19708561897277832, 0.08544173836708069, -0.7592040300369263, -0.4579940140247345, -0.5853430032730103, -0.9815689325332642, -0.8485355973243713, -0.8593641519546509, -0.7076738476753235], [0.374648779630661, -0.6728629469871521, -0.7431638836860657, -0.9999416470527649, -0.0049424804747104645, 0.009607666172087193, -0.9968900084495544, 0.13988372683525085, -0.6745384335517883, -0.8126817941665649, -0.9999515414237976, -0.9998483061790466, -0.9999547004699707, -1.0, 0.0003671484882943332, -0.9692497253417969, -0.7460588812828064, -0.9002199769020081, -0.9922603368759155, -1.0, -0.9994553923606873, -0.031103435903787613, 0.023500634357333183, -0.7592040300369263, -0.4579940140247345, -0.5853430032730103, -0.9815689325332642, -0.8485355973243713, -0.8593641519546509, -0.7076738476753235], [-0.18066054582595825, 0.11558469384908676, 0.4286048114299774, -0.00035869289422407746, 0.9999998807907104, -0.00036380949313752353, -0.9976722002029419, -0.1754564791917801, 0.5269904732704163, 0.4341925382614136, -0.999994158744812, -1.0000019073486328, -0.9999734163284302, -0.6000000238418579, -0.06378825008869171, -0.9695669412612915, -0.7697547674179077, -1.0, -0.9923473596572876, -0.9039787650108337, -0.9993659257888794, -0.19287563860416412, 0.26945528388023376, -0.7592040300369263, -0.4579940140247345, -0.5853430032730103, -0.9815689325332642, -0.8485355973243713, -0.8593641519546509, -0.7076738476753235], [-0.17645461857318878, 0.5721913576126099, 0.4164588153362274, -0.7919210195541382, 0.008470944128930569, -0.6105648279190063, -0.9975987672805786, 0.22253386676311493, 0.5730164051055908, 0.1336757242679596, -1.0000272989273071, -0.9999550580978394, -0.9999905824661255, -0.6000000238418579, 0.0002929320326074958, -0.9742471575737, -0.7287653684616089, -0.9780286550521851, -0.9910938143730164, -0.9927974939346313, -0.9994284510612488, -0.08540908992290497, 0.01920158416032791, -0.7592040300369263, -0.4579940140247345, -0.5853430032730103, -0.9815689325332642, -0.8485355973243713, -0.8593641519546509, -0.7076738476753235], [0.2663525640964508, 0.5447476506233215, 0.11089006066322327, 0.616674542427063, -0.0018452287185937166, -0.7872160077095032, -0.9992940425872803, 0.5729939341545105, 0.5327412486076355, -0.09223009645938873, -0.9999874234199524, -1.0000123977661133, -0.9999871850013733, -0.6000000238418579, 1.3678248251380865e-05, -0.9714387059211731, -0.7652596235275269, -0.9070237874984741, -0.9928684830665588, -1.0, -0.9994269609451294, -0.09472307562828064, 0.04584948718547821, -0.7592040300369263, -0.4579940140247345, -0.5853430032730103, -0.9815689325332642, -0.8485355973243713, -0.8593641519546509, -0.7076738476753235], [0.7394620180130005, 0.5424802303314209, -0.1980399340391159, 0.007546749897301197, 0.9999423027038574, 0.007644033990800381, -0.9949930310249329, 0.1845461130142212, 0.5944793224334717, -0.4745192229747772, -0.9996262192726135, -0.9998707175254822, -1.0003324747085571, -0.6000000238418579, 0.12509532272815704, -0.9692671298980713, -0.7435289621353149, -0.9599342346191406, -0.9924020171165466, -1.0, -0.9994340538978577, -0.10319399833679199, 0.2540818154811859, -0.7592040300369263, -0.4579940140247345, -0.5853430032730103, -0.9815689325332642, -0.8485355973243713, -0.8593641519546509, -0.7076738476753235], [-0.336519718170166, 0.5798274874687195, -0.7372984290122986, -0.0007204912835732102, 0.9999704360961914, 0.0076562403701245785, -0.9989588260650635, -0.29109814763069153, 0.5460618138313293, -0.7314161658287048, -0.9999755620956421, -1.0000076293945312, -0.9999595284461975, -0.6000000238418579, -0.06116882711648941, -0.9692702293395996, -0.781710147857666, -0.9699259996414185, -0.992284893989563, -1.0, -0.9994281530380249, -0.08610764890909195, 0.20677365362644196, -0.7592040300369263, -0.4579940140247345, -0.5853430032730103, -0.9815689325332642, -0.8485355973243713, -0.8593641519546509, -0.7076738476753235], [0.3864791989326477, 0.5855152606964111, -0.7303091287612915, -0.999921977519989, 0.0026288810186088085, 0.012211979366838932, -0.9968865513801575, 0.17084261775016785, 0.5801171064376831, -0.8083863258361816, -0.9999545216560364, -0.9998408555984497, -0.9999510049819946, -1.0, 0.0005720268236473203, -0.9700126051902771, -0.7767353653907776, -0.7558745741844177, -0.9911101460456848, -1.0, -0.9995038509368896, -0.015543078072369099, 0.01608826406300068, -0.7592040300369263, -0.4579940140247345, -0.5853430032730103, -0.9815689325332642, -0.8485355973243713, -0.8593641519546509, -0.7076738476753235]], "general_static": {"gains_and_scale_normalized": [-0.7592040075467803, -0.457994005810895, -0.5853429939945765], "mass_normalized": [-0.9815689466716457], "robot_dimensions_normalized": [-0.8485355766624123, -0.8593641451849501, -0.7076738443921092], "trunk_attributes_normalized": [-0.9872245860415539, -0.16408166970600158, -0.09969658440584073, 0.8357566940963499, -1.0003421311803562, -0.9987285293728694, -0.9991188659985639]},