{"n_joints": 12, "joint_descriptions": [[-0.20019911229610443, -0.22398577630519867, 0.43426674604415894, 0.006235683802515268, -0.9999788403511047, -0.0018473659874871373, -0.9976106882095337, -0.20541752874851227, -0.6782912015914917, 0.44752568006515503, -0.9999893307685852, -1.0000089406967163, -0.9999816417694092, -0.6000000238418579, 0.06000594422221184, -0.9727654457092285, -0.7765864729881287, -0.812203586101532, -0.9920991659164429, -1.0, -0.9994460344314575, -0.2674202024936676, 0.18349705636501312, -0.7595663666725159, -0.46692752838134766, -0.5857453942298889, -0.9796557426452637, -0.8469423651695251, -0.8310679793357849, -0.6965738534927368], [-0.19088107347488403, -0.6838591694831848, 0.4302568733692169, -0.8081996440887451, -0.0025887389201670885, -0.5889029502868652, -0.9974440336227417, 0.21016430854797363, -0.6583192348480225, 0.16608689725399017, -1.000037431716919, -0.9999728798866272, -0.9999985694885254, -0.6000000238418579, -0.00029181790887378156, -0.9710228443145752, -0.7576331496238708, -0.7206507921218872, -0.9930152297019958, -1.0, -0.9993780255317688, -0.01734432578086853, 0.08199433237314224, -0.7595663666725159, -0.46692752838134766, -0.5857453942298889, -0.9796557426452637, -0.8469423651695251, -0.8310679793357849, -0.6965738534927368], [0.2560045123100281, -0.6861205101013184, 0.11394941061735153, 0.5922470688819885, 0.002417978597804904, -0.8057528138160706, -0.9992502927780151, 0.58501136302948, -0.6772065758705139, -0.08821479231119156, -0.9999974370002747, -1.000012993812561, -0.999986469745636, -0.6000000238418579, -0.0019070870475843549, -0.9683864116668701, -0.7486266493797302, -0.9840124845504761, -0.9929796457290649, -1.0, -0.9994073510169983, -0.05406326428055763, 0.09192043542861938, -0.7595663666725159, -0.46692752838134766, -0.5857453942298889, -0.9796557426452637, -0.8469423651695251, -0.8310679793357849, -0.6965738534927368], [0.7356426119804382, -0.7204161286354065, -0.20023447275161743, 0.019688092172145844, -0.9997842311859131, 0.006619852967560291, -0.9947918057441711, 0.17413119971752167, -0.7273190021514893, -0.4534611403942108, -0.9997809529304504, -0.9997014999389648, -1.000177264213562, -0.6000000238418579, -0.12239415943622589, -0.9726120233535767, -0.7569444179534912, -0.8720320463180542, -0.9924148321151733, -1.0, -0.9993249177932739, -0.2558491826057434, 0.10832522809505463, -0.7595663666725159, -0.46692752838134766, -0.5857453942298889, -0.9796557426452637, -0.8469423651695251, -0.8310679793357849, -0.6965738534927368], [-0.3406529128551483, -0.7398523688316345, -0.7279849648475647, 0.0075243329629302025, -0.9998829960823059, 0.013318384066224098, -0.9987806081771851, -0.3229598104953766, -0.7087411880493164, -0.7249220609664917, -0.9999715685844421, -1.0000195503234863, -0.9999748468399048, -0.6000000238418579, 0.06078903004527092, -0.9705275297164917, -0.751569926738739, -0.7838582396507263, -0.992250919342041, -1.0, -0.9994770884513855, -0.19092780351638794, 0.07903443276882172, -0.7595663666725159, -0.46692752838134766, -0.5857453942298889, -0.9796557426452637, -0.8469423651695251, -0.8310679793357849, -0.6965738534927368], [0.331124871969223, -0.708632230758667, -0.7410244941711426, -0.9999303221702576, -0.008438399992883205, 0.008252066560089588, -0.9966153502464294, 0.14381428062915802, -0.7079036831855774, -0.8091933727264404, -0.9999569654464722, -0.9999063014984131, -0.9998953938484192, -1.0, -0.0008273306302726269, -0.9705671072006226, -0.7639871835708618, -1.0, -0.9919977784156799, -0.9171311855316162, -0.9994906783103943, -0.023308031260967255, 0.02324611321091652, -0.7595663666725159, -0.46692752838134766, -0.5857453942298889, -0.9796557426452637, -0.8469423651695251, -0.8310679793357849, -0.6965738534927368], [-0.224696546792984, 0.15750615298748016, 0.43436214327812195, -0.0005476207588799298, 0.9999997615814209, 0.00046570965787395835, -0.997292697429657, -0.23304766416549683, 0.5811928510665894, 0.4459913372993469, -0.9999861121177673, -1.000007152557373, -0.9999760985374451, -0.6000000238418579, -0.06224141642451286, -0.9718238115310669, -0.7573482394218445, -0.9677366018295288, -0.99156254529953, -0.9663503170013428, -0.999330461025238, -0.19039490818977356, 0.26963645219802856, -0.7595663666725159, -0.46692752838134766, -0.5857453942298889, -0.9796557426452637, -0.8469423651695251, -0.8310679793357849, -0.6965738534927368], [-0.2497090995311737, 0.613176167011261, 0.4269753396511078, -0.7873048782348633, 0.0006887856288813055, -0.6165634989738464, -0.9973840117454529, 0.13871009647846222, 0.6190624833106995, 0.152512326836586, -1.0000406503677368, -0.9999724626541138, -1.0000001192092896, -0.6000000238418579, 6.465354817919433e-05, -0.9739858508110046, -0.7347957491874695, -0.947790265083313, -0.9911453127861023, -1.0, -0.9993371367454529, -0.0787905752658844, 0.016094140708446503, -0.7595663666725159, -0.46692752838134766, -0.5857453942298889, -0.9796557426452637, -0.8469423651695251, -0.8310679793357849, -0.6965738534927368], [0.18003182113170624, 0.615228533744812, 0.12077181786298752, 0.610227108001709, -0.000879220082424581, -0.7922260165214539, -0.9992060661315918, 0.5082072019577026, 0.6002336740493774, -0.08816474676132202, -0.9999957084655762, -1.0000147819519043, -0.9999875426292419, -0.6000000238418579, -0.0019978322088718414, -0.9733321070671082, -0.7449398040771484, -0.8915754556655884, -0.9929932951927185, -1.0, -0.9994134306907654, -0.0930437371134758, 0.046473924070596695, -0.7595663666725159, -0.46692752838134766, -0.5857453942298889, -0.9796557426452637, -0.8469423651695251, -0.8310679793357849, -0.6965738534927368], [0.6615669131278992, 0.6172935962677002, -0.1925950050354004, -0.0036952069494873285, 0.999981701374054, 0.004792795050889254, -0.9945233464241028, 0.11204594373703003, 0.6491357088088989, -0.47651660442352295, -0.9997571110725403, -0.999677300453186, -1.0001864433288574, -0.6000000238418579, 0.12307184189558029, -0.9705819487571716, -0.7598732709884644, -0.8463013768196106, -0.9911596179008484, -1.0, -0.9993414282798767, -0.09673062711954117, 0.24669189751148224, -0.7595663666725159, -0.46692752838134766, -0.5857453942298889, -0.9796557426452637, -0.8469423651695251, -0.8310679793357849, -0.6965738534927368], [-0.42054665088653564, 0.6241117119789124, -0.7293611764907837, -0.016631824895739555, 0.9998614192008972, -0.0006987908273003995, -0.9988958835601807, -0.3758515417575836, 0.6084337830543518, -0.7171699404716492, -0.9999719262123108, -1.0000174045562744, -0.9999760389328003, -0.6000000238418579, -0.05921691656112671, -0.9705880880355835, -0.7611828446388245, -0.8586043119430542, -0.9921410083770752, -1.0, -0.9994118809700012, -0.08382397145032883, 0.2089124321937561, -0.7595663666725159, -0.46692752838134766, -0.5857453942298889, -0.9796557426452637, -0.8469423651695251, -0.8310679793357849, -0.6965738534927368], [0.25121140480041504, 0.6675753593444824, -0.7281476259231567, -0.9996742010116577, -0.02156773954629898, 0.013650625944137573, -0.9965478181838989, 0.03385250270366669, 0.6603280901908875, -0.8154534697532654, -0.9999551773071289, -0.9999027252197266, -0.9999033212661743, -1.0, 0.0005007072468288243, -0.9683963060379028, -0.7701017260551453, -0.8712575435638428, -0.9916343092918396, -1.0, -0.9994529485702515, -0.023613257333636284, 0.016593514010310173, -0.7595663666725159, -0.46692752838134766, -0.5857453942298889, -0.9796557426452637, -0.8469423651695251, -0.8310679793357849, -0.6965738534927368]], "general_static": {"gains_and_scale_normalized": [-0.759566354990781, -0.46692752574680807, -0.585745397340895], "mass_normalized": [-0.9796557240758955], "robot_dimensions_normalized": [-0.8469423944371041, -0.8310680077546261, -0.6965738253397789], "trunk_attributes_normalized": [-0.9858827852974721, -0.1872289973791177, -0.04879080164172844, 0.8359202960656835, -1.0007455601193285, -0.9992517403740485, -0.9989836582524939]},