{"n_joints": 12, "joint_descriptions": [[-0.18812106549739838, -0.2519579827785492, 0.4239962100982666, 0.005980246234685183, -0.9999821186065674, 8.545365562895313e-05, -0.998112142086029, -0.18412670493125916, -0.6984296441078186, 0.4102221727371216, -0.9999899864196777, -1.0000033378601074, -0.9999822974205017, -0.6000000238418579, 0.06395962834358215, -0.9761686325073242, -0.7485710382461548, -0.9816787242889404, -0.993515133857727, -0.8822916150093079, -0.9995282292366028, -0.266378253698349, 0.1834186166524887, -0.7721999287605286, -0.483503520488739, -0.5887831449508667, -0.9844093322753906, -0.8504410982131958, -0.8673166036605835, -0.7065618634223938], [-0.2027743011713028, -0.6990273594856262, 0.4318026006221771, -0.7793383598327637, -0.0027873683720827103, -0.6265971064567566, -0.9980278611183167, 0.21984152495861053, -0.6853718161582947, 0.1486654132604599, -1.0000261068344116, -0.9999759793281555, -0.9999887347221375, -0.6000000238418579, -6.471762026194483e-05, -0.9736534953117371, -0.7395642399787903, -0.7971818447113037, -0.9922674894332886, -1.0, -0.9993789196014404, -0.018311960622668266, 0.07971817255020142, -0.7721999287605286, -0.483503520488739, -0.5887831449508667, -0.9844093322753906, -0.8504410982131958, -0.8673166036605835, -0.7065618634223938], [0.2433898001909256, -0.6627296209335327, 0.13034646213054657, 0.615878164768219, -0.0018037984846159816, -0.7878393530845642, -0.9994460940361023, 0.5655813217163086, -0.654127299785614, -0.0786295011639595, -0.9999950528144836, -1.0000120401382446, -0.9999915361404419, -0.6000000238418579, -0.000994283938780427, -0.9761208295822144, -0.7612383365631104, -0.933746874332428, -0.9915585517883301, -1.0, -0.999446451663971, -0.04687875136733055, 0.08329547941684723, -0.7721999287605286, -0.483503520488739, -0.5887831449508667, -0.9844093322753906, -0.8504410982131958, -0.8673166036605835, -0.7065618634223938], [0.7450659275054932, -0.7045480608940125, -0.1783134490251541, 0.0038357304874807596, -0.9999789595603943, -0.005231377203017473, -0.995836615562439, 0.20412953197956085, -0.7193848490715027, -0.4553963541984558, -0.9997976422309875, -0.999903678894043, -1.000150442123413, -0.6000000238418579, -0.12383425235748291, -0.9721351861953735, -0.7536879777908325, -0.9238172173500061, -0.9926890134811401, -0.8927243947982788, -0.9994745254516602, -0.2603567838668823, 0.099482960999012, -0.7721999287605286, -0.483503520488739, -0.5887831449508667, -0.9844093322753906, -0.8504410982131958, -0.8673166036605835, -0.7065618634223938], [-0.3369196355342865, -0.6863601803779602, -0.73712557554245, 0.019680297002196312, -0.999796450138092, -0.00443732226267457, -0.9991018772125244, -0.29065245389938354, -0.6487053632736206, -0.7372685670852661, -0.9999733567237854, -1.000006079673767, -0.9999775290489197, -0.6000000238418579, 0.06139662489295006, -0.9706124663352966, -0.7351904511451721, -0.8008056879043579, -0.9925206303596497, -1.0, -0.9993852376937866, -0.20822444558143616, 0.0836985781788826, -0.7721999287605286, -0.483503520488739, -0.5887831449508667, -0.9844093322753906, -0.8504410982131958, -0.8673166036605835, -0.7065618634223938], [0.3428795039653778, -0.6425002813339233, -0.720727801322937, -0.9998661875724792, -0.009846057742834091, -0.0130619490519166, -0.9973160028457642, 0.11867040395736694, -0.6455425024032593, -0.7972018122673035, -0.9999473094940186, -0.9999133944511414, -0.9999567270278931, -1.0, 0.0006442051380872726, -0.9713236689567566, -0.7593698501586914, -0.9102074503898621, -0.9924541115760803, -1.0, -0.9994209408760071, -0.026014143601059914, 0.024965627118945122, -0.7721999287605286, -0.483503520488739, -0.5887831449508667, -0.9844093322753906, -0.8504410982131958, -0.8673166036605835, -0.7065618634223938], [-0.21786853671073914, 0.17225520312786102, 0.423524409532547, 0.00523221492767334, 0.9999862909317017, -0.00022664497373625636, -0.9979996681213379, -0.22653888165950775, 0.5886279344558716, 0.4175671637058258, -0.9999880790710449, -1.0000009536743164, -0.9999792575836182, -0.6000000238418579, -0.061076123267412186, -0.976027250289917, -0.7774847149848938, -0.7539421319961548, -0.9914036989212036, -1.0, -0.9995214343070984, -0.18397767841815948, 0.2631498873233795, -0.7721999287605286, -0.483503520488739, -0.5887831449508667, -0.9844093322753906, -0.8504410982131958, -0.8673166036605835, -0.7065618634223938], [-0.21831536293029785, 0.6094251871109009, 0.42387568950653076, -0.7931030988693237, 9.900348959490657e-05, -0.609087347984314, -0.9980019330978394, 0.1803532838821411, 0.5689061284065247, 0.14382262527942657, -1.0000274181365967, -0.9999745488166809, -0.9999862909317017, -0.6000000238418579, 0.0015934366965666413, -0.9744574427604675, -0.7821103930473328, -0.887548565864563, -0.9923416376113892, -1.0, -0.9994811415672302, -0.07396943122148514, 0.012642974965274334, -0.7721999287605286, -0.483503520488739, -0.5887831449508667, -0.9844093322753906, -0.8504410982131958, -0.8673166036605835, -0.7065618634223938], [0.25825828313827515, 0.5951770544052124, 0.12146678566932678, 0.6027010679244995, -0.013182135298848152, -0.7978581786155701, -0.9994267225265503, 0.6091722249984741, 0.5570021867752075, -0.09314274042844772, -0.9999936819076538, -1.0000131130218506, -0.999993085861206, -0.6000000238418579, -0.0019894116558134556, -0.9729441404342651, -0.7647621631622314, -0.7969686985015869, -0.9932330250740051, -1.0, -0.9995299577713013, -0.09071461856365204, 0.03872355818748474, -0.7721999287605286, -0.483503520488739, -0.5887831449508667, -0.9844093322753906, -0.8504410982131958, -0.8673166036605835, -0.7065618634223938], [0.7236368060112, 0.6158375144004822, -0.19332456588745117, 0.006139001809060574, 0.999854326248169, -0.015927370637655258, -0.9959561228752136, 0.14924094080924988, 0.6569267511367798, -0.4725794792175293, -0.9997950196266174, -0.9999114871025085, -1.0001566410064697, -0.6000000238418579, 0.12411531060934067, -0.9743683338165283, -0.7626755833625793, -0.9019898176193237, -0.992521345615387, -0.8996332883834839, -0.9995297789573669, -0.09941757470369339, 0.24693037569522858, -0.7721999287605286, -0.483503520488739, -0.5887831449508667, -0.9844093322753906, -0.8504410982131958, -0.8673166036605835, -0.7065618634223938], [-0.3978640139102936, 0.6190513372421265, -0.739497721195221, 0.009673853404819965, 0.9998463988304138, -0.014615092426538467, -0.9990983605384827, -0.3533310294151306, 0.6203432083129883, -0.7279035449028015, -0.9999733567237854, -1.0000051259994507, -0.9999774098396301, -0.6000000238418579, -0.06122622638940811, -0.972078263759613, -0.7685487270355225, -0.9766260981559753, -0.9924777746200562, -0.9728863835334778, -0.9994574189186096, -0.07778219133615494, 0.20138640701770782, -0.7721999287605286, -0.483503520488739, -0.5887831449508667, -0.9844093322753906, -0.8504410982131958, -0.8673166036605835, -0.7065618634223938], [0.2849593460559845, 0.6026840209960938, -0.7395914793014526, -0.9999299049377441, -0.003959112800657749, 0.011156445369124413, -0.9974569082260132, 0.08513296395540237, 0.6026623249053955, -0.8209800720214844, -0.9999475479125977, -0.9999187588691711, -0.9999617338180542, -1.0, 0.000868507893756032, -0.9757022261619568, -0.7651837468147278, -0.945266604423523, -0.9926337003707886, -1.0, -0.9994792342185974, -0.024559179320931435, 0.02128145471215248, -0.7721999287605286, -0.483503520488739, -0.5887831449508667, -0.9844093322753906, -0.8504410982131958, -0.8673166036605835, -0.7065618634223938]], "general_static": {"gains_and_scale_normalized": [-0.7721999393926663, -0.48350351829265414, -0.588783141158377], "mass_normalized": [-0.9844093088221675], "robot_dimensions_normalized": [-0.8504410914708049, -0.8673166231366721, -0.7065618827627506], "trunk_attributes_normalized": [-0.9891406680263527, -0.19143014237994394, -0.02260951813365275, 0.8448936586153302, -1.0002344192813462, -0.9993017879817703, -0.9990865899037044]},