{"n_joints": 12, "joint_descriptions": [[0.5612093806266785, 0.22162221372127533, 0.7787368297576904, 0.9975970387458801, -0.04167868196964264, 0.05534474924206734, -0.9985018372535706, 0.5886995196342468, 0.22120563685894012, 1.0, -0.9999977946281433, -0.9998790621757507, -0.999965250492096, -0.6000000238418579, 0.01044374518096447, -0.9770152568817139, -0.8946553468704224, -0.2877078652381897, -0.9943418502807617, -0.37309759855270386, -0.9960572719573975, -0.15740294754505157, 0.1299819052219391, -0.8515134453773499, -0.5734464526176453, -0.6045477986335754, -0.9871241450309753, -0.5678383708000183, -0.8122631311416626, -0.9024272561073303], [0.6019018888473511, 0.6446003317832947, 0.6557165384292603, -0.008222976699471474, 0.9975399971008301, 0.06961578875780106, -0.9975350499153137, 0.5761263966560364, 0.5267658233642578, 0.5884279608726501, -0.9996747970581055, -0.9990823268890381, -1.0000872611999512, -0.6000000238418579, 0.11116611957550049, -0.9825703501701355, -0.6382697820663452, -1.0, -0.9916632175445557, -0.9712029099464417, -0.9922958016395569, -0.20987699925899506, 0.5418080687522888, -0.8515134453773499, -0.5734464526176453, -0.6045477986335754, -0.9871241450309753, -0.5678383708000183, -0.8122631311416626, -0.9024272561073303], [0.43739110231399536, 0.6771637797355652, -0.03555980324745178, -0.02987751178443432, 0.9980226755142212, 0.055299364030361176, -0.9995206594467163, 0.5937681794166565, 0.8116205334663391, -0.27574673295021057, -1.0000216960906982, -0.9997286200523376, -0.9999871253967285, -1.0, -0.22533272206783295, -0.9748138785362244, -0.8560530543327332, -0.6380504965782166, -0.992367148399353, -0.9382241368293762, -0.998830258846283, -0.36487987637519836, -0.16175974905490875, -0.8515134453773499, -0.5734464526176453, -0.6045477986335754, -0.9871241450309753, -0.5678383708000183, -0.8122631311416626, -0.9024272561073303], [0.5917786359786987, -0.18909429013729095, 0.8041574358940125, 0.9986477494239807, -0.023114869371056557, 0.046565648168325424, -0.9988580346107483, 0.5983484387397766, -0.20991630852222443, 0.8517845869064331, -0.9999805092811584, -0.9998669624328613, -0.9999988675117493, -0.6000000238418579, -0.026535186916589737, -0.974334716796875, -0.7383908629417419, -0.3485080599784851, -0.9960745573043823, -0.3020273447036743, -0.9966258406639099, -0.110259048640728, 0.1919904202222824, -0.8515134453773499, -0.5734464526176453, -0.6045477986335754, -0.9871241450309753, -0.5678383708000183, -0.8122631311416626, -0.9024272561073303], [0.5853602290153503, -0.58525550365448, 0.9661470055580139, -0.007741616107523441, -0.9892618656158447, 0.14594890177249908, -0.9981152415275574, 0.5878855586051941, -0.49096545577049255, 0.8502030968666077, -1.00034499168396, -0.999228835105896, -0.999825119972229, -0.6000000238418579, -0.12476994842290878, -0.9866130352020264, -0.8604593873023987, -0.09611775726079941, -0.9918142557144165, -1.0, -0.9868144392967224, -0.5368750095367432, 0.2741009593009949, -0.8515134453773499, -0.5734464526176453, -0.6045477986335754, -0.9871241450309753, -0.5678383708000183, -0.8122631311416626, -0.9024272561073303], [0.4551151990890503, -0.6705269813537598, 0.13030533492565155, -0.012198702432215214, -0.9891875386238098, 0.14614775776863098, -0.9994022250175476, 0.6178411841392517, -0.6043611168861389, -0.38743722438812256, -0.999996542930603, -0.9997445940971375, -1.0001015663146973, -1.0, 0.2407238781452179, -0.9566465616226196, -0.847453236579895, -0.35214370489120483, -0.9938333034515381, -0.7055870890617371, -0.9883039593696594, 0.13543382287025452, 0.4318723678588867, -0.8515134453773499, -0.5734464526176453, -0.6045477986335754, -0.9871241450309753, -0.5678383708000183, -0.8122631311416626, -0.9024272561073303], [-0.7955559492111206, 0.3607390820980072, 0.725995659828186, -0.9974182844161987, -0.05916459858417511, -0.040698397904634476, -0.9984223246574402, -0.754206657409668, 0.46357443928718567, 0.977289617061615, -0.9999911189079285, -0.9998341798782349, -0.9999828934669495, -0.6000000238418579, -0.01773926243185997, -0.9766054749488831, -0.8037453293800354, -0.984923779964447, -0.9983911514282227, -1.0, -0.9919615983963013, -0.11633998155593872, 0.11375123262405396, -0.8515134453773499, -0.5734464526176453, -0.6045477986335754, -0.9871241450309753, -0.5678383708000183, -0.8122631311416626, -0.9024272561073303], [-0.803349494934082, 0.9532478451728821, 0.6392636299133301, -0.01628481224179268, 0.9992946982383728, 0.03383666276931763, -0.9981908798217773, -0.8313978314399719, 0.9209815263748169, 0.91697758436203, -0.9998115301132202, -0.9994781613349915, -1.0000348091125488, -0.6000000238418579, 0.13423943519592285, -0.9649134278297424, -0.696154773235321, -0.06867028027772903, -0.9958269596099854, -1.0, -0.9956907629966736, -0.0454709418118, 0.6897121667861938, -0.8515134453773499, -0.5734464526176453, -0.6045477986335754, -0.9871241450309753, -0.5678383708000183, -0.8122631311416626, -0.9024272561073303], [-0.9309628009796143, 0.9595019817352295, -0.005089946556836367, 0.04078163206577301, 0.9953988194465637, 0.08670637011528015, -0.9994728565216064, -0.8183450698852539, 0.870394229888916, -0.21460281312465668, -1.000033974647522, -0.9997488856315613, -0.9999573826789856, -1.0, -0.22412580251693726, -0.9819971323013306, -0.8704090714454651, -0.12831275165081024, -0.9984198212623596, -0.7480159997940063, -0.9919450283050537, -0.43422481417655945, -0.07423241436481476, -0.8515134453773499, -0.5734464526176453, -0.6045477986335754, -0.9871241450309753, -0.5678383708000183, -0.8122631311416626, -0.9024272561073303], [-0.8563889265060425, -0.2166551798582077, 0.6376744508743286, -0.9960950016975403, -0.08168987184762955, -0.03348818048834801, -0.9987135529518127, -0.7952010035514832, -0.15096846222877502, 0.6162815093994141, -1.0000121593475342, -0.9999178647994995, -1.000010371208191, -0.6000000238418579, 0.026626843959093094, -0.9785426259040833, -0.7347497940063477, -0.8335199952125549, -0.9943755269050598, -1.0, -0.9990175366401672, -0.1326395869255066, 0.1582927107810974, -0.8515134453773499, -0.5734464526176453, -0.6045477986335754, -0.9871241450309753, -0.5678383708000183, -0.8122631311416626, -0.9024272561073303], [-0.845356285572052, -0.7324696779251099, 0.8947844505310059, 0.03117334470152855, -0.9892047643661499, 0.14318563044071198, -0.9970113039016724, -0.8653584718704224, -0.536470353603363, 0.9924055933952332, -1.0003570318222046, -0.9992907643318176, -0.9999362230300903, -0.6000000238418579, -0.13300254940986633, -0.9720103144645691, -0.6673017740249634, -0.5857818126678467, -0.9944127798080444, -1.0, -0.9895092248916626, -0.7016561627388, 0.12087271362543106, -0.8515134453773499, -0.5734464526176453, -0.6045477986335754, -0.9871241450309753, -0.5678383708000183, -0.8122631311416626, -0.9024272561073303], [-0.9530561566352844, -0.8978764414787292, 0.22983340919017792, -0.01269245520234108, -0.9921153783798218, 0.12468374520540237, -0.999564528465271, -0.8700443506240845, -0.9637556672096252, -0.32044586539268494, -0.9999825954437256, -0.9998094439506531, -1.0000693798065186, -1.0, 0.21918423473834991, -0.9754544496536255, -0.940759003162384, -0.17030136287212372, -0.9948928952217102, -0.21270751953125, -0.9894505739212036, 0.08418253064155579, 0.4383993446826935, -0.8515134453773499, -0.5734464526176453, -0.6045477986335754, -0.9871241450309753, -0.5678383708000183, -0.8122631311416626, -0.9024272561073303]], "general_static": {"gains_and_scale_normalized": [-0.8515134520702985, -0.573446450735565, -0.604547790398126], "mass_normalized": [-0.9871241375192858], "robot_dimensions_normalized": [-0.5678383770853326, -0.8122631116515665, -0.9024272721673772], "trunk_attributes_normalized": [-0.9877208502734247, -0.057346402790724005, -0.05597435067725742, 0.9119231454031482, -1.0005936025857398, -1.000706646553798, -0.9868815930934609]},