{"n_joints": 12, "joint_descriptions": [[0.5776324272155762, 0.2711186707019806, 0.9224838614463806, 0.9999925494194031, 0.0004967027925886214, -0.003827485255897045, -0.9968498945236206, 0.5597877502441406, 0.2829670310020447, 0.9106975793838501, -0.9999779462814331, -0.9999128580093384, -0.9999534487724304, -0.6000000238418579, 0.01616300456225872, -0.9708784222602844, -0.6586280465126038, -0.960003674030304, -0.9927942156791687, -1.0, -0.9899668097496033, -0.1617632955312729, 0.15866391360759735, -0.7690601348876953, -0.5060010552406311, -0.6146092414855957, -0.9685467481613159, -0.5235259532928467, -0.7770130038261414, -0.8004367351531982], [0.5743352770805359, 0.8098025321960449, 1.0, 0.007793048862367868, 0.9940595626831055, 0.10855799913406372, -0.9947461485862732, 0.5076348781585693, 0.6944650411605835, 0.8724077939987183, -0.9999527931213379, -0.9993405342102051, -0.9997429251670837, -0.6000000238418579, 0.1243441179394722, -0.9707149863243103, -0.6707531809806824, -0.9304808974266052, -0.9927440881729126, -0.9799838662147522, -0.9895116686820984, -0.23879772424697876, 0.5368378162384033, -0.7690601348876953, -0.5060010552406311, -0.6146092414855957, -0.9685467481613159, -0.5235259532928467, -0.7770130038261414, -0.8004367351531982], [0.1871209591627121, 0.8926212787628174, 0.13010576367378235, 0.0009360125404782593, 0.9939159750938416, 0.11013705283403397, -0.9988841414451599, 0.422514408826828, 0.9441331028938293, -0.4949193000793457, -1.0000736713409424, -0.9998432397842407, -1.0000401735305786, -1.0, -0.23083215951919556, -0.9466266632080078, -0.8363324403762817, -0.8908268809318542, -0.9928415417671204, -0.9356154799461365, -0.9885979294776917, -0.42498576641082764, -0.13105222582817078, -0.7690601348876953, -0.5060010552406311, -0.6146092414855957, -0.9685467481613159, -0.5235259532928467, -0.7770130038261414, -0.8004367351531982], [0.582084596157074, -0.2617737352848053, 0.91466224193573, 0.999999463558197, 0.0006770553300157189, -0.0007899404154159129, -0.9967986941337585, 0.5681576728820801, -0.27276739478111267, 0.9109046459197998, -0.9999774694442749, -0.999905526638031, -0.9999707937240601, -0.6000000238418579, -0.015729419887065887, -0.9717742800712585, -0.6882873177528381, -0.8878525495529175, -0.9928355813026428, -1.0, -0.9897724390029907, -0.16599223017692566, 0.16424982249736786, -0.7690601348876953, -0.5060010552406311, -0.6146092414855957, -0.9685467481613159, -0.5235259532928467, -0.7770130038261414, -0.8004367351531982], [0.5823788642883301, -0.8046280145645142, 0.9933956265449524, 0.00253477250225842, -0.9947223663330078, 0.10257185995578766, -0.9946930408477783, 0.5188246369361877, -0.6896657943725586, 0.8641871809959412, -1.0003987550735474, -0.9995394945144653, -0.9996310472488403, -0.6000000238418579, -0.12327210605144501, -0.9721837639808655, -0.6642413139343262, -0.9445921778678894, -0.9924279451370239, -0.9697903394699097, -0.9895793795585632, -0.536921501159668, 0.2438584864139557, -0.7690601348876953, -0.5060010552406311, -0.6146092414855957, -0.9685467481613159, -0.5235259532928467, -0.7770130038261414, -0.8004367351531982], [0.19781805574893951, -0.8876064419746399, 0.1194751188158989, 0.0008925814181566238, -0.9943462014198303, 0.106182761490345, -0.99891197681427, 0.43960505723953247, -0.9473181366920471, -0.4951891601085663, -1.0000741481781006, -0.9998588562011719, -1.0000762939453125, -1.0, 0.23053717613220215, -0.9451994299888611, -0.8263179063796997, -0.961855947971344, -0.9928860664367676, -1.0, -0.9889711141586304, 0.1295093297958374, 0.4180055856704712, -0.7690601348876953, -0.5060010552406311, -0.6146092414855957, -0.9685467481613159, -0.5235259532928467, -0.7770130038261414, -0.8004367351531982], [-0.5658580660820007, 0.2785751521587372, 0.9244195222854614, -0.9998153448104858, -0.01028585433959961, -0.016230180859565735, -0.9968682527542114, -0.5489661693572998, 0.28864213824272156, 0.9156965017318726, -0.9999788999557495, -0.9999122619628906, -0.9999522566795349, -0.6000000238418579, -0.01605629175901413, -0.9711185693740845, -0.6748998761177063, -0.8756677508354187, -0.9925829172134399, -0.9697420001029968, -0.9894925355911255, -0.16374270617961884, 0.1640608310699463, -0.7690601348876953, -0.5060010552406311, -0.6146092414855957, -0.9685467481613159, -0.5235259532928467, -0.7770130038261414, -0.8004367351531982], [-0.5635709166526794, 0.8173492550849915, 0.9943172335624695, -0.015861740335822105, 0.9940782785415649, 0.10750248283147812, -0.9945632219314575, -0.629269540309906, 0.7018296718597412, 0.8469113111495972, -0.9999614357948303, -0.9993067383766174, -0.9997427463531494, -0.6000000238418579, 0.12264222651720047, -0.9727204442024231, -0.6527466773986816, -0.9890509843826294, -0.9928491711616516, -1.0, -0.9899958372116089, -0.07886406034231186, 0.6977646946907043, -0.7690601348876953, -0.5060010552406311, -0.6146092414855957, -0.9685467481613159, -0.5235259532928467, -0.7770130038261414, -0.8004367351531982], [-0.9465452432632446, 0.8774522542953491, 0.10698661208152771, 0.0013323912862688303, 0.9953805208206177, 0.09599895775318146, -0.998889148235321, -0.7051653861999512, 0.9223261475563049, -0.5269395112991333, -1.0000720024108887, -0.9998415112495422, -1.0000437498092651, -1.0, -0.22987087070941925, -0.9428730607032776, -0.8337737321853638, -1.0, -0.992447018623352, -1.0, -0.9894446730613708, -0.4171931743621826, -0.13457125425338745, -0.7690601348876953, -0.5060010552406311, -0.6146092414855957, -0.9685467481613159, -0.5235259532928467, -0.7770130038261414, -0.8004367351531982], [-0.5607828497886658, -0.26303786039352417, 0.9229664206504822, -0.9999567866325378, 0.0019253302598372102, -0.00909343734383583, -0.9968975186347961, -0.545488178730011, -0.26991596817970276, 0.9269423484802246, -0.9999788403511047, -0.9999034404754639, -0.999969482421875, -0.6000000238418579, 0.014702030457556248, -0.971108078956604, -0.6776240468025208, -0.9816029667854309, -0.9928014278411865, -1.0, -0.9885373115539551, -0.15822619199752808, 0.1613144725561142, -0.7690601348876953, -0.5060010552406311, -0.6146092414855957, -0.9685467481613159, -0.5235259532928467, -0.7770130038261414, -0.8004367351531982], [-0.5610207915306091, -0.8159230351448059, 0.971055805683136, 1.7962065612664446e-05, -0.9954667091369629, 0.09511075913906097, -0.9947838187217712, -0.629439115524292, -0.6923871636390686, 0.8283180594444275, -1.0004032850265503, -0.9995350241661072, -0.9996207356452942, -0.6000000238418579, -0.12325184792280197, -0.9704008102416992, -0.6671407222747803, -0.7769060134887695, -0.9926953315734863, -0.9979891777038574, -0.9893820285797119, -0.6978213787078857, 0.080518938601017, -0.7690601348876953, -0.5060010552406311, -0.6146092414855957, -0.9685467481613159, -0.5235259532928467, -0.7770130038261414, -0.8004367351531982], [-0.9479448795318604, -0.8911265730857849, 0.08196109533309937, -0.01240231841802597, -0.9956587553024292, 0.09224842488765717, -0.9989043474197388, -0.7069904804229736, -0.9514440894126892, -0.5352845191955566, -1.00006902217865, -0.9998565316200256, -1.0000743865966797, -1.0, 0.23084576427936554, -0.9459198117256165, -0.8199312090873718, -0.9408687353134155, -0.9927354454994202, -1.0, -0.9893285036087036, 0.13124538958072662, 0.41967639327049255, -0.7690601348876953, -0.5060010552406311, -0.6146092414855957, -0.9685467481613159, -0.5235259532928467, -0.7770130038261414, -0.8004367351531982]], "general_static": {"gains_and_scale_normalized": [-0.7690601198036999, -0.506001051335959, -0.6146092595819064], "mass_normalized": [-0.9685467290995444], "robot_dimensions_normalized": [-0.5235259358434989, -0.7770130299401028, -0.8004367233302317], "trunk_attributes_normalized": [-0.9674399150048318, 0.07165219965043224, 0.013117596801202058, 0.884245816444204, -0.9986981501034257, -1.0063173107271217, -0.9888866957124793]},