{"n_joints": 12, "joint_descriptions": [[0.565375566482544, 0.31216666102409363, 0.8990775346755981, 0.9992276430130005, -0.02582063339650631, 0.029621196910738945, -0.9981023669242859, 0.5774701833724976, 0.3321627676486969, 0.9924312829971313, -1.0000014305114746, -0.9999656081199646, -0.9999607801437378, -0.6000000238418579, 0.013985802419483662, -0.9778732061386108, -0.8166859745979309, -0.6301062107086182, -0.99415123462677, -0.6988034844398499, -0.9927394986152649, -0.1632581502199173, 0.15040867030620575, -0.8065246343612671, -0.592698335647583, -0.617000937461853, -0.9825997948646545, -0.6132498979568481, -0.7729436755180359, -0.8596426248550415], [0.5881187319755554, 0.8327195048332214, 0.9070364236831665, -0.0038415323942899704, 0.9960489273071289, 0.08872310072183609, -0.9966379404067993, 0.5347151756286621, 0.7240960001945496, 0.7523910999298096, -1.0001177787780762, -0.9996254444122314, -0.999738872051239, -0.6000000238418579, 0.11638855189085007, -0.9753031134605408, -0.6687453389167786, -1.0, -0.9924864172935486, -0.8992574214935303, -0.9913598895072937, -0.2301894575357437, 0.5382449626922607, -0.8065246343612671, -0.592698335647583, -0.617000937461853, -0.9825997948646545, -0.6132498979568481, -0.7729436755180359, -0.8596426248550415], [0.2816959023475647, 0.8846074938774109, 0.05665097013115883, -0.009278723038733006, 0.9952543377876282, 0.09686464071273804, -0.9993644952774048, 0.52227783203125, 0.9659285545349121, -0.42339304089546204, -1.000062108039856, -0.999924898147583, -1.0000512599945068, -1.0, -0.23020276427268982, -0.96060711145401, -0.862291693687439, -0.9451753497123718, -0.9937250018119812, -0.8110044002532959, -0.9957231283187866, -0.3858932852745056, -0.14131619036197662, -0.8065246343612671, -0.592698335647583, -0.617000937461853, -0.9825997948646545, -0.6132498979568481, -0.7729436755180359, -0.8596426248550415], [0.5807896852493286, -0.21734479069709778, 0.9043406844139099, 0.9998525381088257, -0.014441044069826603, 0.009294777177274227, -0.9984102845191956, 0.5711670517921448, -0.22518783807754517, 0.9211015701293945, -0.9999984502792358, -0.9999562501907349, -0.9999722242355347, -0.6000000238418579, -0.02139938436448574, -0.9769653677940369, -0.7357206344604492, -0.6929253339767456, -0.9940282702445984, -0.6281832456588745, -0.9933395385742188, -0.1312078833580017, 0.1716296225786209, -0.8065246343612671, -0.592698335647583, -0.617000937461853, -0.9825997948646545, -0.6132498979568481, -0.7729436755180359, -0.8596426248550415], [0.5891419053077698, -0.7201184034347534, 0.9940595030784607, -0.0022456252481788397, -0.9893839955329895, 0.14530758559703827, -0.9971708059310913, 0.5436961650848389, -0.5942297577857971, 0.8380010724067688, -1.000300645828247, -0.9998559355735779, -0.9996867179870605, -0.6000000238418579, -0.12223050743341446, -0.979220449924469, -0.7759835124015808, -0.41257476806640625, -0.9931889772415161, -1.0, -0.9883554577827454, -0.5366093516349792, 0.2535254955291748, -0.8065246343612671, -0.592698335647583, -0.617000937461853, -0.9825997948646545, -0.6132498979568481, -0.7729436755180359, -0.8596426248550415], [0.2864091694355011, -0.7905084490776062, 0.06405792385339737, 0.009792543947696686, -0.9898916482925415, 0.1414872407913208, -0.9992994070053101, 0.5093899965286255, -0.7842594385147095, -0.5459513068199158, -1.000055193901062, -0.9999374151229858, -1.0000721216201782, -1.0, 0.2354920357465744, -0.9559339880943298, -0.8606981635093689, -0.6683981418609619, -0.9940386414527893, -1.0, -0.9899388551712036, 0.12388693541288376, 0.41544944047927856, -0.8065246343612671, -0.592698335647583, -0.617000937461853, -0.9825997948646545, -0.6132498979568481, -0.7729436755180359, -0.8596426248550415], [-0.6130393147468567, 0.3479313552379608, 0.8648786544799805, -0.999256432056427, -0.034074366092681885, -0.018042687326669693, -0.9981474876403809, -0.5934239625930786, 0.39968591928482056, 0.9694920778274536, -0.9999964237213135, -0.9999641180038452, -0.9999589920043945, -0.6000000238418579, -0.02015024609863758, -0.9769753217697144, -0.7233325839042664, -1.0, -0.9963015913963318, -0.9471633434295654, -0.9914035201072693, -0.13716183602809906, 0.13460089266300201, -0.8065246343612671, -0.592698335647583, -0.617000937461853, -0.9825997948646545, -0.6132498979568481, -0.7729436755180359, -0.8596426248550415], [-0.6022288203239441, 0.9268274903297424, 0.8903796672821045, -0.03487130627036095, 0.9848669767379761, 0.16976745426654816, -0.9974275827407837, -0.6545380353927612, 0.8301195502281189, 0.913684606552124, -1.0001012086868286, -0.9997397065162659, -0.9997746348381042, -0.6000000238418579, 0.129026859998703, -0.9672730565071106, -0.7335742115974426, -0.4107065796852112, -0.9937973022460938, -1.0, -0.9923579692840576, -0.06600238382816315, 0.7028168439865112, -0.8065246343612671, -0.592698335647583, -0.617000937461853, -0.9825997948646545, -0.6132498979568481, -0.7729436755180359, -0.8596426248550415], [-0.8921240568161011, 0.9213466048240662, 0.09937897324562073, -0.03164087235927582, 0.9939644932746887, 0.10503994673490524, -0.9992980360984802, -0.6965379118919373, 0.9290065169334412, -0.37305647134780884, -1.0000780820846558, -0.9999334216117859, -1.0000576972961426, -1.0, -0.22913016378879547, -0.9683312177658081, -0.8532702922821045, -0.4473131597042084, -0.9964758157730103, -1.0, -0.9913408756256104, -0.4164310693740845, -0.09521428495645523, -0.8065246343612671, -0.592698335647583, -0.617000937461853, -0.9825997948646545, -0.6132498979568481, -0.7729436755180359, -0.8596426248550415], [-0.6542282700538635, -0.21707230806350708, 0.75223708152771, -0.9984798431396484, -0.053738780319690704, 0.012251452542841434, -0.9982031583786011, -0.6139222979545593, -0.20489844679832458, 0.7204939126968384, -1.0000003576278687, -0.9999687671661377, -0.9999703764915466, -0.6000000238418579, 0.02239164523780346, -0.9764270186424255, -0.7317541837692261, -0.8419986367225647, -0.9941258430480957, -0.9298785328865051, -0.9959285259246826, -0.15279820561408997, 0.16099201142787933, -0.8065246343612671, -0.592698335647583, -0.617000937461853, -0.9825997948646545, -0.6132498979568481, -0.7729436755180359, -0.8596426248550415], [-0.6602039933204651, -0.7540216445922852, 0.8870349526405334, -0.0059284549206495285, -0.9881107807159424, 0.1536293476819992, -0.9965077042579651, -0.7014932036399841, -0.6127739548683167, 0.8323536515235901, -1.000266194343567, -0.9998918771743774, -0.999702513217926, -0.6000000238418579, -0.12798017263412476, -0.9748395681381226, -0.6908425688743591, -0.8972491025924683, -0.9935277700424194, -0.9479700326919556, -0.9911388754844666, -0.6962975263595581, 0.1001698225736618, -0.8065246343612671, -0.592698335647583, -0.617000937461853, -0.9825997948646545, -0.6132498979568481, -0.7729436755180359, -0.8596426248550415], [-0.9441166520118713, -0.8638286590576172, 0.06583178788423538, -0.05109161138534546, -0.9914016127586365, 0.12046803534030914, -0.9993985295295715, -0.7544587850570679, -0.9448418617248535, -0.5547437071800232, -1.0000636577606201, -0.9999452829360962, -1.0000509023666382, -1.0, 0.22437894344329834, -0.9612802863121033, -0.8981964588165283, -0.5136836767196655, -0.9936409592628479, -0.5416097044944763, -0.991088330745697, 0.10513399541378021, 0.418994277715683, -0.8065246343612671, -0.592698335647583, -0.617000937461853, -0.9825997948646545, -0.6132498979568481, -0.7729436755180359, -0.8596426248550415]], "general_static": {"gains_and_scale_normalized": [-0.8065246311125607, -0.5926983472942031, -0.6170009424949585], "mass_normalized": [-0.9825997931605814], "robot_dimensions_normalized": [-0.6132499170345345, -0.7729436529798482, -0.8596426451446139], "trunk_attributes_normalized": [-0.9828818049031682, 0.04785684073014784, 0.01831178362221708, 0.8919998874277943, -0.9997592462632393, -1.005138148375865, -0.9963156464046957]},