{"n_joints": 12, "joint_descriptions": [[0.578698456287384, 0.251657098531723, 0.9233068227767944, 0.9999954700469971, 0.0011071552289649844, -0.0027943411841988564, -0.9968545436859131, 0.5619495511054993, 0.2644212543964386, 0.9135105013847351, -0.9999793171882629, -0.9999104738235474, -0.9999544620513916, -0.6000000238418579, 0.01625714637339115, -0.971002459526062, -0.6631616353988647, -0.9443305134773254, -0.99277663230896, -1.0, -0.9899858236312866, -0.16142140328884125, 0.15855523943901062, -0.7680143117904663, -0.5097410678863525, -0.6111353039741516, -0.9686022996902466, -0.5216241478919983, -0.7779094576835632, -0.8001712560653687], [0.5764215588569641, 0.7886953353881836, 1.0, 0.0015555255813524127, 0.9951842427253723, 0.09800970554351807, -0.9947120547294617, 0.5106455087661743, 0.6741973757743835, 0.8719354867935181, -0.999936044216156, -0.9993250370025635, -0.9997567534446716, -0.6000000238418579, 0.12402660399675369, -0.9706630110740662, -0.671095073223114, -0.9475489854812622, -0.9926507472991943, -0.9780985713005066, -0.9894891977310181, -0.2386305332183838, 0.5366380214691162, -0.7680143117904663, -0.5097410678863525, -0.6111353039741516, -0.9686022996902466, -0.5216241478919983, -0.7779094576835632, -0.8001712560653687], [0.1909833699464798, 0.8736699819564819, 0.12995567917823792, 0.00610679667443037, 0.9946559071540833, 0.10306497663259506, -0.998884379863739, 0.4276045858860016, 0.9217443466186523, -0.4936181604862213, -1.0000700950622559, -0.9998388290405273, -1.0000379085540771, -1.0, -0.23102444410324097, -0.9468870162963867, -0.8364077210426331, -0.8993645310401917, -0.9929170608520508, -0.9389019012451172, -0.9887940287590027, -0.42398831248283386, -0.13151124119758606, -0.7680143117904663, -0.5097410678863525, -0.6111353039741516, -0.9686022996902466, -0.5216241478919983, -0.7779094576835632, -0.8001712560653687], [0.5822581052780151, -0.27696433663368225, 0.9151384234428406, 0.9999991059303284, 0.0005691148107871413, -0.001221413491293788, -0.996828556060791, 0.567604660987854, -0.2871611416339874, 0.9110671877861023, -0.999978244304657, -0.9999032616615295, -0.9999732375144958, -0.6000000238418579, -0.015868909657001495, -0.9718446731567383, -0.687411367893219, -0.8711135387420654, -0.9927511811256409, -1.0, -0.9898858070373535, -0.1647738367319107, 0.16441188752651215, -0.7680143117904663, -0.5097410678863525, -0.6111353039741516, -0.9686022996902466, -0.5216241478919983, -0.7779094576835632, -0.8001712560653687], [0.582603931427002, -0.8167024850845337, 0.990805447101593, 0.004965514410287142, -0.9950274229049683, 0.09947751462459564, -0.9947306513786316, 0.5180313587188721, -0.7020728588104248, 0.8622850775718689, -1.0003974437713623, -0.9995251297950745, -0.9996368885040283, -0.6000000238418579, -0.12326553463935852, -0.9722809195518494, -0.6681271195411682, -0.9355079531669617, -0.9924795627593994, -0.9863654375076294, -0.9894000291824341, -0.5369232892990112, 0.2442304641008377, -0.7680143117904663, -0.5097410678863525, -0.6111353039741516, -0.9686022996902466, -0.5216241478919983, -0.7779094576835632, -0.8001712560653687], [0.19906017184257507, -0.9009145498275757, 0.1148293986916542, 0.004499964881688356, -0.9945045709609985, 0.10459648072719574, -0.998908281326294, 0.44047972559928894, -0.9559276103973389, -0.5023285150527954, -1.0000715255737305, -0.9998543858528137, -1.0000759363174438, -1.0, 0.23080356419086456, -0.9454735517501831, -0.8230124711990356, -0.9510010480880737, -0.9928672909736633, -1.0, -0.9889944195747375, 0.1290946900844574, 0.4186220169067383, -0.7680143117904663, -0.5097410678863525, -0.6111353039741516, -0.9686022996902466, -0.5216241478919983, -0.7779094576835632, -0.8001712560653687], [-0.567011833190918, 0.2605603039264679, 0.9236891269683838, -0.9998027682304382, 0.01760844513773918, -0.009182311594486237, -0.9968615770339966, -0.5507768988609314, 0.2726112902164459, 0.9176362752914429, -0.9999777674674988, -0.9999096393585205, -0.9999539852142334, -0.6000000238418579, -0.015975335612893105, -0.9712680578231812, -0.6743084788322449, -0.8770939111709595, -0.992730975151062, -0.9645553827285767, -0.9894304871559143, -0.1624945104122162, 0.16288526356220245, -0.7680143117904663, -0.5097410678863525, -0.6111353039741516, -0.9686022996902466, -0.5216241478919983, -0.7779094576835632, -0.8001712560653687], [-0.5651888251304626, 0.7989169955253601, 0.992495059967041, 0.008482513017952442, 0.9939326047897339, 0.10966324806213379, -0.9945847988128662, -0.630927324295044, 0.6883993148803711, 0.8467668890953064, -0.9999449849128723, -0.9993064999580383, -0.9997445344924927, -0.6000000238418579, 0.12297149747610092, -0.9723212122917175, -0.6562530398368835, -0.9900535941123962, -0.9928734302520752, -1.0, -0.9899513125419617, -0.0782155692577362, 0.6976000666618347, -0.7680143117904663, -0.5097410678863525, -0.6111353039741516, -0.9686022996902466, -0.5216241478919983, -0.7779094576835632, -0.8001712560653687], [-0.9454715251922607, 0.8782503008842468, 0.10766179114580154, -0.007711642421782017, 0.992671549320221, 0.12059716880321503, -0.9988884329795837, -0.7042036056518555, 0.9434469938278198, -0.5195237994194031, -1.0000704526901245, -0.9998364448547363, -1.0000360012054443, -1.0, -0.22995330393314362, -0.943755567073822, -0.8332613110542297, -1.0, -0.9926032423973083, -1.0, -0.9894095063209534, -0.41725969314575195, -0.1335683912038803, -0.7680143117904663, -0.5097410678863525, -0.6111353039741516, -0.9686022996902466, -0.5216241478919983, -0.7779094576835632, -0.8001712560653687], [-0.5626088976860046, -0.28126585483551025, 0.9240683317184448, -0.9999743103981018, 0.0043025510385632515, 0.005730633623898029, -0.9969030618667603, -0.5462835431098938, -0.28734010457992554, 0.9261928200721741, -0.9999799132347107, -0.9999018311500549, -0.999971330165863, -0.6000000238418579, 0.015039724297821522, -0.9712533950805664, -0.6772768497467041, -0.989848792552948, -0.9927792549133301, -1.0, -0.9887245297431946, -0.15849566459655762, 0.16118016839027405, -0.7680143117904663, -0.5097410678863525, -0.6111353039741516, -0.9686022996902466, -0.5216241478919983, -0.7779094576835632, -0.8001712560653687], [-0.563004195690155, -0.8326930403709412, 0.9739388227462769, -0.00048680012696422637, -0.9952981472015381, 0.09685765206813812, -0.9947853088378906, -0.6314821839332581, -0.7106022834777832, 0.8336419463157654, -1.0003939867019653, -0.9995208978652954, -0.9996269345283508, -0.6000000238418579, -0.12347427010536194, -0.97066730260849, -0.6671133637428284, -0.7756699919700623, -0.9926970601081848, -1.0, -0.9895308017730713, -0.6981693506240845, 0.08157353848218918, -0.7680143117904663, -0.5097410678863525, -0.6111353039741516, -0.9686022996902466, -0.5216241478919983, -0.7779094576835632, -0.8001712560653687], [-0.9480151534080505, -0.912213146686554, 0.08631118386983871, 0.004066835157573223, -0.996071457862854, 0.08845996856689453, -0.9989098310470581, -0.7077140808105469, -0.9573033452033997, -0.5342138409614563, -1.0000686645507812, -0.9998523592948914, -1.00006902217865, -1.0, 0.23051710426807404, -0.9463034868240356, -0.8219195604324341, -0.9341973066329956, -0.9927206039428711, -1.0, -0.9894818067550659, 0.1300809234380722, 0.4188495874404907, -0.7680143117904663, -0.5097410678863525, -0.6111353039741516, -0.9686022996902466, -0.5216241478919983, -0.7779094576835632, -0.8001712560653687]], "general_static": {"gains_and_scale_normalized": [-0.7680142867657094, -0.5097410644769216, -0.6111352833890418], "mass_normalized": [-0.9686023261527219], "robot_dimensions_normalized": [-0.5216241524350498, -0.7779094809374619, -0.8001712851897441], "trunk_attributes_normalized": [-0.9675039025483242, 0.07150161916714337, -0.00728890426049944, 0.8843945704189882, -0.9987748010740497, -1.0061342943875076, -0.9886804056077309]},