{"n_joints": 12, "joint_descriptions": [[0.5390146970748901, 0.2912483811378479, 0.7415385246276855, 0.9993169903755188, 0.027185972779989243, -0.02502875030040741, -0.9968003630638123, 0.528022050857544, 0.3461880683898926, 0.7726700305938721, -0.9999674558639526, -1.000089406967163, -0.9996203780174255, -0.6000000238418579, 0.025836335495114326, -0.9774813652038574, -0.681867241859436, -0.8872518539428711, -0.9922005534172058, -1.0, -0.9899070858955383, -0.13982747495174408, 0.16730357706546783, -0.7570273280143738, -0.5075236558914185, -0.6011008024215698, -0.9666776061058044, -0.6183721423149109, -0.6753044724464417, -0.8454341888427734], [0.5041189193725586, 0.8546077013015747, 0.9101961255073547, -0.01364414393901825, 0.9900874495506287, 0.13978800177574158, -0.9948327541351318, 0.44456395506858826, 0.6678850054740906, 0.763949990272522, -1.001534342765808, -0.999034583568573, -0.997474193572998, -0.6000000238418579, 0.1233154907822609, -0.9722156524658203, -0.7840754389762878, -0.9774616956710815, -0.9977545738220215, -1.0, -0.9854129552841187, -0.21443893015384674, 0.5757623314857483, -0.7570273280143738, -0.5075236558914185, -0.6011008024215698, -0.9666776061058044, -0.6183721423149109, -0.6753044724464417, -0.8454341888427734], [0.16634343564510345, 0.9126420021057129, 0.14140981435775757, 0.0016647086013108492, 0.9881149530410767, 0.1537078469991684, -0.9987860918045044, 0.3787029981613159, 0.9770095348358154, -0.26501885056495667, -1.00066077709198, -0.9998569488525391, -1.0005273818969727, -1.0, -0.22617635130882263, -0.9434890151023865, -0.802925169467926, -0.3506033420562744, -0.9897807240486145, -1.0, -0.9916582703590393, -0.4623546600341797, -0.16063517332077026, -0.7570273280143738, -0.5075236558914185, -0.6011008024215698, -0.9666776061058044, -0.6183721423149109, -0.6753044724464417, -0.8454341888427734], [0.5893757343292236, -0.2745976150035858, 0.8081192374229431, 0.9992356300354004, -0.013484355062246323, 0.036693036556243896, -0.9964723587036133, 0.5792736411094666, -0.3064098656177521, 0.861835241317749, -1.000036358833313, -0.9999548196792603, -0.9996278882026672, -0.6000000238418579, -0.011217448860406876, -0.9633045792579651, -0.7300297617912292, -0.8386754989624023, -0.9907365441322327, -0.2748885154724121, -0.9913226366043091, -0.1637497842311859, 0.1263991743326187, -0.7570273280143738, -0.5075236558914185, -0.6011008024215698, -0.9666776061058044, -0.6183721423149109, -0.6753044724464417, -0.8454341888427734], [0.6063092350959778, -0.8660847544670105, 1.0, -0.01929350569844246, -0.9966553449630737, 0.07940996438264847, -0.994769811630249, 0.502802848815918, -0.6953633427619934, 0.8417390584945679, -1.002036213874817, -1.0009486675262451, -0.9971285462379456, -0.6000000238418579, -0.12315436452627182, -0.9710978865623474, -0.7901887893676758, -1.0, -0.9887139201164246, -1.0, -0.9850087761878967, -0.5387449264526367, 0.2272588163614273, -0.7570273280143738, -0.5075236558914185, -0.6011008024215698, -0.9666776061058044, -0.6183721423149109, -0.6753044724464417, -0.8454341888427734], [0.2636970579624176, -0.8915719985961914, 0.1068153902888298, -0.011997506022453308, -0.997880756855011, 0.06395313888788223, -0.9990395903587341, 0.4825407564640045, -0.9423428177833557, -0.43390414118766785, -1.0005598068237305, -0.9999855160713196, -1.0003770589828491, -1.0, 0.2202598750591278, -0.9238291382789612, -0.9132882952690125, -0.2528477609157562, -0.9920991659164429, -1.0, -0.9866729974746704, 0.11504513025283813, 0.4078604280948639, -0.7570273280143738, -0.5075236558914185, -0.6011008024215698, -0.9666776061058044, -0.6183721423149109, -0.6753044724464417, -0.8454341888427734], [-0.5875902771949768, 0.2546060383319855, 0.6641060709953308, -0.999617338180542, 0.004996924195438623, -0.02720741368830204, -0.9958796501159668, -0.5806764364242554, 0.2835909128189087, 0.6049218773841858, -0.9999922513961792, -1.0000470876693726, -0.999569296836853, -0.6000000238418579, -0.027147244662046432, -0.9658575057983398, -0.7684286236763, -0.9296800494194031, -0.9916765093803406, -1.0, -0.994637131690979, -0.19537858664989471, 0.1756417155265808, -0.7570273280143738, -0.5075236558914185, -0.6011008024215698, -0.9666776061058044, -0.6183721423149109, -0.6753044724464417, -0.8454341888427734], [-0.5984111428260803, 0.8707818984985352, 0.8647715449333191, -0.08585090190172195, 0.979264497756958, 0.18349555134773254, -0.9935482144355774, -0.6600092649459839, 0.676853358745575, 0.6810582280158997, -1.0017333030700684, -0.9991376996040344, -0.9973180294036865, -0.6000000238418579, 0.12460263073444366, -0.9711844325065613, -0.7609472274780273, -1.0, -0.9958336353302002, -0.9508069157600403, -0.9853941798210144, -0.07693356275558472, 0.6971244812011719, -0.7570273280143738, -0.5075236558914185, -0.6011008024215698, -0.9666776061058044, -0.6183721423149109, -0.6753044724464417, -0.8454341888427734], [-0.9345649480819702, 0.9143543243408203, -0.0071304976008832455, -0.03250708803534508, 0.9907219409942627, 0.13195964694023132, -0.9988018274307251, -0.7199692726135254, 0.9039484858512878, -0.5404559373855591, -1.0007598400115967, -0.9998787641525269, -1.0006487369537354, -1.0, -0.23219510912895203, -0.9513809680938721, -0.7985823154449463, -1.0, -0.997852623462677, -1.0, -0.9848642349243164, -0.46095511317253113, -0.12437668442726135, -0.7570273280143738, -0.5075236558914185, -0.6011008024215698, -0.9666776061058044, -0.6183721423149109, -0.6753044724464417, -0.8454341888427734], [-0.5359897613525391, -0.2979671061038971, 0.7208465933799744, -0.9999352097511292, 0.011378073133528233, 0.00031161142396740615, -0.9964878559112549, -0.5206630229949951, -0.29315894842147827, 0.7306636571884155, -0.9999992847442627, -0.9999462962150574, -0.9996175169944763, -0.6000000238418579, 0.008684816770255566, -0.9636724591255188, -0.6390843987464905, -0.8568271994590759, -0.9971773624420166, -1.0, -0.9935511350631714, -0.15330779552459717, 0.13406169414520264, -0.7570273280143738, -0.5075236558914185, -0.6011008024215698, -0.9666776061058044, -0.6183721423149109, -0.6753044724464417, -0.8454341888427734], [-0.5120335221290588, -0.934630811214447, 0.8435419201850891, -0.019266493618488312, -0.997766375541687, 0.06396125257015228, -0.9949003458023071, -0.5601238012313843, -0.7575850486755371, 0.7080661654472351, -1.0022996664047241, -1.001035451889038, -0.9972712397575378, -0.6000000238418579, -0.11300185322761536, -0.9762206673622131, -0.5038601160049438, -1.0, -0.987726628780365, -1.0, -0.9891189932823181, -0.6978947520256042, 0.0367446206510067, -0.7570273280143738, -0.5075236558914185, -0.6011008024215698, -0.9666776061058044, -0.6183721423149109, -0.6753044724464417, -0.8454341888427734], [-0.8506261110305786, -0.9509714245796204, 0.013846308924257755, -0.030925966799259186, -0.9935560822486877, 0.10904084891080856, -0.9989430904388428, -0.6148778796195984, -0.9749646782875061, -0.479128360748291, -1.0006382465362549, -1.0000407695770264, -1.0005742311477661, -1.0, 0.22396065294742584, -0.9692076444625854, -0.7419418096542358, -0.908804178237915, -0.9917836785316467, -1.0, -0.9931493401527405, 0.09269482642412186, 0.39914751052856445, -0.7570273280143738, -0.5075236558914185, -0.6011008024215698, -0.9666776061058044, -0.6183721423149109, -0.6753044724464417, -0.8454341888427734]], "general_static": {"gains_and_scale_normalized": [-0.7570273486175747, -0.5075236794886435, -0.6011007795837984], "mass_normalized": [-0.9666776341624498], "robot_dimensions_normalized": [-0.618372164626743, -0.6753044719577728, -0.8454342107413185], "trunk_attributes_normalized": [-0.9657626861423461, 0.0653188969010019, 0.04668552128364056, 0.6426713346625947, -0.9952131535015645, -1.071759533056068, -0.9974223325025918]}, "nominal_qpos": [0.16793617606163025, 0.801550711132586, -1.470146319270134, -0.07291342020034791, -0.8005033656954765, 1.4316891431808472, -0.17645708918571473, 0.8099171087145806, -1.509268193691969, 0.05645130872726441, -0.7345120251178742, 1.455744242668152],