{"n_joints": 12, "joint_descriptions": [[0.5677887797355652, 0.25205761194229126, 0.8998873233795166, 0.9999797344207764, -0.0005218355800025165, 0.006348058581352234, -0.9973524808883667, 0.5551906824111938, 0.2672897279262543, 0.9021399617195129, -0.9999874830245972, -0.9999827742576599, -0.9999228715896606, -0.6000000238418579, 0.018162867054343224, -0.9707295298576355, -0.6998787522315979, -0.7738242745399475, -0.9931634664535522, -1.0, -0.9896753430366516, -0.16729703545570374, 0.15495072305202484, -0.7823812961578369, -0.5410450100898743, -0.6266492009162903, -0.9735339283943176, -0.6107469201087952, -0.7463690042495728, -0.8147369623184204], [0.5661926865577698, 0.8102157115936279, 1.0, 0.0014659016160294414, 0.9928352236747742, 0.11948227137327194, -0.9955427050590515, 0.48868024349212646, 0.6742855310440063, 0.8501795530319214, -1.0003042221069336, -0.9996457099914551, -0.999457061290741, -0.6000000238418579, 0.124014712870121, -0.9719463586807251, -0.6853818893432617, -0.7949828505516052, -0.9942548274993896, -0.8889503479003906, -0.9909519553184509, -0.24394968152046204, 0.543582558631897, -0.7823812961578369, -0.5410450100898743, -0.6266492009162903, -0.9735339283943176, -0.6107469201087952, -0.7463690042495728, -0.8147369623184204], [0.1297241598367691, 0.8985273241996765, 0.1003684401512146, -0.0017071538604795933, 0.9920395612716675, 0.12591522932052612, -0.999060869216919, 0.4075528383255005, 0.9427869319915771, -0.5041698813438416, -1.0001335144042969, -0.9999400973320007, -1.0001052618026733, -1.0, -0.23277410864830017, -0.9484357833862305, -0.8518519401550293, -0.8802159428596497, -0.9938758015632629, -0.9881235361099243, -0.9888039231300354, -0.4297713339328766, -0.13026313483715057, -0.7823812961578369, -0.5410450100898743, -0.6266492009162903, -0.9735339283943176, -0.6107469201087952, -0.7463690042495728, -0.8147369623184204], [0.5824279189109802, -0.29113638401031494, 0.8961880803108215, 0.9999819397926331, -0.0011232567485421896, -0.005908110179007053, -0.9975141286849976, 0.5635756254196167, -0.2895519435405731, 0.8744472861289978, -0.9999839067459106, -0.9999716877937317, -0.9999273419380188, -0.6000000238418579, -0.012127666734158993, -0.9749581217765808, -0.7017026543617249, -0.7806653380393982, -0.993998110294342, -0.781204104423523, -0.9888143539428711, -0.1572263538837433, 0.15808700025081635, -0.7823812961578369, -0.5410450100898743, -0.6266492009162903, -0.9735339283943176, -0.6107469201087952, -0.7463690042495728, -0.8147369623184204], [0.5757209658622742, -0.8414836525917053, 0.9875037670135498, 0.0021598662715405226, -0.9968686103820801, 0.0790465772151947, -0.995452344417572, 0.5008169412612915, -0.7262353301048279, 0.8325287699699402, -1.0004422664642334, -1.0000663995742798, -0.9994011521339417, -0.6000000238418579, -0.12315288931131363, -0.9727293252944946, -0.7025305032730103, -0.9993963837623596, -0.9927141070365906, -1.0, -0.9907293319702148, -0.5359805822372437, 0.24899044632911682, -0.7823812961578369, -0.5410450100898743, -0.6266492009162903, -0.9735339283943176, -0.6107469201087952, -0.7463690042495728, -0.8147369623184204], [0.13152138888835907, -0.8963410258293152, 0.1146407350897789, 0.014989490620791912, -0.9972714781761169, 0.07228340208530426, -0.9991156458854675, 0.39861172437667847, -0.9135515093803406, -0.5261387228965759, -1.0001375675201416, -0.9999710917472839, -1.000113606452942, -1.0, 0.228651762008667, -0.948783278465271, -0.8701972365379333, -0.8276585340499878, -0.9937961101531982, -1.0, -0.9913827776908875, 0.13693083822727203, 0.4264175295829773, -0.7823812961578369, -0.5410450100898743, -0.6266492009162903, -0.9735339283943176, -0.6107469201087952, -0.7463690042495728, -0.8147369623184204], [-0.5054885149002075, 0.2661445140838623, 0.8798751831054688, -0.9996302723884583, -0.014121675863862038, 0.023236067965626717, -0.9973750114440918, -0.48315849900245667, 0.2663124203681946, 0.888422966003418, -0.9999855756759644, -0.9999886751174927, -0.9999269247055054, -0.6000000238418579, -0.021317197009921074, -0.9755092859268188, -0.6767472624778748, -0.8607552647590637, -0.9940469861030579, -1.0, -0.9901593923568726, -0.16456294059753418, 0.15269817411899567, -0.7823812961578369, -0.5410450100898743, -0.6266492009162903, -0.9735339283943176, -0.6107469201087952, -0.7463690042495728, -0.8147369623184204], [-0.5021464824676514, 0.7981559038162231, 0.9978801012039185, 0.007343171630054712, 0.9876015782356262, 0.15680930018424988, -0.9954569339752197, -0.570621907711029, 0.6591642498970032, 0.8637422919273376, -1.0003401041030884, -0.999668538570404, -0.9994076490402222, -0.6000000238418579, 0.12262921035289764, -0.9722238779067993, -0.6719871163368225, -0.9333235025405884, -0.9928915500640869, -1.0, -0.9909366965293884, -0.0851401686668396, 0.6988795399665833, -0.7823812961578369, -0.5410450100898743, -0.6266492009162903, -0.9735339283943176, -0.6107469201087952, -0.7463690042495728, -0.8147369623184204], [-0.9403088092803955, 0.8785318732261658, 0.11940612643957138, -0.009415474720299244, 0.9897180795669556, 0.14272183179855347, -0.9990857839584351, -0.6663879156112671, 0.9430686831474304, -0.5040937662124634, -1.0001436471939087, -0.9999427795410156, -1.0001132488250732, -1.0, -0.23087604343891144, -0.9423558115959167, -0.8470120429992676, -0.9251499176025391, -0.9944082498550415, -1.0, -0.990646243095398, -0.42850467562675476, -0.13194134831428528, -0.7823812961578369, -0.5410450100898743, -0.6266492009162903, -0.9735339283943176, -0.6107469201087952, -0.7463690042495728, -0.8147369623184204], [-0.4917159676551819, -0.2846493422985077, 0.905845582485199, -0.999997615814209, 0.0009716122294776142, 0.001966142561286688, -0.9974855780601501, -0.47594767808914185, -0.30927813053131104, 0.9045798778533936, -0.9999873042106628, -0.9999698996543884, -0.9999271631240845, -0.6000000238418579, 0.015852805227041245, -0.9750083088874817, -0.680934727191925, -0.9175243377685547, -0.9939489960670471, -1.0, -0.9894694089889526, -0.16786855459213257, 0.16352753341197968, -0.7823812961578369, -0.5410450100898743, -0.6266492009162903, -0.9735339283943176, -0.6107469201087952, -0.7463690042495728, -0.8147369623184204], [-0.49507591128349304, -0.8399929404258728, 0.9621005654335022, 0.004031528253108263, -0.9945622682571411, 0.10406578332185745, -0.9953094720840454, -0.5683423280715942, -0.7209143042564392, 0.823885977268219, -1.0004491806030273, -1.0000579357147217, -0.9994047284126282, -0.6000000238418579, -0.1211145892739296, -0.9703567028045654, -0.6587954759597778, -0.9570729732513428, -0.9921557307243347, -1.0, -0.9903613328933716, -0.6980898976325989, 0.06948303431272507, -0.7823812961578369, -0.5410450100898743, -0.6266492009162903, -0.9735339283943176, -0.6107469201087952, -0.7463690042495728, -0.8147369623184204], [-0.9167018532752991, -0.9162662625312805, 0.07112592458724976, -0.00017985569138545543, -0.9940668940544128, 0.10877025872468948, -0.9990649223327637, -0.6432644724845886, -0.9531864523887634, -0.5526748299598694, -1.0001429319381714, -0.9999740719795227, -1.0001273155212402, -1.0, 0.23118488490581512, -0.9516603946685791, -0.8220704793930054, -0.9400128126144409, -0.9935146570205688, -0.9168069362640381, -0.9892585873603821, 0.12407106906175613, 0.4254665970802307, -0.7823812961578369, -0.5410450100898743, -0.6266492009162903, -0.9735339283943176, -0.6107469201087952, -0.7463690042495728, -0.8147369623184204]], "general_static": {"gains_and_scale_normalized": [-0.7823813017753058, -0.5410450189391276, -0.6266492248917324], "mass_normalized": [-0.9735339047444167], "robot_dimensions_normalized": [-0.6107468969252248, -0.7463689966859823, -0.8147369374513264], "trunk_attributes_normalized": [-0.97263529647401, 0.08707071519824683, 0.003499456034946391, 0.8654028599043118, -0.9991634247900588, -1.0126773703794862, -0.9967587301166906]},