{"n_joints": 12, "joint_descriptions": [[0.5702060461044312, 0.25485414266586304, 0.9028218984603882, 0.9999441504478455, -0.01035417802631855, -0.0021317354403436184, -0.9973817467689514, 0.5576149821281433, 0.2645488977432251, 0.8988634347915649, -0.9999816417694092, -0.9999762773513794, -0.9999393820762634, -0.6000000238418579, 0.017021333798766136, -0.9702902436256409, -0.6877147555351257, -0.8078007102012634, -0.9930089712142944, -1.0, -0.989773690700531, -0.1691882461309433, 0.1566820740699768, -0.7810387015342712, -0.547867476940155, -0.6273249983787537, -0.9736984372138977, -0.5988563895225525, -0.7570744156837463, -0.8103042244911194], [0.5720544457435608, 0.8153360486030579, 0.9893017411231995, 0.003917149733752012, 0.9929084181785583, 0.11881744861602783, -0.9955083727836609, 0.49812912940979004, 0.6864487528800964, 0.8440077304840088, -1.0002286434173584, -0.9996761083602905, -0.9995543360710144, -0.6000000238418579, 0.12402355670928955, -0.9724625945091248, -0.6725564002990723, -0.836715042591095, -0.9938222765922546, -0.8548247814178467, -0.991284966468811, -0.24675804376602173, 0.5395772457122803, -0.7810387015342712, -0.547867476940155, -0.6273249983787537, -0.9736984372138977, -0.5988563895225525, -0.7570744156837463, -0.8103042244911194], [0.1390184909105301, 0.9008925557136536, 0.09577582031488419, -0.0024926234036684036, 0.9929929971694946, 0.11814674735069275, -0.9990715384483337, 0.4140479564666748, 0.9434394836425781, -0.5202369093894958, -1.0001070499420166, -0.999943733215332, -1.000085473060608, -1.0, -0.2329585999250412, -0.9496087431907654, -0.8507764935493469, -0.9417339563369751, -0.9941170811653137, -0.9380001425743103, -0.9888027310371399, -0.42552992701530457, -0.12690973281860352, -0.7810387015342712, -0.547867476940155, -0.6273249983787537, -0.9736984372138977, -0.5988563895225525, -0.7570744156837463, -0.8103042244911194], [0.5821446180343628, -0.2867640256881714, 0.8988288044929504, 0.9999275207519531, 0.008857471868395805, 0.00815486814826727, -0.9975303411483765, 0.565771222114563, -0.28362947702407837, 0.876498281955719, -0.9999828338623047, -0.9999680519104004, -0.9999430775642395, -0.6000000238418579, -0.012842614203691483, -0.9755335450172424, -0.7025133371353149, -0.8132070899009705, -0.9941287040710449, -0.8468841314315796, -0.9888927340507507, -0.15926365554332733, 0.16179049015045166, -0.7810387015342712, -0.547867476940155, -0.6273249983787537, -0.9736984372138977, -0.5988563895225525, -0.7570744156837463, -0.8103042244911194], [0.5747688412666321, -0.8360060453414917, 0.98347008228302, -0.0010093116434291005, -0.9965661764144897, 0.08279415965080261, -0.9954879879951477, 0.5052042007446289, -0.7264183759689331, 0.8327038884162903, -1.000372290611267, -0.9999903440475464, -0.9995203018188477, -0.6000000238418579, -0.12272663414478302, -0.972230076789856, -0.6915687918663025, -0.928974986076355, -0.9930989742279053, -1.0, -0.9911242723464966, -0.5345683693885803, 0.2491186559200287, -0.7810387015342712, -0.547867476940155, -0.6273249983787537, -0.9736984372138977, -0.5988563895225525, -0.7570744156837463, -0.8103042244911194], [0.13783524930477142, -0.8941906690597534, 0.11582545191049576, 0.001483960309997201, -0.9957793354988098, 0.09176788479089737, -0.9990994334220886, 0.40386712551116943, -0.9211613535881042, -0.5212389230728149, -1.0001099109649658, -0.9999630451202393, -1.0000975131988525, -1.0, 0.229726642370224, -0.950799822807312, -0.8643671274185181, -0.8956571221351624, -0.9936095476150513, -1.0, -0.9914628267288208, 0.1367707997560501, 0.4258103370666504, -0.7810387015342712, -0.547867476940155, -0.6273249983787537, -0.9736984372138977, -0.5988563895225525, -0.7570744156837463, -0.8103042244911194], [-0.5051594376564026, 0.2759125530719757, 0.8929519057273865, -0.9996909499168396, -0.02035614848136902, -0.014267945662140846, -0.9974308609962463, -0.48433879017829895, 0.2778535783290863, 0.9073495864868164, -0.9999848008155823, -0.9999797940254211, -0.9999415874481201, -0.6000000238418579, -0.020076129585504532, -0.9755619764328003, -0.666863739490509, -0.8539851307868958, -0.9939329624176025, -1.0, -0.98964524269104, -0.16099876165390015, 0.152170792222023, -0.7810387015342712, -0.547867476940155, -0.6273249983787537, -0.9736984372138977, -0.5988563895225525, -0.7570744156837463, -0.8103042244911194], [-0.5049302577972412, 0.8035345077514648, 1.0, -0.013832004740834236, 0.9916271567344666, 0.12839101254940033, -0.9955347180366516, -0.5727808475494385, 0.6700421571731567, 0.8740950226783752, -1.000244140625, -0.9996644854545593, -0.9995340704917908, -0.6000000238418579, 0.1232980489730835, -0.9719545245170593, -0.6632252931594849, -0.8735048174858093, -0.9926211833953857, -1.0, -0.9912709593772888, -0.08300513029098511, 0.700538158416748, -0.7810387015342712, -0.547867476940155, -0.6273249983787537, -0.9736984372138977, -0.5988563895225525, -0.7570744156837463, -0.8103042244911194], [-0.941551148891449, 0.876412570476532, 0.13337905704975128, -0.0044534048065543175, 0.9924989342689514, 0.12217236310243607, -0.9990931153297424, -0.6751342415809631, 0.9359514713287354, -0.494757741689682, -1.0001128911972046, -0.9999408721923828, -1.000085473060608, -1.0, -0.2303001582622528, -0.942655086517334, -0.8465374708175659, -0.8873531222343445, -0.9939305782318115, -1.0, -0.9910624027252197, -0.4243086874485016, -0.13127076625823975, -0.7810387015342712, -0.547867476940155, -0.6273249983787537, -0.9736984372138977, -0.5988563895225525, -0.7570744156837463, -0.8103042244911194], [-0.49708375334739685, -0.2796807289123535, 0.9099436402320862, -0.999997615814209, 0.001985397422686219, -0.0008945677545852959, -0.9975090026855469, -0.4833647906780243, -0.3040351867675781, 0.9131816625595093, -0.9999856352806091, -0.9999662637710571, -0.9999438524246216, -0.6000000238418579, 0.01663861982524395, -0.9755260944366455, -0.6885865926742554, -0.9265522360801697, -0.9935130476951599, -1.0, -0.9890933632850647, -0.16642098128795624, 0.16632263362407684, -0.7810387015342712, -0.547867476940155, -0.6273249983787537, -0.9736984372138977, -0.5988563895225525, -0.7570744156837463, -0.8103042244911194], [-0.5032031536102295, -0.828302800655365, 0.9583272337913513, 0.0006924059125594795, -0.9942652583122253, 0.10693976283073425, -0.9953427314758301, -0.5736954808235168, -0.7155991792678833, 0.8223499059677124, -1.0003738403320312, -0.9999843835830688, -0.9995176196098328, -0.6000000238418579, -0.12212745100259781, -0.9702089428901672, -0.6738635897636414, -0.894102931022644, -0.9926269054412842, -1.0, -0.9900287985801697, -0.6999173164367676, 0.07377529889345169, -0.7810387015342712, -0.547867476940155, -0.6273249983787537, -0.9736984372138977, -0.5988563895225525, -0.7570744156837463, -0.8103042244911194], [-0.9218283295631409, -0.9087861180305481, 0.06806017458438873, -0.0007191377226263285, -0.9938910007476807, 0.11036401987075806, -0.9990532994270325, -0.6511090397834778, -0.9545520544052124, -0.5598382353782654, -1.0001153945922852, -0.9999627470970154, -1.0001031160354614, -1.0, 0.23181265592575073, -0.9492622017860413, -0.829687237739563, -0.9145461320877075, -0.9933323860168457, -0.9363099932670593, -0.988947331905365, 0.12777648866176605, 0.4270384907722473, -0.7810387015342712, -0.547867476940155, -0.6273249983787537, -0.9736984372138977, -0.5988563895225525, -0.7570744156837463, -0.8103042244911194]], "general_static": {"gains_and_scale_normalized": [-0.7810386945848437, -0.5478674656769081, -0.6273250187355008], "mass_normalized": [-0.9736984497415224], "robot_dimensions_normalized": [-0.598856383522326, -0.7570743940134411, -0.8103042139169347], "trunk_attributes_normalized": [-0.9727783445970085, 0.0873095490174971, 0.003488797332027005, 0.8785604195413192, -0.9990896040315205, -1.0100167589609763, -0.9966578626970769]},