{"n_joints": 12, "joint_descriptions": [[0.5823625922203064, 0.2896449565887451, 0.9296610951423645, 0.999998152256012, 0.0017470004968345165, -0.000823020760435611, -0.9968525171279907, 0.5661525130271912, 0.29523009061813354, 0.9332996606826782, -0.999976634979248, -0.9999054670333862, -0.9999599456787109, -0.6000000238418579, 0.013233115896582603, -0.9720326066017151, -0.6769692301750183, -0.8770765066146851, -0.9929311871528625, -0.8576096892356873, -0.9893218874931335, -0.15928278863430023, 0.1614987850189209, -0.7686848044395447, -0.5075476765632629, -0.6072531938552856, -0.9688313007354736, -0.5133985877037048, -0.782114565372467, -0.7951616048812866], [0.582149088382721, 0.8301673531532288, 0.981536865234375, 0.002635439159348607, 0.9969595074653625, 0.07787642627954483, -0.994672417640686, 0.5130614042282104, 0.728124737739563, 0.8546720743179321, -0.9999117851257324, -0.9993124604225159, -0.9997868537902832, -0.6000000238418579, 0.1234346553683281, -0.9710124731063843, -0.6556858420372009, -0.920280933380127, -0.9919309616088867, -0.9908703565597534, -0.989194929599762, -0.2420184165239334, 0.5314508676528931, -0.7686848044395447, -0.5075476765632629, -0.6072531938552856, -0.9688313007354736, -0.5133985877037048, -0.782114565372467, -0.7951616048812866], [0.19367586076259613, 0.9021814465522766, 0.10599257797002792, 0.008446303196251392, 0.9963537454605103, 0.0848991647362709, -0.9988860487937927, 0.43326273560523987, 0.9446799755096436, -0.5249664783477783, -1.0000635385513306, -0.9998307228088379, -1.0000367164611816, -1.0, -0.2299995720386505, -0.9441444277763367, -0.8326098322868347, -1.0, -0.9925668835639954, -0.9533274173736572, -0.9899418354034424, -0.41206520795822144, -0.12530264258384705, -0.7686848044395447, -0.5075476765632629, -0.6072531938552856, -0.9688313007354736, -0.5133985877037048, -0.782114565372467, -0.7951616048812866], [0.5792165398597717, -0.23844368755817413, 0.9189122915267944, 0.9999939203262329, -0.003482151310890913, 0.0001507108536316082, -0.9968045353889465, 0.5620834231376648, -0.2548401355743408, 0.9245031476020813, -0.9999754428863525, -0.9999009966850281, -0.9999749064445496, -0.6000000238418579, -0.015990495681762695, -0.9703665375709534, -0.679959774017334, -0.8406503200531006, -0.9924154281616211, -1.0, -0.989865243434906, -0.16026179492473602, 0.16584768891334534, -0.7686848044395447, -0.5075476765632629, -0.6072531938552856, -0.9688313007354736, -0.5133985877037048, -0.782114565372467, -0.7951616048812866], [0.580356776714325, -0.780942440032959, 0.9773026704788208, -0.003080216469243169, -0.9946377277374268, 0.1033746674656868, -0.9946804642677307, 0.5164253115653992, -0.6627723574638367, 0.8586499094963074, -1.0003830194473267, -0.9994771480560303, -0.9996574521064758, -0.6000000238418579, -0.12330595403909683, -0.971142590045929, -0.6538745760917664, -0.806991457939148, -0.9933329224586487, -0.8947027921676636, -0.9893616437911987, -0.537104606628418, 0.23866833746433258, -0.7686848044395447, -0.5075476765632629, -0.6072531938552856, -0.9688313007354736, -0.5133985877037048, -0.782114565372467, -0.7951616048812866], [0.1999126821756363, -0.8635092377662659, 0.10198476165533066, 0.001517603755928576, -0.9944606423377991, 0.10509844124317169, -0.9988399147987366, 0.44681018590927124, -0.9143722653388977, -0.5091931223869324, -1.0000669956207275, -0.9998366832733154, -1.0000733137130737, -1.0, 0.23263491690158844, -0.9461764097213745, -0.8200267553329468, -0.9869058728218079, -0.9928205013275146, -1.0, -0.988885223865509, 0.1259043961763382, 0.41648921370506287, -0.7686848044395447, -0.5075476765632629, -0.6072531938552856, -0.9688313007354736, -0.5133985877037048, -0.782114565372467, -0.7951616048812866], [-0.5558627247810364, 0.2822873294353485, 0.9388877153396606, -0.999793291091919, -0.014839768409729004, -0.013896290212869644, -0.9968858957290649, -0.5407728552818298, 0.2957557737827301, 0.9407219886779785, -0.999975323677063, -0.9999041557312012, -0.9999576210975647, -0.6000000238418579, -0.014409639872610569, -0.9699490666389465, -0.6583821177482605, -0.8497089147567749, -0.9926185011863708, -0.9090833067893982, -0.9889762997627258, -0.15674413740634918, 0.16435359418392181, -0.7686848044395447, -0.5075476765632629, -0.6072531938552856, -0.9688313007354736, -0.5133985877037048, -0.782114565372467, -0.7951616048812866], [-0.557054340839386, 0.8331560492515564, 1.0, 0.004537475295364857, 0.9958449602127075, 0.09095165878534317, -0.994755744934082, -0.6256770491600037, 0.7334483861923218, 0.8660691380500793, -0.9999054074287415, -0.9992983937263489, -0.9997864365577698, -0.6000000238418579, 0.12318415194749832, -0.9707121253013611, -0.6670670509338379, -0.8604351282119751, -0.9927225708961487, -0.967419445514679, -0.9891901016235352, -0.08179537951946259, 0.6983326077461243, -0.7686848044395447, -0.5075476765632629, -0.6072531938552856, -0.9688313007354736, -0.5133985877037048, -0.782114565372467, -0.7951616048812866], [-0.9418078064918518, 0.9083576798439026, 0.12282971292734146, 0.006772002205252647, 0.994286298751831, 0.10653144121170044, -0.9988577961921692, -0.6980687975883484, 0.9636366963386536, -0.49656757712364197, -1.0000603199005127, -0.999830424785614, -1.0000320672988892, -1.0, -0.23083360493183136, -0.9466853737831116, -0.8359450697898865, -1.0, -0.9919252991676331, -0.9167922735214233, -0.9894302487373352, -0.41191565990448, -0.12946996092796326, -0.7686848044395447, -0.5075476765632629, -0.6072531938552856, -0.9688313007354736, -0.5133985877037048, -0.782114565372467, -0.7951616048812866], [-0.5604981184005737, -0.2527719736099243, 0.9147883653640747, -0.9999952912330627, 0.002545037306845188, 0.0017153049120679498, -0.9967977404594421, -0.5438092947006226, -0.2591990530490875, 0.9132716059684753, -0.9999756813049316, -0.9998981952667236, -0.9999769330024719, -0.6000000238418579, 0.01667235605418682, -0.9701905846595764, -0.6779403686523438, -0.9371596574783325, -0.9920855760574341, -0.9693053960800171, -0.9895138144493103, -0.16068097949028015, 0.1617448329925537, -0.7686848044395447, -0.5075476765632629, -0.6072531938552856, -0.9688313007354736, -0.5133985877037048, -0.782114565372467, -0.7951616048812866], [-0.5595444440841675, -0.7957560420036316, 0.9768398404121399, -0.004860072862356901, -0.994552731513977, 0.10412148386240005, -0.9947104454040527, -0.6261903047561646, -0.6844794750213623, 0.8458387851715088, -1.0003801584243774, -0.9994847178459167, -0.9996528029441833, -0.6000000238418579, -0.12450301647186279, -0.9721367359161377, -0.7016547322273254, -0.8225210905075073, -0.9935513138771057, -0.9793063998222351, -0.9896793961524963, -0.6974801421165466, 0.08790553361177444, -0.7686848044395447, -0.5075476765632629, -0.6072531938552856, -0.9688313007354736, -0.5133985877037048, -0.782114565372467, -0.7951616048812866], [-0.9481344819068909, -0.8903293013572693, 0.09397370368242264, 0.0011492519406601787, -0.9944398999214172, 0.10529933869838715, -0.998870313167572, -0.7066594958305359, -0.9455296993255615, -0.5319044589996338, -1.000064730644226, -0.999844491481781, -1.0000685453414917, -1.0, 0.23026348650455475, -0.9405587911605835, -0.8419302105903625, -0.8814005255699158, -0.9930278658866882, -1.0, -0.9896966218948364, 0.13395777344703674, 0.4170597195625305, -0.7686848044395447, -0.5075476765632629, -0.6072531938552856, -0.9688313007354736, -0.5133985877037048, -0.782114565372467, -0.7951616048812866]], "general_static": {"gains_and_scale_normalized": [-0.7686848245575831, -0.5075476885376768, -0.6072531934706167], "mass_normalized": [-0.9688312830591499], "robot_dimensions_normalized": [-0.5133985582252194, -0.7821145690429038, -0.7951616006783806], "trunk_attributes_normalized": [-0.9682566221883517, 0.07804292559762183, 0.006797756255988441, 0.8973794936532411, -0.9986343181154401, -1.0054000453482448, -0.9888558894447617]},