{"n_joints": 12, "joint_descriptions": [[0.5528991222381592, 0.2639301121234894, 0.8220764994621277, 0.9996784925460815, 0.01270558312535286, -0.0219427477568388, -0.9969586730003357, 0.5367149710655212, 0.3092425465583801, 0.855689525604248, -0.9999639391899109, -1.0000213384628296, -0.9997403621673584, -0.6000000238418579, 0.023767108097672462, -0.9752747416496277, -0.7135894298553467, -0.7862598896026611, -0.9931290149688721, -1.0, -0.9903753995895386, -0.14847441017627716, 0.15994185209274292, -0.772861897945404, -0.5025573968887329, -0.6265977025032043, -0.9694126844406128, -0.63247150182724, -0.7003154158592224, -0.8356288075447083], [0.526405394077301, 0.8368408679962158, 0.9788418412208557, 0.01665935106575489, 0.9831603765487671, 0.18198396265506744, -0.995110034942627, 0.45491909980773926, 0.6585098505020142, 0.8226595520973206, -1.0010886192321777, -0.9993153810501099, -0.998229444026947, -0.6000000238418579, 0.12344648689031601, -0.972649097442627, -0.75678950548172, -0.8650717735290527, -0.9967168569564819, -1.0, -0.9873249530792236, -0.22317957878112793, 0.5668635964393616, -0.772861897945404, -0.5025573968887329, -0.6265977025032043, -0.9694126844406128, -0.63247150182724, -0.7003154158592224, -0.8356288075447083], [0.12898211181163788, 0.9089002013206482, 0.15574486553668976, 0.0022147400304675102, 0.9845687747001648, 0.17498402297496796, -0.9988949298858643, 0.3709607422351837, 0.9701376557350159, -0.3365507423877716, -1.0004481077194214, -0.9998979568481445, -1.0003565549850464, -1.0, -0.22841313481330872, -0.9421482682228088, -0.8255902528762817, -0.5100571513175964, -0.9911931753158569, -1.0, -0.9905346632003784, -0.4534456431865692, -0.15189389884471893, -0.772861897945404, -0.5025573968887329, -0.6265977025032043, -0.9694126844406128, -0.63247150182724, -0.7003154158592224, -0.8356288075447083], [0.5869695544242859, -0.31525593996047974, 0.849086582660675, 0.9997303485870361, 0.013949193060398102, 0.018564477562904358, -0.9968645572662354, 0.5692263245582581, -0.3373047113418579, 0.8735650181770325, -0.9999912977218628, -0.9999412894248962, -0.9997541904449463, -0.6000000238418579, -0.010439635254442692, -0.9674462080001831, -0.7180134057998657, -0.7386771440505981, -0.9919233322143555, -0.4133363366127014, -0.9902356863021851, -0.15754085779190063, 0.13531780242919922, -0.772861897945404, -0.5025573968887329, -0.6265977025032043, -0.9694126844406128, -0.63247150182724, -0.7003154158592224, -0.8356288075447083], [0.5954992771148682, -0.9096567034721375, 1.0, 0.0025916106533259153, -0.9984383583068848, 0.055804044008255005, -0.9950340390205383, 0.4928547143936157, -0.7522875666618347, 0.8391702175140381, -1.0013552904129028, -1.0007178783416748, -0.9980829358100891, -0.6000000238418579, -0.12443424016237259, -0.973537802696228, -0.7646120190620422, -1.0, -0.9899972677230835, -1.0, -0.9869431853294373, -0.5426150560379028, 0.23547542095184326, -0.772861897945404, -0.5025573968887329, -0.6265977025032043, -0.9694126844406128, -0.63247150182724, -0.7003154158592224, -0.8356288075447083], [0.1952642798423767, -0.9485616087913513, 0.1070060208439827, 0.008482500910758972, -0.9970024228096008, 0.07690402120351791, -0.9990841150283813, 0.43439990282058716, -0.988620400428772, -0.4700942933559418, -1.0003910064697266, -0.9999922513961792, -1.0002995729446411, -1.0, 0.22254179418087006, -0.932074785232544, -0.9003031849861145, -0.4126548171043396, -0.9931052327156067, -0.967140793800354, -0.9884947538375854, 0.12347210943698883, 0.4157991409301758, -0.772861897945404, -0.5025573968887329, -0.6265977025032043, -0.9694126844406128, -0.63247150182724, -0.7003154158592224, -0.8356288075447083], [-0.5409669280052185, 0.23322902619838715, 0.7522156238555908, -0.9999271035194397, -0.011164754629135132, 0.004598517902195454, -0.996489405632019, -0.5259999632835388, 0.25035881996154785, 0.7145832180976868, -0.9999967217445374, -1.0000261068344116, -0.999728262424469, -0.6000000238418579, -0.02636134624481201, -0.9697513580322266, -0.7413197159767151, -0.9709775447845459, -0.99281245470047, -1.0, -0.9933285713195801, -0.18661463260650635, 0.16739201545715332, -0.772861897945404, -0.5025573968887329, -0.6265977025032043, -0.9694126844406128, -0.63247150182724, -0.7003154158592224, -0.8356288075447083], [-0.5440225601196289, 0.8381721377372742, 0.931708812713623, -0.04538455232977867, 0.9897287487983704, 0.13556279242038727, -0.9942457675933838, -0.6140673756599426, 0.65594881772995, 0.7634837031364441, -1.0011664628982544, -0.9991874694824219, -0.9981414079666138, -0.6000000238418579, 0.1224140003323555, -0.9732991456985474, -0.7342862486839294, -1.0, -0.9949433207511902, -1.0, -0.9873069524765015, -0.08391942083835602, 0.6924797892570496, -0.772861897945404, -0.5025573968887329, -0.6265977025032043, -0.9694126844406128, -0.63247150182724, -0.7003154158592224, -0.8356288075447083], [-0.9344406127929688, 0.8967557549476624, 0.04771856591105461, 0.006534234154969454, 0.9933855533599854, 0.11464052647352219, -0.9989138841629028, -0.6800828576087952, 0.8915138840675354, -0.5266115665435791, -1.0005104541778564, -0.9999163746833801, -1.0004338026046753, -1.0, -0.2330096960067749, -0.9474949836730957, -0.8137004375457764, -1.0, -0.996855616569519, -1.0, -0.9868063926696777, -0.452058345079422, -0.12396477162837982, -0.772861897945404, -0.5025573968887329, -0.6265977025032043, -0.9694126844406128, -0.63247150182724, -0.7003154158592224, -0.8356288075447083], [-0.5045154690742493, -0.32532358169555664, 0.8061330318450928, -0.9999884963035583, -0.0004796571156475693, 0.004771496169269085, -0.9968723654747009, -0.48369812965393066, -0.3312718868255615, 0.7988002300262451, -0.9999951124191284, -0.999965250492096, -0.9997422695159912, -0.6000000238418579, 0.010766436345875263, -0.9677503705024719, -0.6345149874687195, -0.9101963043212891, -0.9962316155433655, -1.0, -0.9922956228256226, -0.16097579896450043, 0.14280717074871063, -0.772861897945404, -0.5025573968887329, -0.6265977025032043, -0.9694126844406128, -0.63247150182724, -0.7003154158592224, -0.8356288075447083], [-0.4831812083721161, -0.953256368637085, 0.9061739444732666, -0.00258158752694726, -0.9976198673248291, 0.06890562921762466, -0.9950485229492188, -0.5500297546386719, -0.7888461947441101, 0.7579754590988159, -1.0014992952346802, -1.0006943941116333, -0.9981250166893005, -0.6000000238418579, -0.11525226384401321, -0.9740883111953735, -0.5537865161895752, -1.0, -0.9891539812088013, -1.0, -0.9904384613037109, -0.692970871925354, 0.04567901790142059, -0.772861897945404, -0.5025573968887329, -0.6265977025032043, -0.9694126844406128, -0.63247150182724, -0.7003154158592224, -0.8356288075447083], [-0.8708218336105347, -0.9886587262153625, 0.05290139839053154, 0.03870505467057228, -0.995868444442749, 0.08214614540338516, -0.9990134835243225, -0.6150710582733154, -0.9808330535888672, -0.49836671352386475, -1.0004490613937378, -1.000011920928955, -1.0003867149353027, -1.0, 0.22615034878253937, -0.9643754363059998, -0.7679433822631836, -0.9751089811325073, -0.992901623249054, -1.0, -0.9919165968894958, 0.10153563320636749, 0.4076775014400482, -0.772861897945404, -0.5025573968887329, -0.6265977025032043, -0.9694126844406128, -0.63247150182724, -0.7003154158592224, -0.8356288075447083]], "general_static": {"gains_and_scale_normalized": [-0.7728619155044018, -0.5025573825574974, -0.6265976818912151], "mass_normalized": [-0.9694127136431459], "robot_dimensions_normalized": [-0.6324715036766992, -0.700315440970477, -0.835628834884059], "trunk_attributes_normalized": [-0.9686487726952376, 0.07753345886406282, 0.007335181528888679, 0.7317127501244822, -1.0006744163870318, -1.047040100299977, -0.9986488651224128]}, "nominal_qpos": [0.1544861972332001, 0.8024021554738283, -1.4846853598952294, -0.06785762906074524, -0.8088225699961186, 1.4465216815471649, -0.17134875655174256, 0.7956909980624914, -1.5145629808306693, 0.06998183429241181, -0.7491397202014923, 1.4699772864580154],