{"n_joints": 12, "joint_descriptions": [[0.5846503973007202, 0.2801820933818817, 0.9265719056129456, 0.9999858140945435, -0.004842847585678101, 0.0022079364862293005, -0.9968788623809814, 0.5695500373840332, 0.2802858054637909, 0.9293888211250305, -0.9999745488166809, -0.9999075531959534, -0.9999617338180542, -0.6000000238418579, 0.01297867763787508, -0.9713981747627258, -0.6704429388046265, -0.9243633151054382, -0.993067741394043, -0.8427380323410034, -0.989289402961731, -0.16175779700279236, 0.16351765394210815, -0.768095850944519, -0.5054621696472168, -0.6074029207229614, -0.9690259695053101, -0.5137189030647278, -0.7800933122634888, -0.7942824363708496], [0.5866937041282654, 0.8183556795120239, 0.9769421219825745, 0.009769227355718613, 0.9969317317008972, 0.07766403257846832, -0.9946633577346802, 0.5177213549613953, 0.7202975153923035, 0.8540414571762085, -0.999914824962616, -0.9993258118629456, -0.9997879862785339, -0.6000000238418579, 0.12313682585954666, -0.9706375598907471, -0.643172025680542, -0.9561827778816223, -0.9918239116668701, -0.9741135239601135, -0.9896661639213562, -0.2450367659330368, 0.5294150114059448, -0.768095850944519, -0.5054621696472168, -0.6074029207229614, -0.9690259695053101, -0.5137189030647278, -0.7800933122634888, -0.7942824363708496], [0.19979754090309143, 0.891273558139801, 0.10781283676624298, 0.010834368877112865, 0.9951469302177429, 0.09780187159776688, -0.9989054203033447, 0.43938398361206055, 0.9303276538848877, -0.5268515944480896, -1.0000611543655396, -0.9998325109481812, -1.0000312328338623, -1.0, -0.23009146749973297, -0.943545401096344, -0.8314668536186218, -1.0, -0.9929060339927673, -0.9130969643592834, -0.9899565577507019, -0.4110160171985626, -0.12265237420797348, -0.768095850944519, -0.5054621696472168, -0.6074029207229614, -0.9690259695053101, -0.5137189030647278, -0.7800933122634888, -0.7942824363708496], [0.5784183144569397, -0.2495594024658203, 0.9141131639480591, 0.9999978542327881, -0.0016907391836866736, 0.0011906238505616784, -0.9968221783638, 0.562606155872345, -0.26419466733932495, 0.9206467270851135, -0.999973714351654, -0.9999021887779236, -0.9999789595603943, -0.6000000238418579, -0.016151342540979385, -0.9712310433387756, -0.6833441853523254, -0.8993885517120361, -0.9926624298095703, -1.0, -0.9900082945823669, -0.1618962287902832, 0.16839072108268738, -0.768095850944519, -0.5054621696472168, -0.6074029207229614, -0.9690259695053101, -0.5137189030647278, -0.7800933122634888, -0.7942824363708496], [0.5805489420890808, -0.7859810590744019, 0.9746526479721069, -0.0001422384229954332, -0.9951668977737427, 0.09819795936346054, -0.9947390556335449, 0.5191126465797424, -0.6758604049682617, 0.855838418006897, -1.0003716945648193, -0.9994893670082092, -0.9996612668037415, -0.6000000238418579, -0.12378201633691788, -0.9716997742652893, -0.6462413668632507, -0.7595700025558472, -0.9935837388038635, -0.8816173672676086, -0.9898737668991089, -0.5385176539421082, 0.23865081369876862, -0.768095850944519, -0.5054621696472168, -0.6074029207229614, -0.9690259695053101, -0.5137189030647278, -0.7800933122634888, -0.7942824363708496], [0.2005126178264618, -0.8728104829788208, 0.11227509379386902, 0.01183913741260767, -0.9944581985473633, 0.10446421056985855, -0.9988434314727783, 0.44583266973495483, -0.9106081128120422, -0.5037687420845032, -1.0000674724578857, -0.9998375773429871, -1.0000712871551514, -1.0, 0.2330484688282013, -0.9482916593551636, -0.8239780068397522, -1.0, -0.9926039576530457, -1.0, -0.9890322685241699, 0.1254894733428955, 0.41564053297042847, -0.768095850944519, -0.5054621696472168, -0.6074029207229614, -0.9690259695053101, -0.5137189030647278, -0.7800933122634888, -0.7942824363708496], [-0.5558109879493713, 0.27376702427864075, 0.9362260103225708, -0.9998672008514404, -0.013299130834639072, 0.009418622590601444, -0.9969317317008972, -0.5422214865684509, 0.29032009840011597, 0.9447401165962219, -0.9999739527702332, -0.9999051690101624, -0.9999582171440125, -0.6000000238418579, -0.01438161265105009, -0.9700790047645569, -0.6467706561088562, -0.8676384687423706, -0.9924404621124268, -0.8813673257827759, -0.988513708114624, -0.15436238050460815, 0.16333119571208954, -0.768095850944519, -0.5054621696472168, -0.6074029207229614, -0.9690259695053101, -0.5137189030647278, -0.7800933122634888, -0.7942824363708496], [-0.5559550523757935, 0.8125498294830322, 1.0, 0.009119834750890732, 0.9965280890464783, 0.08275633305311203, -0.9948307275772095, -0.6249197125434875, 0.7157718539237976, 0.870369553565979, -0.9999094605445862, -0.9993137121200562, -0.9997823238372803, -0.6000000238418579, 0.12300243228673935, -0.9712856411933899, -0.655182957649231, -0.8101801872253418, -0.9923861026763916, -0.9498571157455444, -0.9896608591079712, -0.08006178587675095, 0.6970030069351196, -0.768095850944519, -0.5054621696472168, -0.6074029207229614, -0.9690259695053101, -0.5137189030647278, -0.7800933122634888, -0.7942824363708496], [-0.9399938583374023, 0.8922048807144165, 0.13382092118263245, -0.00036046013701707125, 0.9943384528160095, 0.10625860840082169, -0.9988734722137451, -0.6957606673240662, 0.9613500833511353, -0.4765350818634033, -1.0000585317611694, -0.9998350143432617, -1.0000275373458862, -1.0, -0.23071952164173126, -0.9469349980354309, -0.8351778388023376, -0.963616669178009, -0.9918174743652344, -0.8880955576896667, -0.9899532794952393, -0.41063883900642395, -0.12947990000247955, -0.768095850944519, -0.5054621696472168, -0.6074029207229614, -0.9690259695053101, -0.5137189030647278, -0.7800933122634888, -0.7942824363708496], [-0.5602054595947266, -0.25893354415893555, 0.9090605974197388, -0.9999961256980896, -0.0024127636570483446, 0.0013807910727337003, -0.9968588352203369, -0.5432746410369873, -0.2641677260398865, 0.9073444604873657, -0.9999765157699585, -0.9998999834060669, -0.9999783635139465, -0.6000000238418579, 0.01722114533185959, -0.971009373664856, -0.6823533177375793, -0.920033872127533, -0.9918798804283142, -0.9252479076385498, -0.9890540242195129, -0.1586763858795166, 0.16468209028244019, -0.768095850944519, -0.5054621696472168, -0.6074029207229614, -0.9690259695053101, -0.5137189030647278, -0.7800933122634888, -0.7942824363708496], [-0.5613323450088501, -0.7895594835281372, 0.9674826860427856, 0.005126271862536669, -0.9940012693405151, 0.1092483177781105, -0.9947893619537354, -0.6298038959503174, -0.6872251629829407, 0.8363015055656433, -1.0003747940063477, -0.999487042427063, -0.9996628761291504, -0.6000000238418579, -0.12494414299726486, -0.971961259841919, -0.7053729295730591, -0.7785459160804749, -0.9937155842781067, -0.928754448890686, -0.9897143244743347, -0.6966007947921753, 0.0888357013463974, -0.768095850944519, -0.5054621696472168, -0.6074029207229614, -0.9690259695053101, -0.5137189030647278, -0.7800933122634888, -0.7942824363708496], [-0.9484214186668396, -0.8929780721664429, 0.08396802097558975, 0.009954211302101612, -0.9935224652290344, 0.11319921165704727, -0.9988610148429871, -0.7081218957901001, -0.9486954808235168, -0.5377526879310608, -1.0000649690628052, -0.9998464584350586, -1.0000687837600708, -1.0, 0.23092107474803925, -0.9393756985664368, -0.8444880843162537, -0.8579114675521851, -0.992908775806427, -1.0, -0.9892822504043579, 0.13606522977352142, 0.41908755898475647, -0.768095850944519, -0.5054621696472168, -0.6074029207229614, -0.9690259695053101, -0.5137189030647278, -0.7800933122634888, -0.7942824363708496]], "general_static": {"gains_and_scale_normalized": [-0.768095853263934, -0.5054621547917493, -0.6074029309174698], "mass_normalized": [-0.9690259574972075], "robot_dimensions_normalized": [-0.5137189142431609, -0.7800933131503632, -0.7942824164658842], "trunk_attributes_normalized": [-0.9683110176552525, 0.07686360490083421, -0.004912958810489698, 0.9008405917834388, -0.9986191723968879, -1.0052284723330098, -0.9890744437971637]},