{"n_joints": 12, "joint_descriptions": [[0.6064110398292542, 0.27420926094055176, 0.9277839660644531, 0.9974008202552795, 0.03973827883601189, 0.060104046016931534, -0.9964818954467773, 0.6305551528930664, 0.31105077266693115, 0.9237799048423767, -0.9998474717140198, -0.9999749064445496, -0.9999733567237854, -0.6000000238418579, 0.014322295784950256, -0.9708645343780518, -0.4932998716831207, -1.0, -0.9879864454269409, -0.40935218334198, -0.9924706816673279, -0.16038580238819122, 0.16085407137870789, -0.7541983127593994, -0.5451890230178833, -0.5693263411521912, -0.9659530520439148, -0.5575617551803589, -0.7459592223167419, -0.7097756266593933], [0.6273517608642578, 0.6935707926750183, 0.9930105805397034, 0.007186409085988998, 0.9932847023010254, 0.11547249555587769, -0.9938289523124695, 0.5574291348457336, 0.5963046550750732, 0.8989552855491638, -0.9998500943183899, -0.999822735786438, -0.9996562600135803, -0.6000000238418579, 0.12463594228029251, -0.9582980275154114, -0.4808833599090576, -0.5984082221984863, -0.9968436360359192, -0.6105271577835083, -0.985237181186676, -0.2580567002296448, 0.5371586084365845, -0.7541983127593994, -0.5451890230178833, -0.5693263411521912, -0.9659530520439148, -0.5575617551803589, -0.7459592223167419, -0.7097756266593933], [0.007981306873261929, 0.8556297421455383, 0.1077379360795021, -0.008736972697079182, 0.9908939003944397, 0.13436146080493927, -0.9989966750144958, 0.35676485300064087, 0.9576266407966614, -0.5800631642341614, -1.0000500679016113, -0.9999532103538513, -1.0000081062316895, -1.0, -0.22736841440200806, -0.954350471496582, -0.8587859869003296, -0.5103755593299866, -0.9924883842468262, -1.0, -0.989436686038971, -0.4170496463775635, -0.12411974370479584, -0.7541983127593994, -0.5451890230178833, -0.5693263411521912, -0.9659530520439148, -0.5575617551803589, -0.7459592223167419, -0.7097756266593933], [0.6470672488212585, -0.21534530818462372, 0.9420713186264038, 0.9983752369880676, -0.05286054313182831, 0.02127653919160366, -0.9971627593040466, 0.5937708020210266, -0.2330855429172516, 1.0, -0.9998742938041687, -0.9999796152114868, -0.9999737739562988, -0.6000000238418579, -0.019081322476267815, -0.9700677394866943, -0.6515452861785889, -0.9498218894004822, -0.9917858839035034, -1.0, -0.9833597540855408, -0.12312550842761993, 0.1577886939048767, -0.7541983127593994, -0.5451890230178833, -0.5693263411521912, -0.9659530520439148, -0.5575617551803589, -0.7459592223167419, -0.7097756266593933], [0.6430360078811646, -0.6340176463127136, 0.9537022709846497, 0.035780906677246094, -0.9881755709648132, 0.14909325540065765, -0.9944328665733337, 0.5414624214172363, -0.6343027353286743, 0.8030164837837219, -0.9999483823776245, -0.9998309016227722, -0.9996700882911682, -0.6000000238418579, -0.1342577040195465, -0.9713759422302246, -0.6798713803291321, -0.49270981550216675, -0.9911659359931946, -1.0, -0.9902740716934204, -0.533904492855072, 0.22224491834640503, -0.7541983127593994, -0.5451890230178833, -0.5693263411521912, -0.9659530520439148, -0.5575617551803589, -0.7459592223167419, -0.7097756266593933], [-0.03730601444840431, -0.8006961941719055, 0.10471608489751816, 0.009383286349475384, -0.9826205372810364, 0.18538837134838104, -0.9985874891281128, 0.31460869312286377, -0.8892669081687927, -0.629848062992096, -1.000049352645874, -0.9999678730964661, -1.0000265836715698, -1.0, 0.23906676471233368, -0.9589828252792358, -0.8635151982307434, -1.0, -0.9930753707885742, -1.0, -0.9953092932701111, 0.1677742302417755, 0.41896605491638184, -0.7541983127593994, -0.5451890230178833, -0.5693263411521912, -0.9659530520439148, -0.5575617551803589, -0.7459592223167419, -0.7097756266593933], [-0.389213889837265, 0.3391481637954712, 0.9206903576850891, -0.9995711445808411, -0.025182468816637993, -0.01494506374001503, -0.996360719203949, -0.4143851101398468, 0.4226887822151184, 0.9306977987289429, -0.9998285174369812, -0.9999843835830688, -0.9999804496765137, -0.6000000238418579, -0.005177625454962254, -0.9696995615959167, -0.8202064037322998, -0.8481959700584412, -0.9927225708961487, -0.9805207848548889, -0.9868125319480896, -0.18788261711597443, 0.14638672769069672, -0.7541983127593994, -0.5451890230178833, -0.5693263411521912, -0.9659530520439148, -0.5575617551803589, -0.7459592223167419, -0.7097756266593933], [-0.41005247831344604, 0.7500359416007996, 0.9442355632781982, 0.06050146743655205, 0.9967487454414368, 0.05321236327290535, -0.9949765801429749, -0.5115668773651123, 0.5924233794212341, 0.8057045340538025, -0.9998403787612915, -0.9998716115951538, -0.9996707439422607, -0.6000000238418579, 0.11671397089958191, -0.978938102722168, -0.7691705822944641, -1.0, -0.9969478249549866, -0.5465788841247559, -0.9949690103530884, -0.10726074874401093, 0.6739092469215393, -0.7541983127593994, -0.5451890230178833, -0.5693263411521912, -0.9659530520439148, -0.5575617551803589, -0.7459592223167419, -0.7097756266593933], [-0.947403609752655, 0.7850393652915955, 0.018186626955866814, -0.0094608711078763, 0.9974831342697144, 0.07027050107717514, -0.9985709190368652, -0.4992493689060211, 0.8575881719589233, -0.6099516749382019, -1.0000553131103516, -0.9999584555625916, -1.0000321865081787, -1.0, -0.23768426477909088, -0.9279365539550781, -0.8305161595344543, -0.8437362909317017, -0.9935733079910278, -0.7114680409431458, -0.9837891459465027, -0.4277245104312897, -0.10430405288934708, -0.7541983127593994, -0.5451890230178833, -0.5693263411521912, -0.9659530520439148, -0.5575617551803589, -0.7459592223167419, -0.7097756266593933], [-0.30573198199272156, -0.17358370125293732, 0.9103317856788635, -0.9979554414749146, 0.06385539472103119, -0.0027325188275426626, -0.9964650273323059, -0.31988292932510376, -0.21629950404167175, 0.9209553003311157, -0.9998583197593689, -0.9999864101409912, -0.9999796152114868, -0.6000000238418579, 0.017138175666332245, -0.9703092575073242, -0.81029212474823, -1.0, -0.9906032085418701, -0.9241204857826233, -0.9886809587478638, -0.15913106501102448, 0.14891421794891357, -0.7541983127593994, -0.5451890230178833, -0.5693263411521912, -0.9659530520439148, -0.5575617551803589, -0.7459592223167419, -0.7097756266593933], [-0.30973032116889954, -0.5991249084472656, 0.8973458409309387, 0.01129991840571165, -0.992250919342041, 0.12373530119657516, -0.9938656687736511, -0.42463383078575134, -0.5158980488777161, 0.7579113841056824, -1.000006914138794, -0.999882698059082, -0.9996725916862488, -0.6000000238418579, -0.12374448031187057, -0.9744699597358704, -0.7773095369338989, -0.3920813798904419, -0.9961410164833069, -0.5476532578468323, -0.9857335090637207, -0.6952690482139587, 0.0669577419757843, -0.7541983127593994, -0.5451890230178833, -0.5693263411521912, -0.9659530520439148, -0.5575617551803589, -0.7459592223167419, -0.7097756266593933], [-0.9280213713645935, -0.7265650629997253, 0.01689322106540203, 0.011628879234194756, -0.9941511750221252, 0.10736947506666183, -0.9989334344863892, -0.47364261746406555, -0.7206474542617798, -0.5971320271492004, -1.000047206878662, -0.9999565482139587, -1.0000265836715698, -1.0, 0.2420850247144699, -0.9130939841270447, -0.9118541479110718, -1.0, -0.9922816753387451, -0.9246078729629517, -0.9961615800857544, 0.14256829023361206, 0.3798413872718811, -0.7541983127593994, -0.5451890230178833, -0.5693263411521912, -0.9659530520439148, -0.5575617551803589, -0.7459592223167419, -0.7097756266593933]], "general_static": {"gains_and_scale_normalized": [-0.754198316839288, -0.5451890453785475, -0.5693263444661396], "mass_normalized": [-0.9659530379264786], "robot_dimensions_normalized": [-0.5575617406845443, -0.745959223894781, -0.7097756191568918], "trunk_attributes_normalized": [-0.9647313855212368, 0.18375464401379227, 0.06796610602657682, 0.8620105805241445, -0.9927050805174, -1.0034297761605988, -0.9977579957592326]},