{"n_joints": 12, "joint_descriptions": [[0.5806773900985718, 0.2677309811115265, 0.928779125213623, 0.9999112486839294, 0.0031466453801840544, 0.012946796603500843, -0.9970225691795349, 0.5609375238418579, 0.2852327525615692, 0.9312483668327332, -0.9999827742576599, -0.9999070167541504, -0.9999592304229736, -0.6000000238418579, 0.013942550867795944, -0.9717066287994385, -0.6922655701637268, -0.9268919229507446, -0.9935298562049866, -1.0, -0.9901525378227234, -0.16192439198493958, 0.1614777147769928, -0.7738202214241028, -0.5250383615493774, -0.6182242035865784, -0.9705243110656738, -0.5225407481193542, -0.7816454172134399, -0.8065259456634521], [0.5800734758377075, 0.8151354193687439, 0.9936383366584778, -0.0049205077812075615, 0.9959662556648254, 0.08959388732910156, -0.9949142932891846, 0.5112611651420593, 0.6975878477096558, 0.8601539134979248, -0.9999182820320129, -0.9993054270744324, -0.9998053908348083, -0.6000000238418579, 0.1229516938328743, -0.9724366068840027, -0.707496702671051, -0.9250937104225159, -0.9926550984382629, -1.0, -0.9892674088478088, -0.2445966899394989, 0.5373247265815735, -0.7738202214241028, -0.5250383615493774, -0.6182242035865784, -0.9705243110656738, -0.5225407481193542, -0.7816454172134399, -0.8065259456634521], [0.2099285125732422, 0.868971049785614, 0.11304517835378647, 0.0012425562599673867, 0.9952309727668762, 0.0975382998585701, -0.9989590644836426, 0.44258999824523926, 0.910413920879364, -0.49905622005462646, -1.0000616312026978, -0.9998354911804199, -1.0000336170196533, -1.0, -0.2313370406627655, -0.9477673768997192, -0.8360680341720581, -0.9555566906929016, -0.9928326606750488, -0.9725821018218994, -0.9894450306892395, -0.41885608434677124, -0.13022851943969727, -0.7738202214241028, -0.5250383615493774, -0.6182242035865784, -0.9705243110656738, -0.5225407481193542, -0.7816454172134399, -0.8065259456634521], [0.5778073072433472, -0.2559201419353485, 0.9143639802932739, 0.9999949336051941, -0.0005586508777923882, -0.0031308969482779503, -0.9969478845596313, 0.567471444606781, -0.27052876353263855, 0.900658905506134, -0.9999805092811584, -0.9998997449874878, -0.9999755620956421, -0.6000000238418579, -0.015627123415470123, -0.9716899394989014, -0.7036932110786438, -0.8660863637924194, -0.9928268790245056, -0.9394490122795105, -0.9900262355804443, -0.1660245805978775, 0.16279080510139465, -0.7738202214241028, -0.5250383615493774, -0.6182242035865784, -0.9705243110656738, -0.5225407481193542, -0.7816454172134399, -0.8065259456634521], [0.5782328844070435, -0.8016748428344727, 0.975806474685669, 0.002604819368571043, -0.9950141906738281, 0.09969933331012726, -0.9949937462806702, 0.5160245895385742, -0.6729211211204529, 0.8347760438919067, -1.0003920793533325, -0.9994978904724121, -0.9996716380119324, -0.6000000238418579, -0.12162250280380249, -0.9711933732032776, -0.67620450258255, -0.8834401369094849, -0.9927669763565063, -1.0, -0.9894969463348389, -0.5388409495353699, 0.2384270429611206, -0.7738202214241028, -0.5250383615493774, -0.6182242035865784, -0.9705243110656738, -0.5225407481193542, -0.7816454172134399, -0.8065259456634521], [0.2141428142786026, -0.8900120258331299, 0.09455377608537674, 0.001748311216942966, -0.994853675365448, 0.10130728781223297, -0.9989590048789978, 0.45351505279541016, -0.9365599155426025, -0.5032734870910645, -1.0000635385513306, -0.9998487830162048, -1.0000693798065186, -1.0, 0.22978772222995758, -0.9463053941726685, -0.8228789567947388, -0.8435736298561096, -0.9927111268043518, -1.0, -0.9891083240509033, 0.12349595129489899, 0.4187239408493042, -0.7738202214241028, -0.5250383615493774, -0.6182242035865784, -0.9705243110656738, -0.5225407481193542, -0.7816454172134399, -0.8065259456634521], [-0.5705493688583374, 0.25915271043777466, 0.926689624786377, -0.9998331665992737, -0.016485728323459625, 0.007863925769925117, -0.9970006942749023, -0.5500903725624084, 0.2600010335445404, 0.9273627996444702, -0.9999824166297913, -0.9999083876609802, -0.9999568462371826, -0.6000000238418579, -0.017200766131281853, -0.9717501997947693, -0.6566835641860962, -0.9172383546829224, -0.9929248690605164, -1.0, -0.9892567992210388, -0.16185727715492249, 0.15827979147434235, -0.7738202214241028, -0.5250383615493774, -0.6182242035865784, -0.9705243110656738, -0.5225407481193542, -0.7816454172134399, -0.8065259456634521], [-0.5724431872367859, 0.7931191325187683, 1.0, 0.00641273707151413, 0.9938274621963501, 0.11075112223625183, -0.9949432015419006, -0.6368796825408936, 0.6908135414123535, 0.868305504322052, -0.9999191761016846, -0.9993143081665039, -0.9997842311859131, -0.6000000238418579, 0.12296835333108902, -0.9720639586448669, -0.6697908639907837, -0.9461356997489929, -0.992385983467102, -1.0, -0.9892421960830688, -0.08127809315919876, 0.6959094405174255, -0.7738202214241028, -0.5250383615493774, -0.6182242035865784, -0.9705243110656738, -0.5225407481193542, -0.7816454172134399, -0.8065259456634521], [-0.9446092247962952, 0.8892220854759216, 0.11308388411998749, 0.0028637803625315428, 0.993205726146698, 0.11633651703596115, -0.9989573359489441, -0.7140232920646667, 0.9473311305046082, -0.4850737750530243, -1.0000625848770142, -0.9998314380645752, -1.0000286102294922, -1.0, -0.23077033460140228, -0.9437211155891418, -0.8415793180465698, -0.960178792476654, -0.9928938150405884, -0.9636101722717285, -0.9898311495780945, -0.41848304867744446, -0.12760117650032043, -0.7738202214241028, -0.5250383615493774, -0.6182242035865784, -0.9705243110656738, -0.5225407481193542, -0.7816454172134399, -0.8065259456634521], [-0.5809991359710693, -0.2769319415092468, 0.9154218435287476, -0.999952495098114, 0.0061821239069104195, 0.007531977724283934, -0.997040867805481, -0.56556636095047, -0.29282721877098083, 0.9168660044670105, -0.9999819397926331, -0.9999029040336609, -0.9999768733978271, -0.6000000238418579, 0.015417316928505898, -0.9715995192527771, -0.6702059507369995, -0.9988635778427124, -0.9927054047584534, -0.9702639579772949, -0.9897741675376892, -0.1610359400510788, 0.1593320667743683, -0.7738202214241028, -0.5250383615493774, -0.6182242035865784, -0.9705243110656738, -0.5225407481193542, -0.7816454172134399, -0.8065259456634521], [-0.5797127485275269, -0.8184969425201416, 0.9770097136497498, 0.0015018131816759706, -0.9948503971099854, 0.10134287923574448, -0.9949485659599304, -0.6447809934616089, -0.7027654647827148, 0.843475878238678, -1.000379204750061, -0.9994835257530212, -0.9996625185012817, -0.6000000238418579, -0.1228187158703804, -0.9722306132316589, -0.6788418292999268, -0.8786443471908569, -0.9926700592041016, -1.0, -0.9891613721847534, -0.697389543056488, 0.0782269835472107, -0.7738202214241028, -0.5250383615493774, -0.6182242035865784, -0.9705243110656738, -0.5225407481193542, -0.7816454172134399, -0.8065259456634521], [-0.9483515620231628, -0.9082003235816956, 0.08976136893033981, 0.003844904014840722, -0.9954385161399841, 0.09532766044139862, -0.9989373683929443, -0.7225289940834045, -0.9678807854652405, -0.526154100894928, -1.0000640153884888, -0.999845027923584, -1.0000672340393066, -1.0, 0.2286134958267212, -0.9495895504951477, -0.8202677965164185, -0.8938926458358765, -0.9929004311561584, -1.0, -0.9887990951538086, 0.13139331340789795, 0.4242953062057495, -0.7738202214241028, -0.5250383615493774, -0.6182242035865784, -0.9705243110656738, -0.5225407481193542, -0.7816454172134399, -0.8065259456634521]], "general_static": {"gains_and_scale_normalized": [-0.7738202240247584, -0.5250383799493628, -0.6182242316459015], "mass_normalized": [-0.9705242925908535], "robot_dimensions_normalized": [-0.5225407377727216, -0.7816454254221309, -0.8065259409374426], "trunk_attributes_normalized": [-0.9700551331705703, 0.06544959321072663, -0.007442452654998877, 0.8894037334376867, -0.9988607432580073, -1.0054020091479625, -0.9881494400705474]},