{"n_joints": 12, "joint_descriptions": [[0.6058043241500854, 0.28621920943260193, 0.9307219982147217, 0.9982273578643799, -0.03866248577833176, -0.04524772986769676, -0.9964278936386108, 0.6264011263847351, 0.31784939765930176, 0.924759030342102, -0.9998683333396912, -0.9999696612358093, -0.9999673962593079, -0.6000000238418579, 0.014972535893321037, -0.9702588319778442, -0.5001460313796997, -0.9798853993415833, -0.9881805181503296, -0.4554675221443176, -0.9918657541275024, -0.1626308262348175, 0.160869300365448, -0.7519237399101257, -0.5282217264175415, -0.5734260082244873, -0.9647212624549866, -0.5483140349388123, -0.7442452907562256, -0.7179506421089172], [0.6264492273330688, 0.7192334532737732, 0.9946820735931396, 0.0035028939601033926, 0.9924228191375732, 0.12281952053308487, -0.9936363101005554, 0.5571467280387878, 0.6214215159416199, 0.8995737433433533, -0.999909520149231, -0.9997726082801819, -0.9996392726898193, -0.6000000238418579, 0.12405386567115784, -0.9589227437973022, -0.4875059127807617, -0.6398111581802368, -0.9964043498039246, -0.6564987301826477, -0.9855948090553284, -0.2551479935646057, 0.5369572639465332, -0.7519237399101257, -0.5282217264175415, -0.5734260082244873, -0.9647212624549866, -0.5483140349388123, -0.7442452907562256, -0.7179506421089172], [0.04537127912044525, 0.8743166327476501, 0.08418416976928711, -0.009404526092112064, 0.9947547316551208, 0.10185560584068298, -0.998934805393219, 0.3967038094997406, 0.9616502523422241, -0.5870746970176697, -1.0000536441802979, -0.9999412894248962, -1.0000245571136475, -1.0, -0.22810085117816925, -0.9518210887908936, -0.8510560393333435, -0.5531561374664307, -0.9922857284545898, -1.0, -0.9888877272605896, -0.4166695475578308, -0.1267242729663849, -0.7519237399101257, -0.5282217264175415, -0.5734260082244873, -0.9647212624549866, -0.5483140349388123, -0.7442452907562256, -0.7179506421089172], [0.640629768371582, -0.2119273990392685, 0.9454243183135986, 0.9986101984977722, -0.04881780967116356, 0.019863100722432137, -0.9969913363456726, 0.5907078385353088, -0.22608377039432526, 1.0, -0.9998857378959656, -0.9999725818634033, -0.9999792575836182, -0.6000000238418579, -0.01848398707807064, -0.9701324701309204, -0.6573204398155212, -0.9352196455001831, -0.991737425327301, -0.987587571144104, -0.9837045073509216, -0.1261192411184311, 0.1603393405675888, -0.7519237399101257, -0.5282217264175415, -0.5734260082244873, -0.9647212624549866, -0.5483140349388123, -0.7442452907562256, -0.7179506421089172], [0.6361148357391357, -0.6483433246612549, 0.9625444412231445, 0.021904705092310905, -0.9878928661346436, 0.15358345210552216, -0.9941860437393188, 0.5398237705230713, -0.6345896124839783, 0.81504225730896, -1.0000109672546387, -0.999821662902832, -0.9996386766433716, -0.6000000238418579, -0.13349640369415283, -0.9701393842697144, -0.6673251986503601, -0.5333162546157837, -0.9914444088935852, -1.0, -0.9896832704544067, -0.5364167094230652, 0.22517143189907074, -0.7519237399101257, -0.5282217264175415, -0.5734260082244873, -0.9647212624549866, -0.5483140349388123, -0.7442452907562256, -0.7179506421089172], [-0.009838073514401913, -0.7830759882926941, 0.10460460931062698, -0.031621046364307404, -0.989500880241394, 0.14102520048618317, -0.998569905757904, 0.32193994522094727, -0.8911179900169373, -0.6305856704711914, -1.00005304813385, -0.999955952167511, -1.0000357627868652, -1.0, 0.23834048211574554, -0.9565247297286987, -0.8563055992126465, -1.0, -0.9926515817642212, -1.0, -0.994722843170166, 0.16479691863059998, 0.41678982973098755, -0.7519237399101257, -0.5282217264175415, -0.5734260082244873, -0.9647212624549866, -0.5483140349388123, -0.7442452907562256, -0.7179506421089172], [-0.40776851773262024, 0.34445592761039734, 0.9246832728385925, -0.9997326135635376, 0.008479521609842777, 0.021512998268008232, -0.9962812662124634, -0.42895931005477905, 0.42266273498535156, 0.935289740562439, -0.9998561143875122, -0.9999623894691467, -0.9999613165855408, -0.6000000238418579, -0.005918584298342466, -0.969819962978363, -0.8059378862380981, -0.8756816983222961, -0.9925053119659424, -0.987868070602417, -0.9871736764907837, -0.1849181205034256, 0.14929164946079254, -0.7519237399101257, -0.5282217264175415, -0.5734260082244873, -0.9647212624549866, -0.5483140349388123, -0.7442452907562256, -0.7179506421089172], [-0.425234317779541, 0.773485004901886, 0.9516664743423462, 0.029353171586990356, 0.9995425939559937, -0.0072764186188578606, -0.9946740865707397, -0.5229920744895935, 0.6181499361991882, 0.8188894987106323, -0.9998542070388794, -0.9997796416282654, -0.9996895790100098, -0.6000000238418579, 0.11743967235088348, -0.9776230454444885, -0.7547421455383301, -1.0, -0.9965833425521851, -0.5928630828857422, -0.9943801164627075, -0.10428841412067413, 0.6768931150436401, -0.7519237399101257, -0.5282217264175415, -0.5734260082244873, -0.9647212624549866, -0.5483140349388123, -0.7442452907562256, -0.7179506421089172], [-0.9469425678253174, 0.8062921762466431, 0.030739538371562958, 0.06037687137722969, 0.9974968433380127, 0.036806583404541016, -0.9985347986221313, -0.5260013341903687, 0.781448245048523, -0.6105760931968689, -1.0000602006912231, -0.9999467134475708, -1.0000417232513428, -1.0, -0.23696333169937134, -0.9292070865631104, -0.8232802152633667, -0.8443599343299866, -0.9931868314743042, -0.7581588625907898, -0.9841371178627014, -0.4249913692474365, -0.10722573101520538, -0.7519237399101257, -0.5282217264175415, -0.5734260082244873, -0.9647212624549866, -0.5483140349388123, -0.7442452907562256, -0.7179506421089172], [-0.3316974639892578, -0.1703743189573288, 0.9141729474067688, -0.9978797435760498, 0.06506377458572388, -0.0016668119933456182, -0.9964005351066589, -0.34227412939071655, -0.20782585442066193, 0.9256511926651001, -0.9998767375946045, -0.9999648332595825, -0.9999796748161316, -0.6000000238418579, 0.017797090113162994, -0.970765233039856, -0.7957920432090759, -1.0, -0.9908860921859741, -0.9695098400115967, -0.9883056879043579, -0.159790500998497, 0.15181604027748108, -0.7519237399101257, -0.5282217264175415, -0.5734260082244873, -0.9647212624549866, -0.5483140349388123, -0.7442452907562256, -0.7179506421089172], [-0.33510616421699524, -0.6133665442466736, 0.9103037118911743, 0.006736274808645248, -0.9927608966827393, 0.11991849541664124, -0.9936995506286621, -0.442254900932312, -0.5299443602561951, 0.7715566754341125, -1.0000969171524048, -0.9998308420181274, -0.9996742606163025, -0.6000000238418579, -0.1243252381682396, -0.9731498956680298, -0.7625929117202759, -0.43522384762763977, -0.9957737326622009, -0.5950603485107422, -0.9860934019088745, -0.6943827867507935, 0.06979374587535858, -0.7519237399101257, -0.5282217264175415, -0.5734260082244873, -0.9647212624549866, -0.5483140349388123, -0.7442452907562256, -0.7179506421089172], [-0.9305425882339478, -0.7404211759567261, 0.03027927502989769, -0.022999240085482597, -0.9921839237213135, 0.12264614552259445, -0.9988924264907837, -0.5013412237167358, -0.7850978970527649, -0.5880756974220276, -1.0000518560409546, -0.9999487996101379, -1.0000386238098145, -1.0, 0.24134214222431183, -0.9142239093780518, -0.9045819640159607, -1.0, -0.992324948310852, -0.9669252038002014, -0.9955830574035645, 0.13972777128219604, 0.3828364312648773, -0.7519237399101257, -0.5282217264175415, -0.5734260082244873, -0.9647212624549866, -0.5483140349388123, -0.7442452907562256, -0.7179506421089172]], "general_static": {"gains_and_scale_normalized": [-0.751923745729133, -0.5282217176126416, -0.5734260063818928], "mass_normalized": [-0.964721264422556], "robot_dimensions_normalized": [-0.5483140611308766, -0.744245318100548, -0.7179506445302706], "trunk_attributes_normalized": [-0.9633939759811658, 0.17073523382506406, 0.06853734003194178, 0.8678392275307496, -0.9935860454531239, -1.003983198946694, -0.997121232729349]},