{"n_joints": 12, "joint_descriptions": [[0.6562285423278809, 0.21792738139629364, 0.9284451603889465, 0.9999370574951172, 0.00880925077944994, 0.0069504366256296635, -0.9981760382652283, 0.7046583294868469, 0.2603400647640228, 0.9683972597122192, -0.9998859167098999, -0.9999988675117493, -0.9999900460243225, -0.6000000238418579, 0.02361827902495861, -0.974059522151947, -0.6880132555961609, -0.46752098202705383, -0.9970456957817078, -0.7056379318237305, -0.9936384558677673, -0.15850535035133362, 0.19830437004566193, -0.8007484674453735, -0.5745018720626831, -0.6462053656578064, -0.9791923761367798, -0.6678270697593689, -0.7579469680786133, -0.7031875252723694], [0.6509725451469421, 0.5914319753646851, 0.9492836594581604, 0.02180708386003971, 0.9838795065879822, 0.17749810218811035, -0.9962177872657776, 0.44254547357559204, 0.5155301094055176, 0.822353720664978, -0.9998137354850769, -1.0000418424606323, -0.9997548460960388, -0.6000000238418579, 0.1316549926996231, -0.9676730036735535, -0.6630681157112122, -0.2268276810646057, -0.9968945384025574, -1.0, -0.9940721988677979, -0.2067996859550476, 0.5043007731437683, -0.8007484674453735, -0.5745018720626831, -0.6462053656578064, -0.9791923761367798, -0.6678270697593689, -0.7579469680786133, -0.7031875252723694], [-0.1932135969400406, 0.7348223328590393, 0.12155086547136307, -0.02696007490158081, 0.9871928691864014, 0.15723662078380585, -0.9992907047271729, 0.18660442531108856, 0.855125904083252, -0.5424317121505737, -1.0000288486480713, -0.999995768070221, -0.9999964237213135, -1.0, -0.21959525346755981, -0.948655903339386, -0.9377723336219788, -1.0, -0.9909487366676331, -0.9277856945991516, -0.9898042678833008, -0.415500283241272, -0.0928134173154831, -0.8007484674453735, -0.5745018720626831, -0.6462053656578064, -0.9791923761367798, -0.6678270697593689, -0.7579469680786133, -0.7031875252723694], [0.6321213841438293, -0.274252325296402, 0.9533985257148743, 0.9999615550041199, -0.006680130492895842, -0.005678182002156973, -0.9985209703445435, 0.5775027871131897, -0.3051816523075104, 0.9580302834510803, -0.9998542666435242, -0.9999971985816956, -0.9999924898147583, -0.6000000238418579, -0.02354251779615879, -0.9888902902603149, -0.624760627746582, -0.9162858724594116, -0.9890851378440857, -0.4706079959869385, -0.9972828030586243, -0.18576787412166595, 0.16094312071800232, -0.8007484674453735, -0.5745018720626831, -0.6462053656578064, -0.9791923761367798, -0.6678270697593689, -0.7579469680786133, -0.7031875252723694], [0.6320368647575378, -0.6381827592849731, 0.9424116611480713, 0.01953636109828949, -0.9878970980644226, 0.15387561917304993, -0.9954765439033508, 0.535747766494751, -0.49615785479545593, 0.7802935838699341, -0.9997995495796204, -0.9999332427978516, -0.999718964099884, -0.6000000238418579, -0.13182733952999115, -0.9759472608566284, -0.7021343111991882, -1.0, -0.9935253262519836, -0.9429298639297485, -0.9936679005622864, -0.5229465961456299, 0.25877073407173157, -0.8007484674453735, -0.5745018720626831, -0.6462053656578064, -0.9791923761367798, -0.6678270697593689, -0.7579469680786133, -0.7031875252723694], [-0.24118268489837646, -0.7716513276100159, 0.14566148817539215, 0.03844120725989342, -0.979889988899231, 0.19580049812793732, -0.9993925094604492, 0.22133445739746094, -0.8503581881523132, -0.48835495114326477, -1.0000274181365967, -1.0000007152557373, -1.000004768371582, -1.0, 0.23984286189079285, -0.9328230023384094, -0.8432946801185608, -1.0, -0.9939808249473572, -0.5872161388397217, -0.9925822615623474, 0.13196267187595367, 0.42390960454940796, -0.8007484674453735, -0.5745018720626831, -0.6462053656578064, -0.9791923761367798, -0.6678270697593689, -0.7579469680786133, -0.7031875252723694], [-0.1388154923915863, 0.15464484691619873, 0.9185047745704651, -0.9996738433837891, 0.02298475056886673, -0.011131303384900093, -0.9980046153068542, -0.18376407027244568, 0.18268682062625885, 0.9134289622306824, -0.9998446702957153, -1.000001311302185, -0.9999873638153076, -0.6000000238418579, -0.018860334530472755, -0.9731332063674927, -0.720790445804596, -1.0, -0.9938317537307739, -1.0, -0.9934117794036865, -0.15247564017772675, 0.15503571927547455, -0.8007484674453735, -0.5745018720626831, -0.6462053656578064, -0.9791923761367798, -0.6678270697593689, -0.7579469680786133, -0.7031875252723694], [-0.08361439406871796, 0.5124937295913696, 0.9099602699279785, 0.015674445778131485, 0.9924668073654175, 0.12150697410106659, -0.9959098100662231, -0.20056270062923431, 0.45908206701278687, 0.7767102718353271, -0.999905526638031, -1.0000104904174805, -0.9997369050979614, -0.6000000238418579, 0.11909385025501251, -0.9729958772659302, -0.7664118409156799, -0.22426192462444305, -0.9910973310470581, -1.0, -0.9883556962013245, -0.07384596765041351, 0.6956706047058105, -0.8007484674453735, -0.5745018720626831, -0.6462053656578064, -0.9791923761367798, -0.6678270697593689, -0.7579469680786133, -0.7031875252723694], [-0.8858928680419922, 0.6519185304641724, -0.019035419449210167, 0.009327608160674572, 0.9936032295227051, 0.11254174262285233, -0.9992479681968689, -0.34045153856277466, 0.7409905791282654, -0.6435307860374451, -1.0000296831130981, -0.9999958276748657, -1.0000042915344238, -1.0, -0.23135659098625183, -0.9523835182189941, -0.7871681451797485, -0.3296353816986084, -0.9912356734275818, -0.956314742565155, -0.9908173084259033, -0.4067292809486389, -0.13168711960315704, -0.8007484674453735, -0.5745018720626831, -0.6462053656578064, -0.9791923761367798, -0.6678270697593689, -0.7579469680786133, -0.7031875252723694], [-0.14301200211048126, -0.13469412922859192, 0.9055638909339905, -0.9998736381530762, -0.008968153037130833, -0.013125360012054443, -0.9978888630867004, -0.14099274575710297, -0.2017105221748352, 0.9179388880729675, -0.9998400807380676, -1.0000029802322388, -0.9999997615814209, -0.6000000238418579, 0.02335129864513874, -0.9764607548713684, -0.7951859831809998, -1.0, -0.9985106587409973, -1.0, -0.9851721525192261, -0.16921915113925934, 0.16173186898231506, -0.8007484674453735, -0.5745018720626831, -0.6462053656578064, -0.9791923761367798, -0.6678270697593689, -0.7579469680786133, -0.7031875252723694], [-0.14226849377155304, -0.4952888786792755, 1.0, 0.04784705489873886, -0.984371542930603, 0.1694796234369278, -0.9958508610725403, -0.2802291214466095, -0.3971214294433594, 0.8603090643882751, -0.9997965693473816, -0.9999127984046936, -0.9997223019599915, -0.6000000238418579, -0.13041606545448303, -0.9701884984970093, -0.7317182421684265, -0.784720778465271, -0.9959259629249573, -0.5285348296165466, -0.9888976216316223, -0.6583948135375977, 0.054323721677064896, -0.8007484674453735, -0.5745018720626831, -0.6462053656578064, -0.9791923761367798, -0.6678270697593689, -0.7579469680786133, -0.7031875252723694], [-0.931861937046051, -0.7608181238174438, 0.13700342178344727, 0.00803325790911913, -0.9789957404136658, 0.203722283244133, -0.9992819428443909, -0.49783167243003845, -0.9327123761177063, -0.5793394446372986, -1.0000362396240234, -0.9999997019767761, -1.000008463859558, -1.0, 0.22870397567749023, -0.9750334620475769, -0.9035857915878296, -1.0, -0.9898800253868103, -0.9823257327079773, -0.9927539229393005, 0.09784459322690964, 0.3710942566394806, -0.8007484674453735, -0.5745018720626831, -0.6462053656578064, -0.9791923761367798, -0.6678270697593689, -0.7579469680786133, -0.7031875252723694]], "general_static": {"gains_and_scale_normalized": [-0.8007484533128908, -0.5745018821512943, -0.646205387552967], "mass_normalized": [-0.9791923528856314], "robot_dimensions_normalized": [-0.6678270620673119, -0.7579469456772508, -0.7031875363480848], "trunk_attributes_normalized": [-0.9799242397503144, 0.3370222594801997, -0.013536829256487026, 0.9255955063310661, -0.9935607448625632, -1.0014239820013617, -0.9998865296265327]},