{"n_joints": 12, "joint_descriptions": [[0.7131944298744202, 0.198766827583313, 0.9316520094871521, 0.998860239982605, -0.010927648283541203, 0.046462588012218475, -0.9985175728797913, 0.7873188853263855, 0.26752927899360657, 0.9872459173202515, -0.9998208284378052, -0.9999918937683105, -0.999989926815033, -0.6000000238418579, 0.02665966935455799, -0.9722349047660828, -0.6684907674789429, -0.25961044430732727, -0.9984005093574524, -0.5458271503448486, -0.9957472681999207, -0.1468164473772049, 0.21057312190532684, -0.8127351403236389, -0.6303074359893799, -0.6375650763511658, -0.9827072024345398, -0.6995851397514343, -0.7978910207748413, -0.6682988405227661], [0.7090298533439636, 0.5279920101165771, 0.9292488098144531, -0.06392329186201096, 0.9806376099586487, 0.1851046085357666, -0.9968777298927307, 0.43838217854499817, 0.4229828417301178, 0.8049988150596619, -0.9996104836463928, -1.0001236200332642, -0.9996715784072876, -0.6000000238418579, 0.13465507328510284, -0.9661644697189331, -0.6441417932510376, -0.020449308678507805, -0.9981151223182678, -1.0, -0.9961556792259216, -0.19456779956817627, 0.4920683205127716, -0.8127351403236389, -0.6303074359893799, -0.6375650763511658, -0.9827072024345398, -0.6995851397514343, -0.7978910207748413, -0.6682988405227661], [-0.3216433525085449, 0.624139130115509, 0.09961529076099396, -0.062293924391269684, 0.9848840832710266, 0.16162556409835815, -0.9994533658027649, 0.10487177968025208, 0.7789002656936646, -0.5798829793930054, -1.0000215768814087, -1.0000090599060059, -0.9999749660491943, -1.0, -0.2165401726961136, -0.9559547305107117, -0.9625757336616516, -0.9645702838897705, -0.9901750683784485, -1.0, -0.9887506365776062, -0.4035084545612335, -0.08057202398777008, -0.8127351403236389, -0.6303074359893799, -0.6375650763511658, -0.9827072024345398, -0.6995851397514343, -0.7978910207748413, -0.6682988405227661], [0.6722293496131897, -0.3452763557434082, 0.9619864821434021, 0.9999802112579346, 0.0009745618444867432, 0.006216898560523987, -0.9989213943481445, 0.5980416536331177, -0.4061717987060547, 0.9673163294792175, -0.9997459650039673, -1.0000015497207642, -0.9999932050704956, -0.6000000238418579, -0.026594534516334534, -0.9931206703186035, -0.6080024242401123, -0.7382521033287048, -0.9884393215179443, -0.6444742679595947, -0.999173104763031, -0.19799686968326569, 0.15061430633068085, -0.8127351403236389, -0.6303074359893799, -0.6375650763511658, -0.9827072024345398, -0.6995851397514343, -0.7978910207748413, -0.6682988405227661], [0.6531171798706055, -0.670030415058136, 0.9309149384498596, -0.031798265874385834, -0.9789547920227051, 0.20158475637435913, -0.9959352612495422, 0.5582113862037659, -0.5004961490631104, 0.7677093148231506, -0.9995168447494507, -0.9998255372047424, -0.9996128082275391, -0.6000000238418579, -0.1349114626646042, -0.9750085473060608, -0.7590638399124146, -0.8462257385253906, -0.9934929013252258, -0.7433500289916992, -0.9957749247550964, -0.510796308517456, 0.27096647024154663, -0.8127351403236389, -0.6303074359893799, -0.6375650763511658, -0.9827072024345398, -0.6995851397514343, -0.7978910207748413, -0.6682988405227661], [-0.4657778739929199, -0.8348520398139954, 0.14659808576107025, 0.02055910974740982, -0.9933144450187683, 0.11359476298093796, -0.999552845954895, 0.08655283600091934, -0.914227306842804, -0.4889792501926422, -1.000020146369934, -0.9999971985816956, -0.9999883770942688, -1.0, 0.24289298057556152, -0.9302542209625244, -0.8739902973175049, -1.0, -0.995390772819519, -0.38726210594177246, -0.9947476983070374, 0.12287726998329163, 0.43593767285346985, -0.8127351403236389, -0.6303074359893799, -0.6375650763511658, -0.9827072024345398, -0.6995851397514343, -0.7978910207748413, -0.6682988405227661], [0.10834537446498871, 0.07018078863620758, 0.9225616455078125, -0.9992825388908386, 0.03653901442885399, -0.00996340811252594, -0.9985151290893555, 0.037443045526742935, 0.1290886402130127, 0.9032654762268066, -0.999725878238678, -1.0000048875808716, -0.9999882578849792, -0.6000000238418579, -0.018426910042762756, -0.9713464975357056, -0.707663893699646, -0.9194047451019287, -0.994363009929657, -1.0, -0.995532751083374, -0.14031767845153809, 0.14303049445152283, -0.8127351403236389, -0.6303074359893799, -0.6375650763511658, -0.9827072024345398, -0.6995851397514343, -0.7978910207748413, -0.6682988405227661], [0.1864016056060791, 0.37582990527153015, 0.8888134956359863, -0.018562523648142815, 0.9913457036018372, 0.12995806336402893, -0.9964527487754822, 0.07000292092561722, 0.3578786253929138, 0.7563190460205078, -0.9997089505195618, -1.0000606775283813, -0.9996837377548218, -0.6000000238418579, 0.1160111054778099, -0.9712238311767578, -0.8208346962928772, -0.015580212697386742, -0.9906432032585144, -1.0, -0.9873728156089783, -0.061837099492549896, 0.707667350769043, -0.8127351403236389, -0.6303074359893799, -0.6375650763511658, -0.9827072024345398, -0.6995851397514343, -0.7978910207748413, -0.6682988405227661], [-0.8181310296058655, 0.4901987612247467, -0.05649416893720627, -0.032358597964048386, 0.9931675791740417, 0.11212099343538284, -0.9993797540664673, -0.11282789707183838, 0.6682433485984802, -0.6682782173156738, -1.0000256299972534, -1.0000028610229492, -0.9999836087226868, -1.0, -0.2343933880329132, -0.9620333909988403, -0.7796767950057983, -0.1486787348985672, -0.9904260039329529, -0.7726191282272339, -0.9897605776786804, -0.39458325505256653, -0.12745292484760284, -0.8127351403236389, -0.6303074359893799, -0.6375650763511658, -0.9827072024345398, -0.6995851397514343, -0.7978910207748413, -0.6682988405227661], [0.08543834835290909, -0.125583678483963, 0.9111136198043823, -0.9994534254074097, -0.026124123483896255, 0.02025710977613926, -0.9982194900512695, 0.09329241514205933, -0.23152156174182892, 0.9167008399963379, -0.999692440032959, -1.0000313520431519, -0.9999871850013733, -0.6000000238418579, 0.020292427390813828, -0.9814145565032959, -0.8481023907661438, -1.0, -0.9999659061431885, -1.0, -0.9843775033950806, -0.18123924732208252, 0.15303412079811096, -0.8127351403236389, -0.6303074359893799, -0.6375650763511658, -0.9827072024345398, -0.6995851397514343, -0.7978910207748413, -0.6682988405227661], [0.07148401439189911, -0.42843133211135864, 1.0, -0.004166021011769772, -0.9942262172698975, 0.10722339153289795, -0.9962587952613831, -0.10842021554708481, -0.3075684607028961, 0.8512019515037537, -0.9994956851005554, -0.9998365044593811, -0.999614417552948, -0.6000000238418579, -0.13349249958992004, -0.9685444235801697, -0.715540885925293, -0.5991186499595642, -0.9972004294395447, -0.3286817669868469, -0.9878856539726257, -0.6461431980133057, 0.042099110782146454, -0.8127351403236389, -0.6303074359893799, -0.6375650763511658, -0.9827072024345398, -0.6995851397514343, -0.7978910207748413, -0.6682988405227661], [-0.928974986076355, -0.7421359419822693, 0.1356227695941925, 0.009117752313613892, -0.9873789548873901, 0.15811282396316528, -0.9994208216667175, -0.40282365679740906, -0.9157397150993347, -0.6116030216217041, -1.0000277757644653, -0.999997079372406, -0.999984860420227, -1.0, 0.230374276638031, -0.9833563566207886, -0.9299935102462769, -1.0, -0.9891608357429504, -1.0, -0.994910717010498, 0.085600346326828, 0.3588342070579529, -0.8127351403236389, -0.6303074359893799, -0.6375650763511658, -0.9827072024345398, -0.6995851397514343, -0.7978910207748413, -0.6682988405227661]], "general_static": {"gains_and_scale_normalized": [-0.812735147279592, -0.630307442031931, -0.6375651054483462], "mass_normalized": [-0.9827071935472703], "robot_dimensions_normalized": [-0.699585136211609, -0.7978910264409964, -0.6682988317052707], "trunk_attributes_normalized": [-0.9835862734461225, 0.48231390645885885, -0.030657613087423763, 0.9564635562017099, -0.9888674301699512, -1.0005628986609174, -1.0001244674381549]},