{"n_joints": 12, "joint_descriptions": [[0.5655078291893005, 0.28968891501426697, 0.9069897532463074, 0.9999868273735046, 0.0035972697660326958, -0.0036665908992290497, -0.9967641234397888, 0.5419575572013855, 0.2990298569202423, 0.898788571357727, -0.9999862313270569, -0.9999409317970276, -0.9999154806137085, -0.6000000238418579, 0.01416189968585968, -0.9713864922523499, -0.666576623916626, -1.0, -0.9919289946556091, -0.9718869924545288, -0.9894097447395325, -0.1619490683078766, 0.15280085802078247, -0.7702810168266296, -0.5123975276947021, -0.6130517721176147, -0.9693282842636108, -0.5532659292221069, -0.752558171749115, -0.8175662755966187], [0.5649929046630859, 0.8552268743515015, 1.0, 0.006299016531556845, 0.9949185252189636, 0.10048604756593704, -0.9946765899658203, 0.5128100514411926, 0.7284746170043945, 0.8651405572891235, -1.0002591609954834, -0.9993808269500732, -0.9994364380836487, -0.6000000238418579, 0.12136631458997726, -0.9722403883934021, -0.6610940098762512, -1.0, -0.9919091463088989, -0.8818434476852417, -0.9891018867492676, -0.2491617500782013, 0.5450382828712463, -0.7702810168266296, -0.5123975276947021, -0.6130517721176147, -0.9693282842636108, -0.5532659292221069, -0.752558171749115, -0.8175662755966187], [0.19957725703716278, 0.9116573929786682, 0.10916855186223984, 0.00031287531601265073, 0.9955162405967712, 0.09459032118320465, -0.9989078044891357, 0.44812577962875366, 0.9588314294815063, -0.4895060658454895, -1.0001494884490967, -0.9998794198036194, -1.0001155138015747, -1.0, -0.232944056391716, -0.9453873634338379, -0.8247187733650208, -1.0, -0.9932765960693359, -1.0, -0.9890957474708557, -0.4174326956272125, -0.13694573938846588, -0.7702810168266296, -0.5123975276947021, -0.6130517721176147, -0.9693282842636108, -0.5532659292221069, -0.752558171749115, -0.8175662755966187], [0.5755319595336914, -0.2455810308456421, 0.8863745331764221, 0.9999998211860657, 0.000114347756607458, -0.000610066344961524, -0.9967259168624878, 0.5679839253425598, -0.2622702717781067, 0.8857519030570984, -0.9999855160713196, -0.999927818775177, -0.9999234676361084, -0.6000000238418579, -0.013926251791417599, -0.9686036705970764, -0.7225430607795715, -0.8467122316360474, -0.9937394857406616, -1.0, -0.9880936145782471, -0.15727640688419342, 0.1607605665922165, -0.7702810168266296, -0.5123975276947021, -0.6130517721176147, -0.9693282842636108, -0.5532659292221069, -0.752558171749115, -0.8175662755966187], [0.5781373977661133, -0.8078972101211548, 0.9788316488265991, 0.0035176670644432306, -0.9959812164306641, 0.08949319273233414, -0.9948756098747253, 0.5119564533233643, -0.6946442723274231, 0.8615099191665649, -1.0005810260772705, -0.9998457431793213, -0.9993478655815125, -0.6000000238418579, -0.1209762915968895, -0.9714441299438477, -0.6610952615737915, -0.8155309557914734, -0.9928189516067505, -0.9935836791992188, -0.9893801212310791, -0.534629762172699, 0.24150404334068298, -0.7702810168266296, -0.5123975276947021, -0.6130517721176147, -0.9693282842636108, -0.5532659292221069, -0.752558171749115, -0.8175662755966187], [0.21929199993610382, -0.8748610615730286, 0.08643292635679245, -0.00717542227357626, -0.9965386390686035, 0.08282046765089035, -0.9988726377487183, 0.45607128739356995, -0.916439414024353, -0.5134496092796326, -1.0001468658447266, -0.9998973608016968, -1.0001379251480103, -1.0, 0.22887131571769714, -0.9502010941505432, -0.8362186551094055, -0.83521968126297, -0.9927148222923279, -1.0, -0.9900280237197876, 0.1287299394607544, 0.4185822010040283, -0.7702810168266296, -0.5123975276947021, -0.6130517721176147, -0.9693282842636108, -0.5532659292221069, -0.752558171749115, -0.8175662755966187], [-0.5663309693336487, 0.29787883162498474, 0.8985275626182556, -0.9998688697814941, -0.008114959113299847, 0.014012026600539684, -0.9969233274459839, -0.5417978167533875, 0.3154917061328888, 0.8942453265190125, -0.9999868869781494, -0.9999438524246216, -0.9999127388000488, -0.6000000238418579, -0.013978621922433376, -0.9707500338554382, -0.6624175906181335, -0.9220504760742188, -0.9927560687065125, -0.9201979637145996, -0.9895915389060974, -0.15741634368896484, 0.15867380797863007, -0.7702810168266296, -0.5123975276947021, -0.6130517721176147, -0.9693282842636108, -0.5532659292221069, -0.752558171749115, -0.8175662755966187], [-0.572830855846405, 0.870457112789154, 0.9858332872390747, 0.007369391154497862, 0.9965238571166992, 0.0829814150929451, -0.9949132204055786, -0.6368618607521057, 0.7525917291641235, 0.8610439896583557, -1.0002474784851074, -0.9993929266929626, -0.9994414448738098, -0.6000000238418579, 0.12394557148218155, -0.9708626866340637, -0.6639794111251831, -1.0, -0.993449866771698, -1.0, -0.9892882704734802, -0.07812713831663132, 0.697313129901886, -0.7702810168266296, -0.5123975276947021, -0.6130517721176147, -0.9693282842636108, -0.5532659292221069, -0.752558171749115, -0.8175662755966187], [-0.9439548254013062, 0.9265512824058533, 0.12356197834014893, 0.009545689448714256, 0.9955543279647827, 0.09370411187410355, -0.9989030957221985, -0.7157096862792969, 0.9635999798774719, -0.48719143867492676, -1.0001505613327026, -0.9998787045478821, -1.0001111030578613, -1.0, -0.2300599366426468, -0.9462097883224487, -0.8479528427124023, -1.0, -0.992894172668457, -1.0, -0.9897826313972473, -0.4159153401851654, -0.12839753925800323, -0.7702810168266296, -0.5123975276947021, -0.6130517721176147, -0.9693282842636108, -0.5532659292221069, -0.752558171749115, -0.8175662755966187], [-0.56439208984375, -0.2736535668373108, 0.8910818099975586, -0.9999615550041199, -0.008210542611777782, 0.003085004398599267, -0.9969192147254944, -0.5488763451576233, -0.27068066596984863, 0.8896482586860657, -0.9999906420707703, -0.9999276399612427, -0.9999263286590576, -0.6000000238418579, 0.014929188415408134, -0.9719640612602234, -0.6393862366676331, -0.8103742003440857, -0.9917331337928772, -0.9229523539543152, -0.9909447431564331, -0.1641131490468979, 0.16168397665023804, -0.7702810168266296, -0.5123975276947021, -0.6130517721176147, -0.9693282842636108, -0.5532659292221069, -0.752558171749115, -0.8175662755966187], [-0.5679121613502502, -0.8515490889549255, 0.9451560974121094, -6.375828525051475e-05, -0.9947257041931152, 0.10257098078727722, -0.9947582483291626, -0.630169153213501, -0.7297854423522949, 0.8103214502334595, -1.000578761100769, -0.9998363256454468, -0.9993441700935364, -0.6000000238418579, -0.12126690149307251, -0.9704583883285522, -0.6683343052864075, -0.8044969439506531, -0.9924029111862183, -1.0, -0.9890148043632507, -0.7065398097038269, 0.0858168676495552, -0.7702810168266296, -0.5123975276947021, -0.6130517721176147, -0.9693282842636108, -0.5532659292221069, -0.752558171749115, -0.8175662755966187], [-0.9383322596549988, -0.9076852202415466, 0.07407691329717636, -0.013276529498398304, -0.9952479004859924, 0.09646433591842651, -0.9988982677459717, -0.6973099112510681, -0.9546035528182983, -0.5116028785705566, -1.0001375675201416, -0.9999086260795593, -1.0001306533813477, -1.0, 0.23114542663097382, -0.9390127658843994, -0.8140895366668701, -0.8961842060089111, -0.9937973022460938, -1.0, -0.9899901151657104, 0.13604441285133362, 0.42651626467704773, -0.7702810168266296, -0.5123975276947021, -0.6130517721176147, -0.9693282842636108, -0.5532659292221069, -0.752558171749115, -0.8175662755966187]], "general_static": {"gains_and_scale_normalized": [-0.7702810051372091, -0.5123975144294319, -0.6130517601825376], "mass_normalized": [-0.9693282794738745], "robot_dimensions_normalized": [-0.5532659204649633, -0.7525581763589516, -0.817566269168303], "trunk_attributes_normalized": [-0.9688505350481185, 0.05626272458548498, 0.018467676744245987, 0.8498759183770248, -0.9991933054163444, -1.0129829486500033, -0.992380036089641]},