{"n_joints": 12, "joint_descriptions": [[0.5671579837799072, 0.2987796366214752, 0.9117541909217834, 0.9999827146530151, 0.0009744689450599253, 0.005794940050691366, -0.9968022108078003, 0.5433290600776672, 0.31086400151252747, 0.9078086018562317, -0.9999866485595703, -0.9999390840530396, -0.9999184012413025, -0.6000000238418579, 0.014431111514568329, -0.9717602729797363, -0.6658296585083008, -1.0, -0.9920781850814819, -0.9628502130508423, -0.9896839261054993, -0.1626131385564804, 0.1533624827861786, -0.7716084718704224, -0.5152224898338318, -0.6160688996315002, -0.9694520831108093, -0.5516405701637268, -0.7575797438621521, -0.8180932998657227], [0.567166268825531, 0.8710086345672607, 1.0, -0.005343598313629627, 0.9954109787940979, 0.09554298222064972, -0.9947084188461304, 0.5151114463806152, 0.7435697913169861, 0.8669731616973877, -1.0002400875091553, -0.9993739128112793, -0.9994734525680542, -0.6000000238418579, 0.12163794785737991, -0.9716969132423401, -0.65827476978302, -1.0, -0.992073118686676, -0.8668804168701172, -0.9894051551818848, -0.2482348382472992, 0.5440995097160339, -0.7716084718704224, -0.5152224898338318, -0.6160688996315002, -0.9694520831108093, -0.5516405701637268, -0.7575797438621521, -0.8180932998657227], [0.20331838726997375, 0.9182341694831848, 0.10681768506765366, 0.0015337758231908083, 0.9963346719741821, 0.08552667498588562, -0.9989141821861267, 0.44824421405792236, 0.9551465511322021, -0.4939407706260681, -1.00014328956604, -0.9998818039894104, -1.0001146793365479, -1.0, -0.232939675450325, -0.9450516104698181, -0.8227683305740356, -1.0, -0.9930716753005981, -1.0, -0.9892923831939697, -0.41872483491897583, -0.1360684484243393, -0.7716084718704224, -0.5152224898338318, -0.6160688996315002, -0.9694520831108093, -0.5516405701637268, -0.7575797438621521, -0.8180932998657227], [0.5750871300697327, -0.24566850066184998, 0.8907357454299927, 0.9999994039535522, 0.0010363663313910365, -0.00028162761009298265, -0.9967512488365173, 0.5667265057563782, -0.26319870352745056, 0.8887574076652527, -0.9999856948852539, -0.9999262094497681, -0.9999278783798218, -0.6000000238418579, -0.013955743983387947, -0.9685168862342834, -0.7142195105552673, -0.8273189067840576, -0.9937868714332581, -1.0, -0.9880976676940918, -0.15894068777561188, 0.16091947257518768, -0.7716084718704224, -0.5152224898338318, -0.6160688996315002, -0.9694520831108093, -0.5516405701637268, -0.7575797438621521, -0.8180932998657227], [0.5779011845588684, -0.8143491148948669, 0.9826673865318298, -0.001825656509026885, -0.995781660079956, 0.09173651784658432, -0.9948856234550476, 0.5133784413337708, -0.7001484036445618, 0.8650591969490051, -1.0005656480789185, -0.9998177886009216, -0.9993595480918884, -0.6000000238418579, -0.12116125226020813, -0.9716675281524658, -0.6604875922203064, -0.8270651698112488, -0.9928341507911682, -1.0, -0.9896575808525085, -0.5339352488517761, 0.24290695786476135, -0.7716084718704224, -0.5152224898338318, -0.6160688996315002, -0.9694520831108093, -0.5516405701637268, -0.7575797438621521, -0.8180932998657227], [0.21774673461914062, -0.8783324956893921, 0.09441903233528137, -0.009680652059614658, -0.9951694011688232, 0.09769397228956223, -0.9988840222358704, 0.45058929920196533, -0.9234405159950256, -0.50840163230896, -1.000144362449646, -0.9998987317085266, -1.0001333951950073, -1.0, 0.2290658950805664, -0.9494922161102295, -0.8334660530090332, -0.8601950407028198, -0.9926489591598511, -1.0, -0.9900766611099243, 0.12928535044193268, 0.41772499680519104, -0.7716084718704224, -0.5152224898338318, -0.6160688996315002, -0.9694520831108093, -0.5516405701637268, -0.7575797438621521, -0.8180932998657227], [-0.5685370564460754, 0.30236947536468506, 0.9011128544807434, -0.9998607635498047, -0.01647466979920864, 0.0026536432560533285, -0.9969327449798584, -0.5442457795143127, 0.31832143664360046, 0.899046778678894, -0.9999871850013733, -0.9999411106109619, -0.9999161958694458, -0.6000000238418579, -0.014377860352396965, -0.9711893200874329, -0.663637638092041, -0.9224910736083984, -0.9928273558616638, -0.9444367289543152, -0.9898340702056885, -0.15807999670505524, 0.15977981686592102, -0.7716084718704224, -0.5152224898338318, -0.6160688996315002, -0.9694520831108093, -0.5516405701637268, -0.7575797438621521, -0.8180932998657227], [-0.5763638019561768, 0.8791493773460388, 0.984248161315918, -0.0032958188094198704, 0.9962490797042847, 0.08646918833255768, -0.9949147701263428, -0.6394208669662476, 0.7574487924575806, 0.8570340871810913, -1.0002009868621826, -0.9993768334388733, -0.9994659423828125, -0.6000000238418579, 0.12358122318983078, -0.9712963104248047, -0.6709445118904114, -1.0, -0.9933047294616699, -0.971788227558136, -0.9891141653060913, -0.07915057986974716, 0.6962476372718811, -0.7716084718704224, -0.5152224898338318, -0.6160688996315002, -0.9694520831108093, -0.5516405701637268, -0.7575797438621521, -0.8180932998657227], [-0.9444841742515564, 0.9299866557121277, 0.11162082105875015, 0.006055055186152458, 0.9959126710891724, 0.09011820703744888, -0.9989079833030701, -0.7149529457092285, 0.9660346508026123, -0.49857234954833984, -1.0001436471939087, -0.9998772740364075, -1.000106930732727, -1.0, -0.23009935021400452, -0.9454397559165955, -0.8454880714416504, -1.0, -0.9927495718002319, -1.0, -0.9897251129150391, -0.41545554995536804, -0.12870155274868011, -0.7716084718704224, -0.5152224898338318, -0.6160688996315002, -0.9694520831108093, -0.5516405701637268, -0.7575797438621521, -0.8180932998657227], [-0.5684585571289062, -0.27534037828445435, 0.8940087556838989, -0.999988317489624, -0.004471054766327143, 0.0018475268734619021, -0.9969291090965271, -0.5534890294075012, -0.273804247379303, 0.894370973110199, -0.9999904036521912, -0.9999266862869263, -0.9999295473098755, -0.6000000238418579, 0.014963260851800442, -0.9716350436210632, -0.6458752751350403, -0.8064576983451843, -0.9917572736740112, -0.9364261031150818, -0.9908586144447327, -0.16334259510040283, 0.1619589626789093, -0.7716084718704224, -0.5152224898338318, -0.6160688996315002, -0.9694520831108093, -0.5516405701637268, -0.7575797438621521, -0.8180932998657227], [-0.5715751051902771, -0.859407901763916, 0.9489571452140808, -0.001578798284754157, -0.9954721927642822, 0.09504035115242004, -0.9947229027748108, -0.6338555812835693, -0.7336519360542297, 0.8152030110359192, -1.0005699396133423, -0.9998121857643127, -0.9993621706962585, -0.6000000238418579, -0.12149782478809357, -0.9702246189117432, -0.6646953821182251, -0.7913046479225159, -0.9926120042800903, -1.0, -0.9889668226242065, -0.70622318983078, 0.08420918136835098, -0.7716084718704224, -0.5152224898338318, -0.6160688996315002, -0.9694520831108093, -0.5516405701637268, -0.7575797438621521, -0.8180932998657227], [-0.940284252166748, -0.9209596514701843, 0.07695361971855164, 0.002055576303973794, -0.9944069385528564, 0.1055966392159462, -0.9989031553268433, -0.6994562745094299, -0.9559339284896851, -0.5129818916320801, -1.0001353025436401, -0.9999091625213623, -1.0001263618469238, -1.0, 0.23070590198040009, -0.9392562508583069, -0.8155264258384705, -0.8826550245285034, -0.9936678409576416, -1.0, -0.9900833964347839, 0.13480061292648315, 0.42715615034103394, -0.7716084718704224, -0.5152224898338318, -0.6160688996315002, -0.9694520831108093, -0.5516405701637268, -0.7575797438621521, -0.8180932998657227]], "general_static": {"gains_and_scale_normalized": [-0.7716084552101249, -0.5152224613353386, -0.6160688986245542], "mass_normalized": [-0.9694520598455721], "robot_dimensions_normalized": [-0.5516405781321023, -0.7575797465848008, -0.8180932897115204], "trunk_attributes_normalized": [-0.9690108838598805, 0.05446542289349421, 0.02023862362191209, 0.8579760402617944, -0.9992226988885716, -1.012516685947665, -0.9920454714124215]},