{"n_joints": 12, "joint_descriptions": [[0.5789310932159424, 0.25680646300315857, 0.9211606383323669, 0.9999285340309143, -0.006497838534414768, 0.010036928579211235, -0.9970241785049438, 0.5770652890205383, 0.2604912221431732, 0.9108232855796814, -0.9999648332595825, -0.99997878074646, -0.9999294877052307, -0.6000000238418579, 0.01540540810674429, -0.9719163775444031, -0.7040390968322754, -0.9256502389907837, -0.9929530024528503, -1.0, -0.9883016347885132, -0.16281013190746307, 0.16632382571697235, -0.7713021039962769, -0.5097045302391052, -0.6169337034225464, -0.9686622619628906, -0.581538736820221, -0.7446158528327942, -0.7800328135490417], [0.5805821418762207, 0.7966570258140564, 0.9979138374328613, 0.0035828608088195324, 0.9951691627502441, 0.09810934215784073, -0.9949418902397156, 0.48767566680908203, 0.6883922219276428, 0.8665581345558167, -1.0002565383911133, -0.9996306896209717, -0.9994544982910156, -0.6000000238418579, 0.12361045181751251, -0.9730289578437805, -0.6967586278915405, -0.7790639996528625, -0.9929835796356201, -1.0, -0.9885185360908508, -0.23840072751045227, 0.5354606509208679, -0.7713021039962769, -0.5097045302391052, -0.6169337034225464, -0.9686622619628906, -0.581538736820221, -0.7446158528327942, -0.7800328135490417], [0.09751914441585541, 0.8827342987060547, 0.10567102581262589, 0.002499583177268505, 0.9950470924377441, 0.09937319159507751, -0.9988608956336975, 0.39402830600738525, 0.9416858553886414, -0.5229907035827637, -1.0001335144042969, -0.9999436140060425, -1.0001001358032227, -1.0, -0.2281343787908554, -0.9446841478347778, -0.8647201657295227, -1.0, -0.9934110045433044, -1.0, -0.990394115447998, -0.4233871400356293, -0.12489963322877884, -0.7713021039962769, -0.5097045302391052, -0.6169337034225464, -0.9686622619628906, -0.581538736820221, -0.7446158528327942, -0.7800328135490417], [0.5796120762825012, -0.27323079109191895, 0.9035952091217041, 0.999991238117218, -0.003708419157192111, -0.001932552084326744, -0.997078001499176, 0.5624226927757263, -0.27027201652526855, 0.9035350680351257, -0.9999644756317139, -0.9999651312828064, -0.9999376535415649, -0.6000000238418579, -0.01670452207326889, -0.9756970405578613, -0.7002257704734802, -0.9892651438713074, -0.9915513396263123, -0.8546406030654907, -0.9912641644477844, -0.15712685883045197, 0.16016539931297302, -0.7713021039962769, -0.5097045302391052, -0.6169337034225464, -0.9686622619628906, -0.581538736820221, -0.7446158528327942, -0.7800328135490417], [0.5794513821601868, -0.8237088918685913, 0.9599334597587585, -0.005092935636639595, -0.9921894073486328, 0.12463648617267609, -0.9946230053901672, 0.49340352416038513, -0.68985515832901, 0.808876097202301, -1.000367522239685, -0.9999871850013733, -0.999457061290741, -0.6000000238418579, -0.12399833649396896, -0.9715814590454102, -0.6821293830871582, -1.0, -0.9928138256072998, -1.0, -0.988308846950531, -0.5450668334960938, 0.23379294574260712, -0.7713021039962769, -0.5097045302391052, -0.6169337034225464, -0.9686622619628906, -0.581538736820221, -0.7446158528327942, -0.7800328135490417], [0.09478230774402618, -0.8988742232322693, 0.07109817862510681, -0.003925558179616928, -0.9931284189224243, 0.11696399003267288, -0.998874843120575, 0.4048531651496887, -0.9541974067687988, -0.559113085269928, -1.0001291036605835, -0.9999678134918213, -1.0001068115234375, -1.0, 0.23170821368694305, -0.944482147693634, -0.8168891668319702, -0.8481298685073853, -0.9926443696022034, -1.0, -0.988182783126831, 0.12802831828594208, 0.41639789938926697, -0.7713021039962769, -0.5097045302391052, -0.6169337034225464, -0.9686622619628906, -0.581538736820221, -0.7446158528327942, -0.7800328135490417], [-0.4688589572906494, 0.28246092796325684, 0.9189993143081665, -0.9997432231903076, -0.01812893897294998, 0.013594322837889194, -0.9967947006225586, -0.46359696984291077, 0.2852984368801117, 0.9285058379173279, -0.999966025352478, -0.9999773502349854, -0.9999299049377441, -0.6000000238418579, -0.013973674736917019, -0.9725726246833801, -0.6750946640968323, -0.8981701731681824, -0.9927717447280884, -0.9939312934875488, -0.988229513168335, -0.1683267503976822, 0.16502785682678223, -0.7713021039962769, -0.5097045302391052, -0.6169337034225464, -0.9686622619628906, -0.581538736820221, -0.7446158528327942, -0.7800328135490417], [-0.45928341150283813, 0.8322139382362366, 0.9775513410568237, 0.004325950983911753, 0.9957958459854126, 0.09149810671806335, -0.9946208596229553, -0.5448950529098511, 0.7091394662857056, 0.83064866065979, -1.0002321004867554, -0.9996117949485779, -0.9994606375694275, -0.6000000238418579, 0.12488065659999847, -0.9723414182662964, -0.6328073143959045, -0.7656316161155701, -0.9929884076118469, -0.9288856983184814, -0.9908188581466675, -0.08532728999853134, 0.697074294090271, -0.7713021039962769, -0.5097045302391052, -0.6169337034225464, -0.9686622619628906, -0.581538736820221, -0.7446158528327942, -0.7800328135490417], [-0.940072774887085, 0.9188242554664612, 0.11466104537248611, 0.007589987013489008, 0.9956791400909424, 0.0925496518611908, -0.9988963603973389, -0.647660493850708, 0.9612109065055847, -0.5135942101478577, -1.0001287460327148, -0.9999400973320007, -1.0000957250595093, -1.0, -0.23145805299282074, -0.9418798685073853, -0.8265488743782043, -0.7838836908340454, -0.9934786558151245, -0.9951092600822449, -0.9892314076423645, -0.42702552676200867, -0.12899917364120483, -0.7713021039962769, -0.5097045302391052, -0.6169337034225464, -0.9686622619628906, -0.581538736820221, -0.7446158528327942, -0.7800328135490417], [-0.463544100522995, -0.2438257783651352, 0.90916508436203, -0.9999319314956665, 0.0053187170997262, -0.010387534275650978, -0.996855616569519, -0.4497620463371277, -0.25897789001464844, 0.912818968296051, -0.9999655485153198, -0.9999613165855408, -0.9999356865882874, -0.6000000238418579, 0.01948503963649273, -0.9694573879241943, -0.6533784866333008, -1.0, -0.9939815402030945, -1.0, -0.9886050820350647, -0.154428169131279, 0.16153936088085175, -0.7713021039962769, -0.5097045302391052, -0.6169337034225464, -0.9686622619628906, -0.581538736820221, -0.7446158528327942, -0.7800328135490417], [-0.4573313593864441, -0.7874932885169983, 1.0, -0.00010721357830334455, -0.9945673942565918, 0.10409463196992874, -0.9950095415115356, -0.5390015244483948, -0.6864175200462341, 0.8615448474884033, -1.000375747680664, -1.0000094175338745, -0.9994351863861084, -0.6000000238418579, -0.12322849780321121, -0.9739958643913269, -0.6743990778923035, -0.9907848238945007, -0.9923003911972046, -1.0, -0.9908530116081238, -0.6909565925598145, 0.08385248482227325, -0.7713021039962769, -0.5097045302391052, -0.6169337034225464, -0.9686622619628906, -0.581538736820221, -0.7446158528327942, -0.7800328135490417], [-0.9333528876304626, -0.8918513655662537, 0.08929760009050369, 0.00854971632361412, -0.9940133690834045, 0.10892345756292343, -0.9989032745361328, -0.6488533616065979, -0.9476314187049866, -0.5486205816268921, -1.0001379251480103, -0.999961256980896, -1.0001109838485718, -1.0, 0.230087012052536, -0.9498425722122192, -0.834114134311676, -0.7971915006637573, -0.9925804138183594, -1.0, -0.9881661534309387, 0.12889575958251953, 0.4046843647956848, -0.7713021039962769, -0.5097045302391052, -0.6169337034225464, -0.9686622619628906, -0.581538736820221, -0.7446158528327942, -0.7800328135490417]], "general_static": {"gains_and_scale_normalized": [-0.7713021331455242, -0.509704510256971, -0.6169337189168731], "mass_normalized": [-0.9686622356171846], "robot_dimensions_normalized": [-0.5815387533849645, -0.7446158272286973, -0.7800328044509577], "trunk_attributes_normalized": [-0.9670068681597646, 0.13050179240592263, -0.0035456179319455217, 0.8796050057822222, -0.998321407446047, -1.0113627552814837, -0.9965683983707365]},