{"n_joints": 12, "joint_descriptions": [[0.5634538531303406, 0.28570330142974854, 0.9095765948295593, 0.9999787211418152, -0.00528582651168108, 0.003824090352281928, -0.996726393699646, 0.5412918329238892, 0.29087546467781067, 0.8949497938156128, -0.9999852180480957, -0.9999451041221619, -0.9999120831489563, -0.6000000238418579, 0.013846487738192081, -0.9706788063049316, -0.6720840930938721, -1.0, -0.9917789697647095, -1.0, -0.9889286160469055, -0.1603071540594101, 0.1527874767780304, -0.7691285610198975, -0.5100893378257751, -0.6069983243942261, -0.9690431952476501, -0.5565784573554993, -0.7546136975288391, -0.8159695863723755], [0.560539186000824, 0.8643159866333008, 1.0, -0.013006508350372314, 0.9954781532287598, 0.094095878303051, -0.9946396946907043, 0.507119357585907, 0.7301905751228333, 0.8680549263954163, -1.0002986192703247, -0.999377429485321, -0.9994116425514221, -0.6000000238418579, 0.12111814320087433, -0.9730685949325562, -0.670495331287384, -1.0, -0.9917491674423218, -0.9179363250732422, -0.9886281490325928, -0.24982915818691254, 0.5457695126533508, -0.7691285610198975, -0.5100893378257751, -0.6069983243942261, -0.9690431952476501, -0.5565784573554993, -0.7546136975288391, -0.8159695863723755], [0.1881084442138672, 0.9090142846107483, 0.10853729397058487, -0.007730413228273392, 0.9967803955078125, 0.07980673015117645, -0.9988937377929688, 0.44384855031967163, 0.9561432003974915, -0.49130573868751526, -1.0001596212387085, -0.9998914003372192, -1.0001258850097656, -1.0, -0.23269885778427124, -0.9456398487091064, -0.828983724117279, -0.9575132131576538, -0.9935757517814636, -0.9972970485687256, -0.9889143705368042, -0.4158262312412262, -0.1374574899673462, -0.7691285610198975, -0.5100893378257751, -0.6069983243942261, -0.9690431952476501, -0.5565784573554993, -0.7546136975288391, -0.8159695863723755], [0.57517409324646, -0.2574124038219452, 0.8936586380004883, 0.9999980330467224, -0.001908166566863656, -0.0005603762692771852, -0.9967085123062134, 0.5681872367858887, -0.27158448100090027, 0.8950982689857483, -0.9999849200248718, -0.9999311566352844, -0.9999189972877502, -0.6000000238418579, -0.01402913685888052, -0.9690707921981812, -0.7330203056335449, -0.878350019454956, -0.993560791015625, -1.0, -0.9882504940032959, -0.15494154393672943, 0.16121681034564972, -0.7691285610198975, -0.5100893378257751, -0.6069983243942261, -0.9690431952476501, -0.5565784573554993, -0.7546136975288391, -0.8159695863723755], [0.5764427781105042, -0.8331942558288574, 0.9862381815910339, -0.0001339143345830962, -0.9963632225990295, 0.0852072611451149, -0.9948568940162659, 0.5065814852714539, -0.7160822153091431, 0.8669307827949524, -1.0005851984024048, -0.9998825788497925, -0.9993378520011902, -0.6000000238418579, -0.12090842425823212, -0.9709092974662781, -0.6681026816368103, -0.8136293292045593, -0.9927536845207214, -0.9670976996421814, -0.9888983964920044, -0.5366217494010925, 0.23888781666755676, -0.7691285610198975, -0.5100893378257751, -0.6069983243942261, -0.9690431952476501, -0.5565784573554993, -0.7546136975288391, -0.8159695863723755], [0.21362797915935516, -0.9075398445129395, 0.08954457938671112, 0.00043552080751396716, -0.9951156377792358, 0.09871537238359451, -0.9988546967506409, 0.4579255282878876, -0.943305492401123, -0.5134863257408142, -1.0001580715179443, -0.9999098181724548, -1.0001410245895386, -1.0, 0.2287670224905014, -0.9508346319198608, -0.8384926915168762, -0.7990724444389343, -0.992889940738678, -1.0, -0.989774763584137, 0.12815457582473755, 0.42010703682899475, -0.7691285610198975, -0.5100893378257751, -0.6069983243942261, -0.9690431952476501, -0.5565784573554993, -0.7546136975288391, -0.8159695863723755], [-0.5612140893936157, 0.30102232098579407, 0.904801070690155, -0.9998279809951782, 0.004186814650893211, 0.01806955598294735, -0.9969082474708557, -0.5373608469963074, 0.3205188512802124, 0.8987863063812256, -0.999986469745636, -0.9999486207962036, -0.9999094009399414, -0.6000000238418579, -0.013501077890396118, -0.9701939821243286, -0.6611664891242981, -0.9068527817726135, -0.9927513599395752, -0.8898836374282837, -0.9891278147697449, -0.15760517120361328, 0.15759897232055664, -0.7691285610198975, -0.5100893378257751, -0.6069983243942261, -0.9690431952476501, -0.5565784573554993, -0.7546136975288391, -0.8159695863723755], [-0.5672284364700317, 0.8886479735374451, 0.9912148118019104, -0.0088086212053895, 0.9951996207237244, 0.09746873378753662, -0.9948774576187134, -0.6308015584945679, 0.7650125026702881, 0.8684393167495728, -1.0002813339233398, -0.999380886554718, -0.999440610408783, -0.6000000238418579, 0.12449242174625397, -0.9702498316764832, -0.6524226665496826, -1.0, -0.9936228394508362, -1.0, -0.9896757006645203, -0.07721886038780212, 0.6996963620185852, -0.7691285610198975, -0.5100893378257751, -0.6069983243942261, -0.9690431952476501, -0.5565784573554993, -0.7546136975288391, -0.8159695863723755], [-0.9434506893157959, 0.9219624996185303, 0.12918134033679962, -0.015948522835969925, 0.9966549277305603, 0.08015328645706177, -0.99889075756073, -0.7120175957679749, 0.9643422365188599, -0.4789832830429077, -1.0001609325408936, -0.9998905658721924, -1.0001195669174194, -1.0, -0.23016101121902466, -0.947158932685852, -0.8501049876213074, -1.0, -0.9931603074073792, -1.0, -0.9896878004074097, -0.4176003634929657, -0.12838050723075867, -0.7691285610198975, -0.5100893378257751, -0.6069983243942261, -0.9690431952476501, -0.5565784573554993, -0.7546136975288391, -0.8159695863723755], [-0.5569890737533569, -0.28149890899658203, 0.8971235752105713, -0.9999729990959167, 0.0014657690189778805, 0.007200987543910742, -0.9968887567520142, -0.5403375029563904, -0.27775880694389343, 0.8922269344329834, -0.9999879598617554, -0.9999299645423889, -0.9999225735664368, -0.6000000238418579, 0.015134242363274097, -0.9722632765769958, -0.631573498249054, -0.8305964469909668, -0.9918174147605896, -0.9201116561889648, -0.9909321665763855, -0.164352148771286, 0.16083255410194397, -0.7691285610198975, -0.5100893378257751, -0.6069983243942261, -0.9690431952476501, -0.5565784573554993, -0.7546136975288391, -0.8159695863723755], [-0.5606253147125244, -0.870773196220398, 0.9551676511764526, -0.0019081837963312864, -0.9950698614120483, 0.099158376455307, -0.994830846786499, -0.6248816847801208, -0.7517856359481812, 0.8176920413970947, -1.0005804300308228, -0.9998803734779358, -0.9993283748626709, -0.6000000238418579, -0.12107028067111969, -0.9711382389068604, -0.6777625679969788, -0.8370426893234253, -0.9921031594276428, -1.0, -0.9892637729644775, -0.7061418890953064, 0.08791756629943848, -0.7691285610198975, -0.5100893378257751, -0.6069983243942261, -0.9690431952476501, -0.5565784573554993, -0.7546136975288391, -0.8159695863723755], [-0.9356393814086914, -0.9263157248497009, 0.07554914802312851, 0.007207232527434826, -0.9941693544387817, 0.10758853703737259, -0.998891294002533, -0.6915650963783264, -0.9605752229690552, -0.5093666315078735, -1.000145435333252, -0.9999175667762756, -1.0001362562179565, -1.0, 0.23137131333351135, -0.9392591714859009, -0.8132652640342712, -0.906047523021698, -0.9939038753509521, -1.0, -0.9896769523620605, 0.13730783760547638, 0.4245976507663727, -0.7691285610198975, -0.5100893378257751, -0.6069983243942261, -0.9690431952476501, -0.5565784573554993, -0.7546136975288391, -0.8159695863723755]], "general_static": {"gains_and_scale_normalized": [-0.7691285574839465, -0.5100893311594216, -0.6069983397371295], "mass_normalized": [-0.969043207522629], "robot_dimensions_normalized": [-0.5565784851664672, -0.754613721398942, -0.8159695625151645], "trunk_attributes_normalized": [-0.9683798867487342, 0.06100495133451189, 0.015015787653351431, 0.8507308920220451, -0.9991882086385104, -1.0135493482145475, -0.9930293512948839]},