{"n_joints": 12, "joint_descriptions": [[0.6027818322181702, 0.1401083618402481, 0.9535122513771057, 0.9997609853744507, -0.00831296294927597, -0.020219385623931885, -0.9949134588241577, 0.5731658935546875, 0.15917688608169556, 0.9425480961799622, -0.9998411536216736, -0.9997394680976868, -0.999962329864502, -0.6000000238418579, 0.018656011670827866, -0.9691943526268005, -0.652850866317749, -0.5468172430992126, -0.9947366118431091, -1.0, -0.9889686107635498, -0.16874706745147705, 0.15521037578582764, -0.7237941026687622, -0.4580553472042084, -0.48309653997421265, -0.9503082036972046, -0.4027755558490753, -0.7715963125228882, -0.7075952291488647], [0.6010187864303589, 0.5222750306129456, 0.9898499250411987, -0.026976538822054863, 0.9881263971328735, 0.15125636756420135, -0.9918999075889587, 0.5128167867660522, 0.4384411573410034, 0.8397508263587952, -0.999220609664917, -0.9982958436012268, -0.9999201893806458, -0.6000000238418579, 0.12412622570991516, -0.9641000628471375, -0.5267471671104431, -0.9378964304924011, -0.990935206413269, -0.9496791362762451, -0.9841825366020203, -0.24534660577774048, 0.5434723496437073, -0.7237941026687622, -0.4580553472042084, -0.48309653997421265, -0.9503082036972046, -0.4027755558490753, -0.7715963125228882, -0.7075952291488647], [0.14628905057907104, 0.6391979455947876, 0.1331360638141632, -0.10350356996059418, 0.9850829243659973, 0.13747234642505646, -0.9982896447181702, 0.4241179823875427, 0.8629382252693176, -0.5042674541473389, -1.000058650970459, -0.9995850920677185, -0.9999102354049683, -1.0, -0.22882430255413055, -0.9393547177314758, -0.7973355650901794, -0.636909008026123, -0.9922018647193909, -1.0, -0.9895476698875427, -0.4093058407306671, -0.12938831746578217, -0.7237941026687622, -0.4580553472042084, -0.48309653997421265, -0.9503082036972046, -0.4027755558490753, -0.7715963125228882, -0.7075952291488647], [0.6058273911476135, -0.253273069858551, 0.9501971006393433, 0.9999978542327881, -0.0020602019503712654, -7.098566129570827e-05, -0.9954307079315186, 0.5770470499992371, -0.27114206552505493, 0.9597808122634888, -0.9998437166213989, -0.9997608065605164, -1.0000226497650146, -0.6000000238418579, -0.018557140603661537, -0.9634519219398499, -0.49212366342544556, -1.0, -0.9893376231193542, -1.0, -0.9841070771217346, -0.141317218542099, 0.16703522205352783, -0.7237941026687622, -0.4580553472042084, -0.48309653997421265, -0.9503082036972046, -0.4027755558490753, -0.7715963125228882, -0.7075952291488647], [0.6073085069656372, -0.6983301043510437, 1.0, 0.023047838360071182, -0.9928868412971497, 0.1168096512556076, -0.9906271696090698, 0.5250510573387146, -0.6170717477798462, 0.8609085083007812, -1.0005043745040894, -0.9983013868331909, -0.9995291829109192, -0.6000000238418579, -0.12416154146194458, -0.9679330587387085, -0.6345275044441223, -0.7177618741989136, -0.9916899800300598, -0.8959213495254517, -0.9934175610542297, -0.5616011619567871, 0.23185831308364868, -0.7237941026687622, -0.4580553472042084, -0.48309653997421265, -0.9503082036972046, -0.4027755558490753, -0.7715963125228882, -0.7075952291488647], [0.13575869798660278, -0.8240344524383545, 0.12316068261861801, 0.015841905027627945, -0.9892088770866394, 0.14565293490886688, -0.9983189702033997, 0.42329639196395874, -0.9320783615112305, -0.5500569343566895, -1.000045895576477, -0.9995458722114563, -1.0000802278518677, -1.0, 0.2277572900056839, -0.9223291277885437, -0.8035193681716919, -0.8449110984802246, -0.9919037222862244, -0.9266437888145447, -0.9832692742347717, 0.13606290519237518, 0.4100669324398041, -0.7237941026687622, -0.4580553472042084, -0.48309653997421265, -0.9503082036972046, -0.4027755558490753, -0.7715963125228882, -0.7075952291488647], [-0.5014427900314331, 0.13536103069782257, 0.9678754806518555, -0.999999463558197, 0.0010084802052006125, 0.00018999793974217027, -0.9951338171958923, -0.48785004019737244, 0.10415129363536835, 0.9762893915176392, -0.9998124241828918, -0.999740481376648, -0.9999633431434631, -0.6000000238418579, -0.013936187140643597, -0.9666065573692322, -0.682536244392395, -0.8288108110427856, -0.9888181090354919, -1.0, -0.9889062643051147, -0.16101635992527008, 0.18920361995697021, -0.7237941026687622, -0.4580553472042084, -0.48309653997421265, -0.9503082036972046, -0.4027755558490753, -0.7715963125228882, -0.7075952291488647], [-0.49492940306663513, 0.5944496989250183, 0.9948493838310242, -0.005802821833640337, 0.9931656122207642, 0.11656907200813293, -0.9917901158332825, -0.5758012533187866, 0.48152780532836914, 0.8582637310028076, -0.9992721676826477, -0.9984514713287354, -0.9999362826347351, -0.6000000238418579, 0.12426909804344177, -0.9591248631477356, -0.5103106498718262, -0.8663447499275208, -0.9910970330238342, -1.0, -0.9877341985702515, -0.07742038369178772, 0.6908353567123413, -0.7237941026687622, -0.4580553472042084, -0.48309653997421265, -0.9503082036972046, -0.4027755558490753, -0.7715963125228882, -0.7075952291488647], [-0.9515523314476013, 0.6955723762512207, 0.08765938878059387, -0.04036407172679901, 0.9943244457244873, 0.0984361469745636, -0.9982856512069702, -0.6664190292358398, 0.8165357708930969, -0.5588353872299194, -1.0000414848327637, -0.9995813965797424, -0.999910295009613, -1.0, -0.23001468181610107, -0.9394806027412415, -0.7597945332527161, -1.0, -0.9899941086769104, -0.9158563613891602, -0.9897038340568542, -0.4176281690597534, -0.1277775764465332, -0.7237941026687622, -0.4580553472042084, -0.48309653997421265, -0.9503082036972046, -0.4027755558490753, -0.7715963125228882, -0.7075952291488647], [-0.5127883553504944, -0.22033803164958954, 0.9697864651679993, -0.999998927116394, -0.001264427788555622, -0.0007316837436519563, -0.9951379299163818, -0.4819851815700531, -0.2385951727628708, 0.9446570873260498, -0.9998231530189514, -0.9997460246086121, -1.0000131130218506, -0.6000000238418579, 0.017233114689588547, -0.9672537446022034, -0.6275187134742737, -0.7211562991142273, -0.9912647008895874, -0.9334697127342224, -0.9879765510559082, -0.14453546702861786, 0.13665267825126648, -0.7237941026687622, -0.4580553472042084, -0.48309653997421265, -0.9503082036972046, -0.4027755558490753, -0.7715963125228882, -0.7075952291488647], [-0.5055604577064514, -0.6235548257827759, 0.9723885655403137, 0.02539311721920967, -0.9929025173187256, 0.11618875712156296, -0.990077793598175, -0.5853306651115417, -0.5552982091903687, 0.8561468124389648, -1.0005477666854858, -0.9981174468994141, -0.9995681047439575, -0.6000000238418579, -0.12049639970064163, -0.9574570655822754, -0.6213206648826599, -0.9670854806900024, -0.9915454387664795, -1.0, -0.9877777695655823, -0.6930785775184631, 0.07928495109081268, -0.7237941026687622, -0.4580553472042084, -0.48309653997421265, -0.9503082036972046, -0.4027755558490753, -0.7715963125228882, -0.7075952291488647], [-0.9408941268920898, -0.7880042791366577, 0.04308415204286575, -0.01744002103805542, -0.9923085570335388, 0.12255431711673737, -0.9981984496116638, -0.643752932548523, -0.9076276421546936, -0.5566825866699219, -1.0000145435333252, -0.9995638132095337, -1.0000561475753784, -1.0, 0.23448315262794495, -0.9489362239837646, -0.8025066256523132, -0.8587455153465271, -0.9885171055793762, -1.0, -0.9878426194190979, 0.12402060627937317, 0.4171401858329773, -0.7237941026687622, -0.4580553472042084, -0.48309653997421265, -0.9503082036972046, -0.4027755558490753, -0.7715963125228882, -0.7075952291488647]], "general_static": {"gains_and_scale_normalized": [-0.7237940739492421, -0.45805535094065863, -0.4830965506615935], "mass_normalized": [-0.9503082284588316], "robot_dimensions_normalized": [-0.4027755415553135, -0.7715963137685115, -0.707595243497912], "trunk_attributes_normalized": [-0.9500899756635139, 0.11127431321082804, -0.023910868460613077, 0.9297065828570441, -0.9921737764694111, -1.0016156648812, -0.9727484885024064]},