{"n_joints": 12, "joint_descriptions": [[0.5724645256996155, 0.28800520300865173, 0.9136643409729004, 0.9999273419380188, -0.011955657973885536, -0.001538133597932756, -0.9970773458480835, 0.5639362335205078, 0.3026282489299774, 0.9098897576332092, -0.9999836087226868, -0.9999553561210632, -0.9999268651008606, -0.6000000238418579, 0.014555760659277439, -0.9711307287216187, -0.6827347874641418, -0.979277491569519, -0.9919818639755249, -0.9421730041503906, -0.9893078804016113, -0.1629980206489563, 0.16186369955539703, -0.7775229215621948, -0.5047574043273926, -0.6351088881492615, -0.9701867699623108, -0.5609045028686523, -0.7569515705108643, -0.8101075887680054], [0.5708591938018799, 0.8615488409996033, 1.0, 0.0010840423638001084, 0.995408296585083, 0.09571392834186554, -0.9947898387908936, 0.5060775876045227, 0.7362872362136841, 0.8811096549034119, -1.0002319812774658, -0.9994739294052124, -0.9994934797286987, -0.6000000238418579, 0.12303383648395538, -0.9717891216278076, -0.7159669995307922, -0.8458960652351379, -0.9930101633071899, -1.0, -0.9907328486442566, -0.23844964802265167, 0.5337520837783813, -0.7775229215621948, -0.5047574043273926, -0.6351088881492615, -0.9701867699623108, -0.5609045028686523, -0.7569515705108643, -0.8101075887680054], [0.17186078429222107, 0.9168450236320496, 0.09321270883083344, 0.0039070285856723785, 0.9957699775695801, 0.09179789572954178, -0.9989296793937683, 0.4223916232585907, 0.9552479982376099, -0.5085129141807556, -1.000129222869873, -0.99989914894104, -1.000097632408142, -1.0, -0.231522336602211, -0.9435582756996155, -0.8372616171836853, -1.0, -0.9929107427597046, -0.9847805500030518, -0.9892321825027466, -0.42189180850982666, -0.13123005628585815, -0.7775229215621948, -0.5047574043273926, -0.6351088881492615, -0.9701867699623108, -0.5609045028686523, -0.7569515705108643, -0.8101075887680054], [0.5742906928062439, -0.268515020608902, 0.9170020818710327, 0.9999855160713196, 0.0021094416733831167, -0.004946634639054537, -0.9969145655632019, 0.5656817555427551, -0.2815508246421814, 0.9197992086410522, -0.9999822974205017, -0.9999407529830933, -0.9999352693557739, -0.6000000238418579, -0.01426226831972599, -0.9721404314041138, -0.7144557237625122, -0.8041861653327942, -0.9936283230781555, -0.9559398293495178, -0.990742564201355, -0.16853657364845276, 0.16111186146736145, -0.7775229215621948, -0.5047574043273926, -0.6351088881492615, -0.9701867699623108, -0.5609045028686523, -0.7569515705108643, -0.8101075887680054], [0.5773184299468994, -0.8208112716674805, 0.9793084859848022, 0.01017861906439066, -0.995583176612854, 0.09332993626594543, -0.9951112866401672, 0.5088893175125122, -0.6983157396316528, 0.8412328958511353, -1.0004768371582031, -0.9998711347579956, -0.9994273781776428, -0.6000000238418579, -0.12277522683143616, -0.9719594120979309, -0.6817476153373718, -1.0, -0.9927228689193726, -0.9725993275642395, -0.9882287979125977, -0.5292271375656128, 0.2443874031305313, -0.7775229215621948, -0.5047574043273926, -0.6351088881492615, -0.9701867699623108, -0.5609045028686523, -0.7569515705108643, -0.8101075887680054], [0.18559575080871582, -0.9071706533432007, 0.08203861862421036, 0.0009526394424028695, -0.9948815107345581, 0.1010437160730362, -0.9989211559295654, 0.4337402880191803, -0.9537322521209717, -0.5183998942375183, -1.000126838684082, -0.9999273419380188, -1.000115990638733, -1.0, 0.23159226775169373, -0.9500041007995605, -0.8298944234848022, -0.910906970500946, -0.9924958944320679, -1.0, -0.9908954501152039, 0.12754292786121368, 0.42156100273132324, -0.7775229215621948, -0.5047574043273926, -0.6351088881492615, -0.9701867699623108, -0.5609045028686523, -0.7569515705108643, -0.8101075887680054], [-0.5490638017654419, 0.28124484419822693, 0.9068328738212585, -0.9998968839645386, -0.014059911482036114, -0.002918369136750698, -0.996997594833374, -0.5353452563285828, 0.3071984350681305, 0.9159682989120483, -0.9999848008155823, -0.999955952167511, -0.9999251365661621, -0.6000000238418579, -0.017513759434223175, -0.9715152382850647, -0.6608494520187378, -0.9618579149246216, -0.9937555193901062, -0.9496737718582153, -0.9898077845573425, -0.16425450146198273, 0.15293072164058685, -0.7775229215621948, -0.5047574043273926, -0.6351088881492615, -0.9701867699623108, -0.5609045028686523, -0.7569515705108643, -0.8101075887680054], [-0.5512362122535706, 0.827913224697113, 0.9912152886390686, 0.0026934060733765364, 0.9945294857025146, 0.10442166030406952, -0.9948592185974121, -0.6194625496864319, 0.7188042402267456, 0.8550536036491394, -1.0002224445343018, -0.9994800686836243, -0.9994882345199585, -0.6000000238418579, 0.12213508039712906, -0.9737783074378967, -0.6982596516609192, -0.9624229669570923, -0.9928123950958252, -0.93468177318573, -0.9900798201560974, -0.08078565448522568, 0.6981635689735413, -0.7775229215621948, -0.5047574043273926, -0.6351088881492615, -0.9701867699623108, -0.5609045028686523, -0.7569515705108643, -0.8101075887680054], [-0.9443492889404297, 0.9084619283676147, 0.10995171964168549, 0.009244529530405998, 0.9924460649490356, 0.1223328486084938, -0.9989263415336609, -0.6927220225334167, 0.9537034630775452, -0.5078949332237244, -1.0001311302185059, -0.9998984932899475, -1.0000954866409302, -1.0, -0.23082953691482544, -0.9435103535652161, -0.8477544784545898, -0.9617048501968384, -0.993381142616272, -0.9944751262664795, -0.9891502261161804, -0.41910502314567566, -0.1288684904575348, -0.7775229215621948, -0.5047574043273926, -0.6351088881492615, -0.9701867699623108, -0.5609045028686523, -0.7569515705108643, -0.8101075887680054], [-0.5397640466690063, -0.28977328538894653, 0.907411515712738, -0.9999992251396179, 0.0012558295857161283, 2.8123153242631815e-05, -0.9969651699066162, -0.5316352844238281, -0.29908475279808044, 0.9228676557540894, -0.999984860420227, -0.9999415278434753, -0.9999353885650635, -0.6000000238418579, 0.015552236698567867, -0.970435380935669, -0.6861565709114075, -1.0, -0.9929579496383667, -1.0, -0.9896324276924133, -0.16684821248054504, 0.16891835629940033, -0.7775229215621948, -0.5047574043273926, -0.6351088881492615, -0.9701867699623108, -0.5609045028686523, -0.7569515705108643, -0.8101075887680054], [-0.5388928651809692, -0.8573790788650513, 0.9899072647094727, -0.007915403693914413, -0.9962980151176453, 0.08560172468423843, -0.9951843023300171, -0.60643470287323, -0.7303164005279541, 0.8468234539031982, -1.0004642009735107, -0.9998905658721924, -0.9994359016418457, -0.6000000238418579, -0.12320911139249802, -0.9741840362548828, -0.7040089964866638, -0.7942925691604614, -0.99260014295578, -1.0, -0.9897269010543823, -0.6968945860862732, 0.08094138652086258, -0.7775229215621948, -0.5047574043273926, -0.6351088881492615, -0.9701867699623108, -0.5609045028686523, -0.7569515705108643, -0.8101075887680054], [-0.942868173122406, -0.9218829274177551, 0.10536030679941177, 0.00462381960824132, -0.99556565284729, 0.09395545721054077, -0.9989140629768372, -0.6955507397651672, -0.9603180885314941, -0.5143089294433594, -1.0001386404037476, -0.9999276399612427, -1.000118613243103, -1.0, 0.2292751967906952, -0.9409371018409729, -0.8382941484451294, -0.9541747570037842, -0.993770182132721, -0.9456261396408081, -0.989639401435852, 0.12987478077411652, 0.42253145575523376, -0.7775229215621948, -0.5047574043273926, -0.6351088881492615, -0.9701867699623108, -0.5609045028686523, -0.7569515705108643, -0.8101075887680054]], "general_static": {"gains_and_scale_normalized": [-0.777522921263807, -0.5047573833005393, -0.6351088689704594], "mass_normalized": [-0.9701867741052652], "robot_dimensions_normalized": [-0.5609045231771554, -0.756951568089306, -0.810107607137463], "trunk_attributes_normalized": [-0.9693295876961132, 0.07203325103337055, -0.007492607603359458, 0.8723753046558624, -0.9990391257313403, -1.0116202922647102, -0.9934507939294615]},