{"n_joints": 12, "joint_descriptions": [[0.5772290825843811, 0.2753283679485321, 0.920422375202179, 0.9999931454658508, 0.00028232086333446205, -0.0036979892756789923, -0.9974435567855835, 0.562108039855957, 0.2910325229167938, 0.9230654239654541, -0.9999866485595703, -0.9999483227729797, -0.9999580383300781, -0.6000000238418579, 0.01573995314538479, -0.9734907746315002, -0.6954060792922974, -0.9831864833831787, -0.9930828809738159, -1.0, -0.9903924465179443, -0.1607075333595276, 0.1586223989725113, -0.7822873592376709, -0.5449256896972656, -0.6347808837890625, -0.9747615456581116, -0.5660414695739746, -0.7800214290618896, -0.8167777061462402], [0.5764545202255249, 0.8183582425117493, 1.0, 0.0007553286268375814, 0.9946377873420715, 0.10341690480709076, -0.9957216382026672, 0.5087469816207886, 0.6993725895881653, 0.8745239973068237, -1.000044584274292, -0.9995537996292114, -0.9997429251670837, -0.6000000238418579, 0.12351245433092117, -0.9720394611358643, -0.7082664966583252, -0.9366065859794617, -0.9931142330169678, -0.970755934715271, -0.9901766180992126, -0.2425776720046997, 0.5384671688079834, -0.7822873592376709, -0.5449256896972656, -0.6347808837890625, -0.9747615456581116, -0.5660414695739746, -0.7800214290618896, -0.8167777061462402], [0.18887029588222504, 0.8876317739486694, 0.1310512274503708, 0.006697574630379677, 0.9947850704193115, 0.10177343338727951, -0.9990769624710083, 0.4284650385379791, 0.9322138428688049, -0.48051542043685913, -1.0000686645507812, -0.9998984932899475, -1.0000462532043457, -1.0, -0.23055224120616913, -0.9493038654327393, -0.8432692885398865, -0.9674686193466187, -0.9935798645019531, -0.9747060537338257, -0.9905943870544434, -0.41641879081726074, -0.13002367317676544, -0.7822873592376709, -0.5449256896972656, -0.6347808837890625, -0.9747615456581116, -0.5660414695739746, -0.7800214290618896, -0.8167777061462402], [0.5809621810913086, -0.2576717734336853, 0.9047238230705261, 0.9999974370002747, -0.0016121804947033525, -0.0015867498004809022, -0.997484564781189, 0.56551194190979, -0.2681981027126312, 0.9021458029747009, -0.9999862313270569, -0.9999414086341858, -0.9999697208404541, -0.6000000238418579, -0.015413901768624783, -0.972159743309021, -0.7283511161804199, -0.855465829372406, -0.9932272434234619, -0.9719941020011902, -0.9901871681213379, -0.1618615984916687, 0.16235804557800293, -0.7822873592376709, -0.5449256896972656, -0.6347808837890625, -0.9747615456581116, -0.5660414695739746, -0.7800214290618896, -0.8167777061462402], [0.5840482711791992, -0.804034948348999, 0.9780990481376648, -9.116817818721756e-05, -0.9949721097946167, 0.10015235841274261, -0.9956486821174622, 0.5184173583984375, -0.6826032996177673, 0.8474281430244446, -1.0003166198730469, -0.9997521638870239, -0.9996699094772339, -0.6000000238418579, -0.12345433980226517, -0.9738366007804871, -0.6845679879188538, -0.9014586210250854, -0.9932315349578857, -1.0, -0.9895514249801636, -0.5347566604614258, 0.23906728625297546, -0.7822873592376709, -0.5449256896972656, -0.6347808837890625, -0.9747615456581116, -0.5660414695739746, -0.7800214290618896, -0.8167777061462402], [0.20180726051330566, -0.8809022903442383, 0.10805580765008926, 0.002514162566512823, -0.9950537085533142, 0.09930683672428131, -0.9990954399108887, 0.44186896085739136, -0.9234355092048645, -0.5061029195785522, -1.000070333480835, -0.9999147057533264, -1.0000675916671753, -1.0, 0.2300620973110199, -0.948426365852356, -0.8338663578033447, -0.9022459387779236, -0.9932630062103271, -1.0, -0.9904633164405823, 0.13141490519046783, 0.41622406244277954, -0.7822873592376709, -0.5449256896972656, -0.6347808837890625, -0.9747615456581116, -0.5660414695739746, -0.7800214290618896, -0.8167777061462402], [-0.5684770345687866, 0.27325254678726196, 0.9014439582824707, -0.9997929930686951, -0.02034369483590126, -0.0002825377741828561, -0.9974579215049744, -0.554545521736145, 0.28860074281692505, 0.9015118479728699, -0.9999864101409912, -0.9999485611915588, -0.9999570846557617, -0.6000000238418579, -0.01639336347579956, -0.9730343818664551, -0.6995609998703003, -0.8445809483528137, -0.9933026432991028, -0.9973070025444031, -0.9900466799736023, -0.16200968623161316, 0.1572096347808838, -0.7822873592376709, -0.5449256896972656, -0.6347808837890625, -0.9747615456581116, -0.5660414695739746, -0.7800214290618896, -0.8167777061462402], [-0.5656946301460266, 0.8162186145782471, 0.964130699634552, -0.0022629692684859037, 0.9943880438804626, 0.10576987266540527, -0.9956580996513367, -0.6325278878211975, 0.6970831751823425, 0.8306728601455688, -1.0000451803207397, -0.9995493292808533, -0.9997389912605286, -0.6000000238418579, 0.12335577607154846, -0.9730584621429443, -0.7071750164031982, -0.8848088383674622, -0.9929807782173157, -1.0, -0.9902555346488953, -0.07995935529470444, 0.6976408362388611, -0.7822873592376709, -0.5449256896972656, -0.6347808837890625, -0.9747615456581116, -0.5660414695739746, -0.7800214290618896, -0.8167777061462402], [-0.9461784362792969, 0.8949006795883179, 0.08917088806629181, -0.009003451094031334, 0.9952093958854675, 0.09735099971294403, -0.9990888833999634, -0.7066371440887451, 0.9533702731132507, -0.5210233926773071, -1.0000709295272827, -0.9999015927314758, -1.0000464916229248, -1.0, -0.23046834766864777, -0.949290931224823, -0.8415845632553101, -0.9706798195838928, -0.9930742383003235, -0.9920918941497803, -0.9905804395675659, -0.41823071241378784, -0.1285218447446823, -0.7822873592376709, -0.5449256896972656, -0.6347808837890625, -0.9747615456581116, -0.5660414695739746, -0.7800214290618896, -0.8167777061462402], [-0.5663670301437378, -0.27033963799476624, 0.8910508155822754, -0.9999995827674866, 0.0008204223704524338, -0.0003806234453804791, -0.9974163174629211, -0.5517945289611816, -0.2819787263870239, 0.89178866147995, -0.9999876618385315, -0.9999400973320007, -0.9999687075614929, -0.6000000238418579, 0.015845827758312225, -0.9728426933288574, -0.6880124807357788, -0.9366386532783508, -0.9932485818862915, -0.9745001792907715, -0.9902222156524658, -0.16029277443885803, 0.16371497511863708, -0.7822873592376709, -0.5449256896972656, -0.6347808837890625, -0.9747615456581116, -0.5660414695739746, -0.7800214290618896, -0.8167777061462402], [-0.5652385354042053, -0.820075511932373, 0.9535369277000427, 0.0011616188567131758, -0.9952623844146729, 0.09721878916025162, -0.9957499504089355, -0.6321614980697632, -0.7036439180374146, 0.8275512456893921, -1.0003150701522827, -0.9997581839561462, -0.9996756315231323, -0.6000000238418579, -0.12263191491365433, -0.9736563563346863, -0.6993670463562012, -0.8285032510757446, -0.9931042194366455, -1.0, -0.9901553988456726, -0.698988676071167, 0.08020928502082825, -0.7822873592376709, -0.5449256896972656, -0.6347808837890625, -0.9747615456581116, -0.5660414695739746, -0.7800214290618896, -0.8167777061462402], [-0.9467080235481262, -0.9059395790100098, 0.07171258330345154, 0.001580079784616828, -0.9948359131813049, 0.10148420184850693, -0.9990911483764648, -0.7019649147987366, -0.9550935626029968, -0.5367661118507385, -1.0000691413879395, -0.9999127984046936, -1.0000674724578857, -1.0, 0.23090575635433197, -0.9482592344284058, -0.8421225547790527, -0.923636794090271, -0.9934774041175842, -1.0, -0.9901589751243591, 0.1274077147245407, 0.4189782440662384, -0.7822873592376709, -0.5449256896972656, -0.6347808837890625, -0.9747615456581116, -0.5660414695739746, -0.7800214290618896, -0.8167777061462402]], "general_static": {"gains_and_scale_normalized": [-0.782287370320717, -0.5449256665544617, -0.6347809111163796], "mass_normalized": [-0.9747615477907867], "robot_dimensions_normalized": [-0.5660414817340105, -0.7800214343280862, -0.8167777223712996], "trunk_attributes_normalized": [-0.9742802687578098, 0.06872811057627248, 0.007129708569086235, 0.8670508251941895, -0.9992245746498296, -1.0060238711153218, -0.99334720708291]},