{"n_joints": 12, "joint_descriptions": [[0.5722212195396423, 0.2825806140899658, 0.913875162601471, 0.9999196529388428, 0.007353025954216719, 0.010324332863092422, -0.9970406293869019, 0.564142107963562, 0.2962150573730469, 0.9105561375617981, -0.9999826550483704, -0.9999550580978394, -0.9999251961708069, -0.6000000238418579, 0.01443988736718893, -0.9707978367805481, -0.6807582974433899, -0.9757111072540283, -0.9919077754020691, -0.9343979358673096, -0.9891705513000488, -0.16272570192813873, 0.162623330950737, -0.7769563794136047, -0.5023766756057739, -0.6349424123764038, -0.9697118401527405, -0.5593963861465454, -0.756679892539978, -0.8081876039505005], [0.5709893107414246, 0.8597208261489868, 1.0, -0.0020932999905198812, 0.995312511920929, 0.09668803960084915, -0.9946945309638977, 0.5067479014396667, 0.733024001121521, 0.8810132741928101, -1.0002398490905762, -0.9994767308235168, -0.9994664192199707, -0.6000000238418579, 0.1229555606842041, -0.9719148278236389, -0.7155874371528625, -0.8479744791984558, -0.9930298328399658, -1.0, -0.9907706379890442, -0.2382775843143463, 0.5335409641265869, -0.7769563794136047, -0.5023766756057739, -0.6349424123764038, -0.9697118401527405, -0.5593963861465454, -0.756679892539978, -0.8081876039505005], [0.1703980416059494, 0.9120252132415771, 0.09162887930870056, -0.007903446443378925, 0.9955176711082458, 0.09424463659524918, -0.9989174008369446, 0.42233240604400635, 0.959952712059021, -0.5083584189414978, -1.00013267993927, -0.9998984336853027, -1.0001013278961182, -1.0, -0.23168061673641205, -0.9431350231170654, -0.8374340534210205, -1.0, -0.9927911162376404, -0.9803081154823303, -0.9890450239181519, -0.4226706922054291, -0.13080526888370514, -0.7769563794136047, -0.5023766756057739, -0.6349424123764038, -0.9697118401527405, -0.5593963861465454, -0.756679892539978, -0.8081876039505005], [0.5740010142326355, -0.27607864141464233, 0.9169612526893616, 0.9999889731407166, -0.0002128269406966865, 0.004687651060521603, -0.9968546628952026, 0.5659122467041016, -0.2884737253189087, 0.9190219640731812, -0.9999814033508301, -0.9999405145645142, -0.999932587146759, -0.6000000238418579, -0.014127849601209164, -0.9722709059715271, -0.7114200592041016, -0.809948742389679, -0.993655264377594, -0.9506364464759827, -0.9907786250114441, -0.169008269906044, 0.1605815887451172, -0.7769563794136047, -0.5023766756057739, -0.6349424123764038, -0.9697118401527405, -0.5593963861465454, -0.756679892539978, -0.8081876039505005], [0.5761902928352356, -0.8306764960289001, 0.9772132635116577, 0.008794690482318401, -0.9961759448051453, 0.08692598342895508, -0.9950573444366455, 0.5073400735855103, -0.7085179090499878, 0.8407607078552246, -1.0004971027374268, -0.9998714327812195, -0.9994199275970459, -0.6000000238418579, -0.12286291271448135, -0.9715975522994995, -0.6821648478507996, -1.0, -0.9926974177360535, -0.9707866907119751, -0.9881654977798462, -0.5290116667747498, 0.24513308703899384, -0.7769563794136047, -0.5023766756057739, -0.6349424123764038, -0.9697118401527405, -0.5593963861465454, -0.756679892539978, -0.8081876039505005], [0.18280373513698578, -0.9180421829223633, 0.08080627024173737, 0.008509498089551926, -0.9952392578125, 0.09708970040082932, -0.9989029765129089, 0.43245476484298706, -0.9578968286514282, -0.5184258222579956, -1.0001317262649536, -0.9999281764030457, -1.0001177787780762, -1.0, 0.23182313144207, -0.9501097798347473, -0.8293462991714478, -0.9199132919311523, -0.9924713969230652, -1.0, -0.9908961057662964, 0.12678444385528564, 0.4223097264766693, -0.7769563794136047, -0.5023766756057739, -0.6349424123764038, -0.9697118401527405, -0.5593963861465454, -0.756679892539978, -0.8081876039505005], [-0.5453169941902161, 0.2774699628353119, 0.9082524180412292, -0.999914288520813, -0.011862062849104404, 0.005542227998375893, -0.9969497323036194, -0.5310680270195007, 0.3041985034942627, 0.9167628288269043, -0.9999830722808838, -0.9999562501907349, -0.9999232888221741, -0.6000000238418579, -0.01757834292948246, -0.9714089035987854, -0.6564428806304932, -0.9749799966812134, -0.9937835931777954, -0.9515514969825745, -0.9897969365119934, -0.16391055285930634, 0.1529098004102707, -0.7769563794136047, -0.5023766756057739, -0.6349424123764038, -0.9697118401527405, -0.5593963861465454, -0.756679892539978, -0.8081876039505005], [-0.5478993058204651, 0.8268428444862366, 0.9926210045814514, 0.005784331820905209, 0.9924443364143372, 0.12255941331386566, -0.9947745203971863, -0.6150887608528137, 0.7176862955093384, 0.8556803464889526, -1.0002377033233643, -0.9994818568229675, -0.9994677305221558, -0.6000000238418579, 0.12207376211881638, -0.9738136529922485, -0.6962767839431763, -0.9734122157096863, -0.9928570985794067, -0.9213642477989197, -0.9899783730506897, -0.08049038797616959, 0.6986953020095825, -0.7769563794136047, -0.5023766756057739, -0.6349424123764038, -0.9697118401527405, -0.5593963861465454, -0.756679892539978, -0.8081876039505005], [-0.9437954425811768, 0.9038712382316589, 0.11146337538957596, 0.0028910147957503796, 0.993371307849884, 0.11491362750530243, -0.9989113211631775, -0.6908720135688782, 0.9541637301445007, -0.5053628087043762, -1.0001299381256104, -0.9998947978019714, -1.0001016855239868, -1.0, -0.23074491322040558, -0.9430269598960876, -0.8482988476753235, -0.9608805775642395, -0.993422269821167, -1.0, -0.9889627695083618, -0.41868460178375244, -0.12901248037815094, -0.7769563794136047, -0.5023766756057739, -0.6349424123764038, -0.9697118401527405, -0.5593963861465454, -0.756679892539978, -0.8081876039505005], [-0.5363101363182068, -0.29826733469963074, 0.9072403311729431, -0.9999958276748657, 0.0024629991967231035, 0.001523745246231556, -0.9969298243522644, -0.5285701751708984, -0.30826535820961, 0.9238130450248718, -0.999984860420227, -0.9999408721923828, -0.999933660030365, -0.6000000238418579, 0.015606171451508999, -0.9703737497329712, -0.684819221496582, -1.0, -0.9928838610649109, -1.0, -0.9896330833435059, -0.16743186116218567, 0.1691037267446518, -0.7769563794136047, -0.5023766756057739, -0.6349424123764038, -0.9697118401527405, -0.5593963861465454, -0.756679892539978, -0.8081876039505005], [-0.5364486575126648, -0.8697966933250427, 0.9910532236099243, -0.01718253456056118, -0.9941658973693848, 0.10648451000452042, -0.9951169490814209, -0.6028262376785278, -0.739624559879303, 0.8458240032196045, -1.0004737377166748, -0.9998885989189148, -0.9994193911552429, -0.6000000238418579, -0.1233968511223793, -0.9741529226303101, -0.7013553977012634, -0.8034175634384155, -0.992618978023529, -1.0, -0.9897034764289856, -0.6967266798019409, 0.0806218683719635, -0.7769563794136047, -0.5023766756057739, -0.6349424123764038, -0.9697118401527405, -0.5593963861465454, -0.756679892539978, -0.8081876039505005], [-0.9433979988098145, -0.9218689799308777, 0.10806593298912048, -0.006351967807859182, -0.9960744380950928, 0.08829133957624435, -0.9989005327224731, -0.695806086063385, -0.9627964496612549, -0.5126500129699707, -1.000141978263855, -0.9999217391014099, -1.0001193284988403, -1.0, 0.22908324003219604, -0.9402801394462585, -0.8364295363426208, -0.9458192586898804, -0.9937735199928284, -0.9329748153686523, -0.9895723462104797, 0.13034483790397644, 0.4224744439125061, -0.7769563794136047, -0.5023766756057739, -0.6349424123764038, -0.9697118401527405, -0.5593963861465454, -0.756679892539978, -0.8081876039505005]], "general_static": {"gains_and_scale_normalized": [-0.7769563757900171, -0.5023766530902564, -0.6349423855224128], "mass_normalized": [-0.9697118245634903], "robot_dimensions_normalized": [-0.5593964077759477, -0.7566799039376617, -0.808187613399984], "trunk_attributes_normalized": [-0.9688011579899114, 0.07337318275396165, -0.014955916003468017, 0.8735450719685052, -0.9990085971269085, -1.012088940837101, -0.9935547823102742]},