{"n_joints": 12, "joint_descriptions": [[0.6038122177124023, 0.202996164560318, 0.9541305899620056, 0.999991774559021, 0.002990806009620428, 0.002746132668107748, -0.9960072040557861, 0.5828250050544739, 0.2053760141134262, 0.9474958181381226, -0.999910295009613, -0.9998564720153809, -0.9999733567237854, -0.6000000238418579, 0.016204146668314934, -0.9716446995735168, -0.6436007022857666, -0.6995540857315063, -0.9935320019721985, -1.0, -0.9899978637695312, -0.16482317447662354, 0.16521602869033813, -0.7367755770683289, -0.5124550461769104, -0.5604463219642639, -0.9604918956756592, -0.4576644003391266, -0.7915392518043518, -0.737699031829834], [0.6053937077522278, 0.660719633102417, 1.0, 0.012270120903849602, 0.9924399256706238, 0.12211667001247406, -0.9932926893234253, 0.5279198288917542, 0.5715761184692383, 0.8538596034049988, -0.9996200799942017, -0.9990827441215515, -0.9998989105224609, -0.6000000238418579, 0.12502709031105042, -0.9703448414802551, -0.6132103800773621, -1.0, -0.9914665818214417, -0.8853974342346191, -0.9875168800354004, -0.24926170706748962, 0.5462266802787781, -0.7367755770683289, -0.5124550461769104, -0.5604463219642639, -0.9604918956756592, -0.4576644003391266, -0.7915392518043518, -0.737699031829834], [0.1575920134782791, 0.7920992374420166, 0.1350615918636322, 0.030841218307614326, 0.9969940185546875, 0.07107558101415634, -0.99864661693573, 0.4344319701194763, 0.8313336372375488, -0.5187899470329285, -1.0000410079956055, -0.9997701644897461, -1.000003695487976, -1.0, -0.23135466873645782, -0.9466421008110046, -0.8299325108528137, -0.8002040982246399, -0.9916419386863708, -0.9658616781234741, -0.9883372783660889, -0.4201555550098419, -0.1218567043542862, -0.7367755770683289, -0.5124550461769104, -0.5604463219642639, -0.9604918956756592, -0.4576644003391266, -0.7915392518043518, -0.737699031829834], [0.5993797183036804, -0.25252965092658997, 0.9377591013908386, 0.9999476075172424, -0.009981073439121246, -0.0022807864006608725, -0.9962181448936462, 0.5793443918228149, -0.2697088122367859, 0.9418445825576782, -0.9999088048934937, -0.9998630881309509, -1.000001072883606, -0.6000000238418579, -0.01608704961836338, -0.9699409604072571, -0.5773428082466125, -1.0, -0.9915012717247009, -1.0, -0.9874570369720459, -0.15382668375968933, 0.16729319095611572, -0.7367755770683289, -0.5124550461769104, -0.5604463219642639, -0.9604918956756592, -0.4576644003391266, -0.7915392518043518, -0.737699031829834], [0.5945711135864258, -0.7513813376426697, 0.9752833843231201, 0.002081040758639574, -0.993626594543457, 0.11270273476839066, -0.9931154847145081, 0.5165072679519653, -0.6433015465736389, 0.8382547497749329, -1.0003142356872559, -0.9991177320480347, -0.999699592590332, -0.6000000238418579, -0.12266974151134491, -0.966925859451294, -0.6832502484321594, -0.9010273218154907, -0.9925169944763184, -1.0, -0.9914812445640564, -0.5488725304603577, 0.24246931076049805, -0.7367755770683289, -0.5124550461769104, -0.5604463219642639, -0.9604918956756592, -0.4576644003391266, -0.7915392518043518, -0.737699031829834], [0.14732564985752106, -0.848527193069458, 0.09441825747489929, -0.0024680921342223883, -0.9939635396003723, 0.10968340188264847, -0.9986591935157776, 0.4342452585697174, -0.9341657757759094, -0.5414782762527466, -1.0000320672988892, -0.9997581243515015, -1.0000430345535278, -1.0, 0.23077721893787384, -0.9365816712379456, -0.805551290512085, -0.8178018927574158, -0.9932392239570618, -0.9382538795471191, -0.9867507219314575, 0.12582270801067352, 0.420432984828949, -0.7367755770683289, -0.5124550461769104, -0.5604463219642639, -0.9604918956756592, -0.4576644003391266, -0.7915392518043518, -0.737699031829834], [-0.4878728687763214, 0.22313708066940308, 0.9473438858985901, -0.9999666810035706, -0.0018458153354004025, 0.007951876148581505, -0.9960721731185913, -0.46792370080947876, 0.2164180427789688, 0.9506660103797913, -0.9999050498008728, -0.999865710735321, -0.9999724626541138, -0.6000000238418579, -0.01565108820796013, -0.9691551327705383, -0.6764987707138062, -0.9837229251861572, -0.9912740588188171, -1.0, -0.9887723922729492, -0.1537265181541443, 0.17612434923648834, -0.7367755770683289, -0.5124550461769104, -0.5604463219642639, -0.9604918956756592, -0.4576644003391266, -0.7915392518043518, -0.737699031829834], [-0.4895108640193939, 0.7332566976547241, 0.9744452238082886, 0.004440565127879381, 0.9937779903411865, 0.11129075288772583, -0.9934485554695129, -0.5699742436408997, 0.6301829218864441, 0.8382564187049866, -0.9996120929718018, -0.9991344213485718, -0.9998807907104492, -0.6000000238418579, 0.1254062056541443, -0.9665202498435974, -0.588973343372345, -1.0, -0.9928719997406006, -1.0, -0.9873252511024475, -0.08202876895666122, 0.6928203105926514, -0.7367755770683289, -0.5124550461769104, -0.5604463219642639, -0.9604918956756592, -0.4576644003391266, -0.7915392518043518, -0.737699031829834], [-0.9502882957458496, 0.8484203219413757, 0.08940611779689789, -0.005489813629537821, 0.9944382309913635, 0.10517821460962296, -0.9986365437507629, -0.6737120747566223, 0.9375819563865662, -0.5478888154029846, -1.000030755996704, -0.9997652173042297, -0.9999915957450867, -1.0, -0.23151829838752747, -0.9463497996330261, -0.806013286113739, -1.0, -0.9920125007629395, -0.9380074143409729, -0.9884471297264099, -0.4168056845664978, -0.12966713309288025, -0.7367755770683289, -0.5124550461769104, -0.5604463219642639, -0.9604918956756592, -0.4576644003391266, -0.7915392518043518, -0.737699031829834], [-0.4941929280757904, -0.2428964525461197, 0.9424818754196167, -0.999997615814209, -0.0018752686446532607, -0.001110946643166244, -0.9961894154548645, -0.47211089730262756, -0.25050267577171326, 0.9335207343101501, -0.9999117851257324, -0.9998627305030823, -0.9999958872795105, -0.6000000238418579, 0.015412356704473495, -0.9719200134277344, -0.6127016544342041, -0.8509074449539185, -0.9918308854103088, -1.0, -0.989112138748169, -0.15640316903591156, 0.14926868677139282, -0.7367755770683289, -0.5124550461769104, -0.5604463219642639, -0.9604918956756592, -0.4576644003391266, -0.7915392518043518, -0.737699031829834], [-0.48969194293022156, -0.7358190417289734, 0.9663172364234924, 0.00040385310421697795, -0.9944016337394714, 0.10566544532775879, -0.992737352848053, -0.561087429523468, -0.6526363492012024, 0.8431544303894043, -1.0003166198730469, -0.9990663528442383, -0.9996832609176636, -0.6000000238418579, -0.12126684188842773, -0.9651637077331543, -0.6170022487640381, -1.0, -0.9930972456932068, -1.0, -0.9891774654388428, -0.6972689628601074, 0.07889031618833542, -0.7367755770683289, -0.5124550461769104, -0.5604463219642639, -0.9604918956756592, -0.4576644003391266, -0.7915392518043518, -0.737699031829834], [-0.9221706986427307, -0.8697873950004578, 0.06383655965328217, 0.000473652413347736, -0.9949765205383301, 0.10010724514722824, -0.9985750913619995, -0.641446053981781, -0.9454706907272339, -0.5624748468399048, -1.0000290870666504, -0.9997686147689819, -1.0000395774841309, -1.0, 0.23130299150943756, -0.9440184831619263, -0.79799884557724, -0.7529783248901367, -0.9909297227859497, -1.0, -0.988755464553833, 0.12217167764902115, 0.4116000235080719, -0.7367755770683289, -0.5124550461769104, -0.5604463219642639, -0.9604918956756592, -0.4576644003391266, -0.7915392518043518, -0.737699031829834]], "general_static": {"gains_and_scale_normalized": [-0.7367755955195697, -0.5124550247365525, -0.560446323784944], "mass_normalized": [-0.9604918828463671], "robot_dimensions_normalized": [-0.4576643948518627, -0.7915392780457913, -0.737699054283214], "trunk_attributes_normalized": [-0.9595082699549495, 0.11319126596812046, -0.009960993540026886, 0.9318030644602981, -0.9957464446461127, -1.0022157755485457, -0.9831475966714902]},