{"n_joints": 12, "joint_descriptions": [[0.578781247138977, 0.28410807251930237, 0.9247380495071411, 0.9999890327453613, 0.00467779440805316, 0.00015433746739290655, -0.9972474575042725, 0.5660741329193115, 0.2980498671531677, 0.9271784424781799, -0.9999819993972778, -0.9999464750289917, -0.9999579191207886, -0.6000000238418579, 0.015232390724122524, -0.9720483422279358, -0.6998814940452576, -0.9164981245994568, -0.9930567145347595, -1.0, -0.9902087450027466, -0.15713118016719818, 0.16086965799331665, -0.7773585915565491, -0.5259416103363037, -0.6372067928314209, -0.9731331467628479, -0.5591996312141418, -0.7774088382720947, -0.804301917552948], [0.5787737965583801, 0.8272672891616821, 1.0, -0.0011353162117302418, 0.9951355457305908, 0.09850872308015823, -0.9954279661178589, 0.5059496164321899, 0.703218400478363, 0.8592196702957153, -1.00003981590271, -0.9995487332344055, -0.999738335609436, -0.6000000238418579, 0.12274868786334991, -0.9715200662612915, -0.6987033486366272, -1.0, -0.9928708672523499, -1.0, -0.9899816513061523, -0.2416311800479889, 0.5431646704673767, -0.7773585915565491, -0.5259416103363037, -0.6372067928314209, -0.9731331467628479, -0.5591996312141418, -0.7774088382720947, -0.804301917552948], [0.18188290297985077, 0.9106903672218323, 0.12052448093891144, -0.00018695334438234568, 0.9955751299858093, 0.09396843612194061, -0.9990240335464478, 0.4376649558544159, 0.9644889235496521, -0.47801026701927185, -1.0000687837600708, -0.999900758266449, -1.0000464916229248, -1.0, -0.23170828819274902, -0.9500385522842407, -0.8444116115570068, -0.9603275060653687, -0.9932126402854919, -1.0, -0.9902360439300537, -0.4202102720737457, -0.13172267377376556, -0.7773585915565491, -0.5259416103363037, -0.6372067928314209, -0.9731331467628479, -0.5591996312141418, -0.7774088382720947, -0.804301917552948], [0.5788660645484924, -0.24597404897212982, 0.9230388402938843, 0.9999997019767761, -0.0006753678317181766, 0.0004089132125955075, -0.9972421526908875, 0.5645991563796997, -0.2551214098930359, 0.9208999276161194, -0.999981164932251, -0.9999389052391052, -0.999969482421875, -0.6000000238418579, -0.015341999009251595, -0.9721463918685913, -0.7195959687232971, -0.8864233493804932, -0.9931697845458984, -0.9400990605354309, -0.9903523325920105, -0.16102932393550873, 0.16181020438671112, -0.7773585915565491, -0.5259416103363037, -0.6372067928314209, -0.9731331467628479, -0.5591996312141418, -0.7774088382720947, -0.804301917552948], [0.5771336555480957, -0.7889496088027954, 0.9871607422828674, 0.001069522462785244, -0.9951385259628296, 0.09847931563854218, -0.9953514933586121, 0.5043345093727112, -0.672480583190918, 0.8501876592636108, -1.0003150701522827, -0.9997356534004211, -0.9996606111526489, -0.6000000238418579, -0.12304592877626419, -0.9732635617256165, -0.68755042552948, -0.8580825924873352, -0.9932812452316284, -1.0, -0.9899877905845642, -0.5418687462806702, 0.24283930659294128, -0.7773585915565491, -0.5259416103363037, -0.6372067928314209, -0.9731331467628479, -0.5591996312141418, -0.7774088382720947, -0.804301917552948], [0.1786113977432251, -0.86415696144104, 0.12129231542348862, 0.007304079364985228, -0.9952747225761414, 0.09682416170835495, -0.9990657567977905, 0.4287166893482208, -0.9085516929626465, -0.47634804248809814, -1.0000698566436768, -0.999915599822998, -1.0000648498535156, -1.0, 0.23115845024585724, -0.9434268474578857, -0.8351724743843079, -0.9090789556503296, -0.993099570274353, -1.0, -0.9900060892105103, 0.12812037765979767, 0.4216477870941162, -0.7773585915565491, -0.5259416103363037, -0.6372067928314209, -0.9731331467628479, -0.5591996312141418, -0.7774088382720947, -0.804301917552948], [-0.5458036661148071, 0.2924171984195709, 0.8970445990562439, -0.9998832941055298, -0.009061084128916264, -0.012301797978579998, -0.9972684979438782, -0.5301467180252075, 0.3040628731250763, 0.8869404792785645, -0.9999819397926331, -0.9999475479125977, -0.9999583959579468, -0.6000000238418579, -0.015243567526340485, -0.9710415601730347, -0.6951424479484558, -0.9611098170280457, -0.9931795597076416, -1.0, -0.9893521666526794, -0.15543977916240692, 0.1646551936864853, -0.7773585915565491, -0.5259416103363037, -0.6372067928314209, -0.9731331467628479, -0.5591996312141418, -0.7774088382720947, -0.804301917552948], [-0.546043872833252, 0.836177408695221, 0.9476841688156128, -0.003377295797690749, 0.9945808053016663, 0.10391131788492203, -0.9954767823219299, -0.6213155388832092, 0.7237975001335144, 0.8127961754798889, -1.0000393390655518, -0.9995612502098083, -0.999748170375824, -0.6000000238418579, 0.12309697270393372, -0.9734300971031189, -0.6790565848350525, -0.8991676568984985, -0.9934284687042236, -0.9779173731803894, -0.9898886680603027, -0.0843016505241394, 0.6984720230102539, -0.7773585915565491, -0.5259416103363037, -0.6372067928314209, -0.9731331467628479, -0.5591996312141418, -0.7774088382720947, -0.804301917552948], [-0.9462276101112366, 0.8957949280738831, 0.06922198086977005, 0.0031426451168954372, 0.9955525994300842, 0.09415481984615326, -0.9990361332893372, -0.6957019567489624, 0.9448298215866089, -0.5463091731071472, -1.0000685453414917, -0.9999002814292908, -1.0000463724136353, -1.0, -0.23059561848640442, -0.9475013017654419, -0.8405060768127441, -1.0, -0.9928804636001587, -1.0, -0.9903037548065186, -0.4207412898540497, -0.12868958711624146, -0.7773585915565491, -0.5259416103363037, -0.6372067928314209, -0.9731331467628479, -0.5591996312141418, -0.7774088382720947, -0.804301917552948], [-0.54605633020401, -0.2472148984670639, 0.8965902924537659, -0.9999948740005493, 0.003195223631337285, 0.0002397657372057438, -0.9973889589309692, -0.531474769115448, -0.25187093019485474, 0.8971055746078491, -0.9999831318855286, -0.9999420642852783, -0.9999700784683228, -0.6000000238418579, 0.016321156173944473, -0.9723259210586548, -0.6641156077384949, -0.9926750659942627, -0.992842435836792, -1.0, -0.9903959035873413, -0.16396984457969666, 0.15955917537212372, -0.7773585915565491, -0.5259416103363037, -0.6372067928314209, -0.9731331467628479, -0.5591996312141418, -0.7774088382720947, -0.804301917552948], [-0.5448240041732788, -0.7945696115493774, 0.9649071097373962, 0.010333927348256111, -0.9949986934661865, 0.09935194998979568, -0.9954757690429688, -0.6129555702209473, -0.6797767877578735, 0.8288422226905823, -1.0003066062927246, -0.9997552633285522, -0.999672532081604, -0.6000000238418579, -0.12256237864494324, -0.9745068550109863, -0.6986750960350037, -0.8905019760131836, -0.9932486414909363, -1.0, -0.9903261065483093, -0.7028492093086243, 0.08436472713947296, -0.7773585915565491, -0.5259416103363037, -0.6372067928314209, -0.9731331467628479, -0.5591996312141418, -0.7774088382720947, -0.804301917552948], [-0.9401914477348328, -0.890552282333374, 0.07817449420690536, 0.0006635567988269031, -0.9939364790916443, 0.10995383560657501, -0.999035656452179, -0.688870906829834, -0.9493200182914734, -0.5325356125831604, -1.0000696182250977, -0.9999134540557861, -1.0000678300857544, -1.0, 0.23089991509914398, -0.948196291923523, -0.841346800327301, -0.9645788073539734, -0.9928193092346191, -1.0, -0.9898355007171631, 0.1294219046831131, 0.4172289967536926, -0.7773585915565491, -0.5259416103363037, -0.6372067928314209, -0.9731331467628479, -0.5591996312141418, -0.7774088382720947, -0.804301917552948]], "general_static": {"gains_and_scale_normalized": [-0.7773585738253137, -0.5259416050536146, -0.637206769078752], "mass_normalized": [-0.9731331220282112], "robot_dimensions_normalized": [-0.559199608420869, -0.777408857951644, -0.8043019462837979], "trunk_attributes_normalized": [-0.9725088113443573, 0.08066215444806768, 0.016485513486994563, 0.8778149225260774, -0.9989631145568493, -1.0060371366373002, -0.9931132628148103]},