{"n_joints": 12, "joint_descriptions": [[0.5874693393707275, 0.2382364273071289, 0.9117842316627502, 0.9999492764472961, -0.00879227090626955, 0.0049192532896995544, -0.9976015090942383, 0.5635899901390076, 0.24429160356521606, 0.9042456746101379, -0.9999796748161316, -0.9999514222145081, -0.9999748468399048, -0.6000000238418579, 0.01748519390821457, -0.974042534828186, -0.7131893634796143, -0.9250326156616211, -0.9925404191017151, -0.9698594212532043, -0.9902424216270447, -0.1566094309091568, 0.15973779559135437, -0.7980048656463623, -0.5322315692901611, -0.6195797920227051, -0.9763449430465698, -0.563581645488739, -0.7921773791313171, -0.8056699633598328], [0.5871237516403198, 0.7502824664115906, 0.9630419015884399, 0.015815140679478645, 0.9938982725143433, 0.10916115343570709, -0.9960299730300903, 0.5158282518386841, 0.6376610398292542, 0.826359212398529, -0.9999499320983887, -0.9996466636657715, -0.9998647570610046, -0.6000000238418579, 0.12278027832508087, -0.971744179725647, -0.7123821377754211, -0.9143379330635071, -0.9942909479141235, -0.8588583469390869, -0.9904436469078064, -0.24025629460811615, 0.5383124351501465, -0.7980048656463623, -0.5322315692901611, -0.6195797920227051, -0.9763449430465698, -0.563581645488739, -0.7921773791313171, -0.8056699633598328], [0.18633709847927094, 0.8647958040237427, 0.08641629666090012, -0.0010275088716298342, 0.9913880825042725, 0.13095271587371826, -0.9991458654403687, 0.4382893741130829, 0.9196707606315613, -0.5184680223464966, -1.000036597251892, -0.9999091625213623, -1.0000163316726685, -1.0, -0.23226821422576904, -0.9525601267814636, -0.8469908237457275, -0.9301439523696899, -0.9934457540512085, -0.9443616271018982, -0.9900746941566467, -0.4105985164642334, -0.13457292318344116, -0.7980048656463623, -0.5322315692901611, -0.6195797920227051, -0.9763449430465698, -0.563581645488739, -0.7921773791313171, -0.8056699633598328], [0.5976242423057556, -0.24586054682731628, 0.9363341927528381, 0.9999980330467224, -0.001993074780330062, 6.814415246481076e-05, -0.9976140856742859, 0.5792372226715088, -0.27392634749412537, 0.9302549958229065, -0.9999806880950928, -0.99994957447052, -0.9999831318855286, -0.6000000238418579, -0.013510126620531082, -0.9746847748756409, -0.7236894369125366, -0.8309121131896973, -0.9933885931968689, -1.0, -0.9895496368408203, -0.15313886106014252, 0.15809719264507294, -0.7980048656463623, -0.5322315692901611, -0.6195797920227051, -0.9763449430465698, -0.563581645488739, -0.7921773791313171, -0.8056699633598328], [0.6061465740203857, -0.7615200281143188, 0.97257399559021, 0.00023853449965827167, -0.996646523475647, 0.0818266049027443, -0.9958434104919434, 0.5329868197441101, -0.6507866382598877, 0.8392958641052246, -1.0001994371414185, -0.9997485280036926, -0.9997857809066772, -0.6000000238418579, -0.1253516525030136, -0.9710369110107422, -0.6984210014343262, -0.9031431674957275, -0.9941368103027344, -1.0, -0.9901086688041687, -0.5407059192657471, 0.2490079551935196, -0.7980048656463623, -0.5322315692901611, -0.6195797920227051, -0.9763449430465698, -0.563581645488739, -0.7921773791313171, -0.8056699633598328], [0.19136972725391388, -0.843570351600647, 0.11137166619300842, 0.008238868787884712, -0.9954626560211182, 0.09479580819606781, -0.9991850852966309, 0.4457031190395355, -0.8835520148277283, -0.5169652700424194, -1.0000412464141846, -0.9999169111251831, -1.0000360012054443, -1.0, 0.2312590628862381, -0.9508436918258667, -0.8582915663719177, -0.848556399345398, -0.992546796798706, -1.0, -0.9904634952545166, 0.12835393846035004, 0.40995609760284424, -0.7980048656463623, -0.5322315692901611, -0.6195797920227051, -0.9763449430465698, -0.563581645488739, -0.7921773791313171, -0.8056699633598328], [-0.5243427753448486, 0.2182265818119049, 0.9266059994697571, -0.9999910593032837, 0.0003074357518926263, 0.004224289674311876, -0.9975685477256775, -0.5084599852561951, 0.23648016154766083, 0.9246367812156677, -0.9999806880950928, -0.9999508261680603, -0.9999751448631287, -0.6000000238418579, -0.017115896567702293, -0.97252357006073, -0.683272123336792, -1.0, -0.9933311343193054, -0.952238142490387, -0.9896292090415955, -0.15930603444576263, 0.16617660224437714, -0.7980048656463623, -0.5322315692901611, -0.6195797920227051, -0.9763449430465698, -0.563581645488739, -0.7921773791313171, -0.8056699633598328], [-0.5271193385124207, 0.7177327275276184, 1.0, -0.010694797150790691, 0.9945163726806641, 0.10403253883123398, -0.9958677887916565, -0.602263331413269, 0.6056395769119263, 0.8752312064170837, -0.9999558925628662, -0.9996344447135925, -0.999854326248169, -0.6000000238418579, 0.12332531809806824, -0.9710653424263, -0.7018505930900574, -1.0, -0.9927932620048523, -1.0, -0.9903956055641174, -0.08545484393835068, 0.6967408657073975, -0.7980048656463623, -0.5322315692901611, -0.6195797920227051, -0.9763449430465698, -0.563581645488739, -0.7921773791313171, -0.8056699633598328], [-0.9479518532752991, 0.8137336373329163, 0.1127830520272255, 0.0004402311460580677, 0.9944653511047363, 0.10506397485733032, -0.9991804957389832, -0.691225528717041, 0.8486747741699219, -0.48708564043045044, -1.0000380277633667, -0.999911367893219, -1.0000187158584595, -1.0, -0.2301407903432846, -0.9515912532806396, -0.842063307762146, -0.9797061085700989, -0.9936009049415588, -0.994688868522644, -0.9890559911727905, -0.41407614946365356, -0.12856894731521606, -0.7980048656463623, -0.5322315692901611, -0.6195797920227051, -0.9763449430465698, -0.563581645488739, -0.7921773791313171, -0.8056699633598328], [-0.523328959941864, -0.27941179275512695, 0.9182566404342651, -0.9999558329582214, 0.009293985553085804, -0.0013919463381171227, -0.9975839853286743, -0.5094212293624878, -0.2791718542575836, 0.8979018330574036, -0.9999819397926331, -0.999948263168335, -0.9999858736991882, -0.6000000238418579, 0.017286458984017372, -0.9728623032569885, -0.6988267302513123, -0.9572122693061829, -0.9942999482154846, -0.9822573661804199, -0.9894772171974182, -0.15432995557785034, 0.15405075252056122, -0.7980048656463623, -0.5322315692901611, -0.6195797920227051, -0.9763449430465698, -0.563581645488739, -0.7921773791313171, -0.8056699633598328], [-0.5219696164131165, -0.7918038964271545, 0.9852576851844788, 0.002224790630862117, -0.993844211101532, 0.110764279961586, -0.996207058429718, -0.5976240634918213, -0.6656932830810547, 0.8610206842422485, -1.0002052783966064, -0.99973464012146, -0.9998027682304382, -0.6000000238418579, -0.1212116926908493, -0.9741546511650085, -0.6856123208999634, -0.833959698677063, -0.9935446977615356, -0.9123005270957947, -0.9914697408676147, -0.7017807960510254, 0.08569333702325821, -0.7980048656463623, -0.5322315692901611, -0.6195797920227051, -0.9763449430465698, -0.563581645488739, -0.7921773791313171, -0.8056699633598328], [-0.9258989691734314, -0.8885102868080139, 0.08013611286878586, 0.003710639663040638, -0.9933454394340515, 0.11511313170194626, -0.9992139935493469, -0.6641618609428406, -0.9472136497497559, -0.5366665124893188, -1.0000379085540771, -0.9999234676361084, -1.000038743019104, -1.0, 0.22867542505264282, -0.9541810154914856, -0.832493782043457, -0.8572696447372437, -0.9941838383674622, -1.0, -0.9902966618537903, 0.13063527643680573, 0.4277541935443878, -0.7980048656463623, -0.5322315692901611, -0.6195797920227051, -0.9763449430465698, -0.563581645488739, -0.7921773791313171, -0.8056699633598328]], "general_static": {"gains_and_scale_normalized": [-0.7980048710061365, -0.5322315507885903, -0.6195797658338282], "mass_normalized": [-0.976344917570131], "robot_dimensions_normalized": [-0.5635816545953214, -0.7921773964750509, -0.8056699824088466], "trunk_attributes_normalized": [-0.9757343517910348, 0.0844697984031968, 0.0017840622990334953, 0.8872403885723352, -0.9987781569771601, -1.0032865193892762, -0.9939119520338006]},