{"n_joints": 12, "joint_descriptions": [[0.5811042785644531, 0.25428056716918945, 0.9267715811729431, 0.9999496936798096, 0.00037944564246572554, 0.010025637224316597, -0.9976727366447449, 0.5615626573562622, 0.26424500346183777, 0.9329671859741211, -0.9999849796295166, -0.9999534487724304, -0.9999734163284302, -0.6000000238418579, 0.016437416896224022, -0.9751794338226318, -0.724361777305603, -1.0, -0.9926683306694031, -0.9756969809532166, -0.9900892376899719, -0.1528431475162506, 0.1625819057226181, -0.7916870713233948, -0.5318480134010315, -0.6400023102760315, -0.9775604605674744, -0.5742944478988647, -0.7963239550590515, -0.8145824074745178], [0.5749136805534363, 0.7852504849433899, 0.9909306168556213, -0.000915204465854913, 0.9947957396507263, 0.10188520699739456, -0.9961097836494446, 0.4984154999256134, 0.657526969909668, 0.8501936197280884, -0.9999732375144958, -0.9996538758277893, -0.999862790107727, -0.6000000238418579, 0.12442260980606079, -0.9714640974998474, -0.6920974254608154, -1.0, -0.9939180016517639, -0.9399405717849731, -0.990615963935852, -0.24246524274349213, 0.5443254113197327, -0.7916870713233948, -0.5318480134010315, -0.6400023102760315, -0.9775604605674744, -0.5742944478988647, -0.7963239550590515, -0.8145824074745178], [0.17991812527179718, 0.8850746154785156, 0.1117650642991066, -0.0053108930587768555, 0.9933942556381226, 0.11462828516960144, -0.999165415763855, 0.43021103739738464, 0.9366938471794128, -0.4915190637111664, -1.0000391006469727, -0.9999133348464966, -1.0000202655792236, -1.0, -0.23294122517108917, -0.9555760025978088, -0.8585864305496216, -1.0, -0.9936777353286743, -1.0, -0.9901818633079529, -0.4126633107662201, -0.13719670474529266, -0.7916870713233948, -0.5318480134010315, -0.6400023102760315, -0.9775604605674744, -0.5742944478988647, -0.7963239550590515, -0.8145824074745178], [0.5895746946334839, -0.25843945145606995, 0.9487807154655457, 0.999997079372406, 0.0019434053683653474, 0.001456747530028224, -0.9976633191108704, 0.5769304037094116, -0.2827984094619751, 0.9517151713371277, -0.999984860420227, -0.9999498724937439, -0.9999832510948181, -0.6000000238418579, -0.013126986101269722, -0.9746596217155457, -0.7484912872314453, -0.8405846357345581, -0.9935445189476013, -1.0, -0.9906681180000305, -0.15360160171985626, 0.1613040417432785, -0.7916870713233948, -0.5318480134010315, -0.6400023102760315, -0.9775604605674744, -0.5742944478988647, -0.7963239550590515, -0.8145824074745178], [0.5945245623588562, -0.7849436402320862, 0.9843882322311401, 0.0005785269313491881, -0.996319055557251, 0.08572079986333847, -0.9960671663284302, 0.5186783671379089, -0.6706136465072632, 0.8436193466186523, -1.0002018213272095, -0.9997529983520508, -0.9997830986976624, -0.6000000238418579, -0.12482032924890518, -0.9725275635719299, -0.702046275138855, -0.88726407289505, -0.9943260550498962, -0.9616442918777466, -0.9910256266593933, -0.5452247858047485, 0.2496553659439087, -0.7916870713233948, -0.5318480134010315, -0.6400023102760315, -0.9775604605674744, -0.5742944478988647, -0.7963239550590515, -0.8145824074745178], [0.18761973083019257, -0.8569368124008179, 0.10915122181177139, -0.0013970780419185758, -0.9962136149406433, 0.08692821860313416, -0.9992461204528809, 0.4301222562789917, -0.898881733417511, -0.5140650868415833, -1.0000407695770264, -0.9999258518218994, -1.0000381469726562, -1.0, 0.23038065433502197, -0.9473519921302795, -0.858814001083374, -0.8423187136650085, -0.9926910996437073, -1.0, -0.9905983209609985, 0.13021355867385864, 0.41489872336387634, -0.7916870713233948, -0.5318480134010315, -0.6400023102760315, -0.9775604605674744, -0.5742944478988647, -0.7963239550590515, -0.8145824074745178], [-0.5405605435371399, 0.23736879229545593, 0.9168809652328491, -0.9997929930686951, 0.009024797938764095, -0.01823570393025875, -0.9976478219032288, -0.524359941482544, 0.2564257085323334, 0.9035547971725464, -0.9999843835830688, -0.9999527931213379, -0.9999749660491943, -0.6000000238418579, -0.017175601795315742, -0.9716415405273438, -0.709441065788269, -1.0, -0.993517279624939, -1.0, -0.9892696738243103, -0.1534869223833084, 0.16948749125003815, -0.7916870713233948, -0.5318480134010315, -0.6400023102760315, -0.9775604605674744, -0.5742944478988647, -0.7963239550590515, -0.8145824074745178], [-0.5400525331497192, 0.7674242854118347, 0.9841120839118958, -0.014552312903106213, 0.9921126365661621, 0.12450220435857773, -0.996099591255188, -0.6193603873252869, 0.6496435403823853, 0.8509511947631836, -0.9999762773513794, -0.9996603727340698, -0.9998515844345093, -0.6000000238418579, 0.1221332997083664, -0.9730327725410461, -0.7158489227294922, -1.0, -0.9935194849967957, -0.9842827320098877, -0.9907598495483398, -0.08886200189590454, 0.7013599276542664, -0.7916870713233948, -0.5318480134010315, -0.6400023102760315, -0.9775604605674744, -0.5742944478988647, -0.7963239550590515, -0.8145824074745178], [-0.9480636715888977, 0.8397854566574097, 0.07937981188297272, -0.020924076437950134, 0.9943906664848328, 0.1036793440580368, -0.9992257952690125, -0.6939874291419983, 0.8969181180000305, -0.5190325975418091, -1.0000394582748413, -0.9999174475669861, -1.000023365020752, -1.0, -0.2307405322790146, -0.9499694108963013, -0.8462979793548584, -0.984408974647522, -0.993717610836029, -1.0, -0.9897506833076477, -0.4202013909816742, -0.12846262753009796, -0.7916870713233948, -0.5318480134010315, -0.6400023102760315, -0.9775604605674744, -0.5742944478988647, -0.7963239550590515, -0.8145824074745178], [-0.5440143942832947, -0.2755267918109894, 0.9253756999969482, -0.9999842643737793, -0.0027471778448671103, 0.0048864674754440784, -0.9978009462356567, -0.5271064639091492, -0.26905351877212524, 0.9055294990539551, -0.9999858140945435, -0.9999514818191528, -0.9999846816062927, -0.6000000238418579, 0.016048287972807884, -0.9745015501976013, -0.681911289691925, -1.0, -0.9939810633659363, -0.983072817325592, -0.9905953407287598, -0.1601318120956421, 0.15290434658527374, -0.7916870713233948, -0.5318480134010315, -0.6400023102760315, -0.9775604605674744, -0.5742944478988647, -0.7963239550590515, -0.8145824074745178], [-0.5475567579269409, -0.8064798712730408, 1.0, -0.0016582413809373975, -0.9948893785476685, 0.10095731914043427, -0.9964276552200317, -0.6201726794242859, -0.6769006252288818, 0.8720167875289917, -1.0002031326293945, -0.9997629523277283, -0.9998049139976501, -0.6000000238418579, -0.12087854743003845, -0.9764732718467712, -0.706964373588562, -0.8666457533836365, -0.9932863712310791, -0.9070554971694946, -0.991851270198822, -0.7062569260597229, 0.08904298394918442, -0.7916870713233948, -0.5318480134010315, -0.6400023102760315, -0.9775604605674744, -0.5742944478988647, -0.7963239550590515, -0.8145824074745178], [-0.9387895464897156, -0.9004799723625183, 0.07886117696762085, 0.0020291332621127367, -0.9948796033859253, 0.10104686766862869, -0.9992448091506958, -0.6843363046646118, -0.9525650143623352, -0.538406491279602, -1.0000381469726562, -0.9999256134033203, -1.0000401735305786, -1.0, 0.2299705147743225, -0.9554495811462402, -0.8452867865562439, -0.9454695582389832, -0.9937770366668701, -1.0, -0.9908195734024048, 0.12743429839611053, 0.4243271052837372, -0.7916870713233948, -0.5318480134010315, -0.6400023102760315, -0.9775604605674744, -0.5742944478988647, -0.7963239550590515, -0.8145824074745178]], "general_static": {"gains_and_scale_normalized": [-0.7916870944086692, -0.531848041101173, -0.6400023299437132], "mass_normalized": [-0.9775604772901432], "robot_dimensions_normalized": [-0.5742944271671717, -0.7963239700170278, -0.8145824188301395], "trunk_attributes_normalized": [-0.9771399138706409, 0.0767170351267279, -0.00515166310200621, 0.8944556381282218, -0.9991980925444666, -1.0032422519591047, -0.9940893997213142]},