{"n_joints": 12, "joint_descriptions": [[0.5756102800369263, 0.25050538778305054, 0.909163236618042, 0.999854564666748, -0.015844088047742844, -0.006308868061751127, -0.9969836473464966, 0.5607798099517822, 0.24820703268051147, 0.9141753911972046, -0.9999711513519287, -0.9999668598175049, -0.9999493956565857, -0.6000000238418579, 0.016061492264270782, -0.9743455648422241, -0.6509129405021667, -0.784909725189209, -0.9932771325111389, -1.0, -0.9911198019981384, -0.16154147684574127, 0.16890166699886322, -0.791051983833313, -0.5578433275222778, -0.6464288830757141, -0.9711630344390869, -0.5700165629386902, -0.7592289447784424, -0.7894337177276611], [0.565080463886261, 0.7829828262329102, 0.9905853271484375, 0.006777247879654169, 0.9939231872558594, 0.1098671555519104, -0.9951625466346741, 0.49333736300468445, 0.6705166101455688, 0.8694064617156982, -1.0001407861709595, -0.9996264576911926, -0.9996255040168762, -0.6000000238418579, 0.12132035940885544, -0.9726775884628296, -0.6603246927261353, -0.8325051069259644, -0.9934174418449402, -0.9334062933921814, -0.9911767840385437, -0.2364218682050705, 0.5454530715942383, -0.791051983833313, -0.5578433275222778, -0.6464288830757141, -0.9711630344390869, -0.5700165629386902, -0.7592289447784424, -0.7894337177276611], [0.11842555552721024, 0.8756875395774841, 0.087314173579216, -0.014864206314086914, 0.9939946532249451, 0.10841426998376846, -0.9989609718322754, 0.40997663140296936, 0.9522711634635925, -0.5373162031173706, -1.000091791152954, -0.9999300241470337, -1.0000662803649902, -1.0, -0.23127593100070953, -0.9504785537719727, -0.8281794786453247, -1.0, -0.9923069477081299, -1.0, -0.9897703528404236, -0.41043636202812195, -0.12922683358192444, -0.791051983833313, -0.5578433275222778, -0.6464288830757141, -0.9711630344390869, -0.5700165629386902, -0.7592289447784424, -0.7894337177276611], [0.5820234417915344, -0.24451066553592682, 0.914642870426178, 0.9999496340751648, -0.006974805612117052, 0.007216221187263727, -0.9970522522926331, 0.5589297413825989, -0.2547095715999603, 0.8959938883781433, -0.9999711513519287, -0.9999585151672363, -0.9999552965164185, -0.6000000238418579, -0.017371386289596558, -0.9725213646888733, -0.6873053908348083, -1.0, -0.9928361773490906, -0.9108607172966003, -0.988563060760498, -0.16105669736862183, 0.15977393090724945, -0.791051983833313, -0.5578433275222778, -0.6464288830757141, -0.9711630344390869, -0.5700165629386902, -0.7592289447784424, -0.7894337177276611], [0.5909680128097534, -0.7915502786636353, 0.9791224598884583, 0.0044018179178237915, -0.9939175248146057, 0.1100391373038292, -0.9949367642402649, 0.5102639198303223, -0.6905962228775024, 0.8265968561172485, -1.000314712524414, -0.9999072551727295, -0.999589741230011, -0.6000000238418579, -0.12276096642017365, -0.9691098928451538, -0.681820273399353, -0.8006294369697571, -0.9938417077064514, -1.0, -0.9884209632873535, -0.5307260155677795, 0.23936587572097778, -0.791051983833313, -0.5578433275222778, -0.6464288830757141, -0.9711630344390869, -0.5700165629386902, -0.7592289447784424, -0.7894337177276611], [0.1331404447555542, -0.8893193602561951, 0.10131793469190598, -0.0006570168188773096, -0.9941813945770264, 0.10771704465150833, -0.9988965392112732, 0.4097406268119812, -0.9515722393989563, -0.535420835018158, -1.0000922679901123, -0.9999416470527649, -1.000082015991211, -1.0, 0.2304791808128357, -0.9472127556800842, -0.844585657119751, -0.8756521940231323, -0.9920932054519653, -1.0, -0.9883662462234497, 0.1259172111749649, 0.4097643792629242, -0.791051983833313, -0.5578433275222778, -0.6464288830757141, -0.9711630344390869, -0.5700165629386902, -0.7592289447784424, -0.7894337177276611], [-0.47601595520973206, 0.2492266446352005, 0.9155921339988708, -0.9999990463256836, 0.0013132711173966527, -0.0004684301093220711, -0.9970577359199524, -0.4608743488788605, 0.2763904631137848, 0.9223891496658325, -0.9999721646308899, -0.9999672174453735, -0.9999476671218872, -0.6000000238418579, -0.013235004618763924, -0.9722849130630493, -0.688281774520874, -0.9461285471916199, -0.9926087856292725, -1.0, -0.9896987676620483, -0.16128620505332947, 0.16678909957408905, -0.791051983833313, -0.5578433275222778, -0.6464288830757141, -0.9711630344390869, -0.5700165629386902, -0.7592289447784424, -0.7894337177276611], [-0.4755433201789856, 0.7663432955741882, 0.9780370593070984, 0.0002710420230869204, 0.9963328242301941, 0.08556210994720459, -0.9953649044036865, -0.5542120337486267, 0.6652379631996155, 0.843532919883728, -1.0001301765441895, -0.9996373653411865, -0.9996249079704285, -0.6000000238418579, 0.12523818016052246, -0.9744728803634644, -0.6893184185028076, -1.0, -0.9927908182144165, -0.9565579295158386, -0.9896889328956604, -0.08874119073152542, 0.6898326277732849, -0.791051983833313, -0.5578433275222778, -0.6464288830757141, -0.9711630344390869, -0.5700165629386902, -0.7592289447784424, -0.7894337177276611], [-0.9426781535148621, 0.843686044216156, 0.10177583247423172, 0.004073870833963156, 0.9961884021759033, 0.08713239431381226, -0.9989646673202515, -0.6568908095359802, 0.8950497508049011, -0.5350966453552246, -1.0000957250595093, -0.9999325275421143, -1.0000696182250977, -1.0, -0.22980061173439026, -0.9415451884269714, -0.830157458782196, -0.8724644184112549, -0.9925684928894043, -0.8820009827613831, -0.9907740354537964, -0.41333574056625366, -0.1366504281759262, -0.791051983833313, -0.5578433275222778, -0.6464288830757141, -0.9711630344390869, -0.5700165629386902, -0.7592289447784424, -0.7894337177276611], [-0.4815910756587982, -0.2628777027130127, 0.9459741711616516, -0.9999805092811584, 0.0036424114368855953, -0.00507662259042263, -0.997019350528717, -0.47543302178382874, -0.258161723613739, 0.9391441345214844, -0.9999719858169556, -0.9999576807022095, -0.9999550580978394, -0.6000000238418579, 0.014685693196952343, -0.9714741110801697, -0.6827574968338013, -1.0, -0.9938328862190247, -1.0, -0.9898258447647095, -0.16580912470817566, 0.16974923014640808, -0.791051983833313, -0.5578433275222778, -0.6464288830757141, -0.9711630344390869, -0.5700165629386902, -0.7592289447784424, -0.7894337177276611], [-0.4797990918159485, -0.7853119969367981, 1.0, 0.005112338811159134, -0.9950277805328369, 0.09946635365486145, -0.9953742623329163, -0.553975522518158, -0.6548426747322083, 0.8680763840675354, -1.0003061294555664, -0.9999080300331116, -0.9995836615562439, -0.6000000238418579, -0.12318591773509979, -0.9699494242668152, -0.7132699489593506, -0.7590169906616211, -0.9930344223976135, -1.0, -0.9899793267250061, -0.6893752217292786, 0.07529763132333755, -0.791051983833313, -0.5578433275222778, -0.6464288830757141, -0.9711630344390869, -0.5700165629386902, -0.7592289447784424, -0.7894337177276611], [-0.9284793138504028, -0.8563483953475952, 0.0928332656621933, 0.012373040430247784, -0.9955357313156128, 0.09357084333896637, -0.9989679455757141, -0.6490263938903809, -0.9080676436424255, -0.5281479358673096, -1.0000940561294556, -0.9999479055404663, -1.0000805854797363, -1.0, 0.22849062085151672, -0.9434514045715332, -0.8282003998756409, -0.8706542253494263, -0.9931429624557495, -1.0, -0.9883944988250732, 0.13048429787158966, 0.42337360978126526, -0.791051983833313, -0.5578433275222778, -0.6464288830757141, -0.9711630344390869, -0.5700165629386902, -0.7592289447784424, -0.7894337177276611]], "general_static": {"gains_and_scale_normalized": [-0.7910519906487578, -0.5578433421447635, -0.6464288819775583], "mass_normalized": [-0.9711630576200423], "robot_dimensions_normalized": [-0.5700165501894285, -0.7592289644628999, -0.7894337066254064], "trunk_attributes_normalized": [-0.9703752608554103, 0.10974704012932524, -0.008486565858093265, 0.8759592876391604, -0.9984716895167608, -1.0079287432240063, -0.9954915961471159]},