{"n_joints": 12, "joint_descriptions": [[0.5672306418418884, 0.2649390697479248, 0.9135349988937378, 0.9999403953552246, 0.01084586139768362, -0.00126184883993119, -0.9972551465034485, 0.5519486665725708, 0.26153457164764404, 0.9144537448883057, -0.9999805092811584, -0.9999635815620422, -0.9999517798423767, -0.6000000238418579, 0.01576310582458973, -0.975391149520874, -0.6653308272361755, -0.8288966417312622, -0.9930649995803833, -1.0, -0.9912489652633667, -0.16105780005455017, 0.16510051488876343, -0.7916994094848633, -0.5596928596496582, -0.6465452909469604, -0.9724999070167542, -0.5752691030502319, -0.7722061276435852, -0.8048496246337891], [0.5580401420593262, 0.8328455686569214, 1.0, -0.0013372621033340693, 0.9945473074913025, 0.10427780449390411, -0.9954565763473511, 0.4902767837047577, 0.7112042903900146, 0.87525475025177, -1.0001322031021118, -0.9996094107627869, -0.9996541738510132, -0.6000000238418579, 0.12184296548366547, -0.9747971892356873, -0.6780031323432922, -0.8234091401100159, -0.9929970502853394, -0.9072293639183044, -0.9910608530044556, -0.23306630551815033, 0.5451581478118896, -0.7916994094848633, -0.5596928596496582, -0.6465452909469604, -0.9724999070167542, -0.5752691030502319, -0.7722061276435852, -0.8048496246337891], [0.1400262415409088, 0.9212583303451538, 0.10267292708158493, 0.007356706075370312, 0.9961909651756287, 0.08688745647668839, -0.9990095496177673, 0.41100409626960754, 0.961334764957428, -0.5263564586639404, -1.0000896453857422, -0.9999253749847412, -1.0000678300857544, -1.0, -0.23092924058437347, -0.9486435651779175, -0.8282577991485596, -0.9795721173286438, -0.9929333329200745, -1.0, -0.98964524269104, -0.41103723645210266, -0.12725695967674255, -0.7916994094848633, -0.5596928596496582, -0.6465452909469604, -0.9724999070167542, -0.5752691030502319, -0.7722061276435852, -0.8048496246337891], [0.5716198086738586, -0.2599690854549408, 0.9275379776954651, 0.9998916983604431, 0.013874202966690063, 0.004908396862447262, -0.9972712397575378, 0.5491679310798645, -0.2818543612957001, 0.9092308878898621, -0.9999814629554749, -0.999955952167511, -0.9999557137489319, -0.6000000238418579, -0.01593858376145363, -0.9720728397369385, -0.6819561123847961, -1.0, -0.9929153919219971, -0.9725742936134338, -0.9894912838935852, -0.1645878106355667, 0.16014410555362701, -0.7916994094848633, -0.5596928596496582, -0.6465452909469604, -0.9724999070167542, -0.5752691030502319, -0.7722061276435852, -0.8048496246337891], [0.5791948437690735, -0.8351324796676636, 0.9826673269271851, -0.00014579424168914557, -0.9947822690010071, 0.1020205095410347, -0.9951266646385193, 0.5063202977180481, -0.71793532371521, 0.8265146613121033, -1.0003163814544678, -0.9998635649681091, -0.9995968341827393, -0.6000000238418579, -0.12422003597021103, -0.9696219563484192, -0.677253246307373, -0.837003231048584, -0.9939047694206238, -1.0, -0.9892646670341492, -0.5352438688278198, 0.2437656819820404, -0.7916994094848633, -0.5596928596496582, -0.6465452909469604, -0.9724999070167542, -0.5752691030502319, -0.7722061276435852, -0.8048496246337891], [0.14721010625362396, -0.9182748794555664, 0.10737621039152145, 0.012748959474265575, -0.9944484829902649, 0.10444941371679306, -0.9989607334136963, 0.4023899734020233, -0.9597611427307129, -0.5408604145050049, -1.0000957250595093, -0.9999379515647888, -1.0000795125961304, -1.0, 0.22929562628269196, -0.9456944465637207, -0.8431481719017029, -0.8058519959449768, -0.9920229315757751, -1.0, -0.9891539216041565, 0.12141205370426178, 0.4113757014274597, -0.7916994094848633, -0.5596928596496582, -0.6465452909469604, -0.9724999070167542, -0.5752691030502319, -0.7722061276435852, -0.8048496246337891], [-0.5130175948143005, 0.26974719762802124, 0.9122058153152466, -0.9999890923500061, -0.0015507049392908812, 0.004403066821396351, -0.9971795678138733, -0.4975728690624237, 0.29932019114494324, 0.9081310033798218, -0.9999802708625793, -0.9999616742134094, -0.9999465942382812, -0.6000000238418579, -0.013423766940832138, -0.9726207256317139, -0.6844338774681091, -1.0, -0.9926695227622986, -1.0, -0.989982008934021, -0.16307461261749268, 0.16228044033050537, -0.7916994094848633, -0.5596928596496582, -0.6465452909469604, -0.9724999070167542, -0.5752691030502319, -0.7722061276435852, -0.8048496246337891], [-0.5114005208015442, 0.8232038021087646, 0.9778756499290466, 0.0031634450424462557, 0.9966058135032654, 0.08226079493761063, -0.9955689311027527, -0.5937126874923706, 0.7079596519470215, 0.8437395095825195, -1.0001311302185059, -0.9996212720870972, -0.9996469616889954, -0.6000000238418579, 0.12464626133441925, -0.975213885307312, -0.7133116722106934, -1.0, -0.9933647513389587, -0.8761466145515442, -0.9898205995559692, -0.08607304841279984, 0.6900648474693298, -0.7916994094848633, -0.5596928596496582, -0.6465452909469604, -0.9724999070167542, -0.5752691030502319, -0.7722061276435852, -0.8048496246337891], [-0.9433685541152954, 0.8988979458808899, 0.09921552985906601, 0.0053137242794036865, 0.9965140223503113, 0.08325586467981339, -0.99900221824646, -0.6763958930969238, 0.9559100866317749, -0.5278319120407104, -1.0000978708267212, -0.9999234080314636, -1.0000665187835693, -1.0, -0.2299034595489502, -0.9453528523445129, -0.841070830821991, -0.8213289380073547, -0.9922196269035339, -0.9202373623847961, -0.9913324117660522, -0.4103921949863434, -0.1369905173778534, -0.7916994094848633, -0.5596928596496582, -0.6465452909469604, -0.9724999070167542, -0.5752691030502319, -0.7722061276435852, -0.8048496246337891], [-0.5161697268486023, -0.2745070159435272, 0.9440485239028931, -0.9999204277992249, -0.006814586464315653, -0.010615880601108074, -0.9972320199012756, -0.5083204507827759, -0.2745164930820465, 0.926665186882019, -0.9999823570251465, -0.9999552965164185, -0.9999569654464722, -0.6000000238418579, 0.01464590709656477, -0.9712961316108704, -0.6780181527137756, -1.0, -0.9935077428817749, -1.0, -0.9898353815078735, -0.16921259462833405, 0.1670340746641159, -0.7916994094848633, -0.5596928596496582, -0.6465452909469604, -0.9724999070167542, -0.5752691030502319, -0.7722061276435852, -0.8048496246337891], [-0.5096777677536011, -0.8290582299232483, 0.9964560270309448, 0.001748566748574376, -0.9951493740081787, 0.0983600988984108, -0.9956473708152771, -0.5817855596542358, -0.6950627565383911, 0.8547129034996033, -1.0003182888031006, -0.9998879432678223, -0.9995980858802795, -0.6000000238418579, -0.12378253787755966, -0.9695655703544617, -0.7223985195159912, -0.795185387134552, -0.9927669167518616, -0.9790207147598267, -0.9899868369102478, -0.6908745169639587, 0.08013216406106949, -0.7916994094848633, -0.5596928596496582, -0.6465452909469604, -0.9724999070167542, -0.5752691030502319, -0.7722061276435852, -0.8048496246337891], [-0.9317954778671265, -0.8924388885498047, 0.10244087874889374, -0.007484972942620516, -0.9950055480003357, 0.09953872859477997, -0.9990133047103882, -0.6625097393989563, -0.9568849802017212, -0.5179727673530579, -1.00009024143219, -0.9999409914016724, -1.000080943107605, -1.0, 0.22937479615211487, -0.9476110339164734, -0.8283864855766296, -0.8055264353752136, -0.9931707978248596, -1.0, -0.9891979694366455, 0.1277431696653366, 0.4272337257862091, -0.7916994094848633, -0.5596928596496582, -0.6465452909469604, -0.9724999070167542, -0.5752691030502319, -0.7722061276435852, -0.8048496246337891]], "general_static": {"gains_and_scale_normalized": [-0.7916994273970189, -0.5596928703838793, -0.6465452823066569], "mass_normalized": [-0.972499884103912], "robot_dimensions_normalized": [-0.5752691180651683, -0.7722061552850362, -0.804849643116397], "trunk_attributes_normalized": [-0.9714013931834943, 0.08209317971850716, -0.009208769021276653, 0.8900853796916597, -0.9989569899472246, -1.0076844409360104, -0.9950165784911013]},