{"n_joints": 12, "joint_descriptions": [[0.5769798755645752, 0.30011895298957825, 0.9059959650039673, 0.9999326467514038, 0.010648898780345917, -0.004619791638106108, -0.9974260926246643, 0.5590578317642212, 0.29675018787384033, 0.914595365524292, -0.9999873042106628, -0.9999438524246216, -0.9999523162841797, -0.6000000238418579, 0.016460111364722252, -0.9728305339813232, -0.6951335668563843, -0.8298249244689941, -0.9932758212089539, -1.0, -0.9902066588401794, -0.15401700139045715, 0.1642487645149231, -0.770496666431427, -0.5686265826225281, -0.6284412145614624, -0.9738996624946594, -0.559285581111908, -0.770645260810852, -0.8151687979698181], [0.5780763626098633, 0.8426588773727417, 1.0, -0.005717577412724495, 0.9938173294067383, 0.1108800396323204, -0.9956423044204712, 0.5114025473594666, 0.7144685983657837, 0.8466150760650635, -1.0000543594360352, -0.9995237588882446, -0.9997175931930542, -0.6000000238418579, 0.12557469308376312, -0.9745218753814697, -0.6855250597000122, -0.859344482421875, -0.9934509992599487, -1.0, -0.9902321100234985, -0.23656761646270752, 0.5365718007087708, -0.770496666431427, -0.5686265826225281, -0.6284412145614624, -0.9738996624946594, -0.559285581111908, -0.770645260810852, -0.8151687979698181], [0.1954660564661026, 0.894873857498169, 0.15792827308177948, 0.008449234068393707, 0.9950116276741028, 0.0994005799293518, -0.999058723449707, 0.4135228395462036, 0.9331653714179993, -0.45257532596588135, -1.0000849962234497, -0.9998934864997864, -1.0000554323196411, -1.0, -0.2295791506767273, -0.9458175301551819, -0.8306336402893066, -1.0, -0.992652177810669, -0.8774624466896057, -0.9891360402107239, -0.4271541237831116, -0.1299460232257843, -0.770496666431427, -0.5686265826225281, -0.6284412145614624, -0.9738996624946594, -0.559285581111908, -0.770645260810852, -0.8151687979698181], [0.5765544772148132, -0.24092353880405426, 0.8742631077766418, 0.9998946189880371, -0.009522086009383202, 0.010956528596580029, -0.9973782896995544, 0.5671098232269287, -0.2675759196281433, 0.8784126043319702, -0.9999854564666748, -0.9999396800994873, -0.9999671578407288, -0.6000000238418579, -0.017652899026870728, -0.9731349945068359, -0.714562714099884, -0.9143775105476379, -0.9932376146316528, -1.0, -0.991420567035675, -0.16058330237865448, 0.16187481582164764, -0.770496666431427, -0.5686265826225281, -0.6284412145614624, -0.9738996624946594, -0.559285581111908, -0.770645260810852, -0.8151687979698181], [0.5765895247459412, -0.7936885952949524, 0.9583226442337036, -0.005149698816239834, -0.9927740693092346, 0.11988802999258041, -0.9954573512077332, 0.518021285533905, -0.6929889917373657, 0.8210526704788208, -1.0003410577774048, -0.9997490048408508, -0.9996300935745239, -0.6000000238418579, -0.12399328500032425, -0.9708911180496216, -0.6924819946289062, -0.882307231426239, -0.9932257533073425, -1.0, -0.989424467086792, -0.5338966250419617, 0.24984721839427948, -0.770496666431427, -0.5686265826225281, -0.6284412145614624, -0.9738996624946594, -0.559285581111908, -0.770645260810852, -0.8151687979698181], [0.20218665897846222, -0.8873704075813293, 0.09559181332588196, -0.010999179445207119, -0.9918872117996216, 0.12664417922496796, -0.999057412147522, 0.4346848428249359, -0.9484922885894775, -0.5098369717597961, -1.0000807046890259, -0.9999125003814697, -1.00007963180542, -1.0, 0.22886227071285248, -0.9492141604423523, -0.8501625657081604, -0.7365875244140625, -0.9932478070259094, -1.0, -0.9904757738113403, 0.12796743214130402, 0.42677420377731323, -0.770496666431427, -0.5686265826225281, -0.6284412145614624, -0.9738996624946594, -0.559285581111908, -0.770645260810852, -0.8151687979698181], [-0.5619117021560669, 0.292592316865921, 0.8655118346214294, -0.9998651146888733, -0.00642367172986269, 0.015114214271306992, -0.9972965717315674, -0.5446120500564575, 0.3212963342666626, 0.8512056469917297, -0.9999873638153076, -0.9999470710754395, -0.9999521970748901, -0.6000000238418579, -0.017282895743846893, -0.970221996307373, -0.7202005386352539, -0.9514924883842468, -0.9940529465675354, -0.8822518587112427, -0.9886842966079712, -0.15836206078529358, 0.15400592982769012, -0.770496666431427, -0.5686265826225281, -0.6284412145614624, -0.9738996624946594, -0.559285581111908, -0.770645260810852, -0.8151687979698181], [-0.5611348152160645, 0.8112732768058777, 0.9542783498764038, 0.006678536534309387, 0.9920093417167664, 0.12598733603954315, -0.9953827857971191, -0.6285845637321472, 0.6987090110778809, 0.8191609382629395, -1.0000594854354858, -0.9995217323303223, -0.9997045397758484, -0.6000000238418579, 0.12523014843463898, -0.9741425514221191, -0.6891806125640869, -1.0, -0.9922881722450256, -0.8787932395935059, -0.9900565147399902, -0.08076250553131104, 0.6990220546722412, -0.770496666431427, -0.5686265826225281, -0.6284412145614624, -0.9738996624946594, -0.559285581111908, -0.770645260810852, -0.8151687979698181], [-0.9460473656654358, 0.89182448387146, 0.09331837296485901, -0.006563503760844469, 0.9926811456680298, 0.1205863431096077, -0.9990557432174683, -0.7139292359352112, 0.9652988910675049, -0.5129443407058716, -1.0000814199447632, -0.9998946189880371, -1.0000481605529785, -1.0, -0.23088084161281586, -0.9528279900550842, -0.8389085531234741, -1.0, -0.9925422072410583, -1.0, -0.9888152480125427, -0.4191550612449646, -0.12462896853685379, -0.770496666431427, -0.5686265826225281, -0.6284412145614624, -0.9738996624946594, -0.559285581111908, -0.770645260810852, -0.8151687979698181], [-0.5601891875267029, -0.25261980295181274, 0.8725907206535339, -0.9998967051506042, 0.001768608926795423, -0.014264654368162155, -0.997355580329895, -0.5369102954864502, -0.24861682951450348, 0.8523037433624268, -0.9999873638153076, -0.9999384880065918, -0.9999628663063049, -0.6000000238418579, 0.014332703314721584, -0.9752740263938904, -0.7129256129264832, -0.8962650299072266, -0.993707001209259, -0.9161556363105774, -0.9905518889427185, -0.15897904336452484, 0.158147931098938, -0.770496666431427, -0.5686265826225281, -0.6284412145614624, -0.9738996624946594, -0.559285581111908, -0.770645260810852, -0.8151687979698181], [-0.5574150085449219, -0.793972909450531, 0.9224599003791809, -0.008142626844346523, -0.9949981570243835, 0.09956087172031403, -0.9956640601158142, -0.6188576817512512, -0.674751341342926, 0.7853864431381226, -1.0003657341003418, -0.9997460842132568, -0.9996239542961121, -0.6000000238418579, -0.12151221930980682, -0.970027506351471, -0.721130907535553, -0.9053665399551392, -0.9929290413856506, -0.9633145332336426, -0.9905409216880798, -0.6987786293029785, 0.0890895277261734, -0.770496666431427, -0.5686265826225281, -0.6284412145614624, -0.9738996624946594, -0.559285581111908, -0.770645260810852, -0.8151687979698181], [-0.9252802133560181, -0.8609375953674316, 0.05509413778781891, 0.0006965067004784942, -0.9973410367965698, 0.07287264615297318, -0.9990492463111877, -0.6900228261947632, -0.9037122130393982, -0.5552496910095215, -1.0000768899917603, -0.9999020099639893, -1.0000735521316528, -1.0, 0.2309207320213318, -0.9499581456184387, -0.8242228627204895, -0.7539313435554504, -0.9930375218391418, -0.9821797013282776, -0.9898540377616882, 0.12923437356948853, 0.41859570145606995, -0.770496666431427, -0.5686265826225281, -0.6284412145614624, -0.9738996624946594, -0.559285581111908, -0.770645260810852, -0.8151687979698181]], "general_static": {"gains_and_scale_normalized": [-0.7704966816649466, -0.5686266006549175, -0.6284412127168508], "mass_normalized": [-0.973899641195977], "robot_dimensions_normalized": [-0.5592855740040956, -0.7706452463248556, -0.8151687801486347], "trunk_attributes_normalized": [-0.973449990966579, 0.06204747283545542, 0.034049871858876646, 0.8618558431588554, -0.9992053270853769, -1.0068339583154469, -0.9927145604851199]},