{"n_joints": 12, "joint_descriptions": [[0.580582320690155, 0.3197016716003418, 0.9127204418182373, 0.9999062418937683, 0.01258658803999424, -0.005395861342549324, -0.99728924036026, 0.5615981221199036, 0.3192974627017975, 0.9193518757820129, -0.9999855756759644, -0.9999334216117859, -0.9999537467956543, -0.6000000238418579, 0.016021281480789185, -0.9725927710533142, -0.6949301958084106, -0.8688620328903198, -0.9931982755661011, -1.0, -0.9899519085884094, -0.1532210409641266, 0.16274036467075348, -0.7710003852844238, -0.5573843717575073, -0.626304030418396, -0.9729134440422058, -0.5463609099388123, -0.7728341221809387, -0.8123645782470703], [0.579461395740509, 0.8613568544387817, 1.0, -0.007583328522741795, 0.9947618246078491, 0.10193806141614914, -0.995447039604187, 0.5119653344154358, 0.7357171177864075, 0.8510392308235168, -1.0000221729278564, -0.9994655251502991, -0.9997368454933167, -0.6000000238418579, 0.12549959123134613, -0.9733401536941528, -0.683436393737793, -0.8955650925636292, -0.9930842518806458, -1.0, -0.9897063970565796, -0.23903720080852509, 0.5365597009658813, -0.7710003852844238, -0.5573843717575073, -0.626304030418396, -0.9729134440422058, -0.5463609099388123, -0.7728341221809387, -0.8123645782470703], [0.20047494769096375, 0.909579336643219, 0.15270927548408508, 0.008051550015807152, 0.9947742223739624, 0.10178139805793762, -0.9990159869194031, 0.4198443293571472, 0.9492183923721313, -0.46326789259910583, -1.0000793933868408, -0.9998743534088135, -1.000050663948059, -1.0, -0.22966957092285156, -0.9456300139427185, -0.8272930383682251, -1.0, -0.992792010307312, -0.9040489792823792, -0.9893736243247986, -0.42742419242858887, -0.12833791971206665, -0.7710003852844238, -0.5573843717575073, -0.626304030418396, -0.9729134440422058, -0.5463609099388123, -0.7728341221809387, -0.8123645782470703], [0.5791434645652771, -0.22630192339420319, 0.8831624984741211, 0.9999497532844543, -0.008897420950233936, -0.004616842605173588, -0.997261643409729, 0.5672991871833801, -0.2528878450393677, 0.8851521015167236, -0.9999870657920837, -0.9999300837516785, -0.9999672770500183, -0.6000000238418579, -0.016933854669332504, -0.9729127883911133, -0.7017020583152771, -0.8684280514717102, -0.9933266639709473, -0.9824206829071045, -0.9912059307098389, -0.16282138228416443, 0.16202665865421295, -0.7710003852844238, -0.5573843717575073, -0.626304030418396, -0.9729134440422058, -0.5463609099388123, -0.7728341221809387, -0.8123645782470703], [0.5807648301124573, -0.7832579016685486, 0.9512983560562134, 0.004186693113297224, -0.9939154386520386, 0.11006626486778259, -0.9952409267425537, 0.519281804561615, -0.680858314037323, 0.8152735233306885, -1.0003626346588135, -0.9996855854988098, -0.9996301531791687, -0.6000000238418579, -0.12375009804964066, -0.9712467193603516, -0.6799440979957581, -0.8526685237884521, -0.9931103587150574, -1.0, -0.9896872043609619, -0.5349380373954773, 0.2489740550518036, -0.7710003852844238, -0.5573843717575073, -0.626304030418396, -0.9729134440422058, -0.5463609099388123, -0.7728341221809387, -0.8123645782470703], [0.2081732600927353, -0.8804522156715393, 0.09006676077842712, -0.012930122204124928, -0.9931070804595947, 0.11649536341428757, -0.9990222454071045, 0.44053635001182556, -0.9440908432006836, -0.5210970044136047, -1.0000728368759155, -0.9998904466629028, -1.0000762939453125, -1.0, 0.2290673404932022, -0.9480441808700562, -0.8419616222381592, -0.7490377426147461, -0.9929147958755493, -1.0, -0.9899215698242188, 0.12955164909362793, 0.42532655596733093, -0.7710003852844238, -0.5573843717575073, -0.626304030418396, -0.9729134440422058, -0.5463609099388123, -0.7728341221809387, -0.8123645782470703], [-0.5642294883728027, 0.31411081552505493, 0.8798412680625916, -0.9998713135719299, 0.015907831490039825, -0.0020824912935495377, -0.9971763491630554, -0.5491323471069336, 0.3440491557121277, 0.8694708943367004, -0.9999862313270569, -0.9999370574951172, -0.9999523758888245, -0.6000000238418579, -0.01682235486805439, -0.9695679545402527, -0.7088260650634766, -0.9032021760940552, -0.9938923716545105, -0.9040923714637756, -0.9885382652282715, -0.1595573127269745, 0.1561705768108368, -0.7710003852844238, -0.5573843717575073, -0.626304030418396, -0.9729134440422058, -0.5463609099388123, -0.7728341221809387, -0.8123645782470703], [-0.565382182598114, 0.8336716294288635, 0.9652554392814636, -0.011927379295229912, 0.9941437244415283, 0.10740582644939423, -0.9951935410499573, -0.6327189207077026, 0.7196406126022339, 0.8323917984962463, -1.0000230073928833, -0.9994608759880066, -0.9997339248657227, -0.6000000238418579, 0.12491083145141602, -0.9728999137878418, -0.6908546090126038, -0.9713423848152161, -0.992303192615509, -0.8910877108573914, -0.9899650812149048, -0.07943908870220184, 0.6993327736854553, -0.7710003852844238, -0.5573843717575073, -0.626304030418396, -0.9729134440422058, -0.5463609099388123, -0.7728341221809387, -0.8123645782470703], [-0.9469311237335205, 0.9043505191802979, 0.09194664657115936, -0.004083653446286917, 0.9945552945137024, 0.10413040220737457, -0.9990196824073792, -0.7144218683242798, 0.9712291359901428, -0.5126520395278931, -1.0000756978988647, -0.9998792409896851, -1.0000483989715576, -1.0, -0.23043720424175262, -0.952349066734314, -0.831798255443573, -1.0, -0.9926693439483643, -1.0, -0.9885379672050476, -0.4194096624851227, -0.12714987993240356, -0.7710003852844238, -0.5573843717575073, -0.626304030418396, -0.9729134440422058, -0.5463609099388123, -0.7728341221809387, -0.8123645782470703], [-0.5627276301383972, -0.22990931570529938, 0.8894581198692322, -0.9998852014541626, -0.00897038634866476, 0.01221260242164135, -0.9972377419471741, -0.5391021370887756, -0.22852244973182678, 0.8685953617095947, -0.9999854564666748, -0.9999275207519531, -0.9999674558639526, -0.6000000238418579, 0.014429778791964054, -0.974341630935669, -0.7062390446662903, -0.8689081072807312, -0.9933127760887146, -0.9441580772399902, -0.9904085993766785, -0.16143359243869781, 0.15859264135360718, -0.7710003852844238, -0.5573843717575073, -0.626304030418396, -0.9729134440422058, -0.5463609099388123, -0.7728341221809387, -0.8123645782470703], [-0.5591305494308472, -0.7696154713630676, 0.9347404837608337, -0.01032156404107809, -0.9948303699493408, 0.10102494806051254, -0.9954491257667542, -0.6212471723556519, -0.6522118449211121, 0.8002976179122925, -1.0003737211227417, -0.9996775388717651, -0.9996262192726135, -0.6000000238418579, -0.12209783494472504, -0.969495415687561, -0.7182386517524719, -0.8979679942131042, -0.9930028319358826, -1.0, -0.990416407585144, -0.6976804733276367, 0.08872223645448685, -0.7710003852844238, -0.5573843717575073, -0.626304030418396, -0.9729134440422058, -0.5463609099388123, -0.7728341221809387, -0.8123645782470703], [-0.9300922751426697, -0.8314221501350403, 0.06452777236700058, -0.025776388123631477, -0.9951177835464478, 0.09526906907558441, -0.9990159869194031, -0.6980791687965393, -0.898460865020752, -0.5493131279945374, -1.0000728368759155, -0.9998900294303894, -1.0000770092010498, -1.0, 0.2303910106420517, -0.9493703246116638, -0.8252729177474976, -0.7572178244590759, -0.9927417635917664, -1.0, -0.989439845085144, 0.13112932443618774, 0.41993433237075806, -0.7710003852844238, -0.5573843717575073, -0.626304030418396, -0.9729134440422058, -0.5463609099388123, -0.7728341221809387, -0.8123645782470703]], "general_static": {"gains_and_scale_normalized": [-0.7710004119305015, -0.557384365063267, -0.626304010021193], "mass_normalized": [-0.9729134570323833], "robot_dimensions_normalized": [-0.5463608831102607, -0.7728340935422777, -0.8123645787131768], "trunk_attributes_normalized": [-0.9726857701644464, 0.0626139626078781, 0.046901786821015756, 0.8691571458399499, -0.9992086789734574, -1.006538916739599, -0.9916239457208843]},