{"n_joints": 12, "joint_descriptions": [[0.5752692222595215, 0.30474409461021423, 0.9046542048454285, 0.9999446272850037, 0.010243515484035015, 0.002402631565928459, -0.997474730014801, 0.5579825043678284, 0.30073389410972595, 0.9131436944007874, -0.9999871850013733, -0.9999481439590454, -0.9999515414237976, -0.6000000238418579, 0.01664295233786106, -0.9728682041168213, -0.6954292058944702, -0.8177959322929382, -0.9932779669761658, -1.0, -0.9902561902999878, -0.15453463792800903, 0.16458186507225037, -0.7707812786102295, -0.5720927715301514, -0.6300357580184937, -0.974273681640625, -0.5645190477371216, -0.7724934220314026, -0.8165981769561768], [0.5768360495567322, 0.8535608053207397, 1.0, 0.0016776153352111578, 0.9946972727775574, 0.10283220559358597, -0.9957133531570435, 0.5099664330482483, 0.723881185054779, 0.8456673622131348, -1.0000635385513306, -0.9995437860488892, -0.9997128844261169, -0.6000000238418579, 0.1255422979593277, -0.9749113321304321, -0.6872437000274658, -0.852557897567749, -0.9935860633850098, -1.0, -0.9904333353042603, -0.23577579855918884, 0.5368810296058655, -0.7707812786102295, -0.5720927715301514, -0.6300357580184937, -0.974273681640625, -0.5645190477371216, -0.7724934220314026, -0.8165981769561768], [0.19347961246967316, 0.9119327068328857, 0.1543561816215515, 0.008885216899216175, 0.9923660159111023, 0.12300724536180496, -0.9990753531455994, 0.4132925570011139, 0.9548162221908569, -0.4519335627555847, -1.0000841617584229, -0.9998970031738281, -1.0000544786453247, -1.0, -0.22963760793209076, -0.9460923671722412, -0.8322295546531677, -1.0, -0.9926198720932007, -0.8708559274673462, -0.989080548286438, -0.426815927028656, -0.13049659132957458, -0.7707812786102295, -0.5720927715301514, -0.6300357580184937, -0.974273681640625, -0.5645190477371216, -0.7724934220314026, -0.8165981769561768], [0.5758183598518372, -0.2397203892469406, 0.8726303577423096, 0.9999054074287415, 0.0034973882138729095, 0.013303088024258614, -0.9974228739738464, 0.5671650171279907, -0.26631486415863037, 0.8768613338470459, -0.9999876022338867, -0.9999430775642395, -0.9999659657478333, -0.6000000238418579, -0.017873918637633324, -0.973151683807373, -0.7199878096580505, -0.9269574284553528, -0.9931964874267578, -1.0, -0.991462230682373, -0.15971165895462036, 0.16160888969898224, -0.7707812786102295, -0.5720927715301514, -0.6300357580184937, -0.974273681640625, -0.5645190477371216, -0.7724934220314026, -0.8165981769561768], [0.5759515762329102, -0.7969642877578735, 0.9630115628242493, -0.0009303495171479881, -0.9923675656318665, 0.12331166863441467, -0.9955427050590515, 0.5179681181907654, -0.6961249113082886, 0.8245903849601746, -1.0003447532653809, -0.9997595548629761, -0.9996499419212341, -0.6000000238418579, -0.12400642037391663, -0.9708290100097656, -0.6975079774856567, -0.8940774202346802, -0.9932413101196289, -1.0, -0.9893483519554138, -0.5337831377983093, 0.24992422759532928, -0.7707812786102295, -0.5720927715301514, -0.6300357580184937, -0.974273681640625, -0.5645190477371216, -0.7724934220314026, -0.8165981769561768], [0.19972147047519684, -0.8953690528869629, 0.09998544305562973, -0.005955500062555075, -0.994192361831665, 0.10745258629322052, -0.9990713000297546, 0.43252989649772644, -0.9560286402702332, -0.5059413909912109, -1.0000802278518677, -0.9999110698699951, -1.000072717666626, -1.0, 0.22883743047714233, -0.9494503736495972, -0.8528608083724976, -0.7371999621391296, -0.9933789372444153, -1.0, -0.9906752705574036, 0.12738528847694397, 0.4270767271518707, -0.7707812786102295, -0.5720927715301514, -0.6300357580184937, -0.974273681640625, -0.5645190477371216, -0.7724934220314026, -0.8165981769561768], [-0.560448169708252, 0.29676327109336853, 0.8620939254760742, -0.9998630881309509, -0.005405836272984743, -0.015638062730431557, -0.9973430037498474, -0.5423544645309448, 0.32501354813575745, 0.8468283414840698, -0.9999876022338867, -0.9999493956565857, -0.9999535083770752, -0.6000000238418579, -0.017439309507608414, -0.9705479145050049, -0.7238789796829224, -0.9683822393417358, -0.9940882921218872, -0.8772788047790527, -0.9887831211090088, -0.15817241370677948, 0.15340714156627655, -0.7707812786102295, -0.5720927715301514, -0.6300357580184937, -0.974273681640625, -0.5645190477371216, -0.7724934220314026, -0.8165981769561768], [-0.5601913332939148, 0.8218004107475281, 0.951819121837616, -0.006390017922967672, 0.9919388890266418, 0.1265561282634735, -0.9954583048820496, -0.627059817314148, 0.705662190914154, 0.8172158002853394, -1.0000731945037842, -0.9995421767234802, -0.999697744846344, -0.6000000238418579, 0.12528808414936066, -0.974567711353302, -0.6884875893592834, -1.0, -0.9923138618469238, -0.8776172399520874, -0.9900665879249573, -0.08129248023033142, 0.6987509727478027, -0.7707812786102295, -0.5720927715301514, -0.6300357580184937, -0.974273681640625, -0.5645190477371216, -0.7724934220314026, -0.8165981769561768], [-0.9458401799201965, 0.8923507928848267, 0.0894976407289505, -0.013582805171608925, 0.9934165477752686, 0.11374994367361069, -0.9990694522857666, -0.7126336693763733, 0.9647349119186401, -0.5179716348648071, -1.0000814199447632, -0.9999008774757385, -1.0000526905059814, -1.0, -0.2310575693845749, -0.9528715014457703, -0.8418757915496826, -1.0, -0.9925189018249512, -1.0, -0.9889582395553589, -0.41883179545402527, -0.12379258126020432, -0.7707812786102295, -0.5720927715301514, -0.6300357580184937, -0.974273681640625, -0.5645190477371216, -0.7724934220314026, -0.8165981769561768], [-0.5587920546531677, -0.2544860243797302, 0.8675956130027771, -0.9999197125434875, 0.009911369532346725, 0.007892297580838203, -0.9974009394645691, -0.5359151363372803, -0.24988240003585815, 0.8479437232017517, -0.9999870657920837, -0.999941349029541, -0.9999633431434631, -0.6000000238418579, 0.014326322823762894, -0.9755502939224243, -0.7149224281311035, -0.9091856479644775, -0.9938408136367798, -0.90895676612854, -0.9905621409416199, -0.15807917714118958, 0.1582586020231247, -0.7707812786102295, -0.5720927715301514, -0.6300357580184937, -0.974273681640625, -0.5645190477371216, -0.7724934220314026, -0.8165981769561768], [-0.5563674569129944, -0.8032547831535339, 0.9191000461578369, -0.008745894767343998, -0.9956445693969727, 0.09281905740499496, -0.9957372546195984, -0.6182247996330261, -0.6818870902061462, 0.7825567126274109, -1.000362753868103, -0.9997750520706177, -0.9996211528778076, -0.6000000238418579, -0.12133408337831497, -0.9703152179718018, -0.7217326760292053, -0.9027135968208313, -0.9929227232933044, -0.9489967823028564, -0.9905449151992798, -0.6990860104560852, 0.0889810100197792, -0.7707812786102295, -0.5720927715301514, -0.6300357580184937, -0.974273681640625, -0.5645190477371216, -0.7724934220314026, -0.8165981769561768], [-0.924860954284668, -0.8726725578308105, 0.053437087684869766, -0.011280178092420101, -0.9974310398101807, 0.07073979079723358, -0.9990637898445129, -0.6892790794372559, -0.9270880818367004, -0.5565431118011475, -1.0000789165496826, -0.9999097585678101, -1.000075101852417, -1.0, 0.2310945689678192, -0.9500072598457336, -0.8243681192398071, -0.7575522661209106, -0.9931678771972656, -0.9772531390190125, -0.9900357127189636, 0.12839525938034058, 0.41812315583229065, -0.7707812786102295, -0.5720927715301514, -0.6300357580184937, -0.974273681640625, -0.5645190477371216, -0.7724934220314026, -0.8165981769561768]], "general_static": {"gains_and_scale_normalized": [-0.770781288678258, -0.5720927422895088, -0.6300357479828513], "mass_normalized": [-0.9742736539374328], "robot_dimensions_normalized": [-0.564519032422091, -0.7724934161992204, -0.8165981965362188], "trunk_attributes_normalized": [-0.9737427506083493, 0.062232035549462106, 0.03857299947201143, 0.8597492614743585, -0.9993138855400769, -1.0070066140693175, -0.9931804604947426]},