{"n_joints": 12, "joint_descriptions": [[0.5680451393127441, 0.23840424418449402, 0.9029769897460938, 0.9997670650482178, 0.020908350124955177, -0.005352531559765339, -0.9972405433654785, 0.5628975033760071, 0.25227946043014526, 0.8879284858703613, -0.9999793171882629, -0.9999829530715942, -0.9999226331710815, -0.6000000238418579, 0.017558220773935318, -0.9729653596878052, -0.6693044304847717, -0.8164466619491577, -0.9928523898124695, -1.0, -0.990017831325531, -0.17170782387256622, 0.15699511766433716, -0.7737016677856445, -0.5338888168334961, -0.6250019073486328, -0.971595048904419, -0.6024129390716553, -0.7505103349685669, -0.8014665842056274], [0.572127103805542, 0.7886419892311096, 0.9899242520332336, -0.0006004599272273481, 0.9946243762969971, 0.10354685038328171, -0.9953537583351135, 0.5006325840950012, 0.6662886738777161, 0.8633235096931458, -1.0003023147583008, -0.9996342062950134, -0.9994431138038635, -0.6000000238418579, 0.12238094210624695, -0.9739413857460022, -0.7014557719230652, -1.0, -0.9938700795173645, -0.7708016633987427, -0.9912183284759521, -0.2352200746536255, 0.5359147191047668, -0.7737016677856445, -0.5338888168334961, -0.6250019073486328, -0.971595048904419, -0.6024129390716553, -0.7505103349685669, -0.8014665842056274], [0.11973090469837189, 0.8855332732200623, 0.11198312789201736, -0.011607859283685684, 0.9943540692329407, 0.10547634959220886, -0.9990286231040955, 0.4078906774520874, 0.9537327289581299, -0.48154589533805847, -1.000130534172058, -0.9999470114707947, -1.00010085105896, -1.0, -0.2329312264919281, -0.9508801698684692, -0.8514373302459717, -0.8697417378425598, -0.9925714731216431, -0.9737143516540527, -0.9891162514686584, -0.4114950895309448, -0.1266007423400879, -0.7737016677856445, -0.5338888168334961, -0.6250019073486328, -0.971595048904419, -0.6024129390716553, -0.7505103349685669, -0.8014665842056274], [0.5833622217178345, -0.28072643280029297, 0.9095084071159363, 0.9999671578407288, 0.005754014011472464, -0.005704530514776707, -0.9972321391105652, 0.5741621851921082, -0.2821449339389801, 0.9106050133705139, -0.9999803304672241, -0.9999672770500183, -0.9999330043792725, -0.6000000238418579, -0.017615459859371185, -0.9721863269805908, -0.7289745807647705, -0.8485751152038574, -0.9922676682472229, -1.0, -0.9892317056655884, -0.15372343361377716, 0.16255241632461548, -0.7737016677856445, -0.5338888168334961, -0.6250019073486328, -0.971595048904419, -0.6024129390716553, -0.7505103349685669, -0.8014665842056274], [0.5826147198677063, -0.8149604201316833, 1.0, -0.007531218230724335, -0.9918500185012817, 0.1271880567073822, -0.9953994154930115, 0.509265661239624, -0.693586528301239, 0.8489652872085571, -1.0004091262817383, -1.0000276565551758, -0.99945068359375, -0.6000000238418579, -0.1215062290430069, -0.9708335995674133, -0.7306577563285828, -0.9939319491386414, -0.9932671785354614, -1.0, -0.9888472557067871, -0.5426879525184631, 0.23870167136192322, -0.7737016677856445, -0.5338888168334961, -0.6250019073486328, -0.971595048904419, -0.6024129390716553, -0.7505103349685669, -0.8014665842056274], [0.12503117322921753, -0.8820508122444153, 0.11869549751281738, -0.001049404963850975, -0.9928921461105347, 0.1190129965543747, -0.999018669128418, 0.41406118869781494, -0.925299346446991, -0.4901205897331238, -1.0001332759857178, -0.9999715685844421, -1.0001200437545776, -1.0, 0.23101161420345306, -0.9456652402877808, -0.849351167678833, -0.9569628238677979, -0.9940144419670105, -0.864892303943634, -0.991100013256073, 0.1303044855594635, 0.4190181493759155, -0.7737016677856445, -0.5338888168334961, -0.6250019073486328, -0.971595048904419, -0.6024129390716553, -0.7505103349685669, -0.8014665842056274], [-0.4935714602470398, 0.24804140627384186, 0.8931014537811279, -0.9997159838676453, 0.02149774320423603, -0.010286632925271988, -0.9972708821296692, -0.47127920389175415, 0.24364185333251953, 0.8940277695655823, -0.9999784827232361, -0.999982476234436, -0.9999234080314636, -0.6000000238418579, -0.01724247634410858, -0.9755055904388428, -0.710771918296814, -1.0, -0.992762565612793, -1.0, -0.9909157752990723, -0.16608776152133942, 0.1574578881263733, -0.7737016677856445, -0.5338888168334961, -0.6250019073486328, -0.971595048904419, -0.6024129390716553, -0.7505103349685669, -0.8014665842056274], [-0.4973338544368744, 0.8130406737327576, 0.9582980275154114, -0.0028518270701169968, 0.9935718774795532, 0.113166943192482, -0.9953705668449402, -0.5673980712890625, 0.6964244246482849, 0.8306289315223694, -1.0003401041030884, -0.9996255040168762, -0.9994235634803772, -0.6000000238418579, 0.12309519201517105, -0.9741822481155396, -0.6522099375724792, -1.0, -0.9932286143302917, -1.0, -0.9898571968078613, -0.07953140884637833, 0.6980572938919067, -0.7737016677856445, -0.5338888168334961, -0.6250019073486328, -0.971595048904419, -0.6024129390716553, -0.7505103349685669, -0.8014665842056274], [-0.9409036040306091, 0.8789032101631165, 0.09677593410015106, 0.021564381197094917, 0.9942489862442017, 0.10489972680807114, -0.9989917278289795, -0.6622681617736816, 0.8902205228805542, -0.5232849717140198, -1.0001376867294312, -0.9999423623085022, -1.0001134872436523, -1.0, -0.23213988542556763, -0.9415077567100525, -0.8591127395629883, -0.9530105590820312, -0.9926856160163879, -0.7850578427314758, -0.9915233850479126, -0.420276403427124, -0.12254446744918823, -0.7737016677856445, -0.5338888168334961, -0.6250019073486328, -0.971595048904419, -0.6024129390716553, -0.7505103349685669, -0.8014665842056274], [-0.48305946588516235, -0.30206841230392456, 0.8581215143203735, -0.9998868703842163, -0.013717073015868664, -0.006169451866298914, -0.9972518682479858, -0.4789833426475525, -0.3125510811805725, 0.8790702819824219, -0.9999816417694092, -0.999967098236084, -0.9999309778213501, -0.6000000238418579, 0.01630217768251896, -0.972800076007843, -0.6815513968467712, -1.0, -0.9938209056854248, -1.0, -0.9887980818748474, -0.15300500392913818, 0.16703800857067108, -0.7737016677856445, -0.5338888168334961, -0.6250019073486328, -0.971595048904419, -0.6024129390716553, -0.7505103349685669, -0.8014665842056274], [-0.4897458255290985, -0.8627665042877197, 0.9580158591270447, -0.012777343392372131, -0.9953426718711853, 0.09554928541183472, -0.9952545166015625, -0.5697714686393738, -0.7454586029052734, 0.8307637572288513, -1.0004301071166992, -1.000052571296692, -0.9994142651557922, -0.6000000238418579, -0.12163209170103073, -0.975023627281189, -0.6679577827453613, -0.7636006474494934, -0.9935164451599121, -0.9390496611595154, -0.9887690544128418, -0.6974658370018005, 0.07585332542657852, -0.7737016677856445, -0.5338888168334961, -0.6250019073486328, -0.971595048904419, -0.6024129390716553, -0.7505103349685669, -0.8014665842056274], [-0.9222131371498108, -0.9312690496444702, 0.06388288736343384, 0.009279466234147549, -0.9958577156066895, 0.09045038372278214, -0.9990290403366089, -0.6400546431541443, -0.9572862982749939, -0.5472346544265747, -1.0001338720321655, -0.9999685287475586, -1.0001171827316284, -1.0, 0.2299569547176361, -0.9416176080703735, -0.8334837555885315, -1.0, -0.9939947724342346, -1.0, -0.9912810921669006, 0.12173247337341309, 0.42194145917892456, -0.7737016677856445, -0.5338888168334961, -0.6250019073486328, -0.971595048904419, -0.6024129390716553, -0.7505103349685669, -0.8014665842056274]], "general_static": {"gains_and_scale_normalized": [-0.7737016698138659, -0.5338888165173004, -0.6250018850994499], "mass_normalized": [-0.9715950199463632], "robot_dimensions_normalized": [-0.6024129234400788, -0.7505103211234863, -0.8014665954139722], "trunk_attributes_normalized": [-0.9696471058046484, 0.10913205629977529, -0.008373853860011549, 0.8469348616495769, -0.9987066403646948, -1.0121502528989823, -0.9969912565778641]},