{"n_joints": 12, "joint_descriptions": [[0.5774005055427551, 0.27446770668029785, 0.9257445335388184, 0.9999373555183411, 0.0035907384008169174, 0.010600583627820015, -0.997256875038147, 0.562711775302887, 0.2910614311695099, 0.9222754240036011, -0.9999844431877136, -0.9999364614486694, -0.9999598264694214, -0.6000000238418579, 0.015518578700721264, -0.9727123975753784, -0.7027387619018555, -1.0, -0.9931615591049194, -0.951418936252594, -0.9900315403938293, -0.15853434801101685, 0.1609228551387787, -0.7858292460441589, -0.5306181311607361, -0.6294558644294739, -0.9732697606086731, -0.5506919622421265, -0.7836322784423828, -0.8103397488594055], [0.5730981230735779, 0.8258974552154541, 1.0, 0.0011922972043976188, 0.9944565296173096, 0.10514188557863235, -0.9953634142875671, 0.5044589638710022, 0.712496817111969, 0.8723601698875427, -1.0000070333480835, -0.9994983673095703, -0.9997620582580566, -0.6000000238418579, 0.12341342866420746, -0.9715824723243713, -0.7026535868644714, -0.9471877813339233, -0.9930081963539124, -1.0, -0.989806592464447, -0.2439899742603302, 0.5373097658157349, -0.7858292460441589, -0.5306181311607361, -0.6294558644294739, -0.9732697606086731, -0.5506919622421265, -0.7836322784423828, -0.8103397488594055], [0.18778443336486816, 0.8937228918075562, 0.1247759610414505, -0.0022471763659268618, 0.9943551421165466, 0.10607945919036865, -0.9990381598472595, 0.4319964051246643, 0.947651743888855, -0.4834619462490082, -1.0000656843185425, -0.9998809099197388, -1.0000393390655518, -1.0, -0.23173372447490692, -0.9483280777931213, -0.8362211585044861, -0.9717912673950195, -0.9934144020080566, -1.0, -0.9904295802116394, -0.42083728313446045, -0.12946291267871857, -0.7858292460441589, -0.5306181311607361, -0.6294558644294739, -0.9732697606086731, -0.5506919622421265, -0.7836322784423828, -0.8103397488594055], [0.5831146836280823, -0.2602176070213318, 0.9124212861061096, 0.9999991059303284, 0.0009044781909324229, 0.0009595834417268634, -0.9972953796386719, 0.5650118589401245, -0.272106796503067, 0.9120768904685974, -0.999983012676239, -0.9999304413795471, -0.9999717473983765, -0.6000000238418579, -0.014935172162950039, -0.972456693649292, -0.7160630822181702, -0.8572008609771729, -0.9931260347366333, -0.9518345594406128, -0.9899774789810181, -0.16251084208488464, 0.1615496128797531, -0.7858292460441589, -0.5306181311607361, -0.6294558644294739, -0.9732697606086731, -0.5506919622421265, -0.7836322784423828, -0.8103397488594055], [0.5846314430236816, -0.8206285238265991, 0.981326699256897, 0.003842925652861595, -0.9952239990234375, 0.0975421741604805, -0.9954122304916382, 0.5169261693954468, -0.6984720826148987, 0.8553144931793213, -1.0003299713134766, -0.9996806979179382, -0.9996747970581055, -0.6000000238418579, -0.12268175929784775, -0.973522424697876, -0.6785407662391663, -0.8825348019599915, -0.9931479096412659, -0.9794023036956787, -0.990355372428894, -0.5382790565490723, 0.2407905012369156, -0.7858292460441589, -0.5306181311607361, -0.6294558644294739, -0.9732697606086731, -0.5506919622421265, -0.7836322784423828, -0.8103397488594055], [0.20483820140361786, -0.9017234444618225, 0.10894817858934402, -0.0012726513668894768, -0.9946349263191223, 0.10343940556049347, -0.9990364909172058, 0.448434978723526, -0.9541484117507935, -0.49977877736091614, -1.000065803527832, -0.9998970627784729, -1.000065803527832, -1.0, 0.23094022274017334, -0.9478561282157898, -0.8257863521575928, -0.9290136098861694, -0.9930281639099121, -1.0, -0.9896636605262756, 0.127923384308815, 0.4170100688934326, -0.7858292460441589, -0.5306181311607361, -0.6294558644294739, -0.9732697606086731, -0.5506919622421265, -0.7836322784423828, -0.8103397488594055], [-0.5590474605560303, 0.2753303349018097, 0.9188791513442993, -0.9998027086257935, -0.014476422220468521, -0.013600786216557026, -0.9972624778747559, -0.5442638397216797, 0.2932569086551666, 0.9250735640525818, -0.999984622001648, -0.9999374747276306, -0.999959409236908, -0.6000000238418579, -0.015503891743719578, -0.9716771841049194, -0.6808409690856934, -0.8303256630897522, -0.9930872917175293, -1.0, -0.9898445010185242, -0.16196569800376892, 0.16372086107730865, -0.7858292460441589, -0.5306181311607361, -0.6294558644294739, -0.9732697606086731, -0.5506919622421265, -0.7836322784423828, -0.8103397488594055], [-0.5596253275871277, 0.8252883553504944, 0.981686532497406, -0.003237818367779255, 0.9950417280197144, 0.09940552711486816, -0.9953585863113403, -0.6249585747718811, 0.7087681889533997, 0.8528991937637329, -1.0000067949295044, -0.9994949102401733, -0.999765157699585, -0.6000000238418579, 0.12276175618171692, -0.9716620445251465, -0.6901234984397888, -0.8717864155769348, -0.9933061599731445, -0.9945599436759949, -0.9899570941925049, -0.08110672235488892, 0.697955310344696, -0.7858292460441589, -0.5306181311607361, -0.6294558644294739, -0.9732697606086731, -0.5506919622421265, -0.7836322784423828, -0.8103397488594055], [-0.9436094164848328, 0.8952237963676453, 0.09870206564664841, -0.00783557165414095, 0.9945892095565796, 0.10359008610248566, -0.9990421533584595, -0.7003669738769531, 0.9581629037857056, -0.5108389854431152, -1.0000642538070679, -0.9998824596405029, -1.000038743019104, -1.0, -0.2305888831615448, -0.9485623836517334, -0.8384210467338562, -0.9235686659812927, -0.9934309124946594, -1.0, -0.9895532131195068, -0.41901901364326477, -0.13105663657188416, -0.7858292460441589, -0.5306181311607361, -0.6294558644294739, -0.9732697606086731, -0.5506919622421265, -0.7836322784423828, -0.8103397488594055], [-0.5612553954124451, -0.2600841522216797, 0.915679931640625, -0.9999838471412659, 0.004697742406278849, 0.0032058386132121086, -0.9973071217536926, -0.5434762835502625, -0.27511462569236755, 0.9128756523132324, -0.99998539686203, -0.9999313950538635, -0.999971866607666, -0.6000000238418579, 0.01551186665892601, -0.9718157649040222, -0.6877012848854065, -0.9241801500320435, -0.9928394556045532, -1.0, -0.9897295236587524, -0.16262713074684143, 0.16230499744415283, -0.7858292460441589, -0.5306181311607361, -0.6294558644294739, -0.9732697606086731, -0.5506919622421265, -0.7836322784423828, -0.8103397488594055], [-0.5618420243263245, -0.8171000480651855, 0.9620873332023621, 0.00354349915869534, -0.9944577217102051, 0.10507749766111374, -0.995414137840271, -0.6290116906166077, -0.697740375995636, 0.8317975401878357, -1.0003209114074707, -0.9996837973594666, -0.9996812343597412, -0.6000000238418579, -0.12365908175706863, -0.9719750285148621, -0.7025596499443054, -0.8650709986686707, -0.9931443929672241, -1.0, -0.9897294044494629, -0.6981223821640015, 0.08111757785081863, -0.7858292460441589, -0.5306181311607361, -0.6294558644294739, -0.9732697606086731, -0.5506919622421265, -0.7836322784423828, -0.8103397488594055], [-0.9471958875656128, -0.8965603113174438, 0.07883141934871674, 0.002549555851146579, -0.9948844313621521, 0.10098736733198166, -0.9990347623825073, -0.7045719623565674, -0.9441930651664734, -0.5351756811141968, -1.0000656843185425, -0.9998963475227356, -1.0000646114349365, -1.0, 0.2305603325366974, -0.9461209177970886, -0.8419435620307922, -0.8915855288505554, -0.9932034611701965, -1.0, -0.9900546669960022, 0.1283576339483261, 0.41898590326309204, -0.7858292460441589, -0.5306181311607361, -0.6294558644294739, -0.9732697606086731, -0.5506919622421265, -0.7836322784423828, -0.8103397488594055]], "general_static": {"gains_and_scale_normalized": [-0.7858292480163768, -0.5306181565016601, -0.6294558607899701], "mass_normalized": [-0.9732697407142749], "robot_dimensions_normalized": [-0.5506919517501165, -0.7836322823672516, -0.8103397584406691], "trunk_attributes_normalized": [-0.9730350819769162, 0.06923212608692975, 0.0004579877288046763, 0.883624108675019, -0.9991122443488429, -1.0056492217058688, -0.9921385917533223]},