{"n_joints": 12, "joint_descriptions": [[0.5781115889549255, 0.27464091777801514, 0.9262285828590393, 0.9999209642410278, -0.00032253272365778685, -0.012565972283482552, -0.99720698595047, 0.562333881855011, 0.28912386298179626, 0.9218042492866516, -0.9999842643737793, -0.9999315738677979, -0.9999589323997498, -0.6000000238418579, 0.015384174883365631, -0.9724687337875366, -0.7025802731513977, -0.996574878692627, -0.9931474328041077, -0.9634787440299988, -0.9899770617485046, -0.15683883428573608, 0.16009588539600372, -0.7835995554924011, -0.5324403643608093, -0.6253179907798767, -0.972891092300415, -0.5451596975326538, -0.7830833196640015, -0.8100241422653198], [0.5737621188163757, 0.8219594955444336, 1.0, -0.004860231187194586, 0.9955427646636963, 0.09418576955795288, -0.9953058958053589, 0.5047184824943542, 0.7071467638015747, 0.869563102722168, -0.9999943971633911, -0.9994687438011169, -0.9997665882110596, -0.6000000238418579, 0.12390318512916565, -0.9714101552963257, -0.7022214531898499, -0.9666900038719177, -0.9928606152534485, -1.0, -0.9895523190498352, -0.2442089021205902, 0.5370729565620422, -0.7835995554924011, -0.5324403643608093, -0.6253179907798767, -0.972891092300415, -0.5451596975326538, -0.7830833196640015, -0.8100241422653198], [0.19189001619815826, 0.8844751119613647, 0.1262180209159851, 0.000916755641810596, 0.9954952001571655, 0.09480728209018707, -0.9990195035934448, 0.4309864938259125, 0.9319383502006531, -0.4858410060405731, -1.0000661611557007, -0.9998720288276672, -1.0000410079956055, -1.0, -0.23150867223739624, -0.9482783079147339, -0.8328763246536255, -0.992579460144043, -0.9933806657791138, -1.0, -0.9903640747070312, -0.42257261276245117, -0.1287665069103241, -0.7835995554924011, -0.5324403643608093, -0.6253179907798767, -0.972891092300415, -0.5451596975326538, -0.7830833196640015, -0.8100241422653198], [0.583722710609436, -0.2634527087211609, 0.9098709225654602, 0.9999997019767761, -0.00033463657018728554, -0.0006666983244940639, -0.9972515106201172, 0.565849244594574, -0.2789206802845001, 0.9096619486808777, -0.9999830722808838, -0.9999260306358337, -0.9999719858169556, -0.6000000238418579, -0.014956888742744923, -0.9721296429634094, -0.7107729911804199, -0.8362110257148743, -0.9932116866111755, -0.9427813291549683, -0.9901825189590454, -0.16364657878875732, 0.161658376455307, -0.7835995554924011, -0.5324403643608093, -0.6253179907798767, -0.972891092300415, -0.5451596975326538, -0.7830833196640015, -0.8100241422653198], [0.5851685404777527, -0.8272890448570251, 0.9730010032653809, -0.002615454373881221, -0.9955445528030396, 0.09425608813762665, -0.9953030347824097, 0.5177415609359741, -0.7073855400085449, 0.8459435701370239, -1.000345230102539, -0.9996594786643982, -0.9996621012687683, -0.6000000238418579, -0.1226050853729248, -0.9733080267906189, -0.6745051741600037, -0.8649173378944397, -0.9931402802467346, -0.9976176023483276, -0.9903876185417175, -0.5387575030326843, 0.24230295419692993, -0.7835995554924011, -0.5324403643608093, -0.6253179907798767, -0.972891092300415, -0.5451596975326538, -0.7830833196640015, -0.8100241422653198], [0.20896735787391663, -0.906975507736206, 0.10155022889375687, -0.0006141454796306789, -0.9949582815170288, 0.1002875417470932, -0.999016523361206, 0.4499853253364563, -0.9545955061912537, -0.5111668705940247, -1.0000662803649902, -0.9998891949653625, -1.000067949295044, -1.0, 0.23057062923908234, -0.9469134211540222, -0.8257896304130554, -0.8946442008018494, -0.9928625822067261, -1.0, -0.9894552230834961, 0.12855124473571777, 0.41822364926338196, -0.7835995554924011, -0.5324403643608093, -0.6253179907798767, -0.972891092300415, -0.5451596975326538, -0.7830833196640015, -0.8100241422653198], [-0.5605112910270691, 0.2777246832847595, 0.9175665378570557, -0.999803364276886, 0.014336418360471725, -0.013702327385544777, -0.9971965551376343, -0.5467112064361572, 0.2992686331272125, 0.9219583868980408, -0.9999826550483704, -0.9999330043792725, -0.9999588131904602, -0.6000000238418579, -0.015729673206806183, -0.9709299802780151, -0.6833242177963257, -0.8247462511062622, -0.993211567401886, -1.0, -0.9894942045211792, -0.16267997026443481, 0.16317176818847656, -0.7835995554924011, -0.5324403643608093, -0.6253179907798767, -0.972891092300415, -0.5451596975326538, -0.7830833196640015, -0.8100241422653198], [-0.5603960752487183, 0.8234061002731323, 0.9852558374404907, -0.002492371713742614, 0.994796097278595, 0.10185512155294418, -0.9952566027641296, -0.6252371668815613, 0.7064459323883057, 0.8553280234336853, -0.9999951124191284, -0.9994691014289856, -0.9997615814208984, -0.6000000238418579, 0.12310448288917542, -0.9713354110717773, -0.6920986771583557, -0.8716511130332947, -0.9931086301803589, -0.9747155904769897, -0.9899510145187378, -0.08069749176502228, 0.6976860165596008, -0.7835995554924011, -0.5324403643608093, -0.6253179907798767, -0.972891092300415, -0.5451596975326538, -0.7830833196640015, -0.8100241422653198], [-0.941589891910553, 0.8994547724723816, 0.09956665337085724, -0.004376452416181564, 0.9951503276824951, 0.0982685536146164, -0.9990273714065552, -0.6999334096908569, 0.9640303254127502, -0.5076335072517395, -1.0000656843185425, -0.9998756647109985, -1.0000386238098145, -1.0, -0.23037287592887878, -0.9493575692176819, -0.8343196511268616, -0.9249111413955688, -0.9933590292930603, -1.0, -0.9892041087150574, -0.4190414249897003, -0.1315506547689438, -0.7835995554924011, -0.5324403643608093, -0.6253179907798767, -0.972891092300415, -0.5451596975326538, -0.7830833196640015, -0.8100241422653198], [-0.5635116100311279, -0.26079297065734863, 0.9181715846061707, -0.9999521970748901, 0.003869421547278762, 0.008982032537460327, -0.9972493648529053, -0.5440372824668884, -0.2734604775905609, 0.9105938673019409, -0.9999849796295166, -0.9999265074729919, -0.9999719858169556, -0.6000000238418579, 0.015273872762918472, -0.9719803929328918, -0.689914345741272, -0.9006621837615967, -0.9927533268928528, -1.0, -0.9897052049636841, -0.1636236310005188, 0.16243118047714233, -0.7835995554924011, -0.5324403643608093, -0.6253179907798767, -0.972891092300415, -0.5451596975326538, -0.7830833196640015, -0.8100241422653198], [-0.5637111663818359, -0.8183960318565369, 0.962773859500885, 0.0037963376380503178, -0.9941621422767639, 0.10782933235168457, -0.9953526258468628, -0.6304165720939636, -0.6979069113731384, 0.8336178660392761, -1.000333547592163, -0.9996564984321594, -0.9996716380119324, -0.6000000238418579, -0.12361931800842285, -0.9712026715278625, -0.7063899636268616, -0.8718590140342712, -0.9932055473327637, -1.0, -0.9897189140319824, -0.6986504197120667, 0.08278857916593552, -0.7835995554924011, -0.5324403643608093, -0.6253179907798767, -0.972891092300415, -0.5451596975326538, -0.7830833196640015, -0.8100241422653198], [-0.947365403175354, -0.8922699093818665, 0.08258122950792313, 0.003094778163358569, -0.9951890110969543, 0.09792483597993851, -0.999018132686615, -0.7088331580162048, -0.9370690584182739, -0.534799337387085, -1.0000667572021484, -0.9998890161514282, -1.000065565109253, -1.0, 0.2303253561258316, -0.9462419748306274, -0.8394127488136292, -0.862997829914093, -0.9930213093757629, -1.0, -0.9897924065589905, 0.12957018613815308, 0.4187297224998474, -0.7835995554924011, -0.5324403643608093, -0.6253179907798767, -0.972891092300415, -0.5451596975326538, -0.7830833196640015, -0.8100241422653198]], "general_static": {"gains_and_scale_normalized": [-0.7835995494646716, -0.532440393784891, -0.6253179696155486], "mass_normalized": [-0.9728911062927488], "robot_dimensions_normalized": [-0.5451596914987478, -0.7830833338969876, -0.810024142728403], "trunk_attributes_normalized": [-0.9728009503795553, 0.06741422660008922, -0.0012121564746711, 0.8825015417849522, -0.9990590519613324, -1.0057259886312646, -0.9916243872335028]},