{"n_joints": 12, "joint_descriptions": [[0.5651331543922424, 0.2989639639854431, 0.8959231376647949, 0.9999979734420776, -0.0015953058609738946, 0.0012361385161057115, -0.9976322054862976, 0.5528961420059204, 0.2965662181377411, 0.8972058296203613, -0.9999885559082031, -0.9999668598175049, -0.999946653842926, -0.6000000238418579, 0.017571907490491867, -0.9732790589332581, -0.6938641667366028, -0.7727503776550293, -0.9933815002441406, -1.0, -0.9901614189147949, -0.1592337042093277, 0.16390492022037506, -0.7735913395881653, -0.5795163512229919, -0.6425480842590332, -0.9754807949066162, -0.591549277305603, -0.7723284959793091, -0.8192945122718811], [0.5708411335945129, 0.8574532270431519, 1.0, 0.001639427850022912, 0.9929335117340088, 0.11866087466478348, -0.9959520101547241, 0.504491925239563, 0.7234592437744141, 0.8473965525627136, -1.000136375427246, -0.9996377825737, -0.9996620416641235, -0.6000000238418579, 0.12487775832414627, -0.9762009978294373, -0.6983254551887512, -0.8769142627716064, -0.9941534996032715, -0.9659881591796875, -0.9913440346717834, -0.23290078341960907, 0.5386210083961487, -0.7735913395881653, -0.5795163512229919, -0.6425480842590332, -0.9754807949066162, -0.591549277305603, -0.7723284959793091, -0.8192945122718811], [0.16973337531089783, 0.9269059300422668, 0.14320339262485504, 0.021520739421248436, 0.9939610958099365, 0.1076020672917366, -0.999136745929718, 0.4028463363647461, 0.9583225250244141, -0.4547869563102722, -1.0000940561294556, -0.9999281764030457, -1.0000667572021484, -1.0, -0.23060379922389984, -0.9485698342323303, -0.8415830135345459, -1.0, -0.9925424456596375, -0.8656408786773682, -0.9889584183692932, -0.42299792170524597, -0.13178294897079468, -0.7735913395881653, -0.5795163512229919, -0.6425480842590332, -0.9754807949066162, -0.591549277305603, -0.7723284959793091, -0.8192945122718811], [0.5743194818496704, -0.2398129254579544, 0.8697806596755981, 0.9998798966407776, -0.011783993802964687, 0.01006367988884449, -0.9975796937942505, 0.5684462189674377, -0.26122644543647766, 0.8700147867202759, -0.9999881982803345, -0.9999591708183289, -0.9999591112136841, -0.6000000238418579, -0.01861467771232128, -0.972858190536499, -0.7449912428855896, -0.9391359090805054, -0.9928971529006958, -1.0, -0.9912698864936829, -0.15533895790576935, 0.16082733869552612, -0.7735913395881653, -0.5795163512229919, -0.6425480842590332, -0.9754807949066162, -0.591549277305603, -0.7723284959793091, -0.8192945122718811], [0.576299786567688, -0.7987921237945557, 0.9812758564949036, -0.003319687442854047, -0.9923956394195557, 0.12304414063692093, -0.9958730340003967, 0.5176995992660522, -0.6936736702919006, 0.8388911485671997, -1.0003266334533691, -0.9998906850814819, -0.9996296763420105, -0.6000000238418579, -0.12341365963220596, -0.9707843065261841, -0.7225478887557983, -0.954679012298584, -0.9932898879051208, -1.0, -0.9890491366386414, -0.5356234312057495, 0.24818462133407593, -0.7735913395881653, -0.5795163512229919, -0.6425480842590332, -0.9754807949066162, -0.591549277305603, -0.7723284959793091, -0.8192945122718811], [0.17803312838077545, -0.8952579498291016, 0.12094398587942123, -0.0031379517167806625, -0.9932044744491577, 0.11634030193090439, -0.9991274476051331, 0.4211779534816742, -0.9580484628677368, -0.4882006347179413, -1.0000905990600586, -0.9999445080757141, -1.0000799894332886, -1.0, 0.22913995385169983, -0.9488838315010071, -0.8621501326560974, -0.78120356798172, -0.9940028786659241, -1.0, -0.9914992451667786, 0.12566131353378296, 0.42664214968681335, -0.7735913395881653, -0.5795163512229919, -0.6425480842590332, -0.9754807949066162, -0.591549277305603, -0.7723284959793091, -0.8192945122718811], [-0.5466151833534241, 0.2927612364292145, 0.8525412082672119, -0.9998409152030945, -0.01254954282194376, 0.012674530036747456, -0.9975182414054871, -0.5242448449134827, 0.31230470538139343, 0.8369707465171814, -0.9999884963035583, -0.9999678134918213, -0.9999478459358215, -0.6000000238418579, -0.018016263842582703, -0.9726145267486572, -0.7354873418807983, -1.0, -0.9940101504325867, -0.8814171552658081, -0.9895374774932861, -0.15956002473831177, 0.15208886563777924, -0.7735913395881653, -0.5795163512229919, -0.6425480842590332, -0.9754807949066162, -0.591549277305603, -0.7723284959793091, -0.8192945122718811], [-0.5438001751899719, 0.8382095694541931, 0.9418056607246399, -0.010631773620843887, 0.9939456582069397, 0.10935711860656738, -0.9957543015480042, -0.6126593947410583, 0.7150896191596985, 0.8138070702552795, -1.0001472234725952, -0.9996280670166016, -0.9996388554573059, -0.6000000238418579, 0.12508836388587952, -0.9761043787002563, -0.6811339855194092, -1.0, -0.9926098585128784, -0.9034625887870789, -0.9903056621551514, -0.08318016678094864, 0.6970111727714539, -0.7735913395881653, -0.5795163512229919, -0.6425480842590332, -0.9754807949066162, -0.591549277305603, -0.7723284959793091, -0.8192945122718811], [-0.9438247680664062, 0.903937041759491, 0.08954260498285294, 0.00018819389515556395, 0.9931116104125977, 0.11717213690280914, -0.9991123676300049, -0.701163649559021, 0.9591556787490845, -0.5272238254547119, -1.000087857246399, -0.9999228715896606, -1.0000653266906738, -1.0, -0.23194502294063568, -0.9513989090919495, -0.8566276431083679, -1.0, -0.9925150275230408, -0.9872432947158813, -0.9899185299873352, -0.41827067732810974, -0.120573490858078, -0.7735913395881653, -0.5795163512229919, -0.6425480842590332, -0.9754807949066162, -0.591549277305603, -0.7723284959793091, -0.8192945122718811], [-0.5444584488868713, -0.2673693895339966, 0.8442491888999939, -0.9999929666519165, -0.001037156325764954, -0.003600040916353464, -0.9975677132606506, -0.5260438919067383, -0.26385757327079773, 0.8350337743759155, -0.9999902248382568, -0.9999563097953796, -0.9999562501907349, -0.6000000238418579, 0.014613467268645763, -0.9761322736740112, -0.7177467942237854, -0.9864059686660767, -0.9943361282348633, -0.9003207683563232, -0.9902278780937195, -0.15387298166751862, 0.16092340648174286, -0.7735913395881653, -0.5795163512229919, -0.6425480842590332, -0.9754807949066162, -0.591549277305603, -0.7723284959793091, -0.8192945122718811], [-0.5455266237258911, -0.8364519476890564, 0.9130972623825073, 0.0004414211434777826, -0.9957174062728882, 0.09244780242443085, -0.9959620833396912, -0.6112522482872009, -0.7117745876312256, 0.777918815612793, -1.000352382659912, -0.9999057650566101, -0.9995924234390259, -0.6000000238418579, -0.12076947838068008, -0.9722293615341187, -0.7168939113616943, -0.8423344492912292, -0.9930647611618042, -0.8934556245803833, -0.9901896119117737, -0.698319137096405, 0.08629447966814041, -0.7735913395881653, -0.5795163512229919, -0.6425480842590332, -0.9754807949066162, -0.591549277305603, -0.7723284959793091, -0.8192945122718811], [-0.9220362305641174, -0.917838990688324, 0.043572816997766495, 0.003102336311712861, -0.996612012386322, 0.08218839019536972, -0.9991271495819092, -0.6751583218574524, -0.9596033096313477, -0.5586001873016357, -1.0000863075256348, -0.9999377727508545, -1.0000795125961304, -1.0, 0.23149535059928894, -0.9486005306243896, -0.8275829553604126, -0.8187821507453918, -0.9938481450080872, -0.9914693832397461, -0.9909945130348206, 0.12372708320617676, 0.4177005887031555, -0.7735913395881653, -0.5795163512229919, -0.6425480842590332, -0.9754807949066162, -0.591549277305603, -0.7723284959793091, -0.8192945122718811]], "general_static": {"gains_and_scale_normalized": [-0.7735913522067258, -0.5795163517274822, -0.6425480969800914], "mass_normalized": [-0.9754807691848963], "robot_dimensions_normalized": [-0.5915492851831694, -0.7723285149801382, -0.8192945050847925], "trunk_attributes_normalized": [-0.9744888035928921, 0.06855660019532839, 0.04296728516266568, 0.8443020744726084, -0.9993459786715112, -1.0080431240214949, -0.9952775191361577]},