{"n_joints": 12, "joint_descriptions": [[0.5772355794906616, 0.27281567454338074, 0.9201667308807373, 0.999988853931427, 0.0011911855544894934, 0.0045632291585206985, -0.9972068667411804, 0.560634970664978, 0.28514787554740906, 0.9166862964630127, -0.9999821782112122, -0.9999447464942932, -0.999954342842102, -0.6000000238418579, 0.015260379761457443, -0.9699345827102661, -0.705837070941925, -0.9961305856704712, -0.9930567741394043, -0.8842639923095703, -0.9898794293403625, -0.1543954461812973, 0.15892428159713745, -0.7681007981300354, -0.5401530265808105, -0.6337944269180298, -0.9720966815948486, -0.5545858144760132, -0.7760650515556335, -0.8051080107688904], [0.5740154981613159, 0.8346060514450073, 1.0, -0.00047651916975155473, 0.9941231608390808, 0.1082538515329361, -0.9952358603477478, 0.5069001913070679, 0.7134890556335449, 0.8698821067810059, -1.0000535249710083, -0.9995222687721252, -0.9997056126594543, -0.6000000238418579, 0.12262243032455444, -0.9718889594078064, -0.6638906598091125, -0.9096738696098328, -0.992730438709259, -0.9451850056648254, -0.9903513789176941, -0.2440900206565857, 0.5427643656730652, -0.7681007981300354, -0.5401530265808105, -0.6337944269180298, -0.9720966815948486, -0.5545858144760132, -0.7760650515556335, -0.8051080107688904], [0.1801338940858841, 0.8916493058204651, 0.12284200638532639, -0.014046202413737774, 0.9952265620231628, 0.0965752825140953, -0.9990066885948181, 0.4343569576740265, 0.9545961618423462, -0.49611541628837585, -1.0000805854797363, -0.9998952746391296, -1.000052809715271, -1.0, -0.23064859211444855, -0.9456233978271484, -0.8431974649429321, -0.9874789714813232, -0.9929022192955017, -0.9805899262428284, -0.9897688031196594, -0.4253626763820648, -0.12863850593566895, -0.7681007981300354, -0.5401530265808105, -0.6337944269180298, -0.9720966815948486, -0.5545858144760132, -0.7760650515556335, -0.8051080107688904], [0.5801072716712952, -0.277555912733078, 0.8935999274253845, 0.9999979138374329, 0.0008946467423811555, -0.001823156257160008, -0.9972314238548279, 0.5670551061630249, -0.2861995995044708, 0.8867539763450623, -0.9999807476997375, -0.9999368786811829, -0.9999660849571228, -0.6000000238418579, -0.014268589206039906, -0.9703850746154785, -0.6914961934089661, -0.8250148296356201, -0.9933203458786011, -0.9317525625228882, -0.9903284311294556, -0.1615007072687149, 0.16080757975578308, -0.7681007981300354, -0.5401530265808105, -0.6337944269180298, -0.9720966815948486, -0.5545858144760132, -0.7760650515556335, -0.8051080107688904], [0.5875892043113708, -0.8168131709098816, 0.9659023880958557, -0.0008925162255764008, -0.9954336881637573, 0.09545138478279114, -0.9951680898666382, 0.5209046006202698, -0.7093937397003174, 0.832409143447876, -1.0003408193588257, -0.9997373223304749, -0.999624490737915, -0.6000000238418579, -0.12388238310813904, -0.9703602194786072, -0.7024612426757812, -0.8813288807868958, -0.9928706288337708, -0.9759886860847473, -0.989848256111145, -0.5429099202156067, 0.24161690473556519, -0.7681007981300354, -0.5401530265808105, -0.6337944269180298, -0.9720966815948486, -0.5545858144760132, -0.7760650515556335, -0.8051080107688904], [0.18612447381019592, -0.8838904500007629, 0.10288482904434204, -0.011656691320240498, -0.9958168864250183, 0.09062472730875015, -0.9989983439445496, 0.4340391457080841, -0.9414302110671997, -0.517305314540863, -1.000076174736023, -0.9999074339866638, -1.0000733137130737, -1.0, 0.2311069220304489, -0.9469116926193237, -0.8352423906326294, -0.8093115091323853, -0.9924588799476624, -0.9764506816864014, -0.9904494285583496, 0.12980619072914124, 0.4183238744735718, -0.7681007981300354, -0.5401530265808105, -0.6337944269180298, -0.9720966815948486, -0.5545858144760132, -0.7760650515556335, -0.8051080107688904], [-0.5465691089630127, 0.25848156213760376, 0.8985407948493958, -0.9999359846115112, -0.0006089465459808707, 0.01129942573606968, -0.9972572326660156, -0.530478298664093, 0.26678580045700073, 0.8966483473777771, -0.9999822378158569, -0.9999459385871887, -0.9999542832374573, -0.6000000238418579, -0.016929838806390762, -0.9719151258468628, -0.6769098043441772, -0.9002173542976379, -0.9930993318557739, -0.9491233825683594, -0.9898127913475037, -0.16193804144859314, 0.16411174833774567, -0.7681007981300354, -0.5401530265808105, -0.6337944269180298, -0.9720966815948486, -0.5545858144760132, -0.7760650515556335, -0.8051080107688904], [-0.5455878376960754, 0.8079690933227539, 0.9571475982666016, 0.0047925240360200405, 0.9946863651275635, 0.10283972322940826, -0.9951673746109009, -0.6184297204017639, 0.6900730133056641, 0.8150362968444824, -1.000044345855713, -0.999526858329773, -0.9997151494026184, -0.6000000238418579, 0.12317930161952972, -0.9716804623603821, -0.6730982065200806, -0.969379186630249, -0.9927384257316589, -1.0, -0.9900763034820557, -0.08217819780111313, 0.6966875791549683, -0.7681007981300354, -0.5401530265808105, -0.6337944269180298, -0.9720966815948486, -0.5545858144760132, -0.7760650515556335, -0.8051080107688904], [-0.9442756175994873, 0.8820607662200928, 0.0760764554142952, 0.007408027071505785, 0.9940380454063416, 0.10878203809261322, -0.9990132451057434, -0.69505375623703, 0.9354702830314636, -0.5422402024269104, -1.0000759363174438, -0.9998917579650879, -1.0000492334365845, -1.0, -0.23012666404247284, -0.945428729057312, -0.8359056115150452, -0.9392876625061035, -0.9931592345237732, -1.0, -0.9897397756576538, -0.4123205542564392, -0.13028034567832947, -0.7681007981300354, -0.5401530265808105, -0.6337944269180298, -0.9720966815948486, -0.5545858144760132, -0.7760650515556335, -0.8051080107688904], [-0.5461439490318298, -0.28862103819847107, 0.8929218053817749, -0.9999737739562988, -0.00033517074189148843, 0.007235595025122166, -0.9972237348556519, -0.5311564803123474, -0.2928158938884735, 0.8951440453529358, -0.9999825954437256, -0.9999372363090515, -0.9999659061431885, -0.6000000238418579, 0.014709070324897766, -0.9743056893348694, -0.6619632244110107, -0.9406993985176086, -0.9930652976036072, -1.0, -0.9895886778831482, -0.16276416182518005, 0.15630635619163513, -0.7681007981300354, -0.5401530265808105, -0.6337944269180298, -0.9720966815948486, -0.5545858144760132, -0.7760650515556335, -0.8051080107688904], [-0.5450025200843811, -0.8392886519432068, 0.9491840600967407, -0.005297114606946707, -0.9957743883132935, 0.091680146753788, -0.9952160120010376, -0.614128053188324, -0.7290839552879333, 0.8162614107131958, -1.0003440380096436, -0.9997434020042419, -0.9996301531791687, -0.6000000238418579, -0.12233107537031174, -0.9727360606193542, -0.6979829668998718, -0.8417192101478577, -0.9930644631385803, -0.9807265400886536, -0.9897352457046509, -0.6968589425086975, 0.0788399949669838, -0.7681007981300354, -0.5401530265808105, -0.6337944269180298, -0.9720966815948486, -0.5545858144760132, -0.7760650515556335, -0.8051080107688904], [-0.9466209411621094, -0.915822446346283, 0.07168485969305038, 0.00395237747579813, -0.9949455857276917, 0.10033749788999557, -0.9990065097808838, -0.6894368529319763, -0.9564234614372253, -0.5282490849494934, -1.0000790357589722, -0.9999071359634399, -1.000073790550232, -1.0, 0.2312684804201126, -0.9462600350379944, -0.8370459675788879, -0.9377433061599731, -0.9935761094093323, -1.0, -0.9898553490638733, 0.126536563038826, 0.4248122572898865, -0.7681007981300354, -0.5401530265808105, -0.6337944269180298, -0.9720966815948486, -0.5545858144760132, -0.7760650515556335, -0.8051080107688904]], "general_static": {"gains_and_scale_normalized": [-0.7681007928933525, -0.5401530442441789, -0.6337943981103815], "mass_normalized": [-0.9720966964693669], "robot_dimensions_normalized": [-0.5545858342242764, -0.7760650423224252, -0.8051080099929993], "trunk_attributes_normalized": [-0.9714861138320485, 0.07482307772242303, -0.017223648460899077, 0.8696128117220807, -0.9988860618353095, -1.0068863039252536, -0.9929656949902775]},