{"n_joints": 12, "joint_descriptions": [[0.5246869325637817, 0.2735910713672638, 0.7900261878967285, 0.9999181032180786, 9.524042252451181e-05, 0.01279989629983902, -0.9956421852111816, 0.510565996170044, 0.2860136330127716, 0.7617083787918091, -0.999975323677063, -1.0000364780426025, -0.9995989203453064, -0.6000000238418579, 0.02145083248615265, -0.9831820726394653, -0.5193752646446228, -0.5283953547477722, -0.9924242496490479, -1.0, -0.9923267960548401, -0.19969208538532257, 0.1460251808166504, -0.8172501921653748, -0.5076871514320374, -0.6074486970901489, -0.9600851535797119, -0.6171508431434631, -0.6453700661659241, -0.7948560118675232], [0.5321463346481323, 0.7662832736968994, 0.9183604121208191, 0.04248423874378204, 0.9894487857818604, 0.13851408660411835, -0.9931338429450989, 0.43354305624961853, 0.629524827003479, 0.7876491546630859, -1.0021471977233887, -0.9991375803947449, -0.99714195728302, -0.6000000238418579, 0.1213567778468132, -0.9607227444648743, -0.7781896591186523, -0.9215985536575317, -0.9955474734306335, -1.0, -0.9902310967445374, -0.25475645065307617, 0.5042513012886047, -0.8172501921653748, -0.5076871514320374, -0.6074486970901489, -0.9600851535797119, -0.6171508431434631, -0.6453700661659241, -0.7948560118675232], [0.0732954889535904, 0.8968650698661804, 0.06652156263589859, 0.010859872214496136, 0.9861119985580444, 0.16572634875774384, -0.9985464215278625, 0.32807251811027527, 0.9474464058876038, -0.5073362588882446, -1.0006009340286255, -0.9998677372932434, -1.0004969835281372, -1.0, -0.22896859049797058, -0.9350627660751343, -0.8260210752487183, -0.9516612887382507, -0.989826500415802, -0.9744596481323242, -0.9887043833732605, -0.3833475708961487, -0.12423021346330643, -0.8172501921653748, -0.5076871514320374, -0.6074486970901489, -0.9600851535797119, -0.6171508431434631, -0.6453700661659241, -0.7948560118675232], [0.5577408671379089, -0.19422326982021332, 0.8816019892692566, 0.9994375109672546, 0.01967308670282364, -0.027159569784998894, -0.9954104423522949, 0.5533881783485413, -0.20920075476169586, 0.876595139503479, -0.9999788999557495, -0.999911367893219, -0.9995775818824768, -0.6000000238418579, -0.024467460811138153, -0.9812378287315369, -0.6040856242179871, -1.0, -0.9927815198898315, -0.8402324914932251, -0.9900588989257812, -0.1613621711730957, 0.15532031655311584, -0.8172501921653748, -0.5076871514320374, -0.6074486970901489, -0.9600851535797119, -0.6171508431434631, -0.6453700661659241, -0.7948560118675232], [0.5233157277107239, -0.7836048603057861, 0.9686481952667236, 0.005965312011539936, -0.9877862334251404, 0.1557009518146515, -0.9944285154342651, 0.4479544758796692, -0.6268476247787476, 0.7805573344230652, -1.001876711845398, -1.0006498098373413, -0.9974857568740845, -0.6000000238418579, -0.1252044439315796, -0.9812801480293274, -0.5253676772117615, -1.0, -0.9918391704559326, -0.859998881816864, -0.9886177778244019, -0.5036187171936035, 0.24129599332809448, -0.8172501921653748, -0.5076871514320374, -0.6074486970901489, -0.9600851535797119, -0.6171508431434631, -0.6453700661659241, -0.7948560118675232], [0.07913319021463394, -0.8626238107681274, 0.09941690415143967, -0.04558612033724785, -0.9909728765487671, 0.12607412040233612, -0.9985502362251282, 0.3758968114852905, -0.949926495552063, -0.556044340133667, -1.0007328987121582, -1.0000507831573486, -1.0005302429199219, -1.0, 0.23037317395210266, -0.9545422792434692, -0.766051173210144, -1.0, -0.9959919452667236, -0.6348540782928467, -0.9832421541213989, 0.12936614453792572, 0.426305890083313, -0.8172501921653748, -0.5076871514320374, -0.6074486970901489, -0.9600851535797119, -0.6171508431434631, -0.6453700661659241, -0.7948560118675232], [-0.48130255937576294, 0.3182588517665863, 0.8543049693107605, -0.9996371269226074, 0.015513299033045769, 0.022021140903234482, -0.9962263107299805, -0.4639602601528168, 0.3634825050830841, 0.8263964056968689, -0.9999879598617554, -1.0000114440917969, -0.9996485710144043, -0.6000000238418579, -0.012219669297337532, -0.967301070690155, -0.6070495247840881, -0.944797933101654, -0.9921996593475342, -0.9347883462905884, -0.9888286590576172, -0.16428479552268982, 0.17181396484375, -0.8172501921653748, -0.5076871514320374, -0.6074486970901489, -0.9600851535797119, -0.6171508431434631, -0.6453700661659241, -0.7948560118675232], [-0.4590173661708832, 0.8519946932792664, 1.0, -0.006649674382060766, 0.9982406497001648, 0.05891875550150871, -0.9944058656692505, -0.5109488368034363, 0.7250626683235168, 0.9107498526573181, -1.001605749130249, -0.9987694025039673, -0.9973692893981934, -0.6000000238418579, 0.12432252615690231, -0.9679407477378845, -0.5788183808326721, -0.4831390976905823, -0.9910407066345215, -1.0, -0.9890430569648743, -0.05608581379055977, 0.6796876192092896, -0.8172501921653748, -0.5076871514320374, -0.6074486970901489, -0.9600851535797119, -0.6171508431434631, -0.6453700661659241, -0.7948560118675232], [-0.9286223649978638, 0.9381528496742249, 0.10555271059274673, 0.03348787501454353, 0.998742938041687, 0.03729788213968277, -0.9987618327140808, -0.6363593935966492, 0.9457572102546692, -0.5194839239120483, -1.000636339187622, -0.9999549984931946, -1.0005205869674683, -1.0, -0.22972501814365387, -0.9271578788757324, -0.8225308060646057, -0.6003741025924683, -0.9915026426315308, -0.9718915820121765, -0.9894125461578369, -0.4554574489593506, -0.10486046969890594, -0.8172501921653748, -0.5076871514320374, -0.6074486970901489, -0.9600851535797119, -0.6171508431434631, -0.6453700661659241, -0.7948560118675232], [-0.4938328266143799, -0.2123497724533081, 0.8951494097709656, -0.9983651041984558, -0.05402354151010513, -0.018670231103897095, -0.9961568117141724, -0.4849480092525482, -0.2544526159763336, 0.9459009170532227, -0.9999882578849792, -0.9999430775642395, -0.9996743202209473, -0.6000000238418579, 0.018403321504592896, -0.9549751281738281, -0.7637562155723572, -0.8048626184463501, -0.9920307993888855, -1.0, -0.9881115555763245, -0.1625625044107437, 0.1931801587343216, -0.8172501921653748, -0.5076871514320374, -0.6074486970901489, -0.9600851535797119, -0.6171508431434631, -0.6453700661659241, -0.7948560118675232], [-0.49037230014801025, -0.7822599411010742, 0.9788362979888916, 0.020006194710731506, -0.9851623773574829, 0.17045485973358154, -0.9924967885017395, -0.5809136629104614, -0.6278429627418518, 0.7929744124412537, -1.0022907257080078, -1.0009032487869263, -0.9969238638877869, -0.6000000238418579, -0.12109978497028351, -0.9689623117446899, -0.5529299974441528, -0.8430834412574768, -0.9926907420158386, -0.8518593907356262, -0.9887107014656067, -0.6983548402786255, 0.06447309255599976, -0.8172501921653748, -0.5076871514320374, -0.6074486970901489, -0.9600851535797119, -0.6171508431434631, -0.6453700661659241, -0.7948560118675232], [-0.9303351044654846, -0.8540447354316711, 0.021953262388706207, -0.06816502660512924, -0.9915605783462524, 0.11027774959802628, -0.998555064201355, -0.6544683575630188, -0.9367383122444153, -0.5962661504745483, -1.00068998336792, -1.000036597251892, -1.0006417036056519, -1.0, 0.23354209959506989, -0.9362924098968506, -0.8246923089027405, -1.0, -0.9881102442741394, -0.7578302621841431, -0.9877062439918518, 0.15662044286727905, 0.3862835168838501, -0.8172501921653748, -0.5076871514320374, -0.6074486970901489, -0.9600851535797119, -0.6171508431434631, -0.6453700661659241, -0.7948560118675232]], "general_static": {"gains_and_scale_normalized": [-0.8172502016879861, -0.5076871234986614, -0.6074487124685708], "mass_normalized": [-0.9600851726945132], "robot_dimensions_normalized": [-0.6171508428434245, -0.6453700463165726, -0.7948560351356511], "trunk_attributes_normalized": [-0.9578773269240527, 0.08000934429342887, 0.08740147737757598, 0.82121903132675, -0.9974370395519186, -1.0625724309852485, -0.9935828362695875]},