{"n_joints": 12, "joint_descriptions": [[0.5824434757232666, 0.292310893535614, 0.9299410581588745, 0.9999818205833435, -0.0038557087536901236, 0.004636621568351984, -0.9968147873878479, 0.5693588852882385, 0.3034421503543854, 0.9454102516174316, -0.9999837875366211, -0.999918520450592, -0.9999305009841919, -0.6000000238418579, 0.014531470835208893, -0.9688700437545776, -0.6832358241081238, -1.0, -0.9926230907440186, -0.8790472745895386, -0.9877942204475403, -0.15687860548496246, 0.16787900030612946, -0.7523996233940125, -0.4938924014568329, -0.5890939235687256, -0.9670300483703613, -0.5265200734138489, -0.7557622194290161, -0.8085236549377441], [0.5804335474967957, 0.8581695556640625, 1.0, -0.018047140911221504, 0.9951549768447876, 0.09664802998304367, -0.9943732619285583, 0.5204831957817078, 0.7492905259132385, 0.854362428188324, -1.0001463890075684, -0.999268114566803, -0.9995702505111694, -0.6000000238418579, 0.1237693503499031, -0.973517656326294, -0.6481910943984985, -1.0, -0.9916242361068726, -0.9521398544311523, -0.9887309670448303, -0.23521214723587036, 0.5440081357955933, -0.7523996233940125, -0.4938924014568329, -0.5890939235687256, -0.9670300483703613, -0.5265200734138489, -0.7557622194290161, -0.8085236549377441], [0.20984160900115967, 0.893481433391571, 0.11472069472074509, -0.013289084658026695, 0.9962943196296692, 0.08497638255357742, -0.9988009333610535, 0.4516327381134033, 0.9338503479957581, -0.4912068545818329, -1.000128149986267, -0.9998489618301392, -1.000091314315796, -1.0, -0.23087888956069946, -0.9444565176963806, -0.8132105469703674, -0.9647403359413147, -0.9936243891716003, -1.0, -0.9891138076782227, -0.42467620968818665, -0.12742266058921814, -0.7523996233940125, -0.4938924014568329, -0.5890939235687256, -0.9670300483703613, -0.5265200734138489, -0.7557622194290161, -0.8085236549377441], [0.575840175151825, -0.2755579948425293, 0.8981637954711914, 0.9999111890792847, 0.00219287839718163, -0.013144249096512794, -0.9968255162239075, 0.5590085387229919, -0.2918257713317871, 0.8991977572441101, -0.9999819993972778, -0.999908983707428, -0.9999445676803589, -0.6000000238418579, -0.015620475634932518, -0.9681822061538696, -0.7171443700790405, -0.8885056972503662, -0.9925640821456909, -1.0, -0.9888113737106323, -0.16161644458770752, 0.16299262642860413, -0.7523996233940125, -0.4938924014568329, -0.5890939235687256, -0.9670300483703613, -0.5265200734138489, -0.7557622194290161, -0.8085236549377441], [0.5824929475784302, -0.8240562677383423, 0.9839056134223938, 0.0025623119436204433, -0.9944685101509094, 0.10500412434339523, -0.9939680695533752, 0.5187457203865051, -0.7122899889945984, 0.8570571541786194, -1.0005673170089722, -0.999647319316864, -0.9994017481803894, -0.6000000238418579, -0.12214020639657974, -0.9682013392448425, -0.6884898543357849, -0.8606994152069092, -0.9930160045623779, -1.0, -0.9892481565475464, -0.5435284376144409, 0.2413559854030609, -0.7523996233940125, -0.4938924014568329, -0.5890939235687256, -0.9670300483703613, -0.5265200734138489, -0.7557622194290161, -0.8085236549377441], [0.2081996202468872, -0.9015666842460632, 0.10475675016641617, -0.010937366634607315, -0.9950968027114868, 0.09829891473054886, -0.9988335967063904, 0.44244804978370667, -0.9524879455566406, -0.4801730215549469, -1.0001217126846313, -0.9998689293861389, -1.000121831893921, -1.0, 0.231366366147995, -0.938206672668457, -0.8406236171722412, -0.793778121471405, -0.9918573498725891, -1.0, -0.9907060265541077, 0.12566028535366058, 0.41836270689964294, -0.7523996233940125, -0.4938924014568329, -0.5890939235687256, -0.9670300483703613, -0.5265200734138489, -0.7557622194290161, -0.8085236549377441], [-0.5695354342460632, 0.29026293754577637, 0.9288685321807861, -0.9996955394744873, -0.020708223804831505, 0.013416827656328678, -0.9966141581535339, -0.5537387728691101, 0.2863008975982666, 0.9449664354324341, -0.9999829530715942, -0.9999192953109741, -0.9999244213104248, -0.6000000238418579, -0.016718320548534393, -0.9702416062355042, -0.6744272708892822, -0.8919457793235779, -0.9926630854606628, -1.0, -0.9896701574325562, -0.16234205663204193, 0.15578490495681763, -0.7523996233940125, -0.4938924014568329, -0.5890939235687256, -0.9670300483703613, -0.5265200734138489, -0.7557622194290161, -0.8085236549377441], [-0.5758522748947144, 0.8470783233642578, 0.9980713725090027, 0.003140801563858986, 0.9936612248420715, 0.11237241327762604, -0.9941812753677368, -0.6450488567352295, 0.7348780035972595, 0.8549772500991821, -1.0001282691955566, -0.9992716312408447, -0.9995050430297852, -0.6000000238418579, 0.12283957004547119, -0.9717353582382202, -0.6950196623802185, -1.0, -0.9930264949798584, -0.9427537322044373, -0.9887879490852356, -0.0890762209892273, 0.7058862447738647, -0.7523996233940125, -0.4938924014568329, -0.5890939235687256, -0.9670300483703613, -0.5265200734138489, -0.7557622194290161, -0.8085236549377441], [-0.9467355012893677, 0.9111787676811218, 0.13161151111125946, 0.0015778284287080169, 0.9951109290122986, 0.09875120222568512, -0.9987432956695557, -0.7130100727081299, 0.9613142013549805, -0.46632659435272217, -1.0001294612884521, -0.9998340606689453, -1.0000889301300049, -1.0, -0.2315187156200409, -0.9487794637680054, -0.8317580819129944, -1.0, -0.9925357699394226, -0.9724551439285278, -0.9895464777946472, -0.4129907190799713, -0.13742859661579132, -0.7523996233940125, -0.4938924014568329, -0.5890939235687256, -0.9670300483703613, -0.5265200734138489, -0.7557622194290161, -0.8085236549377441], [-0.5692705512046814, -0.25853821635246277, 0.8921381831169128, -0.9999563097953796, 0.007933865301311016, -0.004939998500049114, -0.9965906143188477, -0.554344117641449, -0.2556982636451721, 0.8713309168815613, -0.9999831318855286, -0.9999023079872131, -0.9999387264251709, -0.6000000238418579, 0.012918014079332352, -0.9726877212524414, -0.6311614513397217, -0.9653337001800537, -0.992732584476471, -0.935781717300415, -0.989809513092041, -0.15750108659267426, 0.15368996560573578, -0.7523996233940125, -0.4938924014568329, -0.5890939235687256, -0.9670300483703613, -0.5265200734138489, -0.7557622194290161, -0.8085236549377441], [-0.5688897967338562, -0.801929235458374, 0.9600706100463867, -0.0038365134969353676, -0.9970384836196899, 0.07680848985910416, -0.9945574998855591, -0.6276493072509766, -0.6909375190734863, 0.8445157408714294, -1.0005239248275757, -0.999678373336792, -0.9994285702705383, -0.6000000238418579, -0.12380624562501907, -0.9694361090660095, -0.7076328992843628, -0.8880630135536194, -0.9925252795219421, -1.0, -0.989739716053009, -0.7011422514915466, 0.088141068816185, -0.7523996233940125, -0.4938924014568329, -0.5890939235687256, -0.9670300483703613, -0.5265200734138489, -0.7557622194290161, -0.8085236549377441], [-0.9383271932601929, -0.8550880551338196, 0.0950603187084198, -0.004303236026316881, -0.9969432950019836, 0.07801016420125961, -0.9988036155700684, -0.7067604064941406, -0.8939831852912903, -0.5182785987854004, -1.0001252889633179, -0.9998573660850525, -1.0001147985458374, -1.0, 0.2295536994934082, -0.9427789449691772, -0.8263419270515442, -0.8762179017066956, -0.993584394454956, -1.0, -0.9890052080154419, 0.11994205415248871, 0.42645329236984253, -0.7523996233940125, -0.4938924014568329, -0.5890939235687256, -0.9670300483703613, -0.5265200734138489, -0.7557622194290161, -0.8085236549377441]], "general_static": {"gains_and_scale_normalized": [-0.7523996080974644, -0.49389239019784303, -0.5890939321385802], "mass_normalized": [-0.9670300314092961], "robot_dimensions_normalized": [-0.5265200913407986, -0.7557622019854833, -0.8085236820400338], "trunk_attributes_normalized": [-0.9667108941293001, 0.06810986072116143, -0.004840286698526208, 0.8849058284664537, -0.9988338998390124, -1.0105670300968241, -0.9898767768952395]},