{"n_joints": 12, "joint_descriptions": [[0.5764487981796265, 0.26110967993736267, 0.9141379594802856, 0.9999883770942688, -0.0010651240590959787, -0.004706425592303276, -0.9975672364234924, 0.5534623861312866, 0.27872416377067566, 0.8961433172225952, -0.9999859929084778, -0.9999655485153198, -0.9999558925628662, -0.6000000238418579, 0.014131439849734306, -0.9760060906410217, -0.7302573919296265, -0.8108290433883667, -0.9923503398895264, -1.0, -0.9914860725402832, -0.16761110723018646, 0.1603359431028366, -0.7779015898704529, -0.5267394185066223, -0.639733612537384, -0.9759528040885925, -0.587913453578949, -0.7748675346374512, -0.8151817917823792], [0.576042890548706, 0.8123928308486938, 1.0, 0.008040943183004856, 0.9968599677085876, 0.07877567410469055, -0.9958876371383667, 0.4984709322452545, 0.6932774782180786, 0.8582134246826172, -1.0001121759414673, -0.9996376037597656, -0.9996830821037292, -0.6000000238418579, 0.12539216876029968, -0.9742802977561951, -0.703482985496521, -0.9275601506233215, -0.9931514263153076, -1.0, -0.9907733798027039, -0.25041860342025757, 0.5441701412200928, -0.7779015898704529, -0.5267394185066223, -0.639733612537384, -0.9759528040885925, -0.587913453578949, -0.7748675346374512, -0.8151817917823792], [0.16086576879024506, 0.8977084159851074, 0.16925452649593353, 0.014417385682463646, 0.9945145845413208, 0.10359984636306763, -0.9991657733917236, 0.42038124799728394, 0.9330555200576782, -0.43779563903808594, -1.000078558921814, -0.9999262690544128, -1.0000587701797485, -1.0, -0.23321004211902618, -0.947879433631897, -0.850871741771698, -0.8228245377540588, -0.9939743876457214, -1.0, -0.9916328191757202, -0.4219750463962555, -0.12738853693008423, -0.7779015898704529, -0.5267394185066223, -0.639733612537384, -0.9759528040885925, -0.587913453578949, -0.7748675346374512, -0.8151817917823792], [0.5846165418624878, -0.2825271785259247, 0.9028604626655579, 0.999984085559845, 0.00524919992312789, 0.0020770318806171417, -0.9975600838661194, 0.5702831149101257, -0.29830479621887207, 0.9048951268196106, -0.9999855160713196, -0.9999586939811707, -0.9999634027481079, -0.6000000238418579, -0.01491843443363905, -0.9742724895477295, -0.7104068398475647, -0.7948638796806335, -0.9933441281318665, -0.8613138794898987, -0.9916311502456665, -0.15330402553081512, 0.15550248324871063, -0.7779015898704529, -0.5267394185066223, -0.639733612537384, -0.9759528040885925, -0.587913453578949, -0.7748675346374512, -0.8151817917823792], [0.5903962850570679, -0.8233858942985535, 0.9636170268058777, 0.0003056538407690823, -0.995232343673706, 0.09753207117319107, -0.9958636164665222, 0.5180040001869202, -0.6972178816795349, 0.8378123044967651, -1.0002999305725098, -0.9998833537101746, -0.9996341466903687, -0.6000000238418579, -0.12424831092357635, -0.9718069434165955, -0.6974179744720459, -1.0, -0.9933239817619324, -1.0, -0.990333616733551, -0.5340923070907593, 0.23552313446998596, -0.7779015898704529, -0.5267394185066223, -0.639733612537384, -0.9759528040885925, -0.587913453578949, -0.7748675346374512, -0.8151817917823792], [0.191041961312294, -0.8855338096618652, 0.0992840975522995, 0.0011420500231906772, -0.9952569603919983, 0.09727448970079422, -0.9991216659545898, 0.43950486183166504, -0.9310795068740845, -0.5195455551147461, -1.0000828504562378, -0.9999403953552246, -1.0000730752944946, -1.0, 0.2310858815908432, -0.9532756209373474, -0.8327053785324097, -0.9351713061332703, -0.9934994578361511, -1.0, -0.9907299280166626, 0.13130441308021545, 0.4107687771320343, -0.7779015898704529, -0.5267394185066223, -0.639733612537384, -0.9759528040885925, -0.587913453578949, -0.7748675346374512, -0.8151817917823792], [-0.5409615635871887, 0.2942192852497101, 0.9036589860916138, -0.9997112154960632, 0.020572634413838387, -0.012421748600900173, -0.9975519180297852, -0.5333471298217773, 0.2926935851573944, 0.9015865325927734, -0.9999867081642151, -0.9999651908874512, -0.9999523162841797, -0.6000000238418579, -0.014022357761859894, -0.9705094695091248, -0.7068963050842285, -1.0, -0.993400514125824, -1.0, -0.9890363216400146, -0.1607620269060135, 0.15340152382850647, -0.7779015898704529, -0.5267394185066223, -0.639733612537384, -0.9759528040885925, -0.587913453578949, -0.7748675346374512, -0.8151817917823792], [-0.5382475852966309, 0.8338636159896851, 0.9626116156578064, -0.0016890746774151921, 0.9957985877990723, 0.09155512601137161, -0.9958333969116211, -0.6119169592857361, 0.6965368986129761, 0.8374326825141907, -1.000111699104309, -0.9996275305747986, -0.999695897102356, -0.6000000238418579, 0.1251857578754425, -0.9732293486595154, -0.7257042527198792, -0.9979509115219116, -0.9934763312339783, -0.8443518877029419, -0.9904128909111023, -0.07944734394550323, 0.6981068849563599, -0.7779015898704529, -0.5267394185066223, -0.639733612537384, -0.9759528040885925, -0.587913453578949, -0.7748675346374512, -0.8151817917823792], [-0.9434550404548645, 0.8941856026649475, 0.08551596105098724, -0.018087022006511688, 0.9952667951583862, 0.09548232704401016, -0.9991366267204285, -0.6792727112770081, 0.9480667114257812, -0.5406435132026672, -1.000085711479187, -0.9999288320541382, -1.0000592470169067, -1.0, -0.23050785064697266, -0.9538357257843018, -0.8382253646850586, -0.8462962508201599, -0.9935406446456909, -1.0, -0.9890903234481812, -0.41774889826774597, -0.13033722341060638, -0.7779015898704529, -0.5267394185066223, -0.639733612537384, -0.9759528040885925, -0.587913453578949, -0.7748675346374512, -0.8151817917823792], [-0.5433489084243774, -0.25054189562797546, 0.9047182202339172, -0.9999157190322876, 0.00382668967358768, 0.012408433482050896, -0.9976299405097961, -0.528411328792572, -0.24774862825870514, 0.8898102641105652, -0.9999870657920837, -0.999957799911499, -0.9999638795852661, -0.6000000238418579, 0.017826709896326065, -0.9744461178779602, -0.6829004883766174, -1.0, -0.9941645860671997, -1.0, -0.9889004230499268, -0.16881239414215088, 0.16125355660915375, -0.7779015898704529, -0.5267394185066223, -0.639733612537384, -0.9759528040885925, -0.587913453578949, -0.7748675346374512, -0.8151817917823792], [-0.5396549105644226, -0.8111783266067505, 0.9734164476394653, -0.005110105965286493, -0.9940434694290161, 0.10886462777853012, -0.9958477020263672, -0.6028216481208801, -0.6862013339996338, 0.8489463329315186, -1.0003198385238647, -0.9998796582221985, -0.9996492266654968, -0.6000000238418579, -0.12112656980752945, -0.9728801846504211, -0.7036486864089966, -0.8190763592720032, -0.9929614663124084, -0.8931443095207214, -0.9897394776344299, -0.6922247409820557, 0.07467088103294373, -0.7779015898704529, -0.5267394185066223, -0.639733612537384, -0.9759528040885925, -0.587913453578949, -0.7748675346374512, -0.8151817917823792], [-0.9420897960662842, -0.9096541404724121, 0.07890751212835312, 0.00501232361420989, -0.9950805902481079, 0.09894167631864548, -0.999167799949646, -0.6755186319351196, -0.9563870429992676, -0.5225075483322144, -1.0000782012939453, -0.9999464154243469, -1.0000709295272827, -1.0, 0.23010332882404327, -0.9481362104415894, -0.8586440086364746, -0.842064619064331, -0.9931049346923828, -0.9437661170959473, -0.9906414747238159, 0.1367252767086029, 0.42597028613090515, -0.7779015898704529, -0.5267394185066223, -0.639733612537384, -0.9759528040885925, -0.587913453578949, -0.7748675346374512, -0.8151817917823792]], "general_static": {"gains_and_scale_normalized": [-0.7779016107855552, -0.5267394189017524, -0.6397336368708311], "mass_normalized": [-0.9759528311678967], "robot_dimensions_normalized": [-0.5879134391166816, -0.7748675263322078, -0.8151818083083181], "trunk_attributes_normalized": [-0.9755605056362223, 0.07427316641165915, 0.014896639416854152, 0.8838126324657387, -0.9992350608431249, -1.006758501835662, -0.9954030103822324]},