{"n_joints": 12, "joint_descriptions": [[0.5775174498558044, 0.2725645899772644, 0.9321895241737366, 0.9999998211860657, -0.0003123056376352906, 0.0005013441550545394, -0.996385395526886, 0.5810391306877136, 0.2697426676750183, 0.9572221040725708, -0.9999833106994629, -0.9997685551643372, -0.9999488592147827, -0.6000000238418579, 0.017437614500522614, -0.9650712609291077, -0.6073451042175293, -1.0, -0.994506299495697, -1.0, -0.9847320914268494, -0.15236926078796387, 0.1613461673259735, -0.8189697861671448, -0.5277562737464905, -0.5886713266372681, -0.9630879163742065, -0.45054852962493896, -0.7811622023582458, -0.799642026424408], [0.5694095492362976, 0.7900438904762268, 0.978517472743988, -0.003837781958281994, 0.9951388239860535, 0.09840703755617142, -0.9933875203132629, 0.5161352753639221, 0.6739529371261597, 0.8783966302871704, -0.9995466470718384, -0.9985167980194092, -0.999900221824646, -0.6000000238418579, 0.11886776983737946, -0.9573763608932495, -0.6411800384521484, -0.802727997303009, -0.9929736852645874, -0.9204983711242676, -0.9883162975311279, -0.22507627308368683, 0.5283224582672119, -0.8189697861671448, -0.5277562737464905, -0.5886713266372681, -0.9630879163742065, -0.45054852962493896, -0.7811622023582458, -0.799642026424408], [0.24770791828632355, 0.8519037961959839, 0.04962287098169327, 0.0018010417697951198, 0.9943900108337402, 0.10576048493385315, -0.9986042380332947, 0.4565954804420471, 0.9070993065834045, -0.5421937108039856, -1.00005042552948, -0.99960857629776, -0.9999919533729553, -1.0, -0.22739167511463165, -0.943938672542572, -0.8253096342086792, -1.0, -0.991245687007904, -0.9223753809928894, -0.9856410026550293, -0.4160224199295044, -0.1299223154783249, -0.8189697861671448, -0.5277562737464905, -0.5886713266372681, -0.9630879163742065, -0.45054852962493896, -0.7811622023582458, -0.799642026424408], [0.5797872543334961, -0.23578861355781555, 0.9091231226921082, 0.9998502731323242, -0.013947468250989914, 0.0102405259385705, -0.9961372017860413, 0.5639656186103821, -0.24263080954551697, 0.9052304625511169, -0.9999800324440002, -0.9997442960739136, -1.0000070333480835, -0.6000000238418579, -0.02240336500108242, -0.9685574173927307, -0.6930700540542603, -0.9611209034919739, -0.9931547045707703, -1.0, -0.9861555099487305, -0.18285788595676422, 0.18988704681396484, -0.8189697861671448, -0.5277562737464905, -0.5886713266372681, -0.9630879163742065, -0.45054852962493896, -0.7811622023582458, -0.799642026424408], [0.5519629120826721, -0.775975227355957, 0.9866860508918762, -0.037918392568826675, -0.9820477366447449, 0.18478216230869293, -0.9945958852767944, 0.5003852248191833, -0.6715025305747986, 0.8452567458152771, -1.000581979751587, -0.9986146688461304, -0.9997149705886841, -0.6000000238418579, -0.12133578956127167, -0.9720910787582397, -0.5100049376487732, -0.5967620611190796, -0.9918637871742249, -1.0, -0.9888584017753601, -0.5716872215270996, 0.27055516839027405, -0.8189697861671448, -0.5277562737464905, -0.5886713266372681, -0.9630879163742065, -0.45054852962493896, -0.7811622023582458, -0.799642026424408], [0.20773406326770782, -0.8445025682449341, 0.14867907762527466, -0.048131104558706284, -0.9956930875778198, 0.07923790067434311, -0.9985421299934387, 0.4370286464691162, -0.9504638910293579, -0.47653621435165405, -1.0000097751617432, -0.9996286034584045, -1.0000799894332886, -1.0, 0.23048405349254608, -0.9356425404548645, -0.8345316648483276, -0.8957427740097046, -0.9922914505004883, -0.8880451321601868, -0.9828552603721619, 0.125871479511261, 0.4429358243942261, -0.8189697861671448, -0.5277562737464905, -0.5886713266372681, -0.9630879163742065, -0.45054852962493896, -0.7811622023582458, -0.799642026424408], [-0.6177037358283997, 0.20093382894992828, 0.9173396229743958, -0.9995723962783813, -0.00435681501403451, -0.02891354076564312, -0.995953381061554, -0.5923846960067749, 0.25979742407798767, 0.929970383644104, -0.9999861717224121, -0.9997798800468445, -0.9999325275421143, -0.6000000238418579, -0.02299061417579651, -0.9762124419212341, -0.662567675113678, -0.6611405611038208, -0.9924179911613464, -0.6532341241836548, -0.9911306500434875, -0.16206921637058258, 0.17210960388183594, -0.8189697861671448, -0.5277562737464905, -0.5886713266372681, -0.9630879163742065, -0.45054852962493896, -0.7811622023582458, -0.799642026424408], [-0.6166167259216309, 0.7625174522399902, 1.0, 0.001025589182972908, 0.9891522526741028, 0.14689046144485474, -0.9942187666893005, -0.6700636744499207, 0.6957740783691406, 0.8654585480690002, -0.9995900988578796, -0.998673677444458, -0.9998432397842407, -0.6000000238418579, 0.11825277656316757, -0.9700530767440796, -0.5870450735092163, -0.8429614901542664, -0.9920797944068909, -1.0, -0.9891259670257568, -0.07899540662765503, 0.6993798613548279, -0.8189697861671448, -0.5277562737464905, -0.5886713266372681, -0.9630879163742065, -0.45054852962493896, -0.7811622023582458, -0.799642026424408], [-0.9441660642623901, 0.8845577836036682, 0.15085038542747498, 0.016112225130200386, 0.9908007383346558, 0.1343664824962616, -0.9988135099411011, -0.755881130695343, 0.9545618891716003, -0.43263739347457886, -1.000037431716919, -0.9996584057807922, -0.9999855160713196, -1.0, -0.229192852973938, -0.9339762330055237, -0.8243311643600464, -1.0, -0.9925038814544678, -0.9153171181678772, -0.9909406900405884, -0.4184064567089081, -0.09212169051170349, -0.8189697861671448, -0.5277562737464905, -0.5886713266372681, -0.9630879163742065, -0.45054852962493896, -0.7811622023582458, -0.799642026424408], [-0.6197296977043152, -0.30534663796424866, 0.8750408291816711, -0.9999314546585083, -0.008847630582749844, -0.007669375743716955, -0.9961874485015869, -0.6032182574272156, -0.33528217673301697, 0.8970053791999817, -1.0000056028366089, -0.9997646808624268, -0.9999814033508301, -0.6000000238418579, 0.01247132197022438, -0.9576531052589417, -0.6822633743286133, -0.7305779457092285, -0.9889774322509766, -0.9250200986862183, -0.9918326139450073, -0.13599833846092224, 0.16000035405158997, -0.8189697861671448, -0.5277562737464905, -0.5886713266372681, -0.9630879163742065, -0.45054852962493896, -0.7811622023582458, -0.799642026424408], [-0.61960369348526, -0.8198239803314209, 0.988350510597229, 0.013447975739836693, -0.9982171654701233, 0.05815219134092331, -0.9931889176368713, -0.686672031879425, -0.7831288576126099, 0.8593693375587463, -1.000763177871704, -0.9984633922576904, -0.999522864818573, -0.6000000238418579, -0.12838351726531982, -0.9703128933906555, -0.6524508595466614, -1.0, -0.9971375465393066, -1.0, -0.9897891879081726, -0.7062554955482483, 0.10979524254798889, -0.8189697861671448, -0.5277562737464905, -0.5886713266372681, -0.9630879163742065, -0.45054852962493896, -0.7811622023582458, -0.799642026424408], [-0.9512954950332642, -0.8604497909545898, 0.145762100815773, 0.005888990126550198, -0.9990798234939575, 0.04248257726430893, -0.9985353946685791, -0.757282555103302, -0.9243188500404358, -0.4937707483768463, -1.000017762184143, -0.9995856285095215, -1.0000522136688232, -1.0, 0.2303830236196518, -0.9419605731964111, -0.7859739661216736, -1.0, -0.9930805563926697, -1.0, -0.9886388182640076, 0.1063479632139206, 0.3919362723827362, -0.8189697861671448, -0.5277562737464905, -0.5886713266372681, -0.9630879163742065, -0.45054852962493896, -0.7811622023582458, -0.799642026424408]], "general_static": {"gains_and_scale_normalized": [-0.8189697836906955, -0.527756291413944, -0.5886713464547118], "mass_normalized": [-0.9630878988950787], "robot_dimensions_normalized": [-0.4505485194218023, -0.7811621786737942, -0.7996420389786102], "trunk_attributes_normalized": [-0.9623979115237251, 0.052405983239887544, -0.07182022027611124, 0.8366490913150164, -0.998585969224426, -1.0044998100509734, -0.9737087453844803]},