{"n_joints": 12, "joint_descriptions": [[0.5758158564567566, 0.26909932494163513, 0.9118484854698181, 0.9999886751174927, -0.0044439611956477165, 0.001708428026176989, -0.9976716637611389, 0.5543279051780701, 0.28884536027908325, 0.8918119668960571, -0.9999881982803345, -0.9999619126319885, -0.9999585747718811, -0.6000000238418579, 0.013958532363176346, -0.9763579964637756, -0.7318674325942993, -0.7997603416442871, -0.9924025535583496, -1.0, -0.9913455843925476, -0.16895806789398193, 0.16070449352264404, -0.7837086319923401, -0.5257734656333923, -0.6485881209373474, -0.9765496850013733, -0.5852452516555786, -0.7790015935897827, -0.821220338344574], [0.5771914720535278, 0.8197648525238037, 1.0, -0.013741529546678066, 0.9952970147132874, 0.09589053690433502, -0.9959374666213989, 0.5043696761131287, 0.6961970925331116, 0.8558623790740967, -1.0000982284545898, -0.9996191263198853, -0.9997121095657349, -0.6000000238418579, 0.1251761019229889, -0.9736695289611816, -0.7081550359725952, -0.9609819650650024, -0.9930206537246704, -1.0, -0.9907708168029785, -0.25036245584487915, 0.5453456044197083, -0.7837086319923401, -0.5257734656333923, -0.6485881209373474, -0.9765496850013733, -0.5852452516555786, -0.7790015935897827, -0.821220338344574], [0.1787765473127365, 0.8817786574363708, 0.16827669739723206, -0.008403770625591278, 0.9959409832954407, 0.08961529284715652, -0.9991914629936218, 0.4286291301250458, 0.9225469827651978, -0.4337567389011383, -1.0000756978988647, -0.9999229907989502, -1.0000557899475098, -1.0, -0.2332800328731537, -0.9471419453620911, -0.8519090414047241, -0.8361577987670898, -0.9941670894622803, -1.0, -0.9916192889213562, -0.4211241900920868, -0.12898868322372437, -0.7837086319923401, -0.5257734656333923, -0.6485881209373474, -0.9765496850013733, -0.5852452516555786, -0.7790015935897827, -0.821220338344574], [0.5858029127120972, -0.27838626503944397, 0.8991174697875977, 0.9999935626983643, 0.003407770534977317, -0.0011469867313280702, -0.997590184211731, 0.5704569220542908, -0.2938772439956665, 0.896728515625, -0.9999877214431763, -0.9999549388885498, -0.9999660849571228, -0.6000000238418579, -0.01535387896001339, -0.9751127362251282, -0.7134042382240295, -0.7765007019042969, -0.9932683706283569, -0.8519879579544067, -0.9916986227035522, -0.15431073307991028, 0.15751565992832184, -0.7837086319923401, -0.5257734656333923, -0.6485881209373474, -0.9765496850013733, -0.5852452516555786, -0.7790015935897827, -0.821220338344574], [0.5876185894012451, -0.8224238157272339, 0.9663136601448059, 0.0001320955198025331, -0.9950627684593201, 0.0992477536201477, -0.9960333704948425, 0.5174124240875244, -0.6979249715805054, 0.843031108379364, -1.000292420387268, -0.9998509883880615, -0.999657154083252, -0.6000000238418579, -0.1247001513838768, -0.9715160727500916, -0.6900318264961243, -1.0, -0.9935245513916016, -1.0, -0.9907326102256775, -0.5367690920829773, 0.23760047554969788, -0.7837086319923401, -0.5257734656333923, -0.6485881209373474, -0.9765496850013733, -0.5852452516555786, -0.7790015935897827, -0.821220338344574], [0.2032601237297058, -0.8803738355636597, 0.1107858270406723, 0.001992012606933713, -0.9944369792938232, 0.10531416535377502, -0.9991355538368225, 0.4425087571144104, -0.9298501014709473, -0.5104209780693054, -1.000078797340393, -0.9999356865882874, -1.0000717639923096, -1.0, 0.23153285682201385, -0.9544440507888794, -0.8338047862052917, -0.9416702389717102, -0.9934722781181335, -1.0, -0.9903953671455383, 0.13319028913974762, 0.4121547341346741, -0.7837086319923401, -0.5257734656333923, -0.6485881209373474, -0.9765496850013733, -0.5852452516555786, -0.7790015935897827, -0.821220338344574], [-0.5572710037231445, 0.3017233908176422, 0.8944808840751648, -0.9997973442077637, -0.008615675382316113, -0.01819518394768238, -0.9975912570953369, -0.5503219366073608, 0.30238988995552063, 0.897182822227478, -0.9999886155128479, -0.9999608397483826, -0.9999547600746155, -0.6000000238418579, -0.014432470314204693, -0.9708669185638428, -0.7181721329689026, -1.0, -0.993361234664917, -1.0, -0.9890184998512268, -0.15875090658664703, 0.1525702178478241, -0.7837086319923401, -0.5257734656333923, -0.6485881209373474, -0.9765496850013733, -0.5852452516555786, -0.7790015935897827, -0.821220338344574], [-0.5548266768455505, 0.8471252918243408, 0.9565030932426453, -0.0020606874022632837, 0.9956716895103455, 0.09291716665029526, -0.9959601759910583, -0.6271330118179321, 0.7098255753517151, 0.8361985683441162, -1.0000975131988525, -0.9996262788772583, -0.9997125267982483, -0.6000000238418579, 0.1250782608985901, -0.9735068082809448, -0.7267138957977295, -1.0, -0.9935352206230164, -0.8416299819946289, -0.9904375076293945, -0.07918059080839157, 0.6994426250457764, -0.7837086319923401, -0.5257734656333923, -0.6485881209373474, -0.9765496850013733, -0.5852452516555786, -0.7790015935897827, -0.821220338344574], [-0.9444310069084167, 0.9092311263084412, 0.0860624685883522, -0.006767915096133947, 0.996489405632019, 0.08344518393278122, -0.999163806438446, -0.6905430555343628, 0.9508621692657471, -0.537825882434845, -1.0000790357589722, -0.9999256134033203, -1.0000550746917725, -1.0, -0.23064549267292023, -0.954714834690094, -0.8384891152381897, -0.8467532396316528, -0.993635892868042, -1.0, -0.9890442490577698, -0.4184005558490753, -0.12749792635440826, -0.7837086319923401, -0.5257734656333923, -0.6485881209373474, -0.9765496850013733, -0.5852452516555786, -0.7790015935897827, -0.821220338344574], [-0.5570046305656433, -0.24500960111618042, 0.9009594917297363, -0.9998835921287537, -0.006308751180768013, -0.013892958872020245, -0.9977117776870728, -0.5397593379020691, -0.24052007496356964, 0.8820266723632812, -0.9999893307685852, -0.9999540448188782, -0.9999672174453735, -0.6000000238418579, 0.017545422539114952, -0.9738542437553406, -0.694135308265686, -1.0, -0.9940176010131836, -1.0, -0.9889964461326599, -0.1673007309436798, 0.16332021355628967, -0.7837086319923401, -0.5257734656333923, -0.6485881209373474, -0.9765496850013733, -0.5852452516555786, -0.7790015935897827, -0.821220338344574], [-0.5550790429115295, -0.8076930642127991, 0.9771280884742737, -0.009948154911398888, -0.9929771423339844, 0.11788717657327652, -0.9959288239479065, -0.6151893138885498, -0.6858105659484863, 0.8561972379684448, -1.0003118515014648, -0.9998483657836914, -0.999653697013855, -0.6000000238418579, -0.1213836595416069, -0.9736860394477844, -0.7095108032226562, -0.7991219758987427, -0.9933435916900635, -0.9093214273452759, -0.9895384907722473, -0.6907913088798523, 0.07673823833465576, -0.7837086319923401, -0.5257734656333923, -0.6485881209373474, -0.9765496850013733, -0.5852452516555786, -0.7790015935897827, -0.821220338344574], [-0.9393317103385925, -0.8965945839881897, 0.08331024646759033, -0.008110053837299347, -0.9930810928344727, 0.11715007573366165, -0.9991868734359741, -0.6837636828422546, -0.9474051594734192, -0.5125907063484192, -1.0000711679458618, -0.9999390840530396, -1.0000684261322021, -1.0, 0.23035281896591187, -0.9496362209320068, -0.8595191836357117, -0.8454778790473938, -0.9930993914604187, -0.9841994643211365, -0.9905017614364624, 0.13553446531295776, 0.42414742708206177, -0.7837086319923401, -0.5257734656333923, -0.6485881209373474, -0.9765496850013733, -0.5852452516555786, -0.7790015935897827, -0.821220338344574]], "general_static": {"gains_and_scale_normalized": [-0.7837086189101368, -0.5257734952276282, -0.6485881120558936], "mass_normalized": [-0.9765496600979002], "robot_dimensions_normalized": [-0.5852452444642242, -0.7790015859236025, -0.8212203385350753], "trunk_attributes_normalized": [-0.9761343461960754, 0.0680088514225925, 0.018233583202826642, 0.8731160006563901, -0.999333369566735, -1.0063257601064743, -0.9949939810249573]},