{"n_joints": 12, "joint_descriptions": [[0.5851432085037231, 0.2698126435279846, 0.9293227195739746, 0.9999943971633911, 0.0027730350848287344, -0.0018706530099734664, -0.9958228468894958, 0.5918568968772888, 0.2694655656814575, 0.9638025760650635, -0.9999769926071167, -0.9996833801269531, -0.9999407529830933, -0.6000000238418579, 0.016582481563091278, -0.9617075324058533, -0.5694050788879395, -1.0, -0.9950898289680481, -1.0, -0.9831221103668213, -0.14681264758110046, 0.16360512375831604, -0.8244187831878662, -0.5351095795631409, -0.5569227337837219, -0.9587807655334473, -0.4162827432155609, -0.7799088358879089, -0.7812478542327881], [0.5783893465995789, 0.7727681994438171, 0.9570762515068054, -0.010330469347536564, 0.9960514307022095, 0.08817507326602936, -0.992668092250824, 0.5287994146347046, 0.6598479151725769, 0.8632161021232605, -0.9992995858192444, -0.9980786442756653, -0.9999775290489197, -0.6000000238418579, 0.11745080351829529, -0.9536475539207458, -0.6068244576454163, -0.8236103057861328, -0.993428111076355, -0.8424398303031921, -0.9886198043823242, -0.21931782364845276, 0.5227891206741333, -0.8244187831878662, -0.5351095795631409, -0.5569227337837219, -0.9587807655334473, -0.4162827432155609, -0.7799088358879089, -0.7812478542327881], [0.2580166459083557, 0.825430691242218, 0.024552466347813606, -0.0045076091773808, 0.9945763945579529, 0.10391103476285934, -0.9983848333358765, 0.4707445204257965, 0.8891014456748962, -0.5531906485557556, -1.0000425577163696, -0.9994827508926392, -0.9999645352363586, -1.0, -0.2259218394756317, -0.9456498622894287, -0.8134401440620422, -1.0, -0.9901910424232483, -0.9670109152793884, -0.9840744137763977, -0.42013290524482727, -0.12524233758449554, -0.8244187831878662, -0.5351095795631409, -0.5569227337837219, -0.9587807655334473, -0.4162827432155609, -0.7799088358879089, -0.7812478542327881], [0.5804092288017273, -0.21776951849460602, 0.9251956343650818, 0.9997965097427368, -0.01557706668972969, -0.01281663402915001, -0.9957209229469299, 0.5633954405784607, -0.2310558259487152, 0.9326527714729309, -0.9999679327011108, -0.9996496438980103, -1.000031590461731, -0.6000000238418579, -0.02379584312438965, -0.9654591083526611, -0.6749861836433411, -1.0, -0.9927709102630615, -1.0, -0.9846154451370239, -0.18863968551158905, 0.19571982324123383, -0.8244187831878662, -0.5351095795631409, -0.5569227337837219, -0.9587807655334473, -0.4162827432155609, -0.7799088358879089, -0.7812478542327881], [0.550478458404541, -0.7474771738052368, 0.9984053373336792, -0.01008779276162386, -0.9956712126731873, 0.09239596128463745, -0.9940484166145325, 0.49328672885894775, -0.6498083472251892, 0.8652477860450745, -1.000880479812622, -0.9982129335403442, -0.9997051954269409, -0.6000000238418579, -0.11996712535619736, -0.9731519222259521, -0.46814244985580444, -0.5090794563293457, -0.9917081594467163, -1.0, -0.9875406622886658, -0.5775963664054871, 0.2764122188091278, -0.8244187831878662, -0.5351095795631409, -0.5569227337837219, -0.9587807655334473, -0.4162827432155609, -0.7799088358879089, -0.7812478542327881], [0.20106086134910583, -0.8964704871177673, 0.18163399398326874, 0.0531005859375, -0.9795627593994141, 0.1940028816461563, -0.9983417987823486, 0.4344538748264313, -0.9165601134300232, -0.445589154958725, -1.0000965595245361, -0.9995309710502625, -1.0001187324523926, -1.0, 0.22929151356220245, -0.9292793273925781, -0.8239514827728271, -0.9657723903656006, -0.9916777014732361, -0.8041150569915771, -0.9811651110649109, 0.12068859487771988, 0.44878867268562317, -0.8244187831878662, -0.5351095795631409, -0.5569227337837219, -0.9587807655334473, -0.4162827432155609, -0.7799088358879089, -0.7812478542327881], [-0.6060343384742737, 0.1766250729560852, 0.9226231575012207, -0.9991892576217651, 0.0034208055585622787, 0.04011456295847893, -0.9954436421394348, -0.5768184661865234, 0.2466643750667572, 0.9271610379219055, -0.9999693036079407, -0.9997068643569946, -0.9999520182609558, -0.6000000238418579, -0.024541513994336128, -0.9775397777557373, -0.6300125122070312, -0.558449387550354, -0.9918823838233948, -0.5623633861541748, -0.9918585419654846, -0.16712084412574768, 0.17769011855125427, -0.8244187831878662, -0.5351095795631409, -0.5569227337837219, -0.9587807655334473, -0.4162827432155609, -0.7799088358879089, -0.7812478542327881], [-0.6015851497650146, 0.7299985289573669, 0.9943045973777771, 0.01446005143225193, 0.988577663898468, 0.15001721680164337, -0.9936292171478271, -0.6532263159751892, 0.6848272681236267, 0.8550739288330078, -0.9993448257446289, -0.9982956647872925, -0.9998286366462708, -0.6000000238418579, 0.11680509150028229, -0.9689710736274719, -0.5483716130256653, -0.7664353847503662, -0.9919397830963135, -1.0, -0.9883200526237488, -0.08126473426818848, 0.7012403607368469, -0.8244187831878662, -0.5351095795631409, -0.5569227337837219, -0.9587807655334473, -0.4162827432155609, -0.7799088358879089, -0.7812478542327881], [-0.9304440021514893, 0.8803461194038391, 0.16260360181331635, 0.02358991652727127, 0.9913255572319031, 0.1292949765920639, -0.9986943006515503, -0.7442132830619812, 0.9633897542953491, -0.40393200516700745, -1.0000312328338623, -0.9995495080947876, -0.9999666810035706, -1.0, -0.2283507138490677, -0.9275528788566589, -0.8104124069213867, -1.0, -0.9923719167709351, -0.9224753975868225, -0.9916559457778931, -0.420769065618515, -0.08621329814195633, -0.8244187831878662, -0.5351095795631409, -0.5569227337837219, -0.9587807655334473, -0.4162827432155609, -0.7799088358879089, -0.7812478542327881], [-0.6122428178787231, -0.31084224581718445, 0.8862441778182983, -0.9998895525932312, 0.005636584013700485, 0.013753523118793964, -0.9955905079841614, -0.5997262001037598, -0.3511912524700165, 0.9183076620101929, -1.0000041723251343, -0.9996870756149292, -1.0000014305114746, -0.6000000238418579, 0.012385035865008831, -0.9539369344711304, -0.6549076437950134, -0.7315265536308289, -0.9877966642379761, -0.8460719585418701, -0.9926016330718994, -0.1301361471414566, 0.15483666956424713, -0.8244187831878662, -0.5351095795631409, -0.5569227337837219, -0.9587807655334473, -0.4162827432155609, -0.7799088358879089, -0.7812478542327881], [-0.6123718023300171, -0.8141818642616272, 1.0, 0.01686265505850315, -0.9943541288375854, 0.10476385802030563, -0.9923456311225891, -0.6815152168273926, -0.7902352213859558, 0.8672247529029846, -1.0007587671279907, -0.997750461101532, -0.9994434714317322, -0.6000000238418579, -0.12983767688274384, -0.9674838185310364, -0.6349736452102661, -1.0, -0.9978432655334473, -1.0, -0.9904122948646545, -0.7118113040924072, 0.11567618697881699, -0.8244187831878662, -0.5351095795631409, -0.5569227337837219, -0.9587807655334473, -0.4162827432155609, -0.7799088358879089, -0.7812478542327881], [-0.9519802331924438, -0.829852283000946, 0.18211837112903595, 0.031546786427497864, -0.9960512518882751, 0.0829862430691719, -0.9983052015304565, -0.7630317807197571, -0.8567855954170227, -0.4611368775367737, -1.0001137256622314, -0.999462902545929, -1.0000810623168945, -1.0, 0.22950676083564758, -0.9364233613014221, -0.7653396129608154, -1.0, -0.9925384521484375, -1.0, -0.9890733957290649, 0.10055550187826157, 0.38605931401252747, -0.8244187831878662, -0.5351095795631409, -0.5569227337837219, -0.9587807655334473, -0.4162827432155609, -0.7799088358879089, -0.7812478542327881]], "general_static": {"gains_and_scale_normalized": [-0.8244187834443437, -0.5351096048396204, -0.5569227050991685], "mass_normalized": [-0.958780747678576], "robot_dimensions_normalized": [-0.416282743605494, -0.7799088486195748, -0.7812478441142683], "trunk_attributes_normalized": [-0.9582612632214824, 0.05568211717688598, -0.08660825749173573, 0.8395625107739693, -0.9980988855078394, -1.0038796248743111, -0.9651044053697239]},