{"n_joints": 24, "joint_descriptions": [[-0.6125257015228271, -0.2472984343767166, 0.7621103525161743, -0.0341094471514225, -0.058584365993738174, -0.9976995587348938, -0.9992940425872803, -0.6125257015228271, -0.2472984343767166, 0.7621103525161743, -1.001916527748108, -1.0025438070297241, -0.9999764561653137, -0.6000000238418579, -0.008126294240355492, -0.9908870458602905, -0.9362605214118958, -0.6617870330810547, -0.9945083260536194, -1.0, -0.9995242357254028, -0.45927539467811584, 0.47991058230400085, -0.8130844831466675, -0.5289002656936646, -0.30115410685539246, -0.9883618354797363, -0.5255038738250732, -0.6323016285896301, -0.7662650942802429], [-0.7429789304733276, -0.4200732111930847, 0.7263616323471069, -0.7671349048614502, 0.6402444839477539, -0.03988861292600632, -0.9992491006851196, -0.7429789304733276, -0.4200732111930847, 0.7263616323471069, -0.9997898936271667, -0.9997954964637756, -1.0027836561203003, -0.6000000238418579, 5.713454811484553e-05, -0.9920580387115479, -0.906017005443573, -0.7976043224334717, -0.9935592412948608, -1.0, -0.9996539950370789, -0.4840314984321594, 0.4713197350502014, -0.8130844831466675, -0.5289002656936646, -0.30115410685539246, -0.9883618354797363, -0.5255038738250732, -0.6323016285896301, -0.7662650942802429], [-0.8795548677444458, -0.6901993155479431, 0.6857567429542542, -0.726287841796875, 0.6866337060928345, 0.03225047141313553, -0.9993521571159363, -0.8795548677444458, -0.6901993155479431, 0.6857567429542542, -1.0001718997955322, -1.0001475811004639, -1.0024852752685547, -0.6000000238418579, 0.0006882293382659554, -0.9911524653434753, -0.9428930282592773, -1.0, -0.9942700266838074, -0.9724935293197632, -0.9994292259216309, -0.5072024464607239, 0.49124348163604736, -0.8130844831466675, -0.5289002656936646, -0.30115410685539246, -0.9883618354797363, -0.5255038738250732, -0.6323016285896301, -0.7662650942802429], [-0.9163456559181213, -0.7077379822731018, 0.07174141705036163, -0.740568995475769, 0.6719774603843689, -0.0019582665991038084, -0.999397337436676, -0.9258669018745422, -0.6776794195175171, -0.37937384843826294, -1.0022609233856201, -1.0020184516906738, -1.000468373298645, -1.0, -0.0046468633227050304, -0.9952857494354248, -0.924727737903595, -1.0, -0.9923665523529053, -0.8662977814674377, -0.9997519850730896, -0.45890727639198303, 0.48727506399154663, -0.8130844831466675, -0.5289002656936646, -0.30115410685539246, -0.9883618354797363, -0.5255038738250732, -0.6323016285896301, -0.7662650942802429], [0.03893488645553589, -0.3679663836956024, 0.7436754107475281, 0.01055178139358759, 0.005010693799704313, -0.9999317526817322, -0.9993329048156738, 0.03893488645553589, -0.3679663836956024, 0.7436754107475281, -0.9999280571937561, -1.0028784275054932, -1.0000017881393433, -0.6000000238418579, 0.008889236487448215, -0.9921792149543762, -0.9212788343429565, -0.6213639974594116, -0.9966987371444702, -1.0, -0.999631404876709, -0.482124388217926, 0.478652685880661, -0.8130844831466675, -0.5289002656936646, -0.30115410685539246, -0.9883618354797363, -0.5255038738250732, -0.6323016285896301, -0.7662650942802429], [0.058045029640197754, -0.6640124917030334, 0.6744822263717651, -0.9961024522781372, 0.08652281761169434, 0.01713811792433262, -0.9992559552192688, 0.058045029640197754, -0.6640124917030334, 0.6744822263717651, -0.9999368786811829, -0.9994989633560181, -1.003745675086975, -0.6000000238418579, -0.0078881299123168, -0.9919677376747131, -0.9180108904838562, -1.0, -0.9945139288902283, -1.0, -0.999383270740509, -0.4873245060443878, 0.5185356140136719, -0.8130844831466675, -0.5289002656936646, -0.30115410685539246, -0.9883618354797363, -0.5255038738250732, -0.6323016285896301, -0.7662650942802429], [0.04266068711876869, -0.9830542206764221, 0.6017681360244751, -0.9983287453651428, 0.057279784232378006, 0.007665085606276989, -0.9993125796318054, 0.04266068711876869, -0.9830542206764221, 0.6017681360244751, -1.000015139579773, -0.9998367428779602, -1.0031300783157349, -0.6000000238418579, -0.010677172802388668, -0.9916664361953735, -0.9079948663711548, -1.0, -0.9925062656402588, -0.8024249076843262, -0.9995092153549194, -0.4804774224758148, 0.4600033164024353, -0.8130844831466675, -0.5289002656936646, -0.30115410685539246, -0.9883618354797363, -0.5255038738250732, -0.6323016285896301, -0.7662650942802429], [0.04248761385679245, -0.9395201802253723, -0.12662556767463684, -0.9992430210113525, 0.03889625519514084, -0.0006691424641758204, -0.9994665384292603, 0.05277876555919647, -0.906762957572937, -0.5091233253479004, -1.0003677606582642, -1.0027523040771484, -1.0004454851150513, -1.0, -0.001255096634849906, -0.9957833886146545, -0.9499207139015198, -0.972228467464447, -0.9942455291748047, -0.9351867437362671, -0.9993180632591248, -0.45491573214530945, 0.5134260654449463, -0.8130844831466675, -0.5289002656936646, -0.30115410685539246, -0.9883618354797363, -0.5255038738250732, -0.6323016285896301, -0.7662650942802429], [0.6978094577789307, -0.21183282136917114, 0.6697574257850647, 0.010583671741187572, 0.04638791084289551, -0.9988674521446228, -0.9991967082023621, 0.6978094577789307, -0.21183282136917114, 0.6697574257850647, -0.9975894093513489, -1.002375602722168, -0.9999836683273315, -0.6000000238418579, 0.010495323687791824, -0.9939790964126587, -0.9224258661270142, -0.6388348340988159, -0.9903649091720581, -0.9135311841964722, -0.9995580315589905, -0.5203947424888611, 0.46406543254852295, -0.8130844831466675, -0.5289002656936646, -0.30115410685539246, -0.9883618354797363, -0.5255038738250732, -0.6323016285896301, -0.7662650942802429], [0.8562556505203247, -0.4150601029396057, 0.7043036222457886, -0.7523801326751709, -0.658721923828125, 0.0031000617891550064, -0.9993763566017151, 0.8562556505203247, -0.4150601029396057, 0.7043036222457886, -1.0001686811447144, -0.9997941255569458, -1.0025969743728638, -0.6000000238418579, -0.003273768350481987, -0.9885864853858948, -0.9166377782821655, -0.8778983950614929, -0.9934202432632446, -1.0, -0.9993984699249268, -0.48332127928733826, 0.500500500202179, -0.8130844831466675, -0.5289002656936646, -0.30115410685539246, -0.9883618354797363, -0.5255038738250732, -0.6323016285896301, -0.7662650942802429], [0.9912262558937073, -0.6439303159713745, 0.7036684155464172, -0.7569969892501831, -0.6532053351402283, -0.01668340153992176, -0.9993247389793396, 0.9912262558937073, -0.6439303159713745, 0.7036684155464172, -0.9998207092285156, -1.0002713203430176, -1.0031100511550903, -0.6000000238418579, 0.005588154308497906, -0.9943476319313049, -0.9235394597053528, -0.9943033456802368, -0.993284285068512, -0.9553943872451782, -0.9996865391731262, -0.48600468039512634, 0.4632625877857208, -0.8130844831466675, -0.5289002656936646, -0.30115410685539246, -0.9883618354797363, -0.5255038738250732, -0.6323016285896301, -0.7662650942802429], [0.9949867725372314, -0.6444926261901855, 0.05330929160118103, -0.7734786868095398, -0.6329982280731201, 0.03231101483106613, -0.9994192123413086, 0.9918140172958374, -0.6266520619392395, -0.42402592301368713, -0.9983841776847839, -1.002234697341919, -1.000077247619629, -1.0, -0.0058716656640172005, -0.9896809458732605, -0.9153868556022644, -0.5408639311790466, -0.9938033223152161, -0.7499575018882751, -0.9995690584182739, -0.5118942856788635, 0.4833747148513794, -0.8130844831466675, -0.5289002656936646, -0.30115410685539246, -0.9883618354797363, -0.5255038738250732, -0.6323016285896301, -0.7662650942802429], [-0.6339526772499084, 0.23562470078468323, 0.6503724455833435, -0.0033102661836892366, -0.0017652559326961637, -0.9999929666519165, -0.9992938041687012, -0.6339526772499084, 0.23562470078468323, 0.6503724455833435, -1.002105474472046, -0.9983395934104919, -0.9999745488166809, -0.6000000238418579, -0.0016526586841791868, -0.9900320768356323, -0.9248865246772766, -0.8505951166152954, -0.9950965046882629, -1.0, -0.9995200634002686, -0.46238064765930176, 0.4663408100605011, -0.8130844831466675, -0.5289002656936646, -0.30115410685539246, 