{"n_joints": 24, "joint_descriptions": [[-0.5859076976776123, -0.28001314401626587, 0.7608199119567871, -0.08262112736701965, -0.010275634005665779, -0.9965280294418335, -0.9994504451751709, -0.5859076976776123, -0.28001314401626587, 0.7608199119567871, -1.0013489723205566, -1.0018647909164429, -1.0000027418136597, -0.6000000238418579, -0.010422831401228905, -0.9910333156585693, -0.9503671526908875, -0.5175058245658875, -0.9960108399391174, -1.0, -0.999560534954071, -0.4502837359905243, 0.48226138949394226, -0.8482761979103088, -0.5472455024719238, -0.33227619528770447, -0.9915030002593994, -0.5546804070472717, -0.6538325548171997, -0.7703601121902466], [-0.700141966342926, -0.44944530725479126, 0.7065485715866089, -0.7377088665962219, 0.6709762215614319, 0.07467616349458694, -0.9994156360626221, -0.700141966342926, -0.44944530725479126, 0.7065485715866089, -0.9998771548271179, -0.9998520612716675, -1.001931071281433, -0.6000000238418579, -0.0004035470192320645, -0.9921477437019348, -0.9077484607696533, -0.903261661529541, -0.9942026138305664, -0.9020525217056274, -0.999749481678009, -0.4810442626476288, 0.4625067412853241, -0.8482761979103088, -0.5472455024719238, -0.33227619528770447, -0.9915030002593994, -0.5546804070472717, -0.6538325548171997, -0.7703601121902466], [-0.823323667049408, -0.7247916460037231, 0.6524935364723206, -0.7831145524978638, 0.6218330264091492, -0.007430995814502239, -0.9995282292366028, -0.823323667049408, -0.7247916460037231, 0.6524935364723206, -1.000123143196106, -1.0001112222671509, -1.0017197132110596, -0.6000000238418579, -0.0009511790121905506, -0.9912779331207275, -0.9563459157943726, -1.0, -0.9943658709526062, -1.0, -0.9994256496429443, -0.51619952917099, 0.49995535612106323, -0.8482761979103088, -0.5472455024719238, -0.33227619528770447, -0.9915030002593994, -0.5546804070472717, -0.6538325548171997, -0.7703601121902466], [-0.8751202821731567, -0.7434260845184326, 0.09013519436120987, -0.7492974996566772, 0.6621440052986145, 0.010889260098338127, -0.9995643496513367, -0.8957348465919495, -0.7036616802215576, -0.3332577347755432, -1.0015814304351807, -1.001670002937317, -0.9999609589576721, -1.0, -0.0068703750148415565, -0.9965418577194214, -0.9286223649978638, -1.0, -0.9921777844429016, -0.7282402515411377, -0.9998387098312378, -0.4499228894710541, 0.49580955505371094, -0.8482761979103088, -0.5472455024719238, -0.33227619528770447, -0.9915030002593994, -0.5546804070472717, -0.6538325548171997, -0.7703601121902466], [0.05757610499858856, -0.38035082817077637, 0.7206739783287048, 0.007231669034808874, 0.011362474411725998, -0.9999092817306519, -0.9994974136352539, 0.05757610499858856, -0.38035082817077637, 0.7206739783287048, -1.0000017881393433, -1.0019534826278687, -0.9999681115150452, -0.6000000238418579, 0.01116532739251852, -0.9936708807945251, -0.9309582710266113, -0.6447624564170837, -0.9980313181877136, -1.0, -0.9997289180755615, -0.4901227056980133, 0.4835560917854309, -0.8482761979103088, -0.5472455024719238, -0.33227619528770447, -0.9915030002593994, -0.5546804070472717, -0.6538325548171997, -0.7703601121902466], [0.0820099338889122, -0.673705518245697, 0.6432957649230957, -0.9984015822410583, 0.04334182292222977, 0.036273978650569916, -0.9994471073150635, 0.0820099338889122, -0.673705518245697, 0.6432957649230957, -0.9999366402626038, -0.9996542930603027, -1.0028034448623657, -0.6000000238418579, -0.010166139341890812, -0.9930312633514404, -0.9189147353172302, -1.0, -0.9959744215011597, -1.0, -0.999383807182312, -0.48392751812934875, 0.5276007652282715, -0.8482761979103088, -0.5472455024719238, -0.33227619528770447, -0.9915030002593994, -0.5546804070472717, -0.6538325548171997, -0.7703601121902466], [0.05135306715965271, -0.9848347306251526, 0.5575991868972778, -0.9954336881637573, 0.09545322507619858, 0.0006886858609504998, -0.9995006322860718, 0.05135306715965271, -0.9848347306251526, 0.5575991868972778, -0.9999620914459229, -0.9999009370803833, -1.002267599105835, -0.6000000238418579, -0.012933280318975449, -0.9929091334342957, -0.9095538854598999, -1.0, -0.992397129535675, -0.6523231267929077, -0.9995643496513367, -0.4878585934638977, 0.45101889967918396, -0.8482761979103088, -0.5472455024719238, -0.33227619528770447, -0.9915030002593994, -0.5546804070472717, -0.6538325548171997, -0.7703601121902466], [0.05438602715730667, -0.9558210372924805, -0.15861578285694122, -0.9980376362800598, 0.05461410805583, -0.030628692358732224, -0.9996260404586792, 0.07666792720556259, -0.9361225962638855, -0.5016991496086121, -1.000319004058838, -1.0018967390060425, -1.0002861022949219, -1.0, -0.0031990045681595802, -0.9969915151596069, -0.9627298712730408, -0.9666268229484558, -0.9945691823959351, -0.8122058510780334, -0.99932461977005, -0.44588857889175415, 0.5224539041519165, -0.8482761979103088, -0.5472455024719238, -0.33227619528770447, -0.9915030002593994, -0.5546804070472717, -0.6538325548171997, -0.7703601121902466], [0.706325113773346, -0.22566260397434235, 0.6323903203010559, -0.06771227717399597, -0.01107744313776493, -0.9976434111595154, -0.9993752837181091, 0.706325113773346, -0.22566260397434235, 0.6323903203010559, -0.9982289671897888, -1.0018162727355957, -0.9999924302101135, -0.6000000238418579, 0.012790484353899956, -0.9953569173812866, -0.923794686794281, -0.49859338998794556, -0.9905794858932495, -0.9988195896148682, -0.9995548725128174, -0.5294683575630188, 0.45513293147087097, -0.8482761979103088, -0.5472455024719238, -0.33227619528770447, -0.9915030002593994, -0.5546804070472717, -0.6538325548171997, -0.7703601121902466], [0.8739122152328491, -0.4314616024494171, 0.6845794916152954, -0.7629969716072083, -0.6462979912757874, -0.01159767434000969, -0.9995513558387756, 0.8739122152328491, -0.4314616024494171, 0.6845794916152954, -1.000125765800476, -0.9998534321784973, -1.0017999410629272, -0.6000000238418579, -0.004971501883119345, -0.9889426231384277, -0.9306215643882751, -0.7799469828605652, -0.9943483471870422, -1.0, -0.9993974566459656, -0.4754060208797455, 0.5094312429428101, -0.8482761979103088, -0.5472455024719238, -0.33227619528770447, -0.9915030002593994, -0.5546804070472717, -0.6538325548171997, -0.7703601121902466], [0.9920965433120728, -0.6608080267906189, 0.6956506371498108, -0.752835214138031, -0.6572127342224121, 0.03620097041130066, -0.9995077252388, 0.9920965433120728, -0.6608080267906189, 0.6956506371498108, -0.9998438954353333, -1.0002089738845825, -1.0023326873779297, -0.6000000238418579, 0.0078673604875803, -0.9956919550895691, -0.9249407052993774, -1.0, -0.994678258895874, -0.8192893862724304, -0.999779224395752, -0.4789697229862213, 0.4543149173259735, -0.8482761979103088, -0.5472455024719238, -0.33227619528770447, -0.9915030002593994, -0.5546804070472717, -0.6538325548171997, -0.7703601121902466], [0.9967312812805176, -0.6631113886833191, 0.09189227223396301, -0.7477858662605286, -0.6631322503089905, -0.03274032101035118, -0.9995860457420349, 0.993333637714386, -0.6269654035568237, -0.37909001111984253, -0.9989128112792969, -1.0015828609466553, -1.0000859498977661, -1.0, -0.007784821558743715, -0.9899333715438843, -0.9165743589401245, -0.6319156289100647, -0.9950816035270691, -0.6392303705215454, -0.9996706247329712, -0.5209317207336426, 0.4842863976955414, -0.8482761979103088, -0.5472455024719238, -0.33227619528770447, -0.9915030002593994, -0.5546804070472717, -0.6538325548171997, -0.7703601121902466], [-0.6232351660728455, 0.19441433250904083, 0.6123417615890503, 0.0018985281931236386, 0.006848837714642286, -0.9999747276306152, -0.9994869232177734, -0.6232351660728455, 0.19441433250904083, 0.6123417615890503, -1.001462697982788, -0.9988515377044678, -0.9999842047691345, -0.6000000238418579, 0.0004022220673505217, -0.9902520775794983, -0.9278554320335388, -0.8131319284439087, -0.9964833855628967, -1.0, -0.9996210336685181, -0.453437864780426, 0.45744338631629944, -0.8482761979103088, -0.5472455024719238, -0.33227619528770447, -0.9915030002593994, -0.5546804070472717, 