{"n_joints": 24, "joint_descriptions": [[-0.6115979552268982, -0.2715628445148468, 0.6623431444168091, -0.0062814257107675076, 0.00576302083209157, -0.999963641166687, -0.9990724921226501, -0.6115979552268982, -0.2715628445148468, 0.6623431444168091, -1.000346302986145, -1.0009444952011108, -0.9991661906242371, -0.6000000238418579, 0.0014260710449889302, -0.9918783903121948, -0.9003912806510925, -1.0, -0.9922419786453247, -1.0, -0.9994694590568542, -0.4901808798313141, 0.48361828923225403, -0.7101308107376099, -0.5303611159324646, -0.41166359186172485, -0.9821708798408508, -0.5944415330886841, -0.631379246711731, -0.8246701955795288], [-0.753829836845398, -0.436758816242218, 0.6750175952911377, -0.7039870023727417, 0.7102088928222656, 0.0023807452525943518, -0.9990667104721069, -0.753829836845398, -0.436758816242218, 0.6750175952911377, -0.9990758895874023, -1.0002845525741577, -1.0009214878082275, -0.6000000238418579, -0.0010458244942128658, -0.9909233450889587, -0.9196128845214844, -1.0, -0.9926599860191345, -1.0, -0.9993925094604492, -0.4830321669578552, 0.49063435196876526, -0.7101308107376099, -0.5303611159324646, -0.41166359186172485, -0.9821708798408508, -0.5944415330886841, -0.631379246711731, -0.8246701955795288], [-0.9795698523521423, -0.6887902021408081, 0.6819741725921631, -0.693211019039154, 0.7207299470901489, -0.002613549353554845, -0.9990403652191162, -0.9795698523521423, -0.6887902021408081, 0.6819741725921631, -1.0009318590164185, -0.999705970287323, -1.0009626150131226, -0.6000000238418579, -0.0008443809347227216, -0.9917623996734619, -0.9019874930381775, -0.7945441603660583, -0.9922768473625183, -1.0, -0.9995385408401489, -0.4759485423564911, 0.47683075070381165, -0.7101308107376099, -0.5303611159324646, -0.41166359186172485, -0.9821708798408508, -0.5944415330886841, -0.631379246711731, -0.8246701955795288], [-0.9723330736160278, -0.6945531964302063, -0.033570755273103714, -0.7040568590164185, 0.7101382613182068, -0.002756783040240407, -0.9990458488464355, -0.9692469835281372, -0.7030948400497437, -0.495981901884079, -1.0009628534317017, -1.0003010034561157, -1.0008111000061035, -1.0, 0.0023825664538890123, -0.9907358884811401, -0.9093503952026367, -0.9692485332489014, -0.9935960173606873, -1.0, -0.9994245767593384, -0.4900684952735901, 0.4798335134983063, -0.7101308107376099, -0.5303611159324646, -0.41166359186172485, -0.9821708798408508, -0.5944415330886841, -0.631379246711731, -0.8246701955795288], [-0.008305204100906849, -0.43527865409851074, 0.6744278073310852, 0.004005061462521553, 0.002517048502340913, -0.9999887943267822, -0.9990702867507935, -0.008305204100906849, -0.43527865409851074, 0.6744278073310852, -0.9995362758636475, -1.0009273290634155, -0.9991629123687744, -0.6000000238418579, 0.0003990552213508636, -0.9910330176353455, -0.9087802767753601, -0.998477041721344, -0.9919381141662598, -1.0, -0.9993961453437805, -0.4846920073032379, 0.4835987091064453, -0.7101308107376099, -0.5303611159324646, -0.41166359186172485, -0.9821708798408508, -0.5944415330886841, -0.631379246711731, -0.8246701955795288], [-0.012588354758918285, -0.6523604393005371, 0.6724327802658081, -0.9999630451202393, -0.001729060197249055, -0.008419666439294815, -0.9990416765213013, -0.012588354758918285, -0.6523604393005371, 0.6724327802658081, -0.9991645216941833, -0.9995490908622742, -1.0009281635284424, -0.6000000238418579, 0.0013365321792662144, -0.9910433888435364, -0.9126781821250916, -0.7849125862121582, -0.9919440150260925, -0.9154490828514099, -0.9995391964912415, -0.48369941115379333, 0.48218104243278503, -0.7101308107376099, -0.5303611159324646, -0.41166359186172485, -0.9821708798408508, -0.5944415330886841, -0.631379246711731, -0.8246701955795288], [-0.014112046919763088, -0.9995046854019165, 0.6938449740409851, -0.9999968409538269, 0.002331895986571908, 0.0009544609347358346, -0.999056339263916, -0.014112046919763088, -0.9995046854019165, 0.6938449740409851, -1.000817894935608, -1.000443935394287, -1.00090491771698, -0.6000000238418579, -0.0005939239053986967, -0.9910639524459839, -0.9193914532661438, -0.9713826179504395, -0.9935663938522339, -1.0, -0.9994542598724365, -0.4859852194786072, 0.49045154452323914, -0.7101308107376099, -0.5303611159324646, -0.41166359186172485, -0.9821708798408508, -0.5944415330886841, -0.631379246711731, -0.8246701955795288], [-0.013641517609357834, -0.9953165650367737, -0.010417005978524685, -0.9999513030052185, -0.0004894310841336846, 0.009855955839157104, -0.999057948589325, -0.022518539801239967, -1.0, -0.4915802776813507, -1.0004574060440063, -1.000945806503296, -1.0008028745651245, -1.0, 0.0008126533939503133, -0.9911254048347473, -0.9053516983985901, -0.9456745982170105, -0.9926105737686157, -1.0, -0.9995124340057373, -0.48829102516174316, 0.47892484068870544, -0.7101308107376099, -0.5303611159324646, -0.41166359186172485, -0.9821708798408508, -0.5944415330886841, -0.631379246711731, -0.8246701955795288], [0.602830708026886, -0.2725440561771393, 0.6907253265380859, -0.002309539820998907, -0.00671409023925662, -0.99997478723526, -0.9990822076797485, 0.602830708026886, -0.2725440561771393, 0.6907253265380859, -0.9990612864494324, -1.0003079175949097, -0.9991841912269592, -0.6000000238418579, 0.0011641747551038861, -0.990082323551178, -0.9071641564369202, -1.0, -0.993140459060669, -1.0, -0.9994407296180725, -0.48343488574028015, 0.4912507236003876, -0.7101308107376099, -0.5303611159324646, -0.41166359186172485, -0.9821708798408508, -0.5944415330886841, -0.631379246711731, -0.8246701955795288], [0.7346500158309937, -0.4347582459449768, 0.6774690747261047, -0.7124674916267395, -0.7017030715942383, 0.0017050328897312284, -0.9990513920783997, 0.7346500158309937, -0.4347582459449768, 0.6774690747261047, -0.9997391104698181, -0.9991236329078674, -1.0009037256240845, -0.6000000238418579, 0.001939512905664742, -0.9910120964050293, -0.9133743047714233, -1.0, -0.9924071431159973, -0.926629900932312, -0.999541163444519, -0.48158738017082214, 0.4743095934391022, -0.7101308107376099, -0.5303611159324646, -0.41166359186172485, -0.9821708798408508, -0.5944415330886841, -0.631379246711731, -0.8246701955795288], [0.9725959300994873, -0.6878881454467773, 0.680748701095581, -0.7105101943016052, -0.7035828828811646, 0.012098419480025768, -0.9990715980529785, 0.9725959300994873, -0.6878881454467773, 0.680748701095581, -1.0002727508544922, -1.0009006261825562, -1.0008817911148071, -0.6000000238418579, -0.001536572352051735, -0.9901914596557617, -0.9069510102272034, -0.9730350971221924, -0.9929327368736267, -1.0, -0.9993957281112671, -0.4800690710544586, 0.4911268353462219, -0.7101308107376099, -0.5303611159324646, -0.41166359186172485, -0.9821708798408508, -0.5944415330886841, -0.631379246711731, -0.8246701955795288], [0.972854733467102, -0.693885862827301, -0.014823482371866703, -0.7224054932594299, -0.6914624571800232, 0.0031532838474959135, -0.9990085363388062, 0.9733880162239075, -0.7064228653907776, -0.4709421396255493, -0.9996793270111084, -1.0010184049606323, -1.0008443593978882, -1.0, 0.0021051045041531324, -0.9917318820953369, -0.9149957299232483, -0.880486249923706, -0.9921690225601196, -0.7263308763504028, -0.9994357228279114, -0.478259801864624, 0.4833083748817444, -0.7101308107376099, -0.5303611159324646, -0.41166359186172485, -0.9821708798408508, -0.5944415330886841, -0.631379246711731, -0.8246701955795288], [-0.6084927320480347, 0.2910238802433014, 0.6678952574729919, 0.0030010852497071028, -0.005577784962952137, -0.9999799132347107, -0.9990527033805847, -0.6084927320480347, 0.2910238802433014, 0.6678952574729919, -1.0009413957595825, -0.9996636509895325, -0.999176025390625, -0.6000000238418579, 0.0021325601264834404, -0.9918689727783203, -0.9086915850639343, -1.0, -0.9917051792144775, -0.8685049414634705, -0.9994880557060242, -0.4911157190799713, 0.4915456175804138, -0.7101308107376099, -0.5303611159324646, -0.41166359186172485, -0.9821708798408508, -0.5944415330886841, -0.631379246711731, 