{"n_joints": 24, "joint_descriptions": [[-0.6110865473747253, -0.25954556465148926, 0.6898524165153503, 0.012152030132710934, -0.017864128574728966, -0.9997665882110596, -0.9990403056144714, -0.6110865473747253, -0.25954556465148926, 0.6898524165153503, -1.0004643201828003, -1.0013619661331177, -0.9995076060295105, -0.6000000238418579, -0.0005813117604702711, -0.9917596578598022, -0.9011675715446472, -0.990266740322113, -0.9918292164802551, -1.0, -0.9994485974311829, -0.48556607961654663, 0.48137152194976807, -0.7205603122711182, -0.5321692228317261, -0.35967913269996643, -0.9818254113197327, -0.5660505294799805, -0.6041000485420227, -0.8129980564117432], [-0.7491471171379089, -0.4172576069831848, 0.6966694593429565, -0.7059873342514038, 0.7082072496414185, 0.004938173573464155, -0.9990177750587463, -0.7491471171379089, -0.4172576069831848, 0.6966694593429565, -0.9991711378097534, -0.9998854398727417, -1.0012964010238647, -0.6000000238418579, -0.0003166268579661846, -0.9912775754928589, -0.9167600274085999, -1.0, -0.9926838874816895, -1.0, -0.9994006752967834, -0.48342815041542053, 0.4909152388572693, -0.7205603122711182, -0.5321692228317261, -0.35967913269996643, -0.9818254113197327, -0.5660505294799805, -0.6041000485420227, -0.8129980564117432], [-0.967990517616272, -0.6781719923019409, 0.7017555236816406, -0.7129337787628174, 0.7012276649475098, -0.0022914039436727762, -0.9990025758743286, -0.967990517616272, -0.6781719923019409, 0.7017555236816406, -1.0008254051208496, -1.0001182556152344, -1.0013047456741333, -0.6000000238418579, 0.00022282770078163594, -0.9917907118797302, -0.9055317640304565, -0.8378387689590454, -0.9923154711723328, -1.0, -0.9995273947715759, -0.48074987530708313, 0.4749240577220917, -0.7205603122711182, -0.5321692228317261, -0.35967913269996643, -0.9818254113197327, -0.5660505294799805, -0.6041000485420227, -0.8129980564117432], [-0.9710699915885925, -0.6900303363800049, -0.006695023272186518, -0.7090849280357361, 0.7051219344139099, -0.0012614235747605562, -0.9990355968475342, -0.9738054275512695, -0.6967573761940002, -0.4879807233810425, -1.0013359785079956, -1.0004422664642334, -1.0004700422286987, -1.0, 0.0016647798474878073, -0.9913896322250366, -0.906888484954834, -0.8541948199272156, -0.9936397075653076, -1.0, -0.9994705319404602, -0.48530933260917664, 0.4764309227466583, -0.7205603122711182, -0.5321692228317261, -0.35967913269996643, -0.9818254113197327, -0.5660505294799805, -0.6041000485420227, -0.8129980564117432], [-0.0020783867221325636, -0.4178786873817444, 0.7187581658363342, 0.011264601722359657, -0.005777233280241489, -0.9999198913574219, -0.9990412592887878, -0.0020783867221325636, -0.4178786873817444, 0.7187581658363342, -0.9993741512298584, -1.0013357400894165, -0.9995136857032776, -0.6000000238418579, 0.002058720216155052, -0.9904559254646301, -0.9092733263969421, -0.9322953224182129, -0.9925460815429688, -0.9620442390441895, -0.9993922114372253, -0.48070159554481506, 0.4854746460914612, -0.7205603122711182, -0.5321692228317261, -0.35967913269996643, -0.9818254113197327, -0.5660505294799805, -0.6041000485420227, -0.8129980564117432], [-0.0014995207311585546, -0.6427846550941467, 0.7058298587799072, -0.9998557567596436, 0.016972891986370087, -0.0006322647677734494, -0.9989784359931946, -0.0014995207311585546, -0.6427846550941467, 0.7058298587799072, -0.9994702339172363, -0.9993393421173096, -1.0013823509216309, -0.6000000238418579, -0.00029970446485094726, -0.9907956719398499, -0.9159539937973022, -0.8821556568145752, -0.9916151762008667, -0.9795534014701843, -0.9995052814483643, -0.48111826181411743, 0.4895295798778534, -0.7205603122711182, -0.5321692228317261, -0.35967913269996643, -0.9818254113197327, -0.5660505294799805, -0.6041000485420227, -0.8129980564117432], [-0.0034703954588621855, -0.9976475238800049, 0.7152816653251648, -0.9996891021728516, 0.02487681806087494, 0.0016894944710657, -0.9989938735961914, -0.0034703954588621855, -0.9976475238800049, 0.7152816653251648, -1.0004860162734985, -1.0006065368652344, -1.0013021230697632, -0.6000000238418579, -0.00286700576543808, -0.9911859631538391, -0.9176129698753357, -1.0, -0.9935800433158875, -1.0, -0.9994581937789917, -0.48334217071533203, 0.4860494136810303, -0.7205603122711182, -0.5321692228317261, -0.35967913269996643, -0.9818254113197327, -0.5660505294799805, -0.6041000485420227, -0.8129980564117432], [-0.004667703993618488, -0.9874112010002136, -0.009516759775578976, -0.9995768666267395, 0.027649756520986557, -0.009033291600644588, -0.999056875705719, -0.013462962582707405, -0.9834721684455872, -0.47642385959625244, -1.0006635189056396, -1.0012985467910767, -1.0004758834838867, -1.0, 0.0013737615663558245, -0.9918762445449829, -0.9112010598182678, -0.9140734672546387, -0.9922438263893127, -1.0, -0.9994549751281738, -0.48244813084602356, 0.4853527247905731, -0.7205603122711182, -0.5321692228317261, -0.35967913269996643, -0.9818254113197327, -0.5660505294799805, -0.6041000485420227, -0.8129980564117432], [0.6087102890014648, -0.250064879655838, 0.6975048184394836, 0.007225936744362116, 0.004154625348746777, -0.999965250492096, -0.9990020990371704, 0.6087102890014648, -0.250064879655838, 0.6975048184394836, -0.9986494779586792, -1.0004664659500122, -0.9995136857032776, -0.6000000238418579, 0.0032277225982397795, -0.9903162717819214, -0.9096207022666931, -0.9608003497123718, -0.9922248125076294, -0.9609723687171936, -0.9994477033615112, -0.49107465147972107, 0.48836180567741394, -0.7205603122711182, -0.5321692228317261, -0.35967913269996643, -0.9818254113197327, -0.5660505294799805, -0.6041000485420227, -0.8129980564117432], [0.7397743463516235, -0.4093206524848938, 0.6953637003898621, -0.7197761535644531, -0.6942005753517151, 0.0028106949757784605, -0.9990193843841553, 0.7397743463516235, -0.4093206524848938, 0.6953637003898621, -1.0000916719436646, -0.9992457628250122, -1.0012410879135132, -0.6000000238418579, 0.0018900533905252814, -0.990070641040802, -0.9119316935539246, -0.9964261054992676, -0.992563009262085, -0.9896482229232788, -0.9995143413543701, -0.48555776476860046, 0.4767782688140869, -0.7205603122711182, -0.5321692228317261, -0.35967913269996643, -0.9818254113197327, -0.5660505294799805, -0.6041000485420227, -0.8129980564117432], [0.970345139503479, -0.6635289192199707, 0.701829731464386, -0.717831015586853, -0.696185827255249, 0.00663090031594038, -0.9990243911743164, 0.970345139503479, -0.6635289192199707, 0.701829731464386, -0.9998779892921448, -1.0008012056350708, -1.0012279748916626, -0.6000000238418579, -0.00047850675764493644, -0.9905745983123779, -0.9086220264434814, -0.8991910815238953, -0.9927669763565063, -1.0, -0.9994190335273743, -0.48209235072135925, 0.48791128396987915, -0.7205603122711182, -0.5321692228317261, -0.35967913269996643, -0.9818254113197327, -0.5660505294799805, -0.6041000485420227, -0.8129980564117432], [0.9713729023933411, -0.668713390827179, 0.006112175993621349, -0.7192787528038025, -0.6947119832038879, 0.00364988693036139, -0.9989784955978394, 0.9732571840286255, -0.6821417212486267, -0.45636096596717834, -0.9995957016944885, -1.001413106918335, -1.0004966259002686, -1.0, 0.0005811115261167288, -0.9910681843757629, -0.9172672629356384, -0.7874845266342163, -0.9916388988494873, -0.7085440754890442, -0.9993993043899536, -0.48428046703338623, 0.48171722888946533, -0.7205603122711182, -0.5321692228317261, -0.35967913269996643, -0.9818254113197327, -0.5660505294799805, -0.6041000485420227, -0.8129980564117432], [-0.6112454533576965, 0.30839937925338745, 0.6732688546180725, -0.0033828618470579386, 0.009380715899169445, -0.9999502897262573, -0.9989805817604065, -0.6112454533576965, 0.30839937925338745, 0.6732688546180725, -1.001344919204712, -0.9995699524879456, -0.9994892477989197, -0.6000000238418579, 0.0006629012059420347, -0.9913342595100403, -0.9061354994773865, -1.0, -0.9917706251144409, -0.9486327767372131, -0.9994507431983948, -0.4875512421131134, 0.4894801378250122, -0.7205603122711182, 