{"n_joints": 24, "joint_descriptions": [[-0.6414138078689575, -0.24852581322193146, 0.7012968063354492, -0.0034210134763270617, -0.0008234732085838914, -0.9999938011169434, -0.9992126226425171, -0.6414138078689575, -0.24852581322193146, 0.7012968063354492, -1.0005223751068115, -1.000704288482666, -0.9990143775939941, -0.6000000238418579, 0.0005416966159828007, -0.9916319847106934, -0.9147273302078247, -0.90572190284729, -0.9930095672607422, -1.0, -0.9994996786117554, -0.48283231258392334, 0.482410728931427, -0.7380953431129456, -0.5259231328964233, -0.4919176995754242, -0.9851977825164795, -0.6221268177032471, -0.6996356248855591, -0.8315584659576416], [-0.792597234249115, -0.4412936568260193, 0.7036935091018677, -0.7055172324180603, 0.7086923122406006, -0.0008339956984855235, -0.9992131590843201, -0.792597234249115, -0.4412936568260193, 0.7036935091018677, -0.999214231967926, -1.0005998611450195, -1.0008536577224731, -0.6000000238418579, -0.0008082257118076086, -0.9915829300880432, -0.9152435064315796, -0.9839433431625366, -0.9933145046234131, -1.0, -0.9995143413543701, -0.4818424880504608, 0.4854682683944702, -0.7380953431129456, -0.5259231328964233, -0.4919176995754242, -0.9851977825164795, -0.6221268177032471, -0.6996356248855591, -0.8315584659576416], [-0.9817217588424683, -0.6832290887832642, 0.6881867051124573, -0.7062206268310547, 0.7079888582229614, -0.002049396513029933, -0.9992120265960693, -0.9817217588424683, -0.6832290887832642, 0.6881867051124573, -1.0007878541946411, -0.9993847608566284, -1.0008655786514282, -0.6000000238418579, -0.00018183091015089303, -0.9915995001792908, -0.9174957871437073, -1.0, -0.9932559132575989, -1.0, -0.9995003938674927, -0.4841688275337219, 0.4802211821079254, -0.7380953431129456, -0.5259231328964233, -0.4919176995754242, -0.9851977825164795, -0.6221268177032471, -0.6996356248855591, -0.8315584659576416], [-0.9789618849754333, -0.6841145753860474, -0.021396292373538017, -0.7075143456459045, 0.706697940826416, 0.0012028435012325644, -0.9992087483406067, -0.9782393574714661, -0.6868157386779785, -0.5142810344696045, -1.0007004737854004, -1.0005102157592773, -1.0009799003601074, -1.0, -6.980170292081311e-05, -0.9918099641799927, -0.9148600101470947, -0.5959595441818237, -0.9933043718338013, -0.9801067113876343, -0.9994874596595764, -0.4814395308494568, 0.480059951543808, -0.7380953431129456, -0.5259231328964233, -0.4919176995754242, -0.9851977825164795, -0.6221268177032471, -0.6996356248855591, -0.8315584659576416], [-0.0021062998566776514, -0.4032312333583832, 0.7071999311447144, -0.0016993236495181918, 0.0003293778281658888, -0.9999985098838806, -0.9992109537124634, -0.0021062998566776514, -0.4032312333583832, 0.7071999311447144, -0.9998696446418762, -1.000859022140503, -0.9990401864051819, -0.6000000238418579, -0.0002904787543229759, -0.9916642904281616, -0.9157904386520386, -0.8835411071777344, -0.9931718707084656, -1.0, -0.999519407749176, -0.4826337695121765, 0.4837171733379364, -0.7380953431129456, -0.5259231328964233, -0.4919176995754242, -0.9851977825164795, -0.6221268177032471, -0.6996356248855591, -0.8315584659576416], [-0.005737076513469219, -0.668872594833374, 0.7077081799507141, -0.9999815225601196, -0.006072601769119501, 0.00036043921136297286, -0.9992085695266724, -0.005737076513469219, -0.668872594833374, 0.7077081799507141, -0.9990237951278687, -0.9998652338981628, -1.0008573532104492, -0.6000000238418579, -0.0003531452966853976, -0.991712212562561, -0.9154955148696899, -0.9190568923950195, -0.9929942488670349, -1.0, -0.9995019435882568, -0.48383501172065735, 0.4827515482902527, -0.7380953431129456, -0.5259231328964233, -0.4919176995754242, -0.9851977825164795, -0.6221268177032471, -0.6996356248855591, -0.8315584659576416], [-0.006535705178976059, -0.999163806438446, 0.7069280743598938, -0.9999938011169434, -0.0024211278650909662, -0.002564028836786747, -0.9992097020149231, -0.006535705178976059, -0.999163806438446, 0.7069280743598938, -1.0009676218032837, -1.0001318454742432, -1.000852108001709, -0.6000000238418579, 0.00018429687770549208, -0.9913038015365601, -0.9164344668388367, -0.8928561806678772, -0.9931433796882629, -1.0, -0.9994890093803406, -0.4821975529193878, 0.4850870966911316, -0.7380953431129456, -0.5259231328964233, -0.4919176995754242, -0.9851977825164795, -0.6221268177032471, -0.6996356248855591, -0.8315584659576416], [-0.005348078440874815, -0.9976709485054016, 0.0009645147947594523, -0.9999977946281433, -0.0020604173187166452, -0.00041347453952766955, -0.9992104172706604, -0.003544545266777277, -1.0, -0.48898833990097046, -1.0001312494277954, -1.0008549690246582, -1.0009833574295044, -1.0, -0.0001339010923402384, -0.9916505217552185, -0.9155464768409729, -0.9234805703163147, -0.9932789206504822, -1.0, -0.9995027184486389, -0.4856072962284088, 0.48159584403038025, -0.7380953431129456, -0.5259231328964233, -0.4919176995754242, -0.9851977825164795, -0.6221268177032471, -0.6996356248855591, -0.8315584659576416], [0.641006350517273, -0.24930992722511292, 0.7044815421104431, 0.00037431338569149375, 0.0004073136660736054, -0.9999998211860657, -0.9992121458053589, 0.641006350517273, -0.24930992722511292, 0.7044815421104431, -0.9993002414703369, -1.0005086660385132, -0.9990236163139343, -0.6000000238418579, -0.0008560195565223694, -0.9915727972984314, -0.9184778332710266, -0.8648204803466797, -0.9933338165283203, -1.0, -0.9995083212852478, -0.48302048444747925, 0.48425397276878357, -0.7380953431129456, -0.5259231328964233, -0.4919176995754242, -0.9851977825164795, -0.6221268177032471, -0.6996356248855591, -0.8315584659576416], [0.7900961637496948, -0.4392489194869995, 0.7012439370155334, -0.7035982012748718, -0.7105976343154907, -0.0007364589837379754, -0.9992087483406067, 0.7900961637496948, -0.4392489194869995, 0.7012439370155334, -0.9994105100631714, -0.9992102384567261, -1.0008528232574463, -0.6000000238418579, -0.0007170927128754556, -0.9913352727890015, -0.9148038625717163, -0.9373106956481934, -0.9929941296577454, -1.0, -0.999518632888794, -0.4836336672306061, 0.4835665822029114, -0.7380953431129456, -0.5259231328964233, -0.4919176995754242, -0.9851977825164795, -0.6221268177032471, -0.6996356248855591, -0.8315584659576416], [0.9792728424072266, -0.6732118725776672, 0.6962884664535522, -0.703121542930603, -0.7110695838928223, -0.0003278880612924695, -0.9992097616195679, 0.9792728424072266, -0.6732118725776672, 0.6962884664535522, -1.0005967617034912, -1.0007786750793457, -1.000868558883667, -0.6000000238418579, -0.0003529554232954979, -0.9917237162590027, -0.9152517318725586, -0.9146965742111206, -0.9931628704071045, -1.0, -0.9995002150535583, -0.4842984974384308, 0.48186278343200684, -0.7380953431129456, -0.5259231328964233, -0.4919176995754242, -0.9851977825164795, -0.6221268177032471, -0.6996356248855591, -0.8315584659576416], [0.9775072932243347, -0.6699516773223877, -0.01966800168156624, -0.7034907937049866, -0.7107042074203491, 0.0004510149883572012, -0.9992099404335022, 0.9779778122901917, -0.6710411310195923, -0.49787813425064087, -0.9994837045669556, -1.0006914138793945, -1.000967025756836, -1.0, 0.00022310514759737998, -0.9917873740196228, -0.9154527187347412, -1.0, -0.9934556484222412, -0.99031001329422, -0.9994852542877197, -0.48253729939460754, 0.48135069012641907, -0.7380953431129456, -0.5259231328964233, -0.4919176995754242, -0.9851977825164795, -0.6221268177032471, -0.6996356248855591, -0.8315584659576416], [-0.6416800022125244, 0.2779437303543091, 0.7057386636734009, -0.002357747871428728, 0.0015437708934769034, -0.9999960064888, -0.9992129802703857, -0.6416800022125244, 0.2779437303543091, 0.7057386636734009, -1.0006859302520752, -0.9994890689849854, -0.9990358948707581, -0.6000000238418579, 0.001083594630472362, -0.991592526435852, -0.913792610168457, -0.9456821084022522, -0.9928847551345825, -1.0, -0.9994850158691406, -0.48415228724479675, 0.48488369584083557, -0.7380953431129456, -0.5259231328964233, -0.4919176995754242, -0.9851977825164795, 