{"n_joints": 24, "joint_descriptions": [[-0.6228827834129333, -0.26244089007377625, 0.6730494499206543, -0.0009810238843783736, -0.0002337070764042437, -0.999999463558197, -0.9987117052078247, -0.6228827834129333, -0.26244089007377625, 0.6730494499206543, -1.001039743423462, -1.0015480518341064, -0.9978929162025452, -0.6000000238418579, 0.0020327079109847546, -0.9902397394180298, -0.8963747024536133, -1.0, -0.9928629994392395, -1.0, -0.9993991255760193, -0.4819548726081848, 0.482835054397583, -0.6922361254692078, -0.40118515491485596, -0.387574166059494, -0.9746794104576111, -0.5452960729598999, -0.6273440718650818, -0.7996830940246582], [-0.7679651379585266, -0.43148812651634216, 0.6492990851402283, -0.6961326599121094, 0.7179123759269714, 0.0010444163344800472, -0.9986512660980225, -0.7679651379585266, -0.43148812651634216, 0.6492990851402283, -0.9981440901756287, -1.0013692378997803, -1.0019207000732422, -0.6000000238418579, 0.0021592595148831606, -0.9899166226387024, -0.8969741463661194, -0.9086798429489136, -0.9915947318077087, -1.0, -0.9993203282356262, -0.49155208468437195, 0.4751020073890686, -0.6922361254692078, -0.40118515491485596, -0.387574166059494, -0.9746794104576111, -0.5452960729598999, -0.6273440718650818, -0.7996830940246582], [-0.9675241708755493, -0.6823523640632629, 0.6867110729217529, -0.6893649101257324, 0.7244083285331726, -0.0029430969152599573, -0.9986456632614136, -0.9675241708755493, -0.6823523640632629, 0.6867110729217529, -1.0017588138580322, -0.9987999796867371, -1.0018703937530518, -0.6000000238418579, -0.00020575810049194843, -0.9898650646209717, -0.896880030632019, -1.0, -0.9913832545280457, -1.0, -0.9994032979011536, -0.4795688986778259, 0.4896680414676666, -0.6922361254692078, -0.40118515491485596, -0.387574166059494, -0.9746794104576111, -0.5452960729598999, -0.6273440718650818, -0.7996830940246582], [-0.9747180342674255, -0.6801738739013672, -0.026669073849916458, -0.7020491361618042, 0.7121252417564392, 0.0021591829136013985, -0.9986424446105957, -0.9786495566368103, -0.6785178184509277, -0.5291439294815063, -1.0016553401947021, -1.0010592937469482, -1.002230167388916, -1.0, -0.0020081123802810907, -0.9889053106307983, -0.9032925963401794, -0.5699682831764221, -0.9916391968727112, -1.0, -0.999444842338562, -0.49141672253608704, 0.4901408851146698, -0.6922361254692078, -0.40118515491485596, -0.387574166059494, -0.9746794104576111, -0.5452960729598999, -0.6273440718650818, -0.7996830940246582], [0.001551022520288825, -0.41557878255844116, 0.6832452416419983, 0.000997710507363081, -0.002841007197275758, -0.9999954700469971, -0.9986677765846252, 0.001551022520288825, -0.41557878255844116, 0.6832452416419983, -0.9995869994163513, -1.0018645524978638, -0.9977144598960876, -0.6000000238418579, -0.0016962396912276745, -0.9908633232116699, -0.8990951776504517, -0.9949080944061279, -0.991868257522583, -0.9281079769134521, -0.9994652271270752, -0.4845920503139496, 0.48002076148986816, -0.6922361254692078, -0.40118515491485596, -0.387574166059494, -0.9746794104576111, -0.5452960729598999, -0.6273440718650818, -0.7996830940246582], [0.010974239557981491, -0.6641784310340881, 0.6806348562240601, -0.9998199343681335, -0.01629994809627533, -0.00971713475883007, -0.9986169338226318, 0.010974239557981491, -0.6641784310340881, 0.6806348562240601, -0.9977213144302368, -0.9995707869529724, -1.0019667148590088, -0.6000000238418579, -0.00032894406467676163, -0.9895617365837097, -0.8990168571472168, -0.7541198134422302, -0.9923707842826843, -0.9361855387687683, -0.9994078874588013, -0.4849849343299866, 0.48395586013793945, -0.6922361254692078, -0.40118515491485596, -0.387574166059494, -0.9746794104576111, -0.5452960729598999, -0.6273440718650818, -0.7996830940246582], [0.02113390527665615, -0.998648464679718, 0.670708417892456, -0.9999139904975891, -0.01311244536191225, -0.0001896768226288259, -0.9987082481384277, 0.02113390527665615, -0.998648464679718, 0.670708417892456, -1.002219796180725, -1.0004231929779053, -1.001888394355774, -0.6000000238418579, -0.0012419449631124735, -0.9907627701759338, -0.898789644241333, -0.8521167039871216, -0.9919660091400146, -1.0, -0.9994264841079712, -0.49152660369873047, 0.48938995599746704, -0.6922361254692078, -0.40118515491485596, -0.387574166059494, -0.9746794104576111, -0.5452960729598999, -0.6273440718650818, -0.7996830940246582], [0.013105208054184914, -0.9953444600105286, -0.030524425208568573, -0.9999094009399414, -0.013457332737743855, 0.00017991448112297803, -0.9986150860786438, 0.004530913196504116, -0.986009418964386, -0.5061872005462646, -1.0003716945648193, -1.0017876625061035, -1.002172589302063, -1.0, -0.00013919388584326953, -0.9901977777481079, -0.89984130859375, -0.907580554485321, -0.9914191365242004, -1.0, -0.9994149208068848, -0.4759076237678528, 0.4839896857738495, -0.6922361254692078, -0.40118515491485596, -0.387574166059494, -0.9746794104576111, -0.5452960729598999, -0.6273440718650818, -0.7996830940246582], [0.6256441473960876, -0.25133293867111206, 0.693211555480957, 0.0009290938032791018, -0.0010129583533853292, -0.9999990463256836, -0.9986726641654968, 0.6256441473960876, -0.25133293867111206, 0.693211555480957, -0.99837327003479, -1.0010677576065063, -0.9978431463241577, -0.6000000238418579, 3.6319001992524136e-06, -0.9909295439720154, -0.8899595141410828, -0.9578372240066528, -0.9906888604164124, -1.0, -0.9994125962257385, -0.48199793696403503, 0.4808850884437561, -0.6922361254692078, -0.40118515491485596, -0.387574166059494, -0.9746794104576111, -0.5452960729598999, -0.6273440718650818, -0.7996830940246582], [0.7742882966995239, -0.43612536787986755, 0.683478832244873, -0.7068928480148315, -0.7073206305503845, -0.00016741921717766672, -0.9986752867698669, 0.7742882966995239, -0.43612536787986755, 0.683478832244873, -0.9986825585365295, -0.9981418251991272, -1.001906156539917, -0.6000000238418579, -9.889344801194966e-05, -0.9906250834465027, -0.9003370404243469, -0.9192497134208679, -0.9930609464645386, -0.9319121241569519, -0.9993219375610352, -0.49078038334846497, 0.48257166147232056, -0.6922361254692078, -0.40118515491485596, -0.387574166059494, -0.9746794104576111, -0.5452960729598999, -0.6273440718650818, -0.7996830940246582], [0.9763394594192505, -0.6745830774307251, 0.7021524906158447, -0.7081180214881897, -0.7060020565986633, -0.011398588307201862, -0.9986245036125183, 0.9763394594192505, -0.6745830774307251, 0.7021524906158447, -1.0012543201446533, -1.0018261671066284, -1.0018373727798462, -0.6000000238418579, -2.7123380277771503e-05, -0.9908044934272766, -0.8971087336540222, -0.9136173129081726, -0.9919832348823547, -1.0, -0.9993986487388611, -0.4812597334384918, 0.4752020835876465, -0.6922361254692078, -0.40118515491485596, -0.387574166059494, -0.9746794104576111, -0.5452960729598999, -0.6273440718650818, -0.7996830940246582], [0.973857045173645, -0.6888287663459778, 0.020093945786356926, -0.7062885165214539, -0.707821786403656, -0.012036175467073917, -0.9986454844474792, 0.9720323085784912, -0.688304603099823, -0.45710036158561707, -0.9989541172981262, -1.0016288757324219, -1.0022485256195068, -1.0, 0.0005117263644933701, -0.9893012046813965, -0.8986020684242249, -0.8697261810302734, -0.9909700155258179, -1.0, -0.9994502663612366, -0.48513805866241455, 0.48477667570114136, -0.6922361254692078, -0.40118515491485596, -0.387574166059494, -0.9746794104576111, -0.5452960729598999, -0.6273440718650818, -0.7996830940246582], [-0.6294121742248535, 0.26839011907577515, 0.6772616505622864, 0.004277413245290518, 0.015445276163518429, -0.999871551990509, -0.9986536502838135, -0.6294121742248535, 0.26839011907577515, 0.6772616505622864, -1.0016924142837524, -0.9988895058631897, -0.9977188110351562, -0.6000000238418579, 0.0010676967212930322, -0.98997962474823, -0.9047971367835999, -0.9620462656021118, -0.9926547408103943, -0.9077706933021545, -0.9994855523109436, -0.48176050186157227, 0.4777350127696991, -0.6922361254692078, -0.40118515491485596, -0.387574166059494, 