{"n_joints": 24, "joint_descriptions": [[-0.6241145133972168, -0.2534352242946625, 0.6744263172149658, 0.0006466499762609601, -0.001505038933828473, -0.9999986290931702, -0.9987787008285522, -0.6241145133972168, -0.2534352242946625, 0.6744263172149658, -1.0009427070617676, -1.0013889074325562, -0.9979274868965149, -0.6000000238418579, 0.001734000165015459, -0.990277111530304, -0.898766279220581, -1.0, -0.9929326772689819, -1.0, -0.9994096755981445, -0.48210179805755615, 0.48219171166419983, -0.6960579752922058, -0.4083414673805237, -0.4088743329048157, -0.9759764671325684, -0.5553818345069885, -0.6382459402084351, -0.8042795658111572], [-0.7681170105934143, -0.4252018332481384, 0.6537575721740723, -0.6957998275756836, 0.7182353138923645, -0.0008377739577554166, -0.9987198114395142, -0.7681170105934143, -0.4252018332481384, 0.6537575721740723, -0.9982046484947205, -1.001367211341858, -1.0017149448394775, -0.6000000238418579, 0.001499377773143351, -0.9901576638221741, -0.8987986445426941, -0.919089674949646, -0.9916002154350281, -1.0, -0.9993357062339783, -0.4913422465324402, 0.47619006037712097, -0.6960579752922058, -0.4083414673805237, -0.4088743329048157, -0.9759764671325684, -0.5553818345069885, -0.6382459402084351, -0.8042795658111572], [-0.9660633206367493, -0.6783873438835144, 0.6848938465118408, -0.7053208351135254, 0.7088611125946045, -0.006198451388627291, -0.9987074732780457, -0.9660633206367493, -0.6783873438835144, 0.6848938465118408, -1.0017063617706299, -0.9987679123878479, -1.001683235168457, -0.6000000238418579, -0.0003352773783262819, -0.9901370406150818, -0.8976136445999146, -1.0, -0.9915552139282227, -1.0, -0.9994102716445923, -0.4812985360622406, 0.48826006054878235, -0.6960579752922058, -0.4083414673805237, -0.4088743329048157, -0.9759764671325684, -0.5553818345069885, -0.6382459402084351, -0.8042795658111572], [-0.9729958772659302, -0.6754308938980103, -0.02943352796137333, -0.6977893710136414, 0.7162923216819763, 0.003908939193934202, -0.9987161159515381, -0.9751561880111694, -0.6740126013755798, -0.5334212183952332, -1.0014631748199463, -1.0009143352508545, -1.0021982192993164, -1.0, -0.0020620590075850487, -0.9891859889030457, -0.9054569602012634, -0.5493965744972229, -0.9916333556175232, -1.0, -0.999437689781189, -0.49115556478500366, 0.48884719610214233, -0.6960579752922058, -0.4083414673805237, -0.4088743329048157, -0.9759764671325684, -0.5553818345069885, -0.6382459402084351, -0.8042795658111572], [0.0006189888808876276, -0.41101405024528503, 0.6856562495231628, -0.003154395380988717, -0.0006087527726776898, -0.9999948143959045, -0.9987269639968872, 0.0006189888808876276, -0.41101405024528503, 0.6856562495231628, -0.9996426701545715, -1.0016826391220093, -0.9977748990058899, -0.6000000238418579, -0.0018423883011564612, -0.9910788536071777, -0.9008415937423706, -0.9912737011909485, -0.9919068813323975, -0.9540454149246216, -0.999483585357666, -0.4829065501689911, 0.47997140884399414, -0.6960579752922058, -0.4083414673805237, -0.4088743329048157, -0.9759764671325684, -0.5553818345069885, -0.6382459402084351, -0.8042795658111572], [0.009732364676892757, -0.6609918475151062, 0.6870890259742737, -0.9998563528060913, -0.013867388479411602, 0.009743934497237206, -0.9986855387687683, 0.009732364676892757, -0.6609918475151062, 0.6870890259742737, -0.9977709054946899, -0.9996210336685181, -1.001776933670044, -0.6000000238418579, -0.00019676763622555882, -0.9896921515464783, -0.9025165438652039, -0.7768769264221191, -0.9922796487808228, -0.9648571014404297, -0.999416172504425, -0.4838208854198456, 0.48360952734947205, -0.6960579752922058, -0.4083414673805237, -0.4088743329048157, -0.9759764671325684, -0.5553818345069885, -0.6382459402084351, -0.8042795658111572], [0.02052192948758602, -0.9983941316604614, 0.6799529790878296, -0.9999051094055176, -0.01371153723448515, 0.0013313593808561563, -0.9987618923187256, 0.02052192948758602, -0.9983941316604614, 0.6799529790878296, -1.0021939277648926, -1.0003713369369507, -1.0017064809799194, -0.6000000238418579, -0.0014580449787899852, -0.9907470941543579, -0.8993729948997498, -0.8398715257644653, -0.9921062588691711, -1.0, -0.9994427561759949, -0.49145081639289856, 0.4903639554977417, -0.6960579752922058, -0.4083414673805237, -0.4088743329048157, -0.9759764671325684, -0.5553818345069885, -0.6382459402084351, -0.8042795658111572], [0.01277282927185297, -0.995337188243866, -0.02201264724135399, -0.9998852610588074, -0.014969752170145512, 0.0023099947720766068, -0.9986806511878967, 0.0042662969790399075, -0.9875026345252991, -0.4958774745464325, -1.000362515449524, -1.0015923976898193, -1.0021337270736694, -1.0, 0.0002197967260144651, -0.9902265071868896, -0.9017060995101929, -0.9369305372238159, -0.9917751550674438, -1.0, -0.999416708946228, -0.47722962498664856, 0.48514434695243835, -0.6960579752922058, -0.4083414673805237, -0.4088743329048157, -0.9759764671325684, -0.5553818345069885, -0.6382459402084351, -0.8042795658111572], [0.6262598037719727, -0.24344459176063538, 0.6978013515472412, 0.0003906505589839071, -0.0006954262498766184, -0.9999997019767761, -0.9987329840660095, 0.6262598037719727, -0.24344459176063538, 0.6978013515472412, -0.9985425472259521, -1.0009617805480957, -0.9978686571121216, -0.6000000238418579, -0.000566807750146836, -0.9911060333251953, -0.8932421803474426, -0.9754634499549866, -0.9908885955810547, -0.9989001750946045, -0.9994111061096191, -0.48125961422920227, 0.47995972633361816, -0.6960579752922058, -0.4083414673805237, -0.4088743329048157, -0.9759764671325684, -0.5553818345069885, -0.6382459402084351, -0.8042795658111572], [0.7759481072425842, -0.4267396032810211, 0.685819685459137, -0.704586386680603, -0.7096180319786072, 0.0005217540310695767, -0.99872887134552, 0.7759481072425842, -0.4267396032810211, 0.685819685459137, -0.9986808896064758, -0.9981849193572998, -1.0017136335372925, -0.6000000238418579, -0.0003898432187270373, -0.9905879497528076, -0.9035581350326538, -0.9173198342323303, -0.9931322932243347, -0.9416781663894653, -0.9993400573730469, -0.4912560284137726, 0.4811527729034424, -0.6960579752922058, -0.4083414673805237, -0.4088743329048157, -0.9759764671325684, -0.5553818345069885, -0.6382459402084351, -0.8042795658111572], [0.9789043664932251, -0.6643921732902527, 0.7033261656761169, -0.7105222344398499, -0.7036179304122925, 0.00894378125667572, -0.9986937046051025, 0.9789043664932251, -0.6643921732902527, 0.7033261656761169, -1.0012688636779785, -1.0017590522766113, -1.0016590356826782, -0.6000000238418579, -0.0005860987585037947, -0.991044819355011, -0.8993567824363708, -0.8892462253570557, -0.9919211268424988, -1.0, -0.9994097948074341, -0.480238676071167, 0.4746577739715576, -0.6960579752922058, -0.4083414673805237, -0.4088743329048157, -0.9759764671325684, -0.5553818345069885, -0.6382459402084351, -0.8042795658111572], [0.9751400947570801, -0.6771917939186096, 0.01835712231695652, -0.7046787142753601, -0.709409773349762, 0.012873132713139057, -0.9987136125564575, 0.9713332056999207, -0.674545168876648, -0.45915260910987854, -0.9990456104278564, -1.0014300346374512, -1.002217411994934, -1.0, 0.00015128606173675507, -0.9896777272224426, -0.9007858633995056, -0.895276665687561, -0.991299569606781, -1.0, -0.9994434118270874, -0.4834441840648651, 0.4856756031513214, -0.6960579752922058, -0.4083414673805237, -0.4088743329048157, -0.9759764671325684, -0.5553818345069885, -0.6382459402084351, -0.8042795658111572], [-0.6309893131256104, 0.27876999974250793, 0.6766318678855896, 0.008238849230110645, 0.014464836567640305, -0.9998614192008972, -0.9987179636955261, -0.6309893131256104, 0.27876999974250793, 0.6766318678855896, -1.0015108585357666, -0.9989981651306152, -0.9977846145629883, -0.6000000238418579, 0.0008084721048362553, -0.9900970458984375, -0.9043653607368469, -0.8977083563804626, -0.9925841689109802, -0.9432547688484192, -0.9994882941246033, -0.48055902123451233, 0.47938334941864014, -0.6960579752922058, -0.4083414673805237, 