{"n_joints": 24, "joint_descriptions": [[-0.6655447483062744, -0.28475189208984375, 0.6780905723571777, 0.003089447505772114, 0.004138197749853134, -0.9999866485595703, -0.9991946816444397, -0.6655447483062744, -0.28475189208984375, 0.6780905723571777, -1.000758409500122, -1.0007960796356201, -0.998026967048645, -0.6000000238418579, 0.0015657804906368256, -0.9909656643867493, -0.9160893559455872, -0.7580764889717102, -0.9932360053062439, -1.0, -0.9995536804199219, -0.4878121018409729, 0.4816921651363373, -0.7453088164329529, -0.5524673461914062, -0.4883098006248474, -0.984780490398407, -0.618547797203064, -0.7449869513511658, -0.8170554041862488], [-0.807547390460968, -0.5085892081260681, 0.6867949962615967, -0.692361056804657, 0.7215511202812195, -0.00035070619196631014, -0.9991864562034607, -0.807547390460968, -0.5085892081260681, 0.6867949962615967, -0.9986547827720642, -1.0013797283172607, -1.0010838508605957, -0.6000000238418579, 0.00417495658621192, -0.9916672706604004, -0.9167602062225342, -0.8254857063293457, -0.9926367402076721, -1.0, -0.9994950294494629, -0.4810940623283386, 0.4834693372249603, -0.7453088164329529, -0.5524673461914062, -0.4883098006248474, -0.984780490398407, -0.618547797203064, -0.7449869513511658, -0.8170554041862488], [-0.946865975856781, -0.7419437170028687, 0.688498854637146, -0.7009714841842651, 0.7131808996200562, 0.003464419860392809, -0.9991478323936462, -0.946865975856781, -0.7419437170028687, 0.688498854637146, -1.0013504028320312, -0.9987087249755859, -1.0010977983474731, -0.6000000238418579, 0.00046283358824439347, -0.989941418170929, -0.9048006534576416, -0.9450777173042297, -0.9940094351768494, -1.0, -0.9994300603866577, -0.4858962893486023, 0.5008910298347473, -0.7453088164329529, -0.5524673461914062, -0.4883098006248474, -0.984780490398407, -0.618547797203064, -0.7449869513511658, -0.8170554041862488], [-0.9613728523254395, -0.7671664953231812, -0.019117236137390137, -0.6993158459663391, 0.7148002982139587, 0.0042256880551576614, -0.9992355704307556, -0.9562023282051086, -0.7408586740493774, -0.48142990469932556, -1.0007883310317993, -1.0007282495498657, -1.0018597841262817, -1.0, -0.0022742883302271366, -0.9912914633750916, -0.9211245775222778, -0.530017077922821, -0.9924169182777405, -1.0, -0.9994763135910034, -0.49684539437294006, 0.4808720350265503, -0.7453088164329529, -0.5524673461914062, -0.4883098006248474, -0.984780490398407, -0.618547797203064, -0.7449869513511658, -0.8170554041862488], [-0.00911431759595871, -0.3892119824886322, 0.7336347103118896, -0.004850380122661591, 0.0004817076842300594, -0.9999881386756897, -0.9991408586502075, -0.00911431759595871, -0.3892119824886322, 0.7336347103118896, -0.9999578595161438, -1.0011287927627563, -0.9979535937309265, -0.6000000238418579, -0.000995878130197525, -0.9913555383682251, -0.9225157499313354, -0.6374127268791199, -0.9929444789886475, -0.7894225716590881, -0.9993549585342407, -0.4903159439563751, 0.4756496548652649, -0.7453088164329529, -0.5524673461914062, -0.4883098006248474, -0.984780490398407, -0.618547797203064, -0.7449869513511658, -0.8170554041862488], [-0.010047776624560356, -0.6905099153518677, 0.7212430834770203, -0.9997879862785339, -0.01850810833275318, 0.009024607948958874, -0.9992113709449768, -0.010047776624560356, -0.6905099153518677, 0.7212430834770203, -0.9980550408363342, -0.9999421834945679, -1.0011192560195923, -0.6000000238418579, -0.00156704755499959, -0.9910625219345093, -0.9124237895011902, -0.8424443602561951, -0.9938581585884094, -0.9918097853660583, -0.9995157718658447, -0.4755999445915222, 0.48100584745407104, -0.7453088164329529, -0.5524673461914062, -0.4883098006248474, -0.984780490398407, -0.618547797203064, -0.7449869513511658, -0.8170554041862488], [-0.003251210553571582, -0.987969696521759, 0.7233948707580566, -0.9999869465827942, -0.004259976092725992, 0.0028273477219045162, -0.999164879322052, -0.003251210553571582, -0.987969696521759, 0.7233948707580566, -1.0021134614944458, -1.0000340938568115, -1.0011001825332642, -0.6000000238418579, -0.0013913796283304691, -0.9896757006645203, -0.9148653745651245, -1.0, -0.9927981495857239, -1.0, -0.9994893670082092, -0.47916314005851746, 0.4858170449733734, -0.7453088164329529, -0.5524673461914062, -0.4883098006248474, -0.984780490398407, -0.618547797203064, -0.7449869513511658, -0.8170554041862488], [-0.012741400860249996, -0.9875918030738831, 0.04205552116036415, -0.9998717904090881, -0.009860466234385967, -0.012617882341146469, -0.9991753697395325, -0.00502746319398284, -1.0, -0.4192770719528198, -1.0000452995300293, -1.0011062622070312, -1.0019837617874146, -1.0, 0.00028844125336036086, -0.9921479821205139, -0.9092895984649658, -1.0, -0.9916790127754211, -1.0, -0.9994366765022278, -0.48265528678894043, 0.4806462824344635, -0.7453088164329529, -0.5524673461914062, -0.4883098006248474, -0.984780490398407, -0.618547797203064, -0.7449869513511658, -0.8170554041862488], [0.6874216198921204, -0.2596503794193268, 0.6803597211837769, 0.005137668456882238, -0.0029678030405193567, -0.9999824166297913, -0.9991786479949951, 0.6874216198921204, -0.2596503794193268, 0.6803597211837769, -0.9992668032646179, -1.0007240772247314, -0.9979628920555115, -0.6000000238418579, 0.0041829803958535194, -0.9918462038040161, -0.9070187211036682, -0.693058967590332, -0.9933712482452393, -1.0, -0.9995415210723877, -0.4822952151298523, 0.4757963716983795, -0.7453088164329529, -0.5524673461914062, -0.4883098006248474, -0.984780490398407, -0.618547797203064, -0.7449869513511658, -0.8170554041862488], [0.8373108506202698, -0.4783294200897217, 0.6631582379341125, -0.7271373271942139, -0.686489462852478, 0.0018599575851112604, -0.9991856217384338, 0.8373108506202698, -0.4783294200897217, 0.6631582379341125, -0.9985759854316711, -0.9986236691474915, -1.001055121421814, -0.6000000238418579, 0.0009101530886255205, -0.9931873679161072, -0.9307321310043335, -0.8562254905700684, -0.9933952689170837, -0.9893484711647034, -0.9994463920593262, -0.491851806640625, 0.48458239436149597, -0.7453088164329529, -0.5524673461914062, -0.4883098006248474, -0.984780490398407, -0.618547797203064, -0.7449869513511658, -0.8170554041862488], [0.9841515421867371, -0.7097551226615906, 0.6619690656661987, -0.7313711643218994, -0.6819477081298828, 0.006599597167223692, -0.9991872310638428, 0.9841515421867371, -0.7097551226615906, 0.6619690656661987, -1.001363754272461, -1.0013477802276611, -1.001010775566101, -0.6000000238418579, 0.000834255013614893, -0.9911872148513794, -0.9218946099281311, -0.9895545244216919, -0.9926183819770813, -1.0, -0.9994389414787292, -0.4764503836631775, 0.4749630391597748, -0.7453088164329529, -0.5524673461914062, -0.4883098006248474, -0.984780490398407, -0.618547797203064, -0.7449869513511658, -0.8170554041862488], [0.9829387068748474, -0.6934447288513184, -0.05578387901186943, -0.7344855666160583, -0.6786202788352966, 0.002344022272154689, -0.9991661906242371, 0.99713134765625, -0.7000358700752258, -0.557494580745697, -0.9993006587028503, -1.0006598234176636, -1.0019636154174805, -1.0, -0.0030458434484899044, -0.9931590557098389, -0.9114794731140137, -0.8939751386642456, -0.995023250579834, -0.7628915309906006, -0.9994938969612122, -0.49601560831069946, 0.4763140380382538, -0.7453088164329529, -0.5524673461914062, -0.4883098006248474, -0.984780490398407, -0.618547797203064, -0.7449869513511658, -0.8170554041862488], [-0.6619769930839539, 0.2111245095729828, 0.7037807703018188, 0.004891900811344385, -0.0010261257411912084, -0.9999874830245972, -0.9991307854652405, -0.6619769930839539, 0.2111245095729828, 0.7037807703018188, -1.0008641481399536, -0.9991676211357117, -0.9978901147842407, -0.6000000238418579, 0.0018486820627003908, -0.9906208515167236, -0.9133470058441162, -0.8987119197845459, -0.9917544722557068, -0.9548757076263428, -0.9995543956756592, -0.48618456721305847, 0.46946287155151367, -0.7453088164329529, -0.5524673461914062, -0.4883098006248474, -0.984780490398407, -0.618547797203064, 