{"n_joints": 24, "joint_descriptions": [[-0.64872807264328, -0.23997439444065094, 0.7233132719993591, -0.0030435568187385798, -0.0007735359249636531, -0.9999950528144836, -0.9990456104278564, -0.64872807264328, -0.23997439444065094, 0.7233132719993591, -1.000834584236145, -1.001057505607605, -0.9988753795623779, -0.6000000238418579, 0.0002805777476169169, -0.9910804629325867, -0.9096359610557556, -0.8993745446205139, -0.992676317691803, -1.0, -0.9994497299194336, -0.47635266184806824, 0.4832233786582947, -0.7260027527809143, -0.4683305323123932, -0.4395744800567627, -0.9819247722625732, -0.5903047919273376, -0.6848247647285461, -0.8147312998771667], [-0.8071033954620361, -0.44712913036346436, 0.7181654572486877, -0.7041473984718323, 0.7100534439086914, -0.0007350563537329435, -0.9990506768226624, -0.8071033954620361, -0.44712913036346436, 0.7181654572486877, -0.9990562796592712, -1.0006910562515259, -1.0013717412948608, -0.6000000238418579, -0.0018745058914646506, -0.9912961721420288, -0.9054455757141113, -0.9597733616828918, -0.9934533834457397, -0.9620792865753174, -0.9994754195213318, -0.4879850745201111, 0.48631763458251953, -0.7260027527809143, -0.4683305323123932, -0.4395744800567627, -0.9819247722625732, -0.5903047919273376, -0.6848247647285461, -0.8147312998771667], [-0.9908019304275513, -0.6827337741851807, 0.7013524770736694, -0.7110188007354736, 0.7031689882278442, 0.0023713670670986176, -0.9990832209587097, -0.9908019304275513, -0.6827337741851807, 0.7013524770736694, -1.0009359121322632, -0.9992671608924866, -1.0013536214828491, -0.6000000238418579, -0.00043915919377468526, -0.9919768571853638, -0.9195420145988464, -0.8302850127220154, -0.9923588037490845, -1.0, -0.9994955658912659, -0.4844185411930084, 0.4750537872314453, -0.7260027527809143, -0.4683305323123932, -0.4395744800567627, -0.9819247722625732, -0.5903047919273376, -0.6848247647285461, -0.8147312998771667], [-0.9804078936576843, -0.6748800873756409, -0.004917624406516552, -0.7040921449661255, 0.7101085782051086, 0.0002756524772848934, -0.9990255832672119, -0.979989230632782, -0.688959538936615, -0.5140299201011658, -1.001088261604309, -1.0008296966552734, -1.0011833906173706, -1.0, 0.0006287065916694701, -0.9915823340415955, -0.9109957218170166, -0.5571112632751465, -0.9929295778274536, -1.0, -0.9994524121284485, -0.4745914041996002, 0.48162201046943665, -0.7260027527809143, -0.4683305323123932, -0.4395744800567627, -0.9819247722625732, -0.5903047919273376, -0.6848247647285461, -0.8147312998771667], [0.0005392796010710299, -0.3973180949687958, 0.6894707679748535, -0.0007531868759542704, -0.00032492479658685625, -0.9999996423721313, -0.9990966320037842, 0.0005392796010710299, -0.3973180949687958, 0.6894707679748535, -0.9998478889465332, -1.0013322830200195, -0.9988828897476196, -0.6000000238418579, 0.0008808409329503775, -0.9910642504692078, -0.9023584723472595, -0.9263902902603149, -0.9927459359169006, -1.0, -0.999541163444519, -0.4796898066997528, 0.48541146516799927, -0.7260027527809143, -0.4683305323123932, -0.4395744800567627, -0.9819247722625732, -0.5903047919273376, -0.6848247647285461, -0.8147312998771667], [0.0015632474096491933, -0.6787474751472473, 0.7012884616851807, -0.999938428401947, 0.010836129076778889, 0.002382290083914995, -0.9990620017051697, 0.0015632474096491933, -0.6787474751472473, 0.7012884616851807, -0.9988603591918945, -0.999832272529602, -1.0013083219528198, -0.6000000238418579, -0.0008918504463508725, -0.9909347295761108, -0.9084523320198059, -1.0, -0.992594301700592, -1.0, -0.9994853734970093, -0.48608019948005676, 0.4805750846862793, -0.7260027527809143, -0.4683305323123932, -0.4395744800567627, -0.9819247722625732, -0.5903047919273376, -0.6848247647285461, -0.8147312998771667], [-0.0035738914739340544, -0.9999661445617676, 0.6798346638679504, -0.9999681115150452, 0.007966134697198868, 0.0006086581270210445, -0.9990604519844055, -0.0035738914739340544, -0.9999661445617676, 0.6798346638679504, -1.0010963678359985, -1.0001572370529175, -1.0013426542282104, -0.6000000238418579, 0.0010461987694725394, -0.9919589161872864, -0.9148017764091492, -0.7738818526268005, -0.9925116300582886, -1.0, -0.999441921710968, -0.48181644082069397, 0.48442575335502625, -0.7260027527809143, -0.4683305323123932, -0.4395744800567627, -0.9819247722625732, -0.5903047919273376, -0.6848247647285461, -0.8147312998771667], [-0.0023253934923559427, -0.993432343006134, -0.014398051425814629, -0.9999619722366333, 0.008621691726148129, -0.0013143805554136634, -0.9990473985671997, -0.005955349188297987, -0.989463746547699, -0.4955456554889679, -1.0001760721206665, -1.0013604164123535, -1.001165509223938, -1.0, -0.0018025193130597472, -0.9908052682876587, -0.9098584055900574, -0.999272346496582, -0.9938082098960876, -1.0, -0.9994853734970093, -0.483150839805603, 0.4808361530303955, -0.7260027527809143, -0.4683305323123932, -0.4395744800567627, -0.9819247722625732, -0.5903047919273376, -0.6848247647285461, -0.8147312998771667], [0.6384438276290894, -0.25047773122787476, 0.6965644359588623, 0.005718187894672155, -0.0011928145540878177, -0.9999829530715942, -0.9990743398666382, 0.6384438276290894, -0.25047773122787476, 0.6965644359588623, -0.9988911747932434, -1.0008476972579956, -0.9989117980003357, -0.6000000238418579, -0.002736553316935897, -0.9911988973617554, -0.9131479263305664, -0.8985816240310669, -0.9929748177528381, -1.0, -0.9994665384292603, -0.4870058596134186, 0.4845704436302185, -0.7260027527809143, -0.4683305323123932, -0.4395744800567627, -0.9819247722625732, -0.5903047919273376, -0.6848247647285461, -0.8147312998771667], [0.7947819232940674, -0.4560163915157318, 0.6980618238449097, -0.6951842308044434, -0.7188305258750916, 0.001234514289535582, -0.9990805983543396, 0.7947819232940674, -0.4560163915157318, 0.6980618238449097, -0.9993481040000916, -0.9990672469139099, -1.0013548135757446, -0.6000000238418579, -0.0011638618307188153, -0.9902074337005615, -0.9020699262619019, -1.0, -0.9921087026596069, -1.0, -0.9994815587997437, -0.4752849340438843, 0.48289886116981506, -0.7260027527809143, -0.4683305323123932, -0.4395744800567627, -0.9819247722625732, -0.5903047919273376, -0.6848247647285461, -0.8147312998771667], [0.9783585667610168, -0.6865395903587341, 0.6894314289093018, -0.6920658349990845, -0.7218342423439026, 0.00045608042273670435, -0.9990725517272949, 0.9783585667610168, -0.6865395903587341, 0.6894314289093018, -1.0006991624832153, -1.0009344816207886, -1.0013890266418457, -0.6000000238418579, -0.00037796751712448895, -0.9908707141876221, -0.9084146022796631, -0.9273209571838379, -0.9927366375923157, -1.0, -0.9995325207710266, -0.4840738773345947, 0.4861272871494293, -0.7260027527809143, -0.4683305323123932, -0.4395744800567627, -0.9819247722625732, -0.5903047919273376, -0.6848247647285461, -0.8147312998771667], [0.9764504432678223, -0.6938779950141907, -0.015557164326310158, -0.7029961943626404, -0.7111517190933228, 0.00772030558437109, -0.9990963339805603, 0.9683026671409607, -0.6900233030319214, -0.4875142276287079, -0.9990793466567993, -1.001082181930542, -1.0010943412780762, -1.0, 0.002087999600917101, -0.990205705165863, -0.9102495312690735, -0.9665693044662476, -0.9918981194496155, -1.0, -0.9994761347770691, -0.47486719489097595, 0.48403504490852356, -0.7260027527809143, -0.4683305323123932, -0.4395744800567627, -0.9819247722625732, -0.5903047919273376, -0.6848247647285461, -0.8147312998771667], [-0.6518039107322693, 0.280062198638916, 0.7141913175582886, 0.002617927733808756, -0.0064225997775793076, -0.9999759197235107, -0.9991044998168945, -0.6518039107322693, 0.280062198638916, 0.7141913175582886, -1.0010221004486084, -0.9992001056671143, -0.9989010095596313, -0.6000000238418579, 0.0006284505943767726, -0.9918909072875977, -0.9150355458259583, -0.9166529178619385, -0.9937218427658081, -1.0, -0.9994483590126038, -0.4837055504322052, 0.49106940627098083, -0.7260027527809143, -0.4683305323123932, -0.4395744800567627, -0.9819247722625732, 