{"n_joints": 24, "joint_descriptions": [[-0.6704375147819519, -0.27736344933509827, 0.644759476184845, 0.008400377817451954, -0.010658464394509792, -0.999907910823822, -0.9992892742156982, -0.6704375147819519, -0.27736344933509827, 0.644759476184845, -1.0006248950958252, -1.0006318092346191, -0.9979302883148193, -0.6000000238418579, 0.0012441194849088788, -0.9917439222335815, -0.9187981486320496, -0.7514187097549438, -0.9934467673301697, -1.0, -0.9995590448379517, -0.4948408901691437, 0.48058632016181946, -0.755058765411377, -0.5829246640205383, -0.4981759786605835, -0.9863020181655884, -0.6409614682197571, -0.7595126628875732, -0.822817862033844], [-0.8101689219474792, -0.4940495491027832, 0.664891242980957, -0.6962903141975403, 0.7176325917243958, -0.013537590391933918, -0.9992561340332031, -0.8101689219474792, -0.4940495491027832, 0.664891242980957, -0.9985902905464172, -1.0014376640319824, -1.0008655786514282, -0.6000000238418579, 0.006248305086046457, -0.9912871718406677, -0.9257559776306152, -0.756832480430603, -0.9919988512992859, -1.0, -0.9994921088218689, -0.47442159056663513, 0.4771900773048401, -0.755058765411377, -0.5829246640205383, -0.4981759786605835, -0.9863020181655884, -0.6409614682197571, -0.7595126628875732, -0.822817862033844], [-0.9494813680648804, -0.7287246584892273, 0.6855701804161072, -0.6916316747665405, 0.7222186923027039, -0.0067663053050637245, -0.9992117285728455, -0.9494813680648804, -0.7287246584892273, 0.6855701804161072, -1.001330852508545, -0.9987296462059021, -1.0008914470672607, -0.6000000238418579, 0.00031679292442277074, -0.9894281029701233, -0.899820864200592, -1.0, -0.9939594268798828, -0.9635505080223083, -0.9994537830352783, -0.4801347553730011, 0.5087311863899231, -0.755058765411377, -0.5829246640205383, -0.4981759786605835, -0.9863020181655884, -0.6409614682197571, -0.7595126628875732, -0.822817862033844], [-0.9708464741706848, -0.768753707408905, -0.01129496842622757, -0.7061135172843933, 0.7080889940261841, 0.003691135672852397, -0.9993150234222412, -0.9647231698036194, -0.7261084318161011, -0.4529482424259186, -1.000636100769043, -1.0006481409072876, -1.0018746852874756, -1.0, -0.0010954331373795867, -0.9908531904220581, -0.9244636297225952, -0.5271880626678467, -0.9931288957595825, -1.0, -0.9995385408401489, -0.5045210123062134, 0.4835118055343628, -0.755058765411377, -0.5829246640205383, -0.4981759786605835, -0.9863020181655884, -0.6409614682197571, -0.7595126628875732, -0.822817862033844], [0.007307295687496662, -0.3740651607513428, 0.7279406785964966, -0.0010736396070569754, -0.0021174168214201927, -0.9999971985816956, -0.9991973042488098, 0.007307295687496662, -0.3740651607513428, 0.7279406785964966, -0.9999793171882629, -1.0009196996688843, -0.9978845715522766, -0.6000000238418579, 2.5361603547935374e-05, -0.9917377829551697, -0.9319693446159363, -0.6553483605384827, -0.9935733079910278, -0.6807667016983032, -0.9993095993995667, -0.4878770709037781, 0.4793991148471832, -0.755058765411377, -0.5829246640205383, -0.4981759786605835, -0.9863020181655884, -0.6409614682197571, -0.7595126628875732, -0.822817862033844], [-0.0028546007815748453, -0.6831061244010925, 0.7079885601997375, -0.9999654293060303, 0.006019375752657652, 0.005741157568991184, -0.99927818775177, -0.0028546007815748453, -0.6831061244010925, 0.7079885601997375, -0.997979462146759, -0.9999740719795227, -1.0009450912475586, -0.6000000238418579, -0.0011615472612902522, -0.9910471439361572, -0.9208009839057922, -0.7398730516433716, -0.9940664768218994, -0.9625359773635864, -0.9995505809783936, -0.47877010703086853, 0.4870275557041168, -0.755058765411377, -0.5829246640205383, -0.4981759786605835, -0.9863020181655884, -0.6409614682197571, -0.7595126628875732, -0.822817862033844], [0.0011306690284982324, -0.9827554225921631, 0.7249462008476257, -0.9999502301216125, 0.009886051528155804, 0.0013486453099176288, -0.9992226958274841, 0.0011306690284982324, -0.9827554225921631, 0.7249462008476257, -1.002274751663208, -0.9999905228614807, -1.0008972883224487, -0.6000000238418579, -0.003266723593696952, -0.9891576170921326, -0.9107134938240051, -1.0, -0.9937119483947754, -1.0, -0.9995536804199219, -0.4768824577331543, 0.48003432154655457, -0.755058765411377, -0.5829246640205383, -0.4981759786605835, -0.9863020181655884, -0.6409614682197571, -0.7595126628875732, -0.822817862033844], [-0.003428753698244691, -0.9886587858200073, 0.032115813344717026, -0.9999655485153198, 0.0017560579581186175, -0.00811100099235773, -0.9992642998695374, 0.0028588855639100075, -1.0, -0.4225517213344574, -0.9999990463256836, -1.0007855892181396, -1.0020606517791748, -1.0, 0.0003406445903237909, -0.991962730884552, -0.9094170331954956, -1.0, -0.9909814596176147, -0.9918803572654724, -0.9994500875473022, -0.48416030406951904, 0.47752976417541504, -0.755058765411377, -0.5829246640205383, -0.4981759786605835, -0.9863020181655884, -0.6409614682197571, -0.7595126628875732, -0.822817862033844], [0.7235497236251831, -0.24443139135837555, 0.6633113622665405, -0.005609555169939995, 0.0025912816636264324, -0.9999809265136719, -0.9992473125457764, 0.7235497236251831, -0.24443139135837555, 0.6633113622665405, -0.9994230270385742, -1.000592589378357, -0.9977806210517883, -0.6000000238418579, 0.00623690988868475, -0.9922903776168823, -0.913811206817627, -0.6645840406417847, -0.9928438663482666, -1.0, -0.9995614886283875, -0.47581297159194946, 0.4758274555206299, -0.755058765411377, -0.5829246640205383, -0.4981759786605835, -0.9863020181655884, -0.6409614682197571, -0.7595126628875732, -0.822817862033844], [0.8661574721336365, -0.4629421532154083, 0.6374754905700684, -0.7314692139625549, -0.6818695664405823, -0.0025846855714917183, -0.9992274045944214, 0.8661574721336365, -0.4629421532154083, 0.6374754905700684, -0.9985004663467407, -0.9985802173614502, -1.0008904933929443, -0.6000000238418579, -0.00040479694143868983, -0.9941617250442505, -0.9404284358024597, -0.7389413714408875, -0.9942805171012878, -0.8783239722251892, -0.9994997382164001, -0.49920138716697693, 0.48122140765190125, -0.755058765411377, -0.5829246640205383, -0.4981759786605835, -0.9863020181655884, -0.6409614682197571, -0.7595126628875732, -0.822817862033844], [0.9990226030349731, -0.6913294196128845, 0.6445479393005371, -0.7379270792007446, -0.6748803853988647, -0.0003208384441677481, -0.9992386698722839, 0.9990226030349731, -0.6913294196128845, 0.6445479393005371, -1.0014408826828003, -1.0013525485992432, -1.0008140802383423, -0.6000000238418579, -0.0006313469493761659, -0.9920229911804199, -0.9234018325805664, -0.9642035365104675, -0.9933428764343262, -1.0, -0.9993963241577148, -0.47584909200668335, 0.47746115922927856, -0.755058765411377, -0.5829246640205383, -0.4981759786605835, -0.9863020181655884, -0.6409614682197571, -0.7595126628875732, -0.822817862033844], [0.9828987717628479, -0.6615893840789795, -0.06153135374188423, -0.7337996959686279, -0.6791932582855225, -0.015314479358494282, -0.9992157816886902, 0.9970431327819824, -0.6748361587524414, -0.5682113766670227, -0.9994655847549438, -1.00071120262146, -1.0019758939743042, -1.0, -0.004955498967319727, -0.994132936000824, -0.9170314073562622, -0.9798629283905029, -0.9959352016448975, -0.6550954580307007, -0.9994912147521973, -0.5036336779594421, 0.4759258031845093, -0.755058765411377, -0.5829246640205383, -0.4981759786605835, -0.9863020181655884, -0.6409614682197571, -0.7595126628875732, -0.822817862033844], [-0.6585216522216797, 0.21023711562156677, 0.6672800183296204, 0.0007705361931584775, -0.004204252269119024, -0.9999908804893494, -0.9991847276687622, -0.6585216522216797, 0.21023711562156677, 0.6672800183296204, -1.0007250308990479, -0.999290943145752, -0.9976891279220581, -0.6000000238418579, 0.0015263851964846253, -0.9901306629180908, -0.9091589450836182, -1.0, -0.9911646246910095, -0.8500590920448303, -0.99955815076828, -0.48063427209854126, 0.4618276357650757, -0.755058765411377, -0.5829246640205383, -0.4981759786605835, -0.9863020181655884, 