{"n_joints": 24, "joint_descriptions": [[-0.6539285182952881, -0.23987585306167603, 0.7237805128097534, -0.004055623896420002, 0.0037656305357813835, -0.9999846816062927, -0.999086856842041, -0.6539285182952881, -0.23987585306167603, 0.7237805128097534, -1.0008466243743896, -1.0010632276535034, -0.9990061521530151, -0.6000000238418579, 9.41272301133722e-05, -0.9914429187774658, -0.911249577999115, -0.8912241458892822, -0.9927700757980347, -1.0, -0.999473512172699, -0.4790210723876953, 0.48289212584495544, -0.7286281585693359, -0.4918225407600403, -0.4488871097564697, -0.9827932119369507, -0.5899335145950317, -0.6877583861351013, -0.8162562847137451], [-0.8107677102088928, -0.4504615068435669, 0.7153231501579285, -0.7095141410827637, 0.7046760320663452, 0.004620393272489309, -0.9990973472595215, -0.8107677102088928, -0.4504615068435669, 0.7153231501579285, -0.9991689324378967, -1.0005897283554077, -1.0013587474822998, -0.6000000238418579, -0.0020876750349998474, -0.9911085367202759, -0.9098643660545349, -0.9461124539375305, -0.9931858777999878, -1.0, -0.9994748830795288, -0.4849724769592285, 0.48327505588531494, -0.7286281585693359, -0.4918225407600403, -0.4488871097564697, -0.9827932119369507, -0.5899335145950317, -0.6877583861351013, -0.8162562847137451], [-0.990135908126831, -0.6898295879364014, 0.6993851661682129, -0.7092229127883911, 0.7049811482429504, -0.002119966084137559, -0.9991202354431152, -0.990135908126831, -0.6898295879364014, 0.6993851661682129, -1.0008177757263184, -0.9993641972541809, -1.0013426542282104, -0.6000000238418579, -0.0007332463865168393, -0.9919795989990234, -0.9184788465499878, -0.8796917200088501, -0.9926441311836243, -1.0, -0.9994867444038391, -0.48168161511421204, 0.47520020604133606, -0.7286281585693359, -0.4918225407600403, -0.4488871097564697, -0.9827932119369507, -0.5899335145950317, -0.6877583861351013, -0.8162562847137451], [-0.9805538654327393, -0.6823645234107971, -0.01518301758915186, -0.7070009708404541, 0.707179844379425, 0.006806439720094204, -0.9990766644477844, -0.9821343421936035, -0.6937920451164246, -0.5229342579841614, -1.0010778903961182, -1.000854253768921, -1.0010404586791992, -1.0, 0.0008572401129640639, -0.9913707971572876, -0.9139590859413147, -0.608730673789978, -0.9931973814964294, -1.0, -0.9994841814041138, -0.47556787729263306, 0.4817558526992798, -0.7286281585693359, -0.4918225407600403, -0.4488871097564697, -0.9827932119369507, -0.5899335145950317, -0.6877583861351013, -0.8162562847137451], [-0.007956833578646183, -0.39550939202308655, 0.6959781050682068, -0.004229398909956217, -0.001199727994389832, -0.9999903440475464, -0.9991219639778137, -0.007956833578646183, -0.39550939202308655, 0.6959781050682068, -0.9998570084571838, -1.001330018043518, -0.9990168809890747, -0.6000000238418579, 0.00043094056309200823, -0.9912043213844299, -0.9060793519020081, -0.9371345043182373, -0.992730438709259, -1.0, -0.9995434880256653, -0.4805169403553009, 0.48596566915512085, -0.7286281585693359, -0.4918225407600403, -0.4488871097564697, -0.9827932119369507, -0.5899335145950317, -0.6877583861351013, -0.8162562847137451], [-0.01009835209697485, -0.6785411238670349, 0.7058122754096985, -0.9999736547470093, 0.004703415557742119, 0.005525756627321243, -0.9991122484207153, -0.01009835209697485, -0.6785411238670349, 0.7058122754096985, -0.9990046620368958, -0.999845027923584, -1.0013067722320557, -0.6000000238418579, -0.0008729756809771061, -0.9910297393798828, -0.9127843379974365, -1.0, -0.9929424524307251, -1.0, -0.9994902610778809, -0.48586300015449524, 0.48342105746269226, -0.7286281585693359, -0.4918225407600403, -0.4488871097564697, -0.9827932119369507, -0.5899335145950317, -0.6877583861351013, -0.8162562847137451], [-0.01360421534627676, -0.9993076920509338, 0.6897088885307312, -0.9999931454658508, 0.0034104660153388977, 0.001434955163858831, -0.9991075396537781, -0.01360421534627676, -0.9993076920509338, 0.6897088885307312, -1.0009665489196777, -1.0001407861709595, -1.0013377666473389, -0.6000000238418579, 0.0002404932165518403, -0.9920206665992737, -0.9127258062362671, -0.8215596079826355, -0.9929534196853638, -1.0, -0.9994749426841736, -0.48126810789108276, 0.4815937578678131, -0.7286281585693359, -0.4918225407600403, -0.4488871097564697, -0.9827932119369507, -0.5899335145950317, -0.6877583861351013, -0.8162562847137451], [-0.012209356762468815, -0.997887909412384, -0.017163701355457306, -0.9999998211860657, -0.0005426371353678405, -0.00031526992097496986, -0.999097466468811, -0.01458331011235714, -0.9993187785148621, -0.5013441443443298, -1.0001544952392578, -1.0013337135314941, -1.0010133981704712, -1.0, -0.0002834132465068251, -0.990860641002655, -0.9102320671081543, -0.9795494675636292, -0.9936789870262146, -1.0, -0.9994747042655945, -0.482664555311203, 0.4815913140773773, -0.7286281585693359, -0.4918225407600403, -0.4488871097564697, -0.9827932119369507, -0.5899335145950317, -0.6877583861351013, -0.8162562847137451], [0.6376051306724548, -0.25022298097610474, 0.6976987719535828, -0.0009290504385717213, -0.0028097291942685843, -0.9999956488609314, -0.9991022944450378, 0.6376051306724548, -0.25022298097610474, 0.6976987719535828, -0.998900830745697, -1.0008533000946045, -0.999028205871582, -0.6000000238418579, -0.0029496129136532545, -0.9913796782493591, -0.9155099391937256, -0.9088423252105713, -0.9927240610122681, -1.0, -0.9994891881942749, -0.48392918705940247, 0.4823966920375824, -0.7286281585693359, -0.4918225407600403, -0.4488871097564697, -0.9827932119369507, -0.5899335145950317, -0.6877583861351013, -0.8162562847137451], [0.7951671481132507, -0.4558313488960266, 0.6891093254089355, -0.6925368309020996, -0.7213820815086365, -0.0008146481122821569, -0.9991137385368347, 0.7951671481132507, -0.4558313488960266, 0.6891093254089355, -0.9994240999221802, -0.9991838932037354, -1.0013571977615356, -0.6000000238418579, 0.00028885077335871756, -0.9903820157051086, -0.9041067361831665, -1.0, -0.9925654530525208, -1.0, -0.9995031356811523, -0.4772911071777344, 0.48378095030784607, -0.7286281585693359, -0.4918225407600403, -0.4488871097564697, -0.9827932119369507, -0.5899335145950317, -0.6877583861351013, -0.8162562847137451], [0.9748005867004395, -0.6854162216186523, 0.6881085634231567, -0.6919862627983093, -0.7219105362892151, 0.00039337752969004214, -0.9991059899330139, 0.9748005867004395, -0.6854162216186523, 0.6881085634231567, -1.0005935430526733, -1.000828742980957, -1.001383900642395, -0.6000000238418579, -0.0006473620305769145, -0.9912955164909363, -0.9119167327880859, -0.8955482840538025, -0.993080735206604, -1.0, -0.9995177984237671, -0.48195838928222656, 0.4852709472179413, -0.7286281585693359, -0.4918225407600403, -0.4488871097564697, -0.9827932119369507, -0.5899335145950317, -0.6877583861351013, -0.8162562847137451], [0.9747611880302429, -0.6943570375442505, -0.02024054527282715, -0.6947802305221558, -0.7191897034645081, -0.006827553268522024, -0.9991262555122375, 0.9688552021980286, -0.692223072052002, -0.5017800331115723, -0.999075710773468, -1.001063585281372, -1.0009509325027466, -1.0, 0.0018643260700628161, -0.9903870820999146, -0.9110104441642761, -0.9951092004776001, -0.9919949769973755, -1.0, -0.9994752407073975, -0.4760536551475525, 0.48197972774505615, -0.7286281585693359, -0.4918225407600403, -0.4488871097564697, -0.9827932119369507, -0.5899335145950317, -0.6877583861351013, -0.8162562847137451], [-0.6546574234962463, 0.2780942916870117, 0.7222753763198853, -0.0016750340582802892, 0.0013653592905029655, -0.9999976754188538, -0.9991341233253479, -0.6546574234962463, 0.2780942916870117, 0.7222753763198853, -1.0010216236114502, -0.9991803765296936, -0.9990301728248596, -0.6000000238418579, 0.0006052620592527092, -0.991755485534668, -0.9129152894020081, -0.9181544184684753, -0.993613600730896, -1.0, -0.9994714856147766, -0.48116153478622437, 0.4898987114429474, -0.7286281585693359, -0.4918225407600403, -0.4488871097564697, -0.9827932119369507, -0.5899335145950317, 