{"n_joints": 24, "joint_descriptions": [[-0.6646386981010437, -0.28474974632263184, 0.673987090587616, -0.0019201060058549047, -0.005008927080780268, -0.9999856352806091, -0.9991315603256226, -0.6646386981010437, -0.28474974632263184, 0.673987090587616, -1.0008180141448975, -1.000867486000061, -0.9980856776237488, -0.6000000238418579, 0.0016630664467811584, -0.9905632138252258, -0.9130067229270935, -0.7864715456962585, -0.9929802417755127, -1.0, -0.9995388388633728, -0.48382869362831116, 0.48311999440193176, -0.7358244061470032, -0.528741180896759, -0.47305411100387573, -0.9837515354156494, -0.6071349382400513, -0.7345558404922485, -0.8149682283401489], [-0.8079639673233032, -0.5078176259994507, 0.6755596399307251, -0.698144257068634, 0.7159553170204163, -0.0016150641022250056, -0.9991381764411926, -0.8079639673233032, -0.5078176259994507, 0.6755596399307251, -0.9986646175384521, -1.0013298988342285, -1.0011649131774902, -0.6000000238418579, 0.0029516671784222126, -0.9918364882469177, -0.91147381067276, -0.8773123025894165, -0.9929917454719543, -1.0, -0.9994946718215942, -0.48474088311195374, 0.4867413640022278, -0.7358244061470032, -0.528741180896759, -0.47305411100387573, -0.9837515354156494, -0.6071349382400513, -0.7345558404922485, -0.8149682283401489], [-0.9520790576934814, -0.7426855564117432, 0.6659818291664124, -0.6986933946609497, 0.7154179215431213, 0.002177885500714183, -0.999107301235199, -0.9520790576934814, -0.7426855564117432, 0.6659818291664124, -1.001360535621643, -0.9987179636955261, -1.0012001991271973, -0.6000000238418579, 0.0005360330105759203, -0.9902641177177429, -0.9078152179718018, -0.8890389800071716, -0.993865966796875, -1.0, -0.9994264841079712, -0.48867782950401306, 0.49608975648880005, -0.7358244061470032, -0.528741180896759, -0.47305411100387573, -0.9837515354156494, -0.6071349382400513, -0.7345558404922485, -0.8149682283401489], [-0.960090160369873, -0.7599253058433533, -0.045294906944036484, -0.6988946199417114, 0.7152161598205566, 0.0034844265319406986, -0.999177873134613, -0.953930675983429, -0.7422897815704346, -0.5179491639137268, -1.000828742980957, -1.0007903575897217, -1.0018501281738281, -1.0, -0.002604332286864519, -0.9915221333503723, -0.9175925254821777, -0.5510356426239014, -0.9920651316642761, -1.0, -0.9994422793388367, -0.49222198128700256, 0.4803420603275299, -0.7358244061470032, -0.528741180896759, -0.47305411100387573, -0.9837515354156494, -0.6071349382400513, -0.7345558404922485, -0.8149682283401489], [-0.019929315894842148, -0.3988078236579895, 0.7137281894683838, 0.0004708727356046438, 0.008310011588037014, -0.9999653697013855, -0.999106764793396, -0.019929315894842148, -0.3988078236579895, 0.7137281894683838, -0.9999411702156067, -1.0012165307998657, -0.998019814491272, -0.6000000238418579, -0.001417705905623734, -0.9912188053131104, -0.9166883826255798, -0.6490451097488403, -0.9926206469535828, -0.8508025407791138, -0.9993839263916016, -0.4904997646808624, 0.47458723187446594, -0.7358244061470032, -0.528741180896759, -0.47305411100387573, -0.9837515354156494, -0.6071349382400513, -0.7345558404922485, -0.8149682283401489], [-0.016738954931497574, -0.6943629384040833, 0.7049356698989868, -0.9997662901878357, -0.021187832579016685, -0.0042883907444775105, -0.9991587400436401, -0.016738954931497574, -0.6943629384040833, 0.7049356698989868, -0.9981015920639038, -0.9999235272407532, -1.001183271408081, -0.6000000238418579, -0.001603199285455048, -0.9911471605300903, -0.907791018486023, -0.8971628546714783, -0.9935683012008667, -1.0, -0.999488890171051, -0.47496548295021057, 0.4780069887638092, -0.7358244061470032, -0.528741180896759, -0.47305411100387573, -0.9837515354156494, -0.6071349382400513, -0.7345558404922485, -0.8149682283401489], [-0.010841776616871357, -0.9972019791603088, 0.6967862844467163, -0.9999617338180542, -0.00870431400835514, -0.0008917187806218863, -0.999130368232727, -0.010841776616871357, -0.9972019791603088, 0.6967862844467163, -1.002005696296692, -1.0000481605529785, -1.001181721687317, -0.6000000238418579, -0.0003202855004929006, -0.9900062680244446, -0.9169281721115112, -1.0, -0.992306113243103, -1.0, -0.999453067779541, -0.48134368658065796, 0.4886205196380615, -0.7358244061470032, -0.528741180896759, -0.47305411100387573, -0.9837515354156494, -0.6071349382400513, -0.7345558404922485, -0.8149682283401489], [-0.021639803424477577, -0.9903091788291931, 0.021269243210554123, -0.999859631061554, -0.01596040464937687, 0.005096685606986284, -0.9991207718849182, -0.014895884320139885, -0.9994906187057495, -0.4454447627067566, -1.0000548362731934, -1.001167893409729, -1.0019677877426147, -1.0, 0.00012354191858321428, -0.9921398162841797, -0.9101985692977905, -0.9837578535079956, -0.992106556892395, -1.0, -0.9994387626647949, -0.48211172223091125, 0.48298805952072144, -0.7358244061470032, -0.528741180896759, -0.47305411100387573, -0.9837515354156494, -0.6071349382400513, -0.7345558404922485, -0.8149682283401489], [0.6598002314567566, -0.26466697454452515, 0.673387348651886, -0.0007285227766260505, 0.0037492322735488415, -0.9999927282333374, -0.9991292357444763, 0.6598002314567566, -0.26466697454452515, 0.673387348651886, -0.9991834163665771, -1.000774621963501, -0.9980581998825073, -0.6000000238418579, 0.002912634750828147, -0.9914788603782654, -0.9039342403411865, -0.7260354161262512, -0.9936140179634094, -1.0, -0.9995191693305969, -0.4857625961303711, 0.47712066769599915, -0.7358244061470032, -0.528741180896759, -0.47305411100387573, -0.9837515354156494, -0.6071349382400513, -0.7345558404922485, -0.8149682283401489], [0.8121851086616516, -0.480404794216156, 0.6662129759788513, -0.7227120995521545, -0.6911391615867615, -0.0037246141582727432, -0.999152421951294, 0.8121851086616516, -0.480404794216156, 0.6662129759788513, -0.9986307621002197, -0.9986373782157898, -1.0011156797409058, -0.6000000238418579, 0.0016201091930270195, -0.9925662279129028, -0.9245705604553223, -0.9215894341468811, -0.992861270904541, -1.0, -0.9994208812713623, -0.487543523311615, 0.485727459192276, -0.7358244061470032, -0.528741180896759, -0.47305411100387573, -0.9837515354156494, -0.6071349382400513, -0.7345558404922485, -0.8149682283401489], [0.9698840975761414, -0.7148408889770508, 0.6637168526649475, -0.7253952622413635, -0.6883274912834167, -0.0026287154760211706, -0.9991444945335388, 0.9698840975761414, -0.7148408889770508, 0.6637168526649475, -1.0013086795806885, -1.0013526678085327, -1.001105785369873, -0.6000000238418579, 0.0014552955981343985, -0.9907281398773193, -0.9195160865783691, -0.99824458360672, -0.9922429919242859, -1.0, -0.9994640350341797, -0.4780677258968353, 0.47480982542037964, -0.7358244061470032, -0.528741180896759, -0.47305411100387573, -0.9837515354156494, -0.6071349382400513, -0.7345558404922485, -0.8149682283401489], [0.975753903388977, -0.7043104767799377, -0.05355815589427948, -0.719683825969696, -0.6942705512046814, -0.0066034914925694466, -0.9991297721862793, 0.9907656908035278, -0.7073934078216553, -0.5484131574630737, -0.9992502331733704, -1.0008013248443604, -1.0019152164459229, -1.0, -0.0018984787166118622, -0.9925388097763062, -0.9096260666847229, -0.8665114045143127, -0.9944331049919128, -0.8021755218505859, -0.999494194984436, -0.49144914746284485, 0.4778249263763428, -0.7358244061470032, -0.528741180896759, -0.47305411100387573, -0.9837515354156494, -0.6071349382400513, -0.7345558404922485, -0.8149682283401489], [-0.6646619439125061, 0.22237178683280945, 0.699679434299469, -0.007608433254063129, 0.008476770482957363, -0.9999351501464844, -0.9990940093994141, -0.6646619439125061, 0.22237178683280945, 0.699679434299469, -1.0009090900421143, -0.9991370439529419, -0.9980080723762512, -0.6000000238418579, 0.0018378746462985873, -0.9909120202064514, -0.9155250191688538, -0.8392533659934998, -0.9921343326568604, -1.0, -0.9995405077934265, -0.48880353569984436, 0.4740659296512604, -0.7358244061470032, -0.528741180896759, -0.47305411100387573, -0.9837515354156494, 