{"n_joints": 24, "joint_descriptions": [[-0.6358324289321899, -0.24773646891117096, 0.6960194110870361, -0.0003349996986798942, -0.0026085476856678724, -0.999996542930603, -0.998987078666687, -0.6358324289321899, -0.24773646891117096, 0.6960194110870361, -1.0007132291793823, -1.0009677410125732, -0.9985828399658203, -0.6000000238418579, 0.0010719358688220382, -0.9903709888458252, -0.9103224277496338, -0.977316677570343, -0.9925060272216797, -0.9450564384460449, -0.9994383454322815, -0.4742494821548462, 0.4819319248199463, -0.7158722877502441, -0.45041730999946594, -0.40553680062294006, -0.9808876514434814, -0.591230571269989, -0.6770310997962952, -0.8164534568786621], [-0.7907804250717163, -0.4409903585910797, 0.6945422887802124, -0.7021270394325256, 0.7120338082313538, -0.005045784171670675, -0.9989972710609436, -0.7907804250717163, -0.4409903585910797, 0.6945422887802124, -0.9988391399383545, -1.0008904933929443, -1.0012253522872925, -0.6000000238418579, -0.0008706781081855297, -0.9916749000549316, -0.900283932685852, -1.0, -0.9937198758125305, -0.9160237312316895, -0.9994601011276245, -0.49143186211586, 0.49063095450401306, -0.7158722877502441, -0.45041730999946594, -0.40553680062294006, -0.9808876514434814, -0.591230571269989, -0.6770310997962952, -0.8164534568786621], [-0.981566309928894, -0.6739619970321655, 0.6780908107757568, -0.6915857195854187, 0.722279965877533, 0.004570200107991695, -0.999025821685791, -0.981566309928894, -0.6739619970321655, 0.6780908107757568, -1.0011919736862183, -0.9990872144699097, -1.0012321472167969, -0.6000000238418579, 0.0005837526405230165, -0.9916552901268005, -0.9185763597488403, -0.7810665369033813, -0.9923900365829468, -1.0, -0.9994855523109436, -0.4893574118614197, 0.47812503576278687, -0.7158722877502441, -0.45041730999946594, -0.40553680062294006, -0.9808876514434814, -0.591230571269989, -0.6770310997962952, -0.8164534568786621], [-0.9766821265220642, -0.669592559337616, -0.02119266614317894, -0.6976905465126038, 0.7163992524147034, 6.493612454505637e-05, -0.9989778399467468, -0.9742977619171143, -0.6833915710449219, -0.526549220085144, -1.0009831190109253, -1.0006611347198486, -1.0014718770980835, -1.0, -0.00040298188105225563, -0.9918413758277893, -0.9059924483299255, -0.5618761777877808, -0.9922198057174683, -1.0, -0.9994021654129028, -0.47621995210647583, 0.4843936860561371, -0.7158722877502441, -0.45041730999946594, -0.40553680062294006, -0.9808876514434814, -0.591230571269989, -0.6770310997962952, -0.8164534568786621], [-2.9871514925616793e-05, -0.40314820408821106, 0.6664608120918274, -0.0002321860520169139, -0.005528686568140984, -0.9999846816062927, -0.9990492463111877, -2.9871514925616793e-05, -0.40314820408821106, 0.6664608120918274, -0.9998087286949158, -1.0012043714523315, -0.9985852837562561, -0.6000000238418579, 0.0006949682720005512, -0.9909167885780334, -0.8997865915298462, -0.8512502908706665, -0.9927193522453308, -1.0, -0.9995107650756836, -0.48204031586647034, 0.4813610017299652, -0.7158722877502441, -0.45041730999946594, -0.40553680062294006, -0.9808876514434814, -0.591230571269989, -0.6770310997962952, -0.8164534568786621], [0.0062748100608587265, -0.6680470108985901, 0.6686259508132935, -0.999995231628418, 0.003085567383095622, -0.00026720674941316247, -0.9989929795265198, 0.0062748100608587265, -0.6680470108985901, 0.6686259508132935, -0.9985760450363159, -0.9998070001602173, -1.0011755228042603, -0.6000000238418579, -0.00039541913429275155, -0.991134762763977, -0.9018283486366272, -1.0, -0.9922214150428772, -1.0, -0.9994513392448425, -0.4828589856624603, 0.475984126329422, -0.7158722877502441, -0.45041730999946594, -0.40553680062294006, -0.9808876514434814, -0.591230571269989, -0.6770310997962952, -0.8164534568786621], [0.0022209070157259703, -0.9921236038208008, 0.6422203183174133, -0.9999826550483704, 0.005786561407148838, -0.0011054676724597812, -0.9990142583847046, 0.0022209070157259703, -0.9921236038208008, 0.6422203183174133, -1.0013731718063354, -1.000204086303711, -1.0012016296386719, -0.6000000238418579, 0.0023469526786357164, -0.9915311932563782, -0.918056070804596, -0.7831636667251587, -0.9917845726013184, -1.0, -0.9993955492973328, -0.48521754145622253, 0.48941561579704285, -0.7158722877502441, -0.45041730999946594, -0.40553680062294006, -0.9808876514434814, -0.591230571269989, -0.6770310997962952, -0.8164534568786621], [-0.0006575303268618882, -0.9944655895233154, -0.038354918360710144, -0.9999931454658508, 0.0036897119134664536, -0.00024254860181827098, -0.998985230922699, -0.0034274912904947996, -0.9930220246315002, -0.5213937759399414, -1.0002120733261108, -1.0012644529342651, -1.0014617443084717, -1.0, -0.00038235061219893396, -0.9911108613014221, -0.9121052622795105, -0.9246367812156677, -0.9936558604240417, -1.0, -0.9994913339614868, -0.4824378490447998, 0.4836365580558777, -0.7158722877502441, -0.45041730999946594, -0.40553680062294006, -0.9808876514434814, -0.591230571269989, -0.6770310997962952, -0.8164534568786621], [0.6202682852745056, -0.2508033812046051, 0.6859915256500244, -0.0004544274997897446, -0.007899829186499119, -0.9999687075614929, -0.9990202784538269, 0.6202682852745056, -0.2508033812046051, 0.6859915256500244, -0.9989791512489319, -1.0007266998291016, -0.998630702495575, -0.6000000238418579, -0.0016470131231471896, -0.9906904697418213, -0.9065723419189453, -0.864601194858551, -0.9934810400009155, -1.0, -0.9994346499443054, -0.4909910261631012, 0.48622798919677734, -0.7158722877502441, -0.45041730999946594, -0.40553680062294006, -0.9808876514434814, -0.591230571269989, -0.6770310997962952, -0.8164534568786621], [0.7725670337677002, -0.4441641569137573, 0.7112501263618469, -0.6992934942245483, -0.7148280739784241, -0.003077620407566428, -0.9990407228469849, 0.7725670337677002, -0.4441641569137573, 0.7112501263618469, -0.9991562366485596, -0.9988332986831665, -1.0011838674545288, -0.6000000238418579, -0.0017586564645171165, -0.9903340339660645, -0.9028684496879578, -1.0, -0.9916195869445801, -1.0, -0.9994297027587891, -0.4748373329639435, 0.48111480474472046, -0.7158722877502441, -0.45041730999946594, -0.40553680062294006, -0.9808876514434814, -0.591230571269989, -0.6770310997962952, -0.8164534568786621], [0.9671352505683899, -0.6786409616470337, 0.6989896893501282, -0.6973448991775513, -0.7167330980300903, 0.0019345800392329693, -0.999011754989624, 0.9671352505683899, -0.6786409616470337, 0.6989896893501282, -1.0008996725082397, -1.001176357269287, -1.0012352466583252, -0.6000000238418579, 0.0005472417105920613, -0.9901884198188782, -0.9061106443405151, -0.9791052341461182, -0.9920691847801208, -0.9941757917404175, -0.9995378255844116, -0.4864463806152344, 0.4837490916252136, -0.7158722877502441, -0.45041730999946594, -0.40553680062294006, -0.9808876514434814, -0.591230571269989, -0.6770310997962952, -0.8164534568786621], [0.9680116772651672, -0.6814358234405518, -0.002050198381766677, -0.7028127908706665, -0.7112513780593872, -0.013253561221063137, -0.999043345451355, 0.9633986353874207, -0.6755905747413635, -0.4655294716358185, -0.9992195963859558, -1.0010250806808472, -1.0013984441757202, -1.0, 0.0017086153384298086, -0.99032062292099, -0.9112443327903748, -0.9914844036102295, -0.9921544790267944, -0.9177974462509155, -0.9994593858718872, -0.4761005640029907, 0.48616528511047363, -0.7158722877502441, -0.45041730999946594, -0.40553680062294006, -0.9808876514434814, -0.591230571269989, -0.6770310997962952, -0.8164534568786621], [-0.6398187279701233, 0.2764255404472351, 0.6917468309402466, 0.01076499279588461, 0.006285855546593666, -0.9999222755432129, -0.9990415573120117, -0.6398187279701233, 0.2764255404472351, 0.6917468309402466, -1.0009487867355347, -0.999313235282898, -0.9986275434494019, -0.6000000238418579, 0.0008602017187513411, -0.9918628931045532, -0.9179514646530151, -0.9083411693572998, -0.9935417175292969, -1.0, -0.9994396567344666, -0.4886888861656189, 0.48974573612213135, -0.7158722877502441, -0.45041730999946594, 