{"n_joints": 24, "joint_descriptions": [[-0.6609777212142944, -0.27792999148368835, 0.6785458922386169, 0.0013667753664776683, -0.0009111436083912849, -0.9999986290931702, -0.9990805983543396, -0.6609777212142944, -0.27792999148368835, 0.6785458922386169, -1.0008431673049927, -1.0009193420410156, -0.9981833696365356, -0.6000000238418579, 0.0016545724356546998, -0.9902958273887634, -0.9103764295578003, -0.8277038931846619, -0.9927976131439209, -0.985174298286438, -0.9995193481445312, -0.4805021286010742, 0.4841568171977997, -0.7267309427261353, -0.506210446357727, -0.45463258028030396, -0.9828973412513733, -0.6004337072372437, -0.7229572534561157, -0.8132599592208862], [-0.8065118789672852, -0.49672985076904297, 0.6734136939048767, -0.6994086503982544, 0.7147219777107239, -0.00022741105931345373, -0.9990978837013245, -0.8065118789672852, -0.49672985076904297, 0.6734136939048767, -0.9986989498138428, -1.0012537240982056, -1.0012127161026, -0.6000000238418579, 0.0018694441532716155, -0.9919505715370178, -0.9072084426879883, -0.9276165962219238, -0.9932946562767029, -1.0, -0.9994877576828003, -0.4876502454280853, 0.48919180035591125, -0.7267309427261353, -0.506210446357727, -0.45463258028030396, -0.9828973412513733, -0.6004337072372437, -0.7229572534561157, -0.8132599592208862], [-0.9586902856826782, -0.7311778664588928, 0.6551762223243713, -0.6995576620101929, 0.7145504355430603, -0.006062554661184549, -0.9990774989128113, -0.9586902856826782, -0.7311778664588928, 0.6551762223243713, -1.001338005065918, -0.9987664222717285, -1.001262903213501, -0.6000000238418579, 0.0005964481388218701, -0.9905902743339539, -0.9107420444488525, -0.8448417782783508, -0.9936344027519226, -1.0, -0.9994319081306458, -0.49054470658302307, 0.4916962683200836, -0.7267309427261353, -0.506210446357727, -0.45463258028030396, -0.9828973412513733, -0.6004337072372437, -0.7229572534561157, -0.8132599592208862], [-0.9620911478996277, -0.7422074675559998, -0.055103205144405365, -0.6998476386070251, 0.7142875790596008, 0.002569583710283041, -0.9991260170936584, -0.9553249478340149, -0.733650803565979, -0.5347722172737122, -1.0009127855300903, -1.0007266998291016, -1.0018075704574585, -1.0, -0.002596733858808875, -0.991715133190155, -0.9139184951782227, -0.5769959688186646, -0.9918522834777832, -1.0, -0.9994171857833862, -0.4880639910697937, 0.4808579683303833, -0.7267309427261353, -0.506210446357727, -0.45463258028030396, -0.9828973412513733, -0.6004337072372437, -0.7229572534561157, -0.8132599592208862], [-0.0218858253210783, -0.40178361535072327, 0.7039714455604553, -0.002120848512277007, -0.010103167966008186, -0.9999467134475708, -0.9990838766098022, -0.0218858253210783, -0.40178361535072327, 0.7039714455604553, -0.9999164938926697, -1.0012567043304443, -0.9981282949447632, -0.6000000238418579, -0.0015087529318407178, -0.9911968111991882, -0.9116635918617249, -0.6740670800209045, -0.9924496412277222, -0.9053652286529541, -0.9994128346443176, -0.48976168036460876, 0.47455888986587524, -0.7267309427261353, -0.506210446357727, -0.45463258028030396, -0.9828973412513733, -0.6004337072372437, -0.7229572534561157, -0.8132599592208862], [-0.015566251240670681, -0.6905385851860046, 0.6989246010780334, -0.9999182224273682, -0.0031564412638545036, 0.012391927652060986, -0.9991110563278198, -0.015566251240670681, -0.6905385851860046, 0.6989246010780334, -0.9981904029846191, -0.9999046921730042, -1.0012158155441284, -0.6000000238418579, -0.0014779475750401616, -0.9912598729133606, -0.9043659567832947, -0.942439615726471, -0.9932333827018738, -1.0, -0.9994656443595886, -0.4753399193286896, 0.47589588165283203, -0.7267309427261353, -0.506210446357727, -0.45463258028030396, -0.9828973412513733, -0.6004337072372437, -0.7229572534561157, -0.8132599592208862], [-0.010737324133515358, -0.9987224340438843, 0.684640645980835, -0.9999730587005615, -0.007338691037148237, -0.00022986260592006147, -0.999104380607605, -0.010737324133515358, -0.9987224340438843, 0.684640645980835, -1.0018607378005981, -1.0000768899917603, -1.001225471496582, -0.6000000238418579, 0.0005939421826042235, -0.9903457164764404, -0.9185378551483154, -0.9858971834182739, -0.9919494986534119, -1.0, -0.9994250535964966, -0.483488529920578, 0.49051299691200256, -0.7267309427261353, -0.506210446357727, -0.45463258028030396, -0.9828973412513733, -0.6004337072372437, -0.7229572534561157, -0.8132599592208862], [-0.02159925363957882, -0.9903543591499329, 0.015215368010103703, -0.9999771118164062, -0.0011279177851974964, 0.0066686831414699554, -0.9990791082382202, -0.01635618321597576, -0.9959595203399658, -0.45521965622901917, -1.000070333480835, -1.0012671947479248, -1.0018579959869385, -1.0, 2.3729895474389195e-05, -0.992055356502533, -0.9115751385688782, -0.9417245388031006, -0.9925135970115662, -1.0, -0.9994481205940247, -0.48271238803863525, 0.484920471906662, -0.7267309427261353, -0.506210446357727, -0.45463258028030396, -0.9828973412513733, -0.6004337072372437, -0.7229572534561157, -0.8132599592208862], [0.6439279913902283, -0.26258474588394165, 0.67833411693573, 0.0002271978883072734, 0.0014490778557956219, -0.999998927116394, -0.9990885257720947, 0.6439279913902283, -0.26258474588394165, 0.67833411693573, -0.9991201162338257, -1.0008020401000977, -0.9981777667999268, -0.6000000238418579, 0.0017645384650677443, -0.9911409616470337, -0.9023218750953674, -0.7595361471176147, -0.9937756061553955, -1.0, -0.9994950890541077, -0.48844829201698303, 0.479073166847229, -0.7267309427261353, -0.506210446357727, -0.45463258028030396, -0.9828973412513733, -0.6004337072372437, -0.7229572534561157, -0.8132599592208862], [0.798041045665741, -0.4737924337387085, 0.6827042698860168, -0.7160338163375854, -0.6980553269386292, 0.0037870495580136776, -0.9991241693496704, 0.798041045665741, -0.4737924337387085, 0.6827042698860168, -0.9987229704856873, -0.9986768960952759, -1.0011576414108276, -0.6000000238418579, 0.001698651467449963, -0.9920047521591187, -0.9190254211425781, -0.9749392867088318, -0.9924163818359375, -1.0, -0.9994058012962341, -0.4837963283061981, 0.4857117235660553, -0.7267309427261353, -0.506210446357727, -0.45463258028030396, -0.9828973412513733, -0.6004337072372437, -0.7229572534561157, -0.8132599592208862], [0.9661726951599121, -0.7095507979393005, 0.6799344420433044, -0.7181040048599243, -0.695935070514679, 0.0010189688764512539, -0.9991046190261841, 0.9661726951599121, -0.7095507979393005, 0.6799344420433044, -1.0012321472167969, -1.001333475112915, -1.0011659860610962, -0.6000000238418579, 0.0017366111278533936, -0.9903929233551025, -0.9166715145111084, -1.0, -0.9919915199279785, -1.0, -0.9994871616363525, -0.4801740050315857, 0.47561854124069214, -0.7267309427261353, -0.506210446357727, -0.45463258028030396, -0.9828973412513733, -0.6004337072372437, -0.7229572534561157, -0.8132599592208862], [0.9750010371208191, -0.7043547034263611, -0.031136853620409966, -0.7148648500442505, -0.6992579102516174, -0.0025638029910624027, -0.9991008639335632, 0.9867770075798035, -0.7053954005241394, -0.5164613723754883, -0.999150276184082, -1.0008940696716309, -1.0018023252487183, -1.0, -0.0008980368147604167, -0.9919787049293518, -0.9093042016029358, -0.8837839961051941, -0.9938874840736389, -0.8217040300369263, -0.9994882345199585, -0.48737040162086487, 0.4798467457294464, -0.7267309427261353, -0.506210446357727, -0.45463258028030396, -0.9828973412513733, -0.6004337072372437, -0.7229572534561157, -0.8132599592208862], [-0.6636215448379517, 0.23701874911785126, 0.7029613256454468, -0.011624717153608799, -0.005653316155076027, -0.9999164342880249, -0.9990675449371338, -0.6636215448379517, 0.23701874911785126, 0.7029613256454468, -1.0009416341781616, -0.9991374015808105, -0.9981595873832703, -0.6000000238418579, 0.001656647538766265, -0.9911895990371704, -0.9173198342323303, -0.808502197265625, -0.9925088882446289, -1.0, -0.9995217323303223, -0.49049830436706543, 0.4781983196735382, -0.7267309427261353, -0.506210446357727, -0.45463258028030396, 