{"n_joints": 24, "joint_descriptions": [[-0.6392815113067627, -0.24822410941123962, 0.7101351618766785, -0.0025950074195861816, -0.00040166854159906507, -0.999996542930603, -0.9989985227584839, -0.6392815113067627, -0.24822410941123962, 0.7101351618766785, -1.0007144212722778, -1.0009897947311401, -0.9986823201179504, -0.6000000238418579, 0.0007508310955017805, -0.9905871748924255, -0.9102228879928589, -0.959073543548584, -0.9925543069839478, -0.987488865852356, -0.9994356036186218, -0.47455689311027527, 0.4822010397911072, -0.7195408344268799, -0.45246708393096924, -0.4142649471759796, -0.9810357689857483, -0.5908513069152832, -0.676276445388794, -0.8162726163864136], [-0.7945762872695923, -0.44395357370376587, 0.7080960273742676, -0.7045245170593262, 0.7096725702285767, 0.003169493516907096, -0.9990044832229614, -0.7945762872695923, -0.44395357370376587, 0.7080960273742676, -0.9988956451416016, -1.0008089542388916, -1.0012489557266235, -0.6000000238418579, -0.0012647794792428613, -0.9915334582328796, -0.9013770818710327, -0.9884939789772034, -0.9936538338661194, -0.9201390743255615, -0.9994676113128662, -0.4905993342399597, 0.4894072115421295, -0.7195408344268799, -0.45246708393096924, -0.4142649471759796, -0.9810357689857483, -0.5908513069152832, -0.676276445388794, -0.8162726163864136], [-0.9862490892410278, -0.6786044836044312, 0.690359890460968, -0.7060487270355225, 0.7080864310264587, -0.010430539026856422, -0.9990376830101013, -0.9862490892410278, -0.6786044836044312, 0.690359890460968, -1.0011200904846191, -0.999151885509491, -1.0012390613555908, -0.6000000238418579, 0.00022301345597952604, -0.9917942881584167, -0.9191798567771912, -0.7945235967636108, -0.9922823905944824, -1.0, -0.9994922876358032, -0.4877837896347046, 0.4765974283218384, -0.7195408344268799, -0.45246708393096924, -0.4142649471759796, -0.9810357689857483, -0.5908513069152832, -0.676276445388794, -0.8162726163864136], [-0.9786260724067688, -0.6707271337509155, -0.007394067943096161, -0.7043738961219788, 0.7098153829574585, 0.004422654863446951, -0.9989805221557617, -0.9766222834587097, -0.6840996742248535, -0.5139449834823608, -1.0010342597961426, -1.0006781816482544, -1.001362919807434, -1.0, 2.4623666831757873e-05, -0.9917606711387634, -0.9070807695388794, -0.5575941801071167, -0.992465078830719, -1.0, -0.999416172504425, -0.47517988085746765, 0.48351219296455383, -0.7195408344268799, -0.45246708393096924, -0.4142649471759796, -0.9810357689857483, -0.5908513069152832, -0.676276445388794, -0.8162726163864136], [-0.001420064247213304, -0.40616950392723083, 0.6768184304237366, -0.002676610369235277, 0.001322063966654241, -0.9999955296516418, -0.9990595579147339, -0.001420064247213304, -0.40616950392723083, 0.6768184304237366, -0.9998093843460083, -1.0012142658233643, -0.9986891746520996, -0.6000000238418579, 0.0010007877135649323, -0.9909917712211609, -0.8998417258262634, -0.885341227054596, -0.9927603006362915, -1.0, -0.999523937702179, -0.48075342178344727, 0.4830697774887085, -0.7195408344268799, -0.45246708393096924, -0.4142649471759796, -0.9810357689857483, -0.5908513069152832, -0.676276445388794, -0.8162726163864136], [0.002973586553707719, -0.6732960939407349, 0.6847501397132874, -0.9999894499778748, 0.0035863842349499464, 0.0028609009459614754, -0.9990049004554749, 0.002973586553707719, -0.6732960939407349, 0.6847501397132874, -0.9986690878868103, -0.9998024106025696, -1.0011922121047974, -0.6000000238418579, -0.0005221849423833191, -0.9910240173339844, -0.9036221504211426, -1.0, -0.9922685027122498, -1.0, -0.9994634985923767, -0.4843917489051819, 0.47738730907440186, -0.7195408344268799, -0.45246708393096924, -0.4142649471759796, -0.9810357689857483, -0.5908513069152832, -0.676276445388794, -0.8162726163864136], [-0.002376261167228222, -0.9985511898994446, 0.660289466381073, -0.9999971985816956, 0.0021006439346820116, -0.0010953285964205861, -0.9990168213844299, -0.002376261167228222, -0.9985511898994446, 0.660289466381073, -1.0012823343276978, -1.0002037286758423, -1.0012189149856567, -0.6000000238418579, 0.0019701693672686815, -0.9917060732841492, -0.9169460535049438, -0.7669786214828491, -0.9919924139976501, -1.0, -0.9994074702262878, -0.48402151465415955, 0.4878384470939636, -0.7195408344268799, -0.45246708393096924, -0.4142649471759796, -0.9810357689857483, -0.5908513069152832, -0.676276445388794, -0.8162726163864136], [-0.003676868509501219, -0.9957804679870605, -0.021467937156558037, -0.9999733567237854, 0.0070413327775895596, 0.001912323059514165, -0.9989978671073914, -0.007494899444282055, -0.9917532205581665, -0.5024994015693665, -1.0002110004425049, -1.0012606382369995, -1.0013734102249146, -1.0, -0.0015147089725360274, -0.9909424185752869, -0.9110590219497681, -0.9624731540679932, -0.9937518239021301, -1.0, -0.999491810798645, -0.48292508721351624, 0.4822853207588196, -0.7195408344268799, -0.45246708393096924, -0.4142649471759796, -0.9810357689857483, -0.5908513069152832, -0.676276445388794, -0.8162726163864136], [0.619602382183075, -0.2544715702533722, 0.6936197280883789, 0.0075722369365394115, -0.0016720787389203906, -0.9999699592590332, -0.9990333318710327, 0.619602382183075, -0.2544715702533722, 0.6936197280883789, -0.9989613890647888, -1.000735878944397, -0.9987280964851379, -0.6000000238418579, -0.0020916424691677094, -0.9908394813537598, -0.9088410139083862, -0.877589225769043, -0.9933004975318909, -1.0, -0.9994408488273621, -0.48992887139320374, 0.4861883223056793, -0.7195408344268799, -0.45246708393096924, -0.4142649471759796, -0.9810357689857483, -0.5908513069152832, -0.676276445388794, -0.8162726163864136], [0.7721688151359558, -0.4497695565223694, 0.7122876048088074, -0.6982784271240234, -0.715825080871582, -0.0013074454618617892, -0.9990449547767639, 0.7721688151359558, -0.4497695565223694, 0.7122876048088074, -0.9992349743843079, -0.9988985657691956, -1.0012136697769165, -0.6000000238418579, -0.0019038028549402952, -0.990205705165863, -0.9017430543899536, -1.0, -0.9917146563529968, -1.0, -0.9994469285011292, -0.47452762722969055, 0.48134374618530273, -0.7195408344268799, -0.45246708393096924, -0.4142649471759796, -0.9810357689857483, -0.5908513069152832, -0.676276445388794, -0.8162726163864136], [0.9656863808631897, -0.6841297745704651, 0.7002400159835815, -0.6964883804321289, -0.7175551652908325, 0.004302555695176125, -0.9990250468254089, 0.9656863808631897, -0.6841297745704651, 0.7002400159835815, -1.0008256435394287, -1.0011073350906372, -1.0012588500976562, -0.6000000238418579, 0.00017452289466746151, -0.9903773665428162, -0.9060060977935791, -0.9631696343421936, -0.9922739267349243, -0.999572217464447, -0.9995383620262146, -0.4860876798629761, 0.4850751459598541, -0.7195408344268799, -0.45246708393096924, -0.4142649471759796, -0.9810357689857483, -0.5908513069152832, -0.676276445388794, -0.8162726163864136], [0.9647409915924072, -0.6887158751487732, 0.00041815987788140774, -0.7006320953369141, -0.713366687297821, -0.014919866807758808, -0.9990543127059937, 0.9584460258483887, -0.6832886934280396, -0.46297386288642883, -0.999203085899353, -1.0010035037994385, -1.001320481300354, -1.0, 0.001932887127622962, -0.9901962280273438, -0.9107829928398132, -0.9862228035926819, -0.9919872879981995, -0.94853675365448, -0.9994670748710632, -0.4751977026462555, 0.4858977496623993, -0.7195408344268799, -0.45246708393096924, -0.4142649471759796, -0.9810357689857483, -0.5908513069152832, -0.676276445388794, -0.8162726163864136], [-0.6436977982521057, 0.2768206000328064, 0.7003744840621948, -0.012090194039046764, -0.003145578084513545, -0.999921977519989, -0.9990578889846802, -0.6436977982521057, 0.2768206000328064, 0.7003744840621948, -1.0009617805480957, -0.9993115067481995, -0.9987185597419739, -0.6000000238418579, 0.0007068850682117045, -0.991897463798523, -0.9170183539390564, -0.9301479458808899, -0.9936399459838867, -1.0, -0.9994359612464905, -0.4870600700378418, 0.4906890094280243, -0.7195408344268799, -0.45246708393096924, -0.4142649471759796, 