{"n_joints": 24, "joint_descriptions": [[-0.5730915665626526, -0.23995152115821838, 0.3548473119735718, -0.009625734761357307, 0.015589287504553795, -0.9998321533203125, -0.9993659853935242, -0.5730915665626526, -0.23995152115821838, 0.3548473119735718, -1.0000739097595215, -1.000198483467102, -0.9955015778541565, -0.6000000238418579, -0.003846519161015749, -0.9945523738861084, -0.9173687696456909, -0.9284839630126953, -0.9936779737472534, -1.0, -0.9993841052055359, -0.5236030220985413, 0.4830908179283142, -0.7426952123641968, -0.5270631909370422, -0.3966618478298187, -0.9876539707183838, -0.7204669713973999, -0.7437094449996948, -0.8561937212944031], [-0.6453960537910461, -0.34389907121658325, 0.36714306473731995, -0.7287819981575012, 0.684657633304596, -0.010988065041601658, -0.9992867708206177, -0.6453960537910461, -0.34389907121658325, 0.36714306473731995, -0.9968801140785217, -1.0028575658798218, -1.0001373291015625, -0.6000000238418579, 0.013848182745277882, -0.9885467886924744, -0.9548949599266052, -0.9344852566719055, -0.9885955452919006, -1.0, -0.999517023563385, -0.44601738452911377, 0.44911864399909973, -0.7426952123641968, -0.5270631909370422, -0.3966618478298187, -0.9876539707183838, -0.7204669713973999, -0.7437094449996948, -0.8561937212944031], [-0.8620401620864868, -0.5865544080734253, 0.4939540922641754, -0.771469235420227, 0.6360783576965332, 0.015478049404919147, -0.999241828918457, -0.8620401620864868, -0.5865544080734253, 0.4939540922641754, -1.0022681951522827, -0.9979439377784729, -1.000095009803772, -0.6000000238418579, -0.004399423487484455, -0.9865490794181824, -0.8713927268981934, -1.0, -0.991144061088562, -0.5274691581726074, -0.9996389150619507, -0.4525245726108551, 0.5381664633750916, -0.7426952123641968, -0.5270631909370422, -0.3966618478298187, -0.9876539707183838, -0.7204669713973999, -0.7437094449996948, -0.8561937212944031], [-0.9106325507164001, -0.670038640499115, -0.10595058649778366, -0.7396719455718994, 0.6707664728164673, 0.05438509210944176, -0.9993610978126526, -0.9107471108436584, -0.5604790449142456, -0.38103601336479187, -1.000383973121643, -1.0001699924468994, -1.003576636314392, -1.0, 0.00576801598072052, -0.988058865070343, -0.9054776430130005, -0.4246785044670105, -0.9960910081863403, -0.7527874112129211, -0.9997641444206238, -0.5338780283927917, 0.4796754717826843, -0.7426952123641968, -0.5270631909370422, -0.3966618478298187, -0.9876539707183838, -0.7204669713973999, -0.7437094449996948, -0.8561937212944031], [0.055540021508932114, -0.37211787700653076, 0.6104164719581604, 0.036463089287281036, -0.02819737419486046, -0.9989371299743652, -0.9992159008979797, 0.055540021508932114, -0.37211787700653076, 0.6104164719581604, -0.9999457597732544, -1.0001204013824463, -0.9959179759025574, -0.6000000238418579, 0.0021771746687591076, -0.9919046759605408, -0.9615921378135681, -0.8033301830291748, -0.9932160973548889, -0.20600777864456177, -0.999080240726471, -0.46366915106773376, 0.5054517984390259, -0.7426952123641968, -0.5270631909370422, -0.3966618478298187, -0.9876539707183838, -0.7204669713973999, -0.7437094449996948, -0.8561937212944031], [-0.0030558332800865173, -0.6001607775688171, 0.5352563261985779, -0.9988306760787964, 0.04692491516470909, -0.011632700450718403, -0.999174952507019, -0.0030558332800865173, -0.6001607775688171, 0.5352563261985779, -0.9952121376991272, -1.0000200271606445, -1.0001835823059082, -0.6000000238418579, 0.00427353847771883, -0.9926465153694153, -0.9493697881698608, -0.3009675443172455, -0.9916349053382874, -1.0, -0.9994410872459412, -0.5040267705917358, 0.5149656534194946, -0.7426952123641968, -0.5270631909370422, -0.3966618478298187, -0.9876539707183838, -0.7204669713973999, -0.7437094449996948, -0.8561937212944031], [-0.03660759702324867, -0.9923965930938721, 0.6636925339698792, -0.9998290538787842, 0.017989447340369225, 0.004266712348908186, -0.9992640614509583, -0.03660759702324867, -0.9923965930938721, 0.6636925339698792, -1.005454659461975, -0.9999580979347229, -1.0001095533370972, -0.6000000238418579, -0.01064755767583847, -0.9862703084945679, -0.8831085562705994, -1.0, -0.9971247315406799, -0.9927294850349426, -0.9997811913490295, -0.492800235748291, 0.4523903727531433, -0.7426952123641968, -0.5270631909370422, -0.3966618478298187, -0.9876539707183838, -0.7204669713973999, -0.7437094449996948, -0.8561937212944031], [-0.004964688327163458, -0.9788468480110168, -0.0048124217428267, -0.9986537098884583, 0.048781443387269974, 0.017638294026255608, -0.9993693828582764, -0.03247770294547081, -0.9503044486045837, -0.4271388053894043, -1.0001388788223267, -1.0000709295272827, -1.0038248300552368, -1.0, -0.00037157381302677095, -0.9894058108329773, -0.9272390007972717, -0.9071448445320129, -0.9875131249427795, -0.5257850885391235, -0.9996195435523987, -0.48496952652931213, 0.4908110797405243, -0.7426952123641968, -0.5270631909370422, -0.3966618478298187, -0.9876539707183838, -0.7204669713973999, -0.7437094449996948, -0.8561937212944031], [0.623004674911499, -0.20261506736278534, 0.5339522361755371, -0.011387473903596401, 0.026116278022527695, -0.9995940327644348, -0.9992430806159973, 0.623004674911499, -0.20261506736278534, 0.5339522361755371, -0.9998797178268433, -1.0000360012054443, -0.9947155714035034, -0.6000000238418579, 0.013755558989942074, -0.9907326102256775, -0.9410941004753113, -0.9963834881782532, -0.9895417094230652, -0.6929232478141785, -0.99941086769104, -0.44765421748161316, 0.49712929129600525, -0.7426952123641968, -0.5270631909370422, -0.3966618478298187, -0.9876539707183838, -0.7204669713973999, -0.7437094449996948, -0.8561937212944031], [0.6772397756576538, -0.3257063627243042, 0.48657509684562683, -0.7670255303382874, -0.6415925025939941, 0.005560990422964096, -0.9990841746330261, 0.6772397756576538, -0.3257063627243042, 0.48657509684562683, -0.9966721534729004, -0.9971370100975037, -1.0001673698425293, -0.6000000238418579, 0.0004156757495366037, -0.9971708655357361, -0.9703485369682312, -0.3909277021884918, -0.9971336722373962, -0.40306025743484497, -0.9997171759605408, -0.528237521648407, 0.48621243238449097, -0.7426952123641968, -0.5270631909370422, -0.3966618478298187, -0.9876539707183838, -0.7204669713973999, -0.7437094449996948, -0.8561937212944031], [0.8144176602363586, -0.5905950665473938, 0.5875139236450195, -0.7728664875030518, -0.6342079043388367, -0.021395256742835045, -0.9992676973342896, 0.8144176602363586, -0.5905950665473938, 0.5875139236450195, -1.0027689933776855, -1.002414584159851, -1.0000888109207153, -0.6000000238418579, -0.007793382275849581, -0.9948848485946655, -0.9021189212799072, -0.6276316046714783, -0.9960459470748901, -1.0, -0.9991709589958191, -0.4961298406124115, 0.5021752119064331, -0.7426952123641968, -0.5270631909370422, -0.3966618478298187, -0.9876539707183838, -0.7204669713973999, -0.7437094449996948, -0.8561937212944031], [0.7271300554275513, -0.5454056859016418, 0.08359410613775253, -0.7734188437461853, -0.6290554404258728, 0.0781828835606575, -0.9990880489349365, 0.7328625321388245, -0.6103365421295166, -0.33094000816345215, -1.0012376308441162, -0.9995849132537842, -1.00447678565979, -1.0, -0.012230832129716873, -0.9971414804458618, -0.9149777293205261, -0.9443156719207764, -0.9988347291946411, -0.4075261950492859, -0.9995156526565552, -0.5329211354255676, 0.4963110089302063, -0.7426952123641968, -0.5270631909370422, -0.3966618478298187, -0.9876539707183838, -0.7204669713973999, -0.7437094449996948, -0.8561937212944031], [-0.5705698728561401, 0.37461981177330017, 0.3794686496257782, 0.04563337564468384, -0.030349858105182648, -0.9984971284866333, -0.9990675449371338, -0.5705698728561401, 0.37461981177330017, 0.3794686496257782, -1.000178337097168, -0.9999445676803589, -0.9947420358657837, -0.6000000238418579, -0.003693085163831711, -0.9872827529907227, -0.8817196488380432, -1.0, -0.9880204796791077, -0.3773558735847473, -0.9993811845779419, -0.4533337354660034, 0.43262892961502075, -0.7426952123641968, 