{"n_joints": 24, "joint_descriptions": [[-0.6599910855293274, -0.27488166093826294, 0.678143322467804, 4.165231803199276e-05, -0.0001394121500197798, -1.0, -0.999061107635498, -0.6599910855293274, -0.27488166093826294, 0.678143322467804, -1.0008440017700195, -1.0009373426437378, -0.9982449412345886, -0.6000000238418579, 0.001624802011065185, -0.9902146458625793, -0.909546971321106, -0.850888192653656, -0.992761492729187, -0.9616695046424866, -0.999508798122406, -0.4791024327278137, 0.4843577742576599, -0.7228807806968689, -0.496061235666275, -0.4450814723968506, -0.9825559854507446, -0.5982626676559448, -0.7172361612319946, -0.812383234500885], [-0.806822657585144, -0.49107131361961365, 0.6712540984153748, -0.7003446817398071, 0.7138020396232605, -0.0020032254979014397, -0.9990816712379456, -0.806822657585144, -0.49107131361961365, 0.6712540984153748, -0.9987245798110962, -1.0012025833129883, -1.0012296438217163, -0.6000000238418579, 0.0013993902830407023, -0.9919863343238831, -0.9055123329162598, -0.9497032761573792, -0.9934234023094177, -1.0, -0.999482274055481, -0.48881250619888306, 0.4900995194911957, -0.7228807806968689, -0.496061235666275, -0.4450814723968506, -0.9825559854507446, -0.5982626676559448, -0.7172361612319946, -0.812383234500885], [-0.963405430316925, -0.7252481579780579, 0.6501787304878235, -0.7049432992935181, 0.7092596292495728, -0.0023868894204497337, -0.9990672469139099, -0.963405430316925, -0.7252481579780579, 0.6501787304878235, -1.0013139247894287, -0.9988033175468445, -1.0012805461883545, -0.6000000238418579, 0.0006291883764788508, -0.990752100944519, -0.9121442437171936, -0.8264780044555664, -0.9934983849525452, -1.0, -0.9994372725486755, -0.4911377429962158, 0.48966899514198303, -0.7228807806968689, -0.496061235666275, -0.4450814723968506, -0.9825559854507446, -0.5982626676559448, -0.7172361612319946, -0.812383234500885], [-0.9649984836578369, -0.7329988479614258, -0.05737622082233429, -0.6979000568389893, 0.7161901593208313, -0.0026851471047848463, -0.9991036653518677, -0.9584506154060364, -0.7280391454696655, -0.5392834544181824, -1.0008870363235474, -1.000736117362976, -1.0017796754837036, -1.0, -0.002483799122273922, -0.9917953610420227, -0.9122200012207031, -0.5884610414505005, -0.9918001294136047, -1.0, -0.9994082450866699, -0.48617586493492126, 0.4813961982727051, -0.7228807806968689, -0.496061235666275, -0.4450814723968506, -0.9825559854507446, -0.5982626676559448, -0.7172361612319946, -0.812383234500885], [-0.02209167368710041, -0.40336814522743225, 0.6965027451515198, 0.010370288975536823, 1.659524059505202e-05, -0.9999462366104126, -0.9990769028663635, -0.02209167368710041, -0.40336814522743225, 0.6965027451515198, -0.999904215335846, -1.0012668371200562, -0.9981971383094788, -0.6000000238418579, -0.001411992241628468, -0.9911906719207764, -0.9095117449760437, -0.6894201636314392, -0.9924230575561523, -0.9307909607887268, -0.999427080154419, -0.4891270101070404, 0.4748736321926117, -0.7228807806968689, -0.496061235666275, -0.4450814723968506, -0.9825559854507446, -0.5982626676559448, -0.7172361612319946, -0.812383234500885], [-0.014665141701698303, -0.6889514923095703, 0.6925161480903625, -0.9999682307243347, -0.0012068725191056728, -0.007882813923060894, -0.9990906715393066, -0.014665141701698303, -0.6889514923095703, 0.6925161480903625, -0.9982507824897766, -0.9998952746391296, -1.001225471496582, -0.6000000238418579, -0.0013589247828349471, -0.9913129210472107, -0.903144896030426, -0.9616551995277405, -0.9930658340454102, -1.0, -0.9994567036628723, -0.47583261132240295, 0.4751735031604767, -0.7228807806968689, -0.496061235666275, -0.4450814723968506, -0.9825559854507446, -0.5982626676559448, -0.7172361612319946, -0.812383234500885], [-0.010554171167314053, -0.9996064901351929, 0.6759932637214661, -0.9999738335609436, -0.006875751540064812, 0.0022406624630093575, -0.9990943670272827, -0.010554171167314053, -0.9996064901351929, 0.6759932637214661, -1.0017776489257812, -1.0000951290130615, -1.0012367963790894, -0.6000000238418579, 0.0009938201401382685, -0.9905163049697876, -0.9191561937332153, -0.9545374512672424, -0.9918253421783447, -1.0, -0.9994145035743713, -0.48441335558891296, 0.4911191761493683, -0.7228807806968689, -0.496061235666275, -0.4450814723968506, -0.9825559854507446, -0.5982626676559448, -0.7172361612319946, -0.812383234500885], [-0.021212099120020866, -0.9923582077026367, 0.009719275869429111, -0.9998000860214233, -0.019758043810725212, 0.0030755847692489624, -0.9990627765655518, -0.01751815900206566, -0.9972304701805115, -0.46166783571243286, -1.000062108039856, -1.0012933015823364, -1.0017949342727661, -1.0, 6.428396591218188e-05, -0.9919904470443726, -0.9122942686080933, -0.9193294644355774, -0.9927058219909668, -1.0, -0.9994546175003052, -0.4831811189651489, 0.48560193181037903, -0.7228807806968689, -0.496061235666275, -0.4450814723968506, -0.9825559854507446, -0.5982626676559448, -0.7172361612319946, -0.812383234500885], [0.637566864490509, -0.26179105043411255, 0.677963137626648, 0.0004495252505876124, 0.0008210527012124658, -0.9999995827674866, -0.9990730881690979, 0.637566864490509, -0.26179105043411255, 0.677963137626648, -0.9990891814231873, -1.000807285308838, -0.9982492327690125, -0.6000000238418579, 0.0012439339188858867, -0.9909998774528503, -0.9020467400550842, -0.7754436135292053, -0.993825376033783, -1.0, -0.9994835257530212, -0.4894840121269226, 0.4801625609397888, -0.7228807806968689, -0.496061235666275, -0.4450814723968506, -0.9825559854507446, -0.5982626676559448, -0.7172361612319946, -0.812383234500885], [0.7923821210861206, -0.4705612063407898, 0.6871399283409119, -0.7102283239364624, -0.7039688229560852, -0.0018995781429111958, -0.9991127848625183, 0.7923821210861206, -0.4705612063407898, 0.6871399283409119, -0.9987813234329224, -0.9987053871154785, -1.0011720657348633, -0.6000000238418579, 0.0014799138298258185, -0.9917519688606262, -0.9165406823158264, -0.9973675012588501, -0.9922338724136353, -1.0, -0.9994021654129028, -0.48215171694755554, 0.4853309690952301, -0.7228807806968689, -0.496061235666275, -0.4450814723968506, -0.9825559854507446, -0.5982626676559448, -0.7172361612319946, -0.812383234500885], [0.9651307463645935, -0.706596851348877, 0.6836597919464111, -0.7147430181503296, -0.6993866562843323, 0.0008312063873745501, -0.9990875124931335, 0.9651307463645935, -0.706596851348877, 0.6836597919464111, -1.0011850595474243, -1.00131094455719, -1.001190185546875, -0.6000000238418579, 0.0017703240737318993, -0.990275502204895, -0.915207028388977, -1.0, -0.9919143319129944, -1.0, -0.999497652053833, -0.4812853932380676, 0.47629785537719727, -0.7228807806968689, -0.496061235666275, -0.4450814723968506, -0.9825559854507446, -0.5982626676559448, -0.7172361612319946, -0.812383234500885], [0.9743998050689697, -0.7030797600746155, -0.023013513535261154, -0.7103221416473389, -0.7038697600364685, 0.0031399428844451904, -0.9990901947021484, 0.9845882058143616, -0.7028564214706421, -0.5026830434799194, -0.9991638660430908, -1.00094473361969, -1.0017468929290771, -1.0, -0.00045478943502530456, -0.9917268753051758, -0.9095631837844849, -0.9018216729164124, -0.9936367869377136, -0.8301158547401428, -0.999483048915863, -0.48553144931793213, 0.48092344403266907, -0.7228807806968689, -0.496061235666275, -0.4450814723968506, -0.9825559854507446, -0.5982626676559448, -0.7172361612319946, -0.812383234500885], [-0.6635537147521973, 0.24283361434936523, 0.7010367512702942, -0.014949127100408077, -0.00042580385343171656, -0.9998881816864014, -0.99905925989151, -0.6635537147521973, 0.24283361434936523, 0.7010367512702942, -1.0009440183639526, -0.9991528391838074, -0.9982359409332275, -0.6000000238418579, 0.0015426235040649772, -0.9913204908370972, -0.9180517792701721, -0.803056538105011, -0.9926873445510864, -1.0, -0.9995114207267761, -0.49100422859191895, 0.48006895184516907, -0.7228807806968689, -0.496061235666275, -0.4450814723968506, -0.9825559854507446, -0.5982626676559448, 