{"n_joints": 24, "joint_descriptions": [[-0.6438767313957214, -0.31633424758911133, 0.5852305293083191, 0.011525219306349754, -0.002735234797000885, -0.9999298453330994, -0.9996381402015686, -0.6438767313957214, -0.31633424758911133, 0.5852305293083191, -1.0001182556152344, -1.0001263618469238, -0.9989109635353088, -0.6000000238418579, 0.0007233027718029916, -0.9938897490501404, -0.9380747675895691, -0.9801689982414246, -0.9946393370628357, -1.0, -0.9996237754821777, -0.4736150801181793, 0.49795329570770264, -0.753717303276062, -0.5828270316123962, -0.5516600012779236, -0.9929016828536987, -0.7256394624710083, -0.8445854783058167, -0.8651937246322632], [-0.7921151518821716, -0.5706576704978943, 0.6382570862770081, -0.7000879645347595, 0.7140483856201172, 0.003428778378292918, -0.9996080994606018, -0.7921151518821716, -0.5706576704978943, 0.6382570862770081, -0.9992183446884155, -1.000793218612671, -1.0001823902130127, -0.6000000238418579, 0.0012645317474380136, -0.9931697845458984, -0.9450250864028931, -0.9085894823074341, -0.9934099912643433, -1.0, -0.9996395111083984, -0.49779754877090454, 0.4865509271621704, -0.753717303276062, -0.5828270316123962, -0.5516600012779236, -0.9929016828536987, -0.7256394624710083, -0.8445854783058167, -0.8651937246322632], [-0.9535596370697021, -0.8321647047996521, 0.6061909198760986, -0.7095805406570435, 0.704084575176239, 0.027574602514505386, -0.9996269941329956, -0.9535596370697021, -0.8321647047996521, 0.6061909198760986, -1.0008519887924194, -0.9991447925567627, -1.000170111656189, -0.6000000238418579, 0.0015838397666811943, -0.9938852190971375, -0.9444389939308167, -0.799583375453949, -0.9937798976898193, -1.0, -0.9996538162231445, -0.4990454912185669, 0.48694896697998047, -0.753717303276062, -0.5828270316123962, -0.5516600012779236, -0.9929016828536987, -0.7256394624710083, -0.8445854783058167, -0.8651937246322632], [-0.9649821519851685, -0.8233888745307922, -0.07921487838029861, -0.7120065689086914, 0.7021536827087402, -0.005183500237762928, -0.9996272325515747, -0.9782257676124573, -0.811556875705719, -0.5553640127182007, -1.00015127658844, -1.0001400709152222, -1.0011217594146729, -1.0, 0.001705078175291419, -0.992741584777832, -0.9452781081199646, -0.9995734691619873, -0.9952265024185181, -1.0, -0.9995579123497009, -0.4837320148944855, 0.4754147231578827, -0.753717303276062, -0.5828270316123962, -0.5516600012779236, -0.9929016828536987, -0.7256394624710083, -0.8445854783058167, -0.8651937246322632], [-0.03133070468902588, -0.35547637939453125, 0.7091375589370728, 0.007167880889028311, -0.016722097992897034, -0.9998344779014587, -0.999601423740387, -0.03133070468902588, -0.35547637939453125, 0.7091375589370728, -0.9999931454658508, -1.0001871585845947, -0.9988895654678345, -0.6000000238418579, 0.001918615191243589, -0.9939272999763489, -0.9397681355476379, -0.7105337977409363, -0.9961137771606445, -1.0, -0.9995627999305725, -0.4809628129005432, 0.4722389578819275, -0.753717303276062, -0.5828270316123962, -0.5516600012779236, -0.9929016828536987, -0.7256394624710083, -0.8445854783058167, -0.8651937246322632], [-0.0549054779112339, -0.716788113117218, 0.7113550305366516, -0.9999685883522034, 0.00602081511169672, 0.0051582371816039085, -0.9996213912963867, -0.0549054779112339, -0.716788113117218, 0.7113550305366516, -0.9988963603973389, -1.0000100135803223, -1.0001903772354126, -0.6000000238418579, 1.3739199857809581e-05, -0.9942134022712708, -0.9357703924179077, -1.0, -0.995055615901947, -1.0, -0.9996403455734253, -0.48299160599708557, 0.4797116219997406, -0.753717303276062, -0.5828270316123962, -0.5516600012779236, -0.9929016828536987, -0.7256394624710083, -0.8445854783058167, -0.8651937246322632], [-0.07398853451013565, -0.999336302280426, 0.7072561979293823, -0.999934732913971, 0.011415292508900166, -0.0005149113130755723, -0.999615490436554, -0.07398853451013565, -0.999336302280426, 0.7072561979293823, -1.001110553741455, -0.9999880194664001, -1.000166416168213, -0.6000000238418579, 0.00043226353591308, -0.9934710264205933, -0.9292232394218445, -0.9455366134643555, -0.9957250356674194, -1.0, -0.9997246265411377, -0.47566068172454834, 0.4807790517807007, -0.753717303276062, -0.5828270316123962, -0.5516600012779236, -0.9929016828536987, -0.7256394624710083, -0.8445854783058167, -0.8651937246322632], [-0.0879480168223381, -0.9949267506599426, 0.04192063584923744, -0.9998352527618408, 0.017800619825720787, 0.003556789131835103, -0.9995994567871094, -0.08187767118215561, -0.9893172979354858, -0.38578149676322937, -1.0000141859054565, -1.000193476676941, -1.0011714696884155, -1.0, 0.00046896887943148613, -0.994831383228302, -0.9333245754241943, -0.9994962215423584, -0.9963863492012024, -1.0, -0.9995757937431335, -0.4991854429244995, 0.4828743040561676, -0.753717303276062, -0.5828270316123962, -0.5516600012779236, -0.9929016828536987, -0.7256394624710083, -0.8445854783058167, -0.8651937246322632], [0.6508260369300842, -0.28032386302948, 0.5842214822769165, -0.00011256564175710082, -0.0004267866024747491, -0.9999998807907104, -0.999623715877533, 0.6508260369300842, -0.28032386302948, 0.5842214822769165, -0.9998732805252075, -1.0001170635223389, -0.9988642930984497, -0.6000000238418579, -0.0019662906415760517, -0.9944915771484375, -0.9353581070899963, -0.7847855091094971, -0.9943274855613708, -1.0, -0.9996524453163147, -0.48498570919036865, 0.4677256941795349, -0.753717303276062, -0.5828270316123962, -0.5516600012779236, -0.9929016828536987, -0.7256394624710083, -0.8445854783058167, -0.8651937246322632], [0.7848154306411743, -0.500473141670227, 0.6672651171684265, -0.6995820999145508, -0.7145228981971741, -0.006475092377513647, -0.999621570110321, 0.7848154306411743, -0.500473141670227, 0.6672651171684265, -0.9992261528968811, -0.9991933703422546, -1.0001792907714844, -0.6000000238418579, -0.0005818066420033574, -0.992176353931427, -0.9324029088020325, -0.9339181780815125, -0.994105339050293, -0.9253977537155151, -0.9995130896568298, -0.48888280987739563, 0.48317626118659973, -0.753717303276062, -0.5828270316123962, -0.5516600012779236, -0.9929016828536987, -0.7256394624710083, -0.8445854783058167, -0.8651937246322632], [0.9185651540756226, -0.7319009304046631, 0.683732807636261, -0.7119266986846924, -0.7022375464439392, -0.004772845655679703, -0.9996167421340942, 0.9185651540756226, -0.7319009304046631, 0.683732807636261, -1.000758409500122, -1.000781774520874, -1.0001782178878784, -0.6000000238418579, -0.0017651350935921073, -0.9935494065284729, -0.9461720585823059, -0.8073278069496155, -0.9949661493301392, -1.0, -0.9996012449264526, -0.49016112089157104, 0.48247647285461426, -0.753717303276062, -0.5828270316123962, -0.5516600012779236, -0.9929016828536987, -0.7256394624710083, -0.8445854783058167, -0.8651937246322632], [0.9142627716064453, -0.729764997959137, 0.03918793797492981, -0.6793535351753235, -0.7337926626205444, 0.005198207218199968, -0.999583899974823, 0.9340861439704895, -0.6894193291664124, -0.45292946696281433, -0.9998638033866882, -1.000110149383545, -1.0012483596801758, -1.0, 0.0004284795722924173, -0.9929381012916565, -0.9343235492706299, -0.9476425051689148, -0.9946799874305725, -1.0, -0.9996398091316223, -0.4994449317455292, 0.48939359188079834, -0.753717303276062, -0.5828270316123962, -0.5516600012779236, -0.9929016828536987, -0.7256394624710083, -0.8445854783058167, -0.8651937246322632], [-0.6593900918960571, 0.33516910672187805, 0.5813088417053223, -0.024968113750219345, 0.006116684526205063, -0.9996695518493652, -0.999612033367157, -0.6593900918960571, 0.33516910672187805, 0.5813088417053223, -1.0001314878463745, -0.999872624874115, -0.9988535046577454, -0.6000000238418579, 0.0030910721980035305, -0.9933199286460876, -0.9299386739730835, -0.6237368583679199, -0.994895875453949, -1.0, -0.9996126294136047, -0.49026602506637573, 0.48945972323417664, -0.753717303276062, -0.5828270316123962, -0.5516600012779236, -0.9929016828536987, -0.7256394624710083, -0.8445854783058167, 