{"n_joints": 24, "joint_descriptions": [[-0.6894629597663879, -0.2240191102027893, 0.7143917679786682, -0.0006878646090626717, 0.005152510479092598, -0.999986469745636, -0.9995020627975464, -0.6894629597663879, -0.2240191102027893, 0.7143917679786682, -1.000329613685608, -1.0003458261489868, -0.9991632103919983, -0.6000000238418579, 0.0006301393150351942, -0.9927999377250671, -0.9282731413841248, -0.9455845952033997, -0.9941351413726807, -1.0, -0.9995858073234558, -0.4837031960487366, 0.47916072607040405, -0.784837543964386, -0.6033573150634766, -0.5252847075462341, -0.9905633926391602, -0.679029107093811, -0.7869798541069031, -0.8510555624961853], [-0.8471156358718872, -0.4757519066333771, 0.7021992802619934, -0.7045642733573914, 0.7096368074417114, 0.0021806536242365837, -0.9995035529136658, -0.8471156358718872, -0.4757519066333771, 0.7021992802619934, -0.9993981719017029, -1.0005851984024048, -1.0004690885543823, -0.6000000238418579, -0.0002447553852107376, -0.9930355548858643, -0.9252238273620605, -0.9863865375518799, -0.9943569302558899, -1.0, -0.9995585083961487, -0.4795324206352234, 0.4821767807006836, -0.784837543964386, -0.6033573150634766, -0.5252847075462341, -0.9905633926391602, -0.679029107093811, -0.7869798541069031, -0.8510555624961853], [-0.9850875735282898, -0.6958094239234924, 0.7063714861869812, -0.7002824544906616, 0.713864803314209, -0.0012678620405495167, -0.9995009303092957, -0.9850875735282898, -0.6958094239234924, 0.7063714861869812, -1.0005877017974854, -0.9994226694107056, -1.0004799365997314, -0.6000000238418579, -0.0006433500675484538, -0.9927231073379517, -0.9255099296569824, -1.0, -0.994246244430542, -1.0, -0.9995812773704529, -0.47901904582977295, 0.48230552673339844, -0.784837543964386, -0.6033573150634766, -0.5252847075462341, -0.9905633926391602, -0.679029107093811, -0.7869798541069031, -0.8510555624961853], [-0.9800114035606384, -0.6995443105697632, 0.004967835266143084, -0.7035089731216431, 0.7106861472129822, -0.0006095662829466164, -0.999511182308197, -0.9804521203041077, -0.6996563076972961, -0.49327918887138367, -1.000335931777954, -1.0003165006637573, -1.0008183717727661, -1.0, 0.00018991988326888531, -0.9927170872688293, -0.9249595403671265, -1.0, -0.994002103805542, -1.0, -0.9995664954185486, -0.4799292981624603, 0.48146218061447144, -0.784837543964386, -0.6033573150634766, -0.5252847075462341, -0.9905633926391602, -0.679029107093811, -0.7869798541069031, -0.8510555624961853], [-0.01635478064417839, -0.36478185653686523, 0.709941029548645, 0.005495975725352764, -0.002505367621779442, -0.9999817609786987, -0.9995065331459045, -0.01635478064417839, -0.36478185653686523, 0.709941029548645, -0.9999876022338867, -1.0004698038101196, -0.9991618990898132, -0.6000000238418579, 0.0005568931810557842, -0.9927831292152405, -0.9274851083755493, -0.9420357346534729, -0.9936899542808533, -1.0, -0.9995700120925903, -0.48310166597366333, 0.48439329862594604, -0.784837543964386, -0.6033573150634766, -0.5252847075462341, -0.9905633926391602, -0.679029107093811, -0.7869798541069031, -0.8510555624961853], [-0.02068968676030636, -0.6881982684135437, 0.7024675011634827, -0.9999901056289673, 0.0031608787830919027, 0.003131420351564884, -0.9995097517967224, -0.02068968676030636, -0.6881982684135437, 0.7024675011634827, -0.9991589784622192, -0.9999897480010986, -1.0004663467407227, -0.6000000238418579, 0.00033286065445281565, -0.9926332235336304, -0.9256075620651245, -0.992553174495697, -0.9942245483398438, -1.0, -0.9995784163475037, -0.480153352022171, 0.48372969031333923, -0.784837543964386, -0.6033573150634766, -0.5252847075462341, -0.9905633926391602, -0.679029107093811, -0.7869798541069031, -0.8510555624961853], [-0.023884300142526627, -0.9847596287727356, 0.6921567320823669, -0.9999822974205017, 0.0057461801916360855, 0.0015404511941596866, -0.9995062947273254, -0.023884300142526627, -0.9847596287727356, 0.6921567320823669, -1.0008327960968018, -1.0000102519989014, -1.000478744506836, -0.6000000238418579, -0.0001639335387153551, -0.9925147294998169, -0.9278405904769897, -0.9946672320365906, -0.9938531517982483, -1.0, -0.9995385408401489, -0.48223185539245605, 0.4857017993927002, -0.784837543964386, -0.6033573150634766, -0.5252847075462341, -0.9905633926391602, -0.679029107093811, -0.7869798541069031, -0.8510555624961853], [-0.029449552297592163, -0.9901075959205627, -0.012375583872199059, -0.9999849200248718, 0.005486729089170694, -0.00020143477013334632, -0.9995028376579285, -0.030238647013902664, -1.0, -0.4978276789188385, -1.000017762184143, -1.000469446182251, -1.0008347034454346, -1.0, 0.00044918310595676303, -0.9923564195632935, -0.9281139969825745, -0.9929577112197876, -0.9936549067497253, -1.0, -0.999573290348053, -0.47891727089881897, 0.4799223840236664, -0.784837543964386, -0.6033573150634766, -0.5252847075462341, -0.9905633926391602, -0.679029107093811, -0.7869798541069031, -0.8510555624961853], [0.6579439640045166, -0.22787435352802277, 0.7287701368331909, 0.0043763937428593636, 0.0013821037719026208, -0.9999894499778748, -0.9994993209838867, 0.6579439640045166, -0.22787435352802277, 0.7287701368331909, -0.9996510744094849, -1.0003219842910767, -0.9991673231124878, -0.6000000238418579, -0.0014122718712314963, -0.992499053478241, -0.9280988574028015, -1.0, -0.9939582347869873, -1.0, -0.99958336353302, -0.47985291481018066, 0.4863695204257965, -0.784837543964386, -0.6033573150634766, -0.5252847075462341, -0.9905633926391602, -0.679029107093811, -0.7869798541069031, -0.8510555624961853], [0.8284528255462646, -0.46810340881347656, 0.711967408657074, -0.6985243558883667, -0.7155774831771851, 0.0035466323606669903, -0.9995025396347046, 0.8284528255462646, -0.46810340881347656, 0.711967408657074, -0.9994293451309204, -0.9993975758552551, -1.0004785060882568, -0.6000000238418579, -0.0001861847413238138, -0.9930604696273804, -0.9306748509407043, -1.0, -0.9940158724784851, -1.0, -0.9995949268341064, -0.48354774713516235, 0.4826607406139374, -0.784837543964386, -0.6033573150634766, -0.5252847075462341, -0.9905633926391602, -0.679029107093811, -0.7869798541069031, -0.8510555624961853], [0.9751969575881958, -0.6878745555877686, 0.7093241214752197, -0.6995746493339539, -0.7145504951477051, 0.00358649087138474, -0.9995068907737732, 0.9751969575881958, -0.6878745555877686, 0.7093241214752197, -1.0005742311477661, -1.0006070137023926, -1.0004706382751465, -0.6000000238418579, 0.0003367488388903439, -0.9925175309181213, -0.9247744679450989, -0.9019287824630737, -0.993947446346283, -1.0, -0.9995731711387634, -0.4828217923641205, 0.48327818512916565, -0.784837543964386, -0.6033573150634766, -0.5252847075462341, -0.9905633926391602, -0.679029107093811, -0.7869798541069031, -0.8510555624961853], [0.9756173491477966, -0.6932920217514038, -0.005753377918154001, -0.7055917978286743, -0.7085874676704407, 0.006634423974901438, -0.9995071887969971, 0.9724375009536743, -0.7034971117973328, -0.4822561740875244, -0.999669075012207, -1.000346064567566, -1.0008152723312378, -1.0, 0.0006220636423677206, -0.9927729964256287, -0.9302554726600647, -1.0, -0.9941166639328003, -1.0, -0.9995786547660828, -0.47884756326675415, 0.48178622126579285, -0.784837543964386, -0.6033573150634766, -0.5252847075462341, -0.9905633926391602, -0.679029107093811, -0.7869798541069031, -0.8510555624961853], [-0.6799802780151367, 0.2621779441833496, 0.7334959506988525, -0.004973658826202154, 0.0016143275424838066, -0.9999863505363464, -0.9995079040527344, -0.6799802780151367, 0.2621779441833496, 0.7334959506988525, -1.0003453493118286, -0.9996757507324219, -0.9991757869720459, -0.6000000238418579, -9.70261316979304e-05, -0.9930242300033569, -0.9265605807304382, -0.9334284067153931, -0.9938741326332092, -1.0, -0.9995667338371277, -0.4831523895263672, 0.48386383056640625, -0.784837543964386, -0.6033573150634766, -0.5252847075462341, -0.9905633926391602, -0.679029107093811, -0.7869798541069031, -0.8510555624961853], [-0.8300561904907227, 0.5234323143959045, 