{"n_joints": 24, "joint_descriptions": [[-0.6838545203208923, -0.23835547268390656, 0.7252200245857239, 0.001476405537687242, -0.0006433029193431139, -0.9999986886978149, -0.9994833469390869, -0.6838545203208923, -0.23835547268390656, 0.7252200245857239, -1.0003312826156616, -1.0003578662872314, -0.9991509318351746, -0.6000000238418579, 0.00038593693170696497, -0.9928526282310486, -0.925654411315918, -0.9318572282791138, -0.9940322041511536, -1.0, -0.9995833039283752, -0.481050580739975, 0.48240262269973755, -0.7756460905075073, -0.586277425289154, -0.5119417309761047, -0.9901148676872253, -0.6751160621643066, -0.7785605788230896, -0.850247323513031], [-0.8389297127723694, -0.4779394268989563, 0.7130690813064575, -0.7067028880119324, 0.7075103521347046, 0.00026959541719406843, -0.9994798302650452, -0.8389297127723694, -0.4779394268989563, 0.7130690813064575, -0.9993848204612732, -1.0005879402160645, -1.0004844665527344, -0.6000000238418579, -0.000588238937780261, -0.9927827715873718, -0.9267489314079285, -0.9878932237625122, -0.993950366973877, -1.0, -0.9995668530464172, -0.4827791452407837, 0.4823691248893738, -0.7756460905075073, -0.586277425289154, -0.5119417309761047, -0.9901148676872253, -0.6751160621643066, -0.7785605788230896, -0.850247323513031], [-0.9869045615196228, -0.706730306148529, 0.7100335955619812, -0.7050685286521912, 0.7091391086578369, -0.00029584954609163105, -0.9994801878929138, -0.9869045615196228, -0.706730306148529, 0.7100335955619812, -1.0006142854690552, -0.9994030594825745, -1.000489354133606, -0.6000000238418579, -0.0008171768276952207, -0.9927600622177124, -0.9269900321960449, -1.0, -0.9938752055168152, -1.0, -0.9995725750923157, -0.4822935461997986, 0.48219165205955505, -0.7756460905075073, -0.586277425289154, -0.5119417309761047, -0.9901148676872253, -0.6751160621643066, -0.7785605788230896, -0.850247323513031], [-0.977948009967804, -0.7060565948486328, 0.0016141232335940003, -0.7067407369613647, 0.7074632048606873, 0.0036475807428359985, -0.9994828104972839, -0.9789052605628967, -0.7034277319908142, -0.4874822199344635, -1.0003464221954346, -1.0003159046173096, -1.0008419752120972, -1.0, -0.0006207972182892263, -0.992516279220581, -0.9265177249908447, -0.9529308080673218, -0.9941381216049194, -1.0, -0.999554455280304, -0.48080700635910034, 0.4818214476108551, -0.7756460905075073, -0.586277425289154, -0.5119417309761047, -0.9901148676872253, -0.6751160621643066, -0.7785605788230896, -0.850247323513031], [-0.02020489238202572, -0.37544023990631104, 0.7158184051513672, 0.0010722107253968716, -0.0005384349497035146, -0.9999992847442627, -0.9994775652885437, -0.02020489238202572, -0.37544023990631104, 0.7158184051513672, -0.9999833703041077, -1.000486135482788, -0.9991495013237, -0.6000000238418579, 0.0011224434711039066, -0.9928464293479919, -0.9282732009887695, -0.8815719485282898, -0.9939069151878357, -1.0, -0.999548077583313, -0.48242896795272827, 0.48152753710746765, -0.7756460905075073, -0.586277425289154, -0.5119417309761047, -0.9901148676872253, -0.6751160621643066, -0.7785605788230896, -0.850247323513031], [-0.02822634018957615, -0.6913790106773376, 0.7129811644554138, -0.99997478723526, 0.007080888841301203, -0.0004874579608440399, -0.9994851350784302, -0.02822634018957615, -0.6913790106773376, 0.7129811644554138, -0.9991479516029358, -0.9999855756759644, -1.0004825592041016, -0.6000000238418579, -0.00011782723595388234, -0.9927590489387512, -0.9257695078849792, -0.983103334903717, -0.9939361810684204, -1.0, -0.9995823502540588, -0.4806356430053711, 0.48328569531440735, -0.7756460905075073, -0.586277425289154, -0.5119417309761047, -0.9901148676872253, -0.6751160621643066, -0.7785605788230896, -0.850247323513031], [-0.03466726094484329, -0.9993074536323547, 0.7044013738632202, -0.9999746084213257, 0.007094196975231171, 0.0007111394661478698, -0.9994752407073975, -0.03466726094484329, -0.9993074536323547, 0.7044013738632202, -1.0008488893508911, -1.0000125169754028, -1.0004894733428955, -0.6000000238418579, -0.00047132946201600134, -0.9924889206886292, -0.927615761756897, -0.9589444398880005, -0.994044840335846, -1.0, -0.9995533227920532, -0.48152899742126465, 0.4843137860298157, -0.7756460905075073, -0.586277425289154, -0.5119417309761047, -0.9901148676872253, -0.6751160621643066, -0.7785605788230896, -0.850247323513031], [-0.035316143184900284, -0.9983625411987305, 9.580941696185619e-05, -0.9999748468399048, 0.007029680535197258, -0.0009590996196493506, -0.9994739890098572, -0.03710348531603813, -0.9957826733589172, -0.4809805750846863, -1.000028133392334, -1.0004799365997314, -1.0008647441864014, -1.0, 0.0006045982008799911, -0.9925121068954468, -0.9266720414161682, -0.9635796546936035, -0.9938691854476929, -1.0, -0.9995706677436829, -0.48218411207199097, 0.4804858863353729, -0.7756460905075073, -0.586277425289154, -0.5119417309761047, -0.9901148676872253, -0.6751160621643066, -0.7785605788230896, -0.850247323513031], [0.6553499102592468, -0.23788411915302277, 0.7251830101013184, 0.0007506898837164044, -0.0029992293566465378, -0.999995231628418, -0.9994789361953735, 0.6553499102592468, -0.23788411915302277, 0.7251830101013184, -0.9996403455734253, -1.0003246068954468, -0.9991486072540283, -0.6000000238418579, -0.00150253192987293, -0.9926540851593018, -0.92653489112854, -0.9297586679458618, -0.9937775135040283, -1.0, -0.9995679259300232, -0.48127859830856323, 0.4830935597419739, -0.7756460905075073, -0.586277425289154, -0.5119417309761047, -0.9901148676872253, -0.6751160621643066, -0.7785605788230896, -0.850247323513031], [0.8225537538528442, -0.4663090705871582, 0.7084757685661316, -0.7001697421073914, -0.7139764428138733, -0.00015167331730481237, -0.9994808435440063, 0.8225537538528442, -0.4663090705871582, 0.7084757685661316, -0.999422550201416, -0.9993808269500732, -1.0004932880401611, -0.6000000238418579, -0.0003403468581382185, -0.9926452040672302, -0.9284026622772217, -0.990849494934082, -0.9938992261886597, -1.0, -0.9995647072792053, -0.48528143763542175, 0.48260828852653503, -0.7756460905075073, -0.586277425289154, -0.5119417309761047, -0.9901148676872253, -0.6751160621643066, -0.7785605788230896, -0.850247323513031], [0.9746397733688354, -0.6886467337608337, 0.7104690670967102, -0.6987137198448181, -0.715399980545044, -0.0014213899848982692, -0.999481201171875, 0.9746397733688354, -0.6886467337608337, 0.7104690670967102, -1.000579595565796, -1.0006165504455566, -1.0004849433898926, -0.6000000238418579, -0.0003383062139619142, -0.9925273656845093, -0.9263456463813782, -0.9112128019332886, -0.9940346479415894, -1.0, -0.9995639324188232, -0.48434239625930786, 0.48202675580978394, -0.7756460905075073, -0.586277425289154, -0.5119417309761047, -0.9901148676872253, -0.6751160621643066, -0.7785605788230896, -0.850247323513031], [0.969950258731842, -0.6875178813934326, -0.005936096888035536, -0.7020422220230103, -0.712130069732666, 0.002735385438427329, -0.9994724988937378, 0.9684337973594666, -0.6898998618125916, -0.49271249771118164, -0.9996703267097473, -1.0003584623336792, -1.000849723815918, -1.0, -0.0002667736553121358, -0.992729663848877, -0.9289634227752686, -0.9824967384338379, -0.9940536618232727, -0.9969862103462219, -0.9995824694633484, -0.4820984899997711, 0.4838569164276123, -0.7756460905075073, -0.586277425289154, -0.5119417309761047, -0.9901148676872253, -0.6751160621643066, -0.7785605788230896, -0.850247323513031], [-0.6808939576148987, 0.2667776644229889, 0.7303745150566101, 7.753222598694265e-05, 0.0005748319672420621, -0.9999998211860657, -0.9994739890098572, -0.6808939576148987, 0.2667776644229889, 0.7303745150566101, -1.000360369682312, -0.9996663331985474, -0.999143660068512, -0.6000000238418579, 0.0004444645019248128, -0.9928433895111084, -0.9240093231201172, -0.9776241183280945, -0.9939128160476685, -1.0, -0.9995681643486023, -0.4843771159648895, 0.48211774230003357, -0.7756460905075073, -0.586277425289154, -0.5119417309761047, -0.9901148676872253, -0.6751160621643066, 