{"n_joints": 24, "joint_descriptions": [[-0.5581128001213074, -0.2794502377510071, 0.5000068545341492, 0.007473756559193134, 0.006459991913288832, -0.999951183795929, -0.9995797872543335, -0.5581128001213074, -0.2794502377510071, 0.5000068545341492, -1.0000354051589966, -1.0000603199005127, -0.9979380369186401, -0.6000000238418579, 0.00021074197138659656, -0.9950979351997375, -0.9306286573410034, -0.937106192111969, -0.9941796064376831, -1.0, -0.9997217655181885, -0.45482757687568665, 0.5172332525253296, -0.7020941376686096, -0.4984532594680786, -0.5068697929382324, -0.9917800426483154, -0.7634334564208984, -0.8178918361663818, -0.8799048662185669], [-0.6744655966758728, -0.4241313636302948, 0.6024806499481201, -0.708305835723877, 0.7055120468139648, -0.023571284487843513, -0.9995192885398865, -0.6744655966758728, -0.4241313636302948, 0.6024806499481201, -0.9982312321662903, -1.0017811059951782, -1.00005304813385, -0.6000000238418579, 0.004267700482159853, -0.994162917137146, -0.958017110824585, -0.6659867763519287, -0.9913507103919983, -1.0, -0.9995164275169373, -0.5170432329177856, 0.48633477091789246, -0.7020941376686096, -0.4984532594680786, -0.5068697929382324, -0.9917800426483154, -0.7634334564208984, -0.8178918361663818, -0.8799048662185669], [-0.9311118721961975, -0.7392573356628418, 0.5172584056854248, -0.7308281660079956, 0.682242214679718, 0.02087501436471939, -0.9995913505554199, -0.9311118721961975, -0.7392573356628418, 0.5172584056854248, -1.0018589496612549, -0.9981050491333008, -1.0000700950622559, -0.6000000238418579, -0.0010959941428154707, -0.9923651218414307, -0.9573224186897278, -0.5742515921592712, -0.9918386936187744, -1.0, -0.999565064907074, -0.5183876752853394, 0.4860282838344574, -0.7020941376686096, -0.4984532594680786, -0.5068697929382324, -0.9917800426483154, -0.7634334564208984, -0.8178918361663818, -0.8799048662185669], [-0.9230286478996277, -0.7020012736320496, -0.16347944736480713, -0.6793174147605896, 0.7324398159980774, -0.04538486897945404, -0.9995731711387634, -0.9325652718544006, -0.7152055501937866, -0.5804833173751831, -1.0000768899917603, -1.0000351667404175, -1.002000331878662, -1.0, 0.0009866985492408276, -0.9932620525360107, -0.9583106637001038, -1.0, -0.9938302636146545, -1.0, -0.9996054768562317, -0.4667689800262451, 0.48493391275405884, -0.7020941376686096, -0.4984532594680786, -0.5068697929382324, -0.9917800426483154, -0.7634334564208984, -0.8178918361663818, -0.8799048662185669], [-0.00299413176253438, -0.34826409816741943, 0.5990205407142639, 0.038680728524923325, 0.024020535871386528, -0.9989628791809082, -0.9994557499885559, -0.00299413176253438, -0.34826409816741943, 0.5990205407142639, -0.9999637603759766, -1.0000669956207275, -0.997590959072113, -0.6000000238418579, -0.002424075035378337, -0.9951430559158325, -0.9518858194351196, -0.6906751394271851, -0.99747633934021, -0.9089971780776978, -0.9994097352027893, -0.4866507351398468, 0.4533580541610718, -0.7020941376686096, -0.4984532594680786, -0.5068697929382324, -0.9917800426483154, -0.7634334564208984, -0.8178918361663818, -0.8799048662185669], [-0.001483127474784851, -0.6228697896003723, 0.5912312865257263, -0.9997222423553467, -0.023561017587780952, 0.0005444554262794554, -0.9996089935302734, -0.001483127474784851, -0.6228697896003723, 0.5912312865257263, -0.9977526664733887, -0.9999657869338989, -1.000072956085205, -0.6000000238418579, 0.0006811294588260353, -0.9954801797866821, -0.9177826046943665, -1.0, -0.9941197633743286, -1.0, -0.999742329120636, -0.46577924489974976, 0.4786679744720459, -0.7020941376686096, -0.4984532594680786, -0.5068697929382324, -0.9917800426483154, -0.7634334564208984, -0.8178918361663818, -0.8799048662185669], [0.006551289930939674, -0.9830436706542969, 0.5782762169837952, -0.9999780058860779, -0.006602831184864044, -0.0006609303527511656, -0.9995309114456177, 0.006551289930939674, -0.9830436706542969, 0.5782762169837952, -1.0021249055862427, -1.0000351667404175, -1.0000351667404175, -0.6000000238418579, -0.001963361632078886, -0.9916197657585144, -0.9267290830612183, -1.0, -0.9970296621322632, -1.0, -0.9998399019241333, -0.4869128167629242, 0.497214674949646, -0.7020941376686096, -0.4984532594680786, -0.5068697929382324, -0.9917800426483154, -0.7634334564208984, -0.8178918361663818, -0.8799048662185669], [-0.01574474200606346, -0.9780330061912537, 0.01325227227061987, -0.99995356798172, -0.0074022687040269375, 0.006171451415866613, -0.9995400309562683, -0.020788241177797318, -1.0, -0.29389411211013794, -1.0001895427703857, -1.0000752210617065, -1.0026006698608398, -1.0, 0.004952405113726854, -0.9961863160133362, -0.9292113184928894, -1.0, -0.997832179069519, -1.0, -0.9995589852333069, -0.5185332298278809, 0.46564221382141113, -0.7020941376686096, -0.4984532594680786, -0.5068697929382324, -0.9917800426483154, -0.7634334564208984, -0.8178918361663818, -0.8799048662185669], [0.6403946280479431, -0.26746365427970886, 0.4344080984592438, -0.00031317700631916523, 0.00723757641389966, -0.9999737739562988, -0.9995079636573792, 0.6403946280479431, -0.26746365427970886, 0.4344080984592438, -0.9999496340751648, -1.000020146369934, -0.9975769519805908, -0.6000000238418579, -0.006419628858566284, -0.9958008527755737, -0.9261434078216553, -1.0, -0.9923246502876282, -0.989599883556366, -0.9995758533477783, -0.4684308171272278, 0.4484342038631439, -0.7020941376686096, -0.4984532594680786, -0.5068697929382324, -0.9917800426483154, -0.7634334564208984, -0.8178918361663818, -0.8799048662185669], [0.7605227828025818, -0.3400440812110901, 0.5938000082969666, -0.6719470620155334, -0.7401605844497681, -0.025484291836619377, -0.999530553817749, 0.7605227828025818, -0.3400440812110901, 0.5938000082969666, -0.9984041452407837, -0.9982392191886902, -1.0000364780426025, -0.6000000238418579, -0.004017755389213562, -0.9900261163711548, -0.9424973130226135, -0.6531118750572205, -0.9949700236320496, -1.0, -0.9993513822555542, -0.5071976780891418, 0.48171690106391907, -0.7020941376686096, -0.4984532594680786, -0.5068697929382324, -0.9917800426483154, -0.7634334564208984, -0.8178918361663818, -0.8799048662185669], [0.9708574414253235, -0.6467198729515076, 0.6556140184402466, -0.6493232250213623, -0.7596871852874756, -0.03542139753699303, -0.9995442032814026, 0.9708574414253235, -0.6467198729515076, 0.6556140184402466, -1.0016882419586182, -1.0018521547317505, -1.000060796737671, -0.6000000238418579, 0.001355577609501779, -0.9917349815368652, -0.9593238830566406, -0.8718698620796204, -0.9930482506752014, -1.0, -0.9995838403701782, -0.47772470116615295, 0.4775918126106262, -0.7020941376686096, -0.4984532594680786, -0.5068697929382324, -0.9917800426483154, -0.7634334564208984, -0.8178918361663818, -0.8799048662185669], [0.9545561671257019, -0.6857094168663025, 0.052016738802194595, -0.6474108695983887, -0.7615095973014832, -0.03102056495845318, -0.9994251728057861, 1.0, -0.6175954937934875, -0.46445268392562866, -1.0002278089523315, -0.9999293088912964, -1.0027341842651367, -1.0, -0.0012806194135919213, -0.9926618933677673, -0.9450916647911072, -1.0, -0.9941668510437012, -0.9979372620582581, -0.9997415542602539, -0.5188018083572388, 0.4760189354419708, -0.7020941376686096, -0.4984532594680786, -0.5068697929382324, -0.9917800426483154, -0.7634334564208984, -0.8178918361663818, -0.8799048662185669], [-0.6330286264419556, 0.4491194486618042, 0.4808307886123657, 0.01820700243115425, -0.05005248263478279, -0.9985806345939636, -0.9995456337928772, -0.6330286264419556, 0.4491194486618042, 0.4808307886123657, -1.000047206878662, -0.9999833106994629, -0.9976743459701538, -0.6000000238418579, -0.0002194903208874166, -0.9943749308586121, -0.909894585609436, -0.5484307408332825, -0.9929154515266418, -0.947040855884552, -0.9996135830879211, -0.47815126180648804, 0.48394912481307983, -0.7020941376686096, -0.4984532594680786, -0.5068697929382324, -0.9917800426483154, -0.7634334564208984, -0.8178918361663818, -0.8799048662185669], [-0.8180786371231079, 