{"n_joints": 24, "joint_descriptions": [[-0.6340934038162231, -0.20290698111057281, 0.5812371373176575, -0.010319774970412254, 0.0054755862802267075, -0.9999317526817322, -0.9977484941482544, -0.6340934038162231, -0.20290698111057281, 0.5812371373176575, -1.0048892498016357, -1.005749225616455, -0.9902289509773254, -0.6000000238418579, -0.0037472876720130444, -0.9870026111602783, -0.9427642822265625, -1.0, -0.9874300360679626, -1.0, -0.9997255206108093, -0.4590378701686859, 0.4718835949897766, -0.6446248888969421, -0.3561874330043793, -0.44964373111724854, -0.9557849764823914, -0.40626007318496704, -0.5847025513648987, -0.7178627848625183], [-0.7669572830200195, -0.41066834330558777, 0.5463207960128784, -0.6878048181533813, 0.7255377173423767, 0.022794209420681, -0.9975869059562683, -0.7669572830200195, -0.41066834330558777, 0.5463207960128784, -0.9929500222206116, -1.0062392950057983, -1.0077086687088013, -0.6000000238418579, -0.0003406444448046386, -0.9920824766159058, -0.9130738377571106, -0.7873305678367615, -0.9862659573554993, -0.7813622951507568, -0.9990639686584473, -0.4994710087776184, 0.4813656508922577, -0.6446248888969421, -0.3561874330043793, -0.44964373111724854, -0.9557849764823914, -0.40626007318496704, -0.5847025513648987, -0.7178627848625183], [-0.8991575837135315, -0.6568583250045776, 0.5271500945091248, -0.7311241626739502, 0.6821244359016418, 0.012796098366379738, -0.9972361922264099, -0.8991575837135315, -0.6568583250045776, 0.5271500945091248, -1.0067378282546997, -0.9947307109832764, -1.009765863418579, -0.6000000238418579, 0.004205980803817511, -0.9819043278694153, -0.883182942867279, -1.0, -0.989813506603241, -1.0, -0.9993687272071838, -0.48242196440696716, 0.5155388116836548, -0.6446248888969421, -0.3561874330043793, -0.44964373111724854, -0.9557849764823914, -0.40626007318496704, -0.5847025513648987, -0.7178627848625183], [-0.9226788878440857, -0.7049068808555603, -0.09858130663633347, -0.727302074432373, 0.6860995888710022, -0.01729283481836319, -0.9974520802497864, -0.9329599738121033, -0.7565701603889465, -0.5196544528007507, -1.0056674480438232, -1.005131483078003, -1.0070620775222778, -1.0, -0.004657381679862738, -0.9907928109169006, -0.8111015558242798, -0.39479121565818787, -0.989225447177887, -0.766011118888855, -0.9991511106491089, -0.47969773411750793, 0.48893874883651733, -0.6446248888969421, -0.3561874330043793, -0.44964373111724854, -0.9557849764823914, -0.40626007318496704, -0.5847025513648987, -0.7178627848625183], [-0.0627869963645935, -0.3542502820491791, 0.6513295769691467, 0.00982606504112482, 0.0016766113694757223, -0.9999502897262573, -0.9972242116928101, -0.0627869963645935, -0.3542502820491791, 0.6513295769691467, -0.999813437461853, -1.0100033283233643, -0.991565465927124, -0.6000000238418579, 0.004471254535019398, -0.9950188398361206, -0.8475760221481323, -1.0, -0.9859186410903931, -1.0, -0.9996172785758972, -0.4794086515903473, 0.49262097477912903, -0.6446248888969421, -0.3561874330043793, -0.44964373111724854, -0.9557849764823914, -0.40626007318496704, -0.5847025513648987, -0.7178627848625183], [-0.08193716406822205, -0.6239141821861267, 0.7259396314620972, -0.9988150000572205, 0.045472756028175354, -0.017343590036034584, -0.9977384805679321, -0.08193716406822205, -0.6239141821861267, 0.7259396314620972, -0.9919146299362183, -1.0001271963119507, -1.0064210891723633, -0.6000000238418579, 0.00607474148273468, -0.9871411323547363, -0.8719717264175415, -1.0, -0.9977181553840637, -1.0, -0.9992374181747437, -0.4459701180458069, 0.4456843435764313, -0.6446248888969421, -0.3561874330043793, -0.44964373111724854, -0.9557849764823914, -0.40626007318496704, -0.5847025513648987, -0.7178627848625183], [-0.0894923135638237, -0.9134460091590881, 0.7451798915863037, -0.9992215037345886, 0.03906499594449997, -0.005506591871380806, -0.9967055916786194, -0.0894923135638237, -0.9134460091590881, 0.7451798915863037, -1.0078319311141968, -1.0005775690078735, -1.0081236362457275, -0.6000000238418579, -0.0015900302678346634, -0.9909005165100098, -0.8101075887680054, -0.4893888831138611, -0.9836891889572144, -1.0, -0.9990493655204773, -0.44682127237319946, 0.520332932472229, -0.6446248888969421, -0.3561874330043793, -0.44964373111724854, -0.9557849764823914, -0.40626007318496704, -0.5847025513648987, -0.7178627848625183], [-0.058474913239479065, -0.9712182879447937, 0.08493126183748245, -0.9997488856315613, 0.006206994876265526, 0.021533053368330002, -0.997548520565033, -0.07620235532522202, -0.9832648634910583, -0.3997189402580261, -1.0013742446899414, -1.0079861879348755, -1.0086196660995483, -1.0, 0.0013798702275380492, -0.9818722605705261, -0.878603994846344, -0.21749646961688995, -0.9908812046051025, -0.6859258413314819, -0.9991339445114136, -0.48816391825675964, 0.4342081844806671, -0.6446248888969421, -0.3561874330043793, -0.44964373111724854, -0.9557849764823914, -0.40626007318496704, -0.5847025513648987, -0.7178627848625183], [0.6015501618385315, -0.17765194177627563, 0.6298607587814331, 0.053817268460989, 0.012397886253893375, -0.9984738230705261, -0.9974244236946106, 0.6015501618385315, -0.17765194177627563, 0.6298607587814331, -0.9947454929351807, -1.0040514469146729, -0.9919862151145935, -0.6000000238418579, -0.01152277272194624, -0.9931490421295166, -0.8403491973876953, -0.4321902394294739, -0.9900588393211365, -0.8650888204574585, -0.9990240931510925, -0.4801265001296997, 0.4925026297569275, -0.6446248888969421, -0.3561874330043793, -0.44964373111724854, -0.9557849764823914, -0.40626007318496704, -0.5847025513648987, -0.7178627848625183], [0.7443771362304688, -0.4248439073562622, 0.5707545876502991, -0.6685935258865356, -0.7430278658866882, 0.029871178790926933, -0.9972967505455017, 0.7443771362304688, -0.4248439073562622, 0.5707545876502991, -0.994450569152832, -0.9928731918334961, -1.0083935260772705, -0.6000000238418579, -0.0008016524952836335, -0.9873380064964294, -0.9053677916526794, -1.0, -0.9890879392623901, -0.48687368631362915, -0.9992459416389465, -0.5077670812606812, 0.4562486708164215, -0.6446248888969421, -0.3561874330043793, -0.44964373111724854, -0.9557849764823914, -0.40626007318496704, -0.5847025513648987, -0.7178627848625183], [0.9150810837745667, -0.6125079989433289, 0.5911754965782166, -0.6628811359405518, -0.748724102973938, 0.0009034994873218238, -0.9973410964012146, 0.9150810837745667, -0.6125079989433289, 0.5911754965782166, -1.0053043365478516, -1.0060430765151978, -1.0091229677200317, -0.6000000238418579, -0.0024022695142775774, -0.9875896573066711, -0.903299868106842, -0.1079782173037529, -0.9898957014083862, -0.4397098422050476, -0.999270498752594, -0.4878970980644226, 0.5198572874069214, -0.6446248888969421, -0.3561874330043793, -0.44964373111724854, -0.9557849764823914, -0.40626007318496704, -0.5847025513648987, -0.7178627848625183], [0.9276406168937683, -0.6255743503570557, -0.09567920863628387, -0.675847053527832, -0.7368698716163635, -0.015921708196401596, -0.9974714517593384, 0.9260625839233398, -0.5990965366363525, -0.5310816168785095, -0.9953104257583618, -1.004532814025879, -1.008233666419983, -1.0, -0.001303893281146884, -0.9879462718963623, -0.819279670715332, -0.7693215012550354, -0.9918157458305359, -1.0, -0.9991651773452759, -0.48257774114608765, 0.4953029751777649, -0.6446248888969421, -0.3561874330043793, -0.44964373111724854, -0.9557849764823914, -0.40626007318496704, -0.5847025513648987, -0.7178627848625183], [-0.661739706993103, 0.2386261522769928, 0.6665859222412109, -0.02709214761853218, -0.052290063351392746, -0.9982643723487854, -0.9968411326408386, -0.661739706993103, 0.2386261522769928, 0.6665859222412109, -1.0063531398773193, -0.9933315515518188, -0.9900990128517151, -0.6000000238418579, 0.010030560195446014, -0.9939671754837036, -0.8372553586959839, -0.989510715007782, -0.9934912919998169, -1.0, -0.9996797442436218, -0.4835444390773773, 0.49256405234336853, -0.6446248888969421, -0.3561874330043793, -0.44964373111724854, -0.9557849764823914, 