{"n_joints": 24, "joint_descriptions": [[-0.6660337448120117, -0.22986780107021332, 0.7131023406982422, -0.0009862604783847928, 0.002662594197317958, -0.9999959468841553, -0.999302089214325, -0.6660337448120117, -0.22986780107021332, 0.7131023406982422, -1.0005959272384644, -1.0006954669952393, -0.999204158782959, -0.6000000238418579, 0.00013319497520569712, -0.9917995929718018, -0.9183746576309204, -0.9220222234725952, -0.9934831857681274, -0.9963042736053467, -0.9995301961898804, -0.48112744092941284, 0.4840286672115326, -0.748691201210022, -0.5436686873435974, -0.4700720012187958, -0.9868154525756836, -0.6239401698112488, -0.7236385345458984, -0.8315243124961853], [-0.8176844120025635, -0.4394678771495819, 0.70472651720047, -0.7082672715187073, 0.7059429883956909, -0.001378866145387292, -0.9993008375167847, -0.8176844120025635, -0.4394678771495819, 0.70472651720047, -0.9993855953216553, -1.0005099773406982, -1.0009121894836426, -0.6000000238418579, -0.0006171128479763865, -0.9921545386314392, -0.9209330081939697, -1.0, -0.9932075142860413, -1.0, -0.9995241761207581, -0.48214223980903625, 0.4826037883758545, -0.748691201210022, -0.5436686873435974, -0.4700720012187958, -0.9868154525756836, -0.6239401698112488, -0.7236385345458984, -0.8315243124961853], [-0.9824777841567993, -0.6744473576545715, 0.7000865340232849, -0.7053496241569519, 0.7088576555252075, 0.0016595168272033334, -0.999290943145752, -0.9824777841567993, -0.6744473576545715, 0.7000865340232849, -1.0006186962127686, -0.9994717836380005, -1.0009301900863647, -0.6000000238418579, -0.0005927748279646039, -0.9917653799057007, -0.9201337695121765, -0.9849937558174133, -0.993428647518158, -1.0, -0.9995172619819641, -0.4829699993133545, 0.4853934347629547, -0.748691201210022, -0.5436686873435974, -0.4700720012187958, -0.9868154525756836, -0.6239401698112488, -0.7236385345458984, -0.8315243124961853], [-0.9810823202133179, -0.6709069013595581, 0.005653704516589642, -0.7081183791160583, 0.706092894077301, -0.0010757200652733445, -0.9993054866790771, -0.9793158173561096, -0.6706114411354065, -0.48463356494903564, -1.0006871223449707, -1.0005924701690674, -1.0008028745651245, -1.0, -0.00041176675586029887, -0.9919582605361938, -0.9191976189613342, -0.9529492259025574, -0.9934253096580505, -1.0, -0.9995279312133789, -0.48262736201286316, 0.48330363631248474, -0.748691201210022, -0.5436686873435974, -0.4700720012187958, -0.9868154525756836, -0.6239401698112488, -0.7236385345458984, -0.8315243124961853], [-0.0160794910043478, -0.3864026963710785, 0.7191235423088074, 0.0016831893008202314, 0.001356260385364294, -0.9999976754188538, -0.9992932081222534, -0.0160794910043478, -0.3864026963710785, 0.7191235423088074, -0.999925971031189, -1.0009340047836304, -0.9991948008537292, -0.6000000238418579, -0.0002368543646298349, -0.9916775822639465, -0.9185748100280762, -0.9157606363296509, -0.9933416247367859, -1.0, -0.9995405077934265, -0.4826776385307312, 0.4819070100784302, -0.748691201210022, -0.5436686873435974, -0.4700720012187958, -0.9868154525756836, -0.6239401698112488, -0.7236385345458984, -0.8315243124961853], [-0.018015122041106224, -0.6751415133476257, 0.709067165851593, -0.9999996423721313, -0.0008643130422569811, 2.2764939785702154e-05, -0.9992967844009399, -0.018015122041106224, -0.6751415133476257, 0.709067165851593, -0.9991986155509949, -0.9999282360076904, -1.0009124279022217, -0.6000000238418579, 0.00013505852257367224, -0.9918048977851868, -0.9184297323226929, -0.9285119771957397, -0.9933125376701355, -1.0, -0.999514639377594, -0.4813214838504791, 0.4812864065170288, -0.748691201210022, -0.5436686873435974, -0.4700720012187958, -0.9868154525756836, -0.6239401698112488, -0.7236385345458984, -0.8315243124961853], [-0.02019473910331726, -0.9977270364761353, 0.710981011390686, -0.9999989867210388, -0.0009094926062971354, -0.0010964327957481146, -0.9992924928665161, -0.02019473910331726, -0.9977270364761353, 0.710981011390686, -1.0008023977279663, -1.0000689029693604, -1.0009211301803589, -0.6000000238418579, -0.0007886101957410574, -0.9919843077659607, -0.9199299216270447, -0.927657961845398, -0.9932298064231873, -1.0, -0.9995206594467163, -0.48111578822135925, 0.48446527123451233, -0.748691201210022, -0.5436686873435974, -0.4700720012187958, -0.9868154525756836, -0.6239401698112488, -0.7236385345458984, -0.8315243124961853], [-0.023502131924033165, -0.9982144236564636, -0.009186282753944397, -0.999998927116394, -0.0008448053849861026, -0.0011946730082854629, -0.9992998242378235, -0.02585681341588497, -1.0, -0.5042641162872314, -1.0000697374343872, -1.0009124279022217, -1.0007916688919067, -1.0, -2.918541395047214e-05, -0.9917708039283752, -0.9198516607284546, -1.0, -0.9934241771697998, -1.0, -0.9995304942131042, -0.4837391674518585, 0.48496171832084656, -0.748691201210022, -0.5436686873435974, -0.4700720012187958, -0.9868154525756836, -0.6239401698112488, -0.7236385345458984, -0.8315243124961853], [0.6448564529418945, -0.2325030118227005, 0.7128489017486572, 0.0016555339097976685, -0.005628395359963179, -0.9999827742576599, -0.9993025064468384, 0.6448564529418945, -0.2325030118227005, 0.7128489017486572, -0.9993024468421936, -1.0005890130996704, -0.9992049336433411, -0.6000000238418579, -0.0008587902411818504, -0.9920760989189148, -0.9170424938201904, -1.0, -0.9934722781181335, -1.0, -0.9995142817497253, -0.48308542370796204, 0.4816141426563263, -0.748691201210022, -0.5436686873435974, -0.4700720012187958, -0.9868154525756836, -0.6239401698112488, -0.7236385345458984, -0.8315243124961853], [0.802590548992157, -0.43768346309661865, 0.7128111124038696, -0.7025113701820374, -0.7116706967353821, -0.0016284715384244919, -0.9992948770523071, 0.802590548992157, -0.43768346309661865, 0.7128111124038696, -0.9994828701019287, -0.9993752837181091, -1.0009217262268066, -0.6000000238418579, 0.00014572170039173216, -0.9918826222419739, -0.9192872643470764, -0.9463332295417786, -0.9934791922569275, -1.0, -0.9995172023773193, -0.4849470257759094, 0.4804586172103882, -0.748691201210022, -0.5436686873435974, -0.4700720012187958, -0.9868154525756836, -0.6239401698112488, -0.7236385345458984, -0.8315243124961853], [0.9745844602584839, -0.666939914226532, 0.7187888622283936, -0.7033373713493347, -0.7108559012413025, -0.0006543388008140028, -0.9993075728416443, 0.9745844602584839, -0.666939914226532, 0.7187888622283936, -1.00050687789917, -1.0006134510040283, -1.0009119510650635, -0.6000000238418579, 3.0084269383223727e-05, -0.991934061050415, -0.9184908270835876, -1.0, -0.9934194087982178, -1.0, -0.999520480632782, -0.4837360084056854, 0.48443537950515747, -0.748691201210022, -0.5436686873435974, -0.4700720012187958, -0.9868154525756836, -0.6239401698112488, -0.7236385345458984, -0.8315243124961853], [0.9769532084465027, -0.6650556921958923, -0.006725050043314695, -0.7051053047180176, -0.7090945839881897, -0.0033789246808737516, -0.9993055462837219, 0.9755978584289551, -0.666380763053894, -0.5002819299697876, -0.9994027018547058, -1.0006917715072632, -1.0007925033569336, -1.0, 0.0002629301743581891, -0.991884708404541, -0.9175358414649963, -1.0, -0.9932469129562378, -1.0, -0.9995243549346924, -0.48311299085617065, 0.4812862277030945, -0.748691201210022, -0.5436686873435974, -0.4700720012187958, -0.9868154525756836, -0.6239401698112488, -0.7236385345458984, -0.8315243124961853], [-0.6631568074226379, 0.2754190266132355, 0.7230831384658813, 0.005477637983858585, -3.700029628816992e-05, -0.9999849796295166, -0.9992995858192444, -0.6631568074226379, 0.2754190266132355, 0.7230831384658813, -1.0006930828094482, -0.9994013905525208, -0.9992052316665649, -0.6000000238418579, 0.0006433987873606384, -0.9919162392616272, -0.9165817499160767, -0.9467294812202454, -0.9934408664703369, -1.0, -0.9995374083518982, -0.48317310214042664, 0.48196175694465637, -0.748691201210022, -0.5436686873435974, -0.4700720012187958, -0.9868154525756836, -0.6239401698112488, -0.7236385345458984, -0.8315243124961853], [-0.8144081234931946, 