{"n_joints": 24, "joint_descriptions": [[-0.618696391582489, -0.26175814867019653, 0.6674379110336304, -0.0033075674436986446, -0.0008711136179044843, -0.999994158744812, -0.9993722438812256, -0.618696391582489, -0.26175814867019653, 0.6674379110336304, -1.0001270771026611, -1.0003430843353271, -0.9992263317108154, -0.6000000238418579, 0.0006833115476183593, -0.9922930598258972, -0.9141979217529297, -0.8907372951507568, -0.9933550953865051, -1.0, -0.9994857907295227, -0.4825439155101776, 0.48050886392593384, -0.752231776714325, -0.5418538451194763, -0.4568062126636505, -0.9879176616668701, -0.6745238304138184, -0.7067072987556458, -0.856062114238739], [-0.7595503926277161, -0.4231875538825989, 0.6699504256248474, -0.7056204676628113, 0.7084897756576538, 0.011912969872355461, -0.9993616342544556, -0.7595503926277161, -0.4231875538825989, 0.6699504256248474, -0.9993383884429932, -1.0004462003707886, -1.0003345012664795, -0.6000000238418579, -0.0006615749443881214, -0.9919076561927795, -0.9220420122146606, -0.9776339530944824, -0.9936308264732361, -0.9967498779296875, -0.9995129704475403, -0.48612549901008606, 0.48388540744781494, -0.752231776714325, -0.5418538451194763, -0.4568062126636505, -0.9879176616668701, -0.6745238304138184, -0.7067072987556458, -0.856062114238739], [-0.9856279492378235, -0.6725983023643494, 0.6640207767486572, -0.7042890191078186, 0.7099061608314514, 0.003190268063917756, -0.9993687272071838, -0.9856279492378235, -0.6725983023643494, 0.6640207767486572, -1.0006685256958008, -0.9995430707931519, -1.0003219842910767, -0.6000000238418579, 3.833943264908157e-05, -0.9927913546562195, -0.9202496409416199, -0.9515519738197327, -0.9937402606010437, -0.9857473969459534, -0.9995412230491638, -0.482999712228775, 0.4786537289619446, -0.752231776714325, -0.5418538451194763, -0.4568062126636505, -0.9879176616668701, -0.6745238304138184, -0.7067072987556458, -0.856062114238739], [-0.9703741073608398, -0.6716814637184143, -0.02266928181052208, -0.7084838151931763, 0.7057088017463684, 0.005078508518636227, -0.9993801116943359, -0.9620270133018494, -0.6645122170448303, -0.4786989092826843, -1.0003409385681152, -1.0001156330108643, -1.0008177757263184, -1.0, -0.0008250302635133266, -0.9923402070999146, -0.9290174841880798, -1.0, -0.9938032031059265, -1.0, -0.9995213747024536, -0.48247843980789185, 0.48237350583076477, -0.752231776714325, -0.5418538451194763, -0.4568062126636505, -0.9879176616668701, -0.6745238304138184, -0.7067072987556458, -0.856062114238739], [0.012065645307302475, -0.41690754890441895, 0.6565718650817871, 0.00014998219558037817, 0.0030058487318456173, -0.9999954700469971, -0.9993754625320435, 0.012065645307302475, -0.41690754890441895, 0.6565718650817871, -0.9998571872711182, -1.000320553779602, -0.9992181062698364, -0.6000000238418579, 0.001416928949765861, -0.9913932681083679, -0.9192292094230652, -0.8679053783416748, -0.9935733675956726, -1.0, -0.9995158910751343, -0.4824749529361725, 0.4844419062137604, -0.752231776714325, -0.5418538451194763, -0.4568062126636505, -0.9879176616668701, -0.6745238304138184, -0.7067072987556458, -0.856062114238739], [0.0019307677866891026, -0.6462023258209229, 0.6462506055831909, -0.9999592900276184, 0.00827708188444376, -0.003591536544263363, -0.9993745684623718, 0.0019307677866891026, -0.6462023258209229, 0.6462506055831909, -0.9992021918296814, -0.9998509883880615, -1.0003403425216675, -0.6000000238418579, -0.0005522197461687028, -0.992317795753479, -0.923297643661499, -0.7609898447990417, -0.9928255081176758, -0.9955383539199829, -0.9995482563972473, -0.48922568559646606, 0.4891927242279053, -0.752231776714325, -0.5418538451194763, -0.4568062126636505, -0.9879176616668701, -0.6745238304138184, -0.7067072987556458, -0.856062114238739], [-0.00360802561044693, -0.9957310557365417, 0.658463716506958, -0.9999939799308777, 0.0026579948607832193, 0.0022195603232830763, -0.9993995428085327, -0.00360802561044693, -0.9957310557365417, 0.658463716506958, -1.0008071660995483, -1.0001455545425415, -1.0003197193145752, -0.6000000238418579, 0.0019264495931565762, -0.9923102259635925, -0.9292898178100586, -1.0, -0.9942628145217896, -0.9694381952285767, -0.9995154738426208, -0.4889273941516876, 0.47667136788368225, -0.752231776714325, -0.5418538451194763, -0.4568062126636505, -0.9879176616668701, -0.6745238304138184, -0.7067072987556458, -0.856062114238739], [-0.016481071710586548, -0.9918995499610901, -0.032702069729566574, -0.9999859929084778, 0.004959721118211746, 0.001844620332121849, -0.9993640780448914, -0.019264213740825653, -0.9979199171066284, -0.5073081851005554, -1.0001556873321533, -1.0003613233566284, -1.0008028745651245, -1.0, 0.0014602479059249163, -0.992797315120697, -0.9199086427688599, -1.0, -0.9935160875320435, -1.0, -0.9995165467262268, -0.4819159209728241, 0.49088048934936523, -0.752231776714325, -0.5418538451194763, -0.4568062126636505, -0.9879176616668701, -0.6745238304138184, -0.7067072987556458, -0.856062114238739], [0.6170655488967896, -0.2539796233177185, 0.6601691842079163, -0.0053517865017056465, -0.003367908764630556, -0.9999800324440002, -0.9993637204170227, 0.6170655488967896, -0.2539796233177185, 0.6601691842079163, -0.9996541142463684, -1.0001366138458252, -0.9991939663887024, -0.6000000238418579, 0.0016154597979038954, -0.9915942549705505, -0.9213685393333435, -1.0, -0.9935600161552429, -1.0, -0.9995215535163879, -0.4831065237522125, 0.48490771651268005, -0.752231776714325, -0.5418538451194763, -0.4568062126636505, -0.9879176616668701, -0.6745238304138184, -0.7067072987556458, -0.856062114238739], [0.7688475847244263, -0.41064536571502686, 0.6816048622131348, -0.7152411341667175, -0.6988719701766968, -0.0028393298853188753, -0.9993628859519958, 0.7688475847244263, -0.41064536571502686, 0.6816048622131348, -0.999538242816925, -0.9993280172348022, -1.0003327131271362, -0.6000000238418579, -0.0010492469882592559, -0.9921395182609558, -0.924014687538147, -0.875778317451477, -0.9935002326965332, -1.0, -0.9995470643043518, -0.4828759431838989, 0.4839174449443817, -0.752231776714325, -0.5418538451194763, -0.4568062126636505, -0.9879176616668701, -0.6745238304138184, -0.7067072987556458, -0.856062114238739], [0.9929773807525635, -0.6625913977622986, 0.6646983027458191, -0.7128222584724426, -0.7013378143310547, -0.0031261909753084183, -0.9993886351585388, 0.9929773807525635, -0.6625913977622986, 0.6646983027458191, -1.0004709959030151, -1.0006632804870605, -1.0003236532211304, -0.6000000238418579, -0.0012210067361593246, -0.9922173619270325, -0.9244407415390015, -1.0, -0.9936681985855103, -0.9801803231239319, -0.9995335936546326, -0.4816950857639313, 0.4765476882457733, -0.752231776714325, -0.5418538451194763, -0.4568062126636505, -0.9879176616668701, -0.6745238304138184, -0.7067072987556458, -0.856062114238739], [0.9779727458953857, -0.6540650725364685, -0.007079361472278833, -0.7144994139671326, -0.6996332406997681, 0.0019756006076931953, -0.9993547797203064, 0.9808714985847473, -0.6502118110656738, -0.4702829122543335, -0.9998887181282043, -1.0003385543823242, -1.0008193254470825, -1.0, -0.00013458289322443306, -0.9921757578849792, -0.9277960658073425, -1.0, -0.9939292073249817, -1.0, -0.9995269179344177, -0.48413509130477905, 0.48584702610969543, -0.752231776714325, -0.5418538451194763, -0.4568062126636505, -0.9879176616668701, -0.6745238304138184, -0.7067072987556458, -0.856062114238739], [-0.6136257648468018, 0.30993956327438354, 0.6453459858894348, -0.0035392686259001493, -0.002469387836754322, -0.999990701675415, -0.9993816018104553, -0.6136257648468018, 0.30993956327438354, 0.6453459858894348, -1.000334620475769, -0.9998819231987, -0.9992193579673767, -0.6000000238418579, -0.0008847315912134945, -0.9914450645446777, -0.9228944182395935, -0.8378810882568359, -0.9938368797302246, -0.9754223823547363, -0.999496579170227, -0.48212701082229614, 0.4845217764377594, -0.752231776714325, -0.5418538451194763, -0.4568062126636505, -0.9879176616668701, -0.6745238304138184, 