{"n_joints": 24, "joint_descriptions": [[-0.6365212798118591, -0.2533540427684784, 0.6936696767807007, -0.0016270836349576712, 0.0015232616569846869, -0.9999974966049194, -0.9993488788604736, -0.6365212798118591, -0.2533540427684784, 0.6936696767807007, -1.0002686977386475, -1.0004371404647827, -0.9992251396179199, -0.6000000238418579, 0.00031312121427617967, -0.9921888113021851, -0.91531902551651, -0.9057101011276245, -0.9933078289031982, -1.0, -0.9995037317276001, -0.48023733496665955, 0.4829270839691162, -0.7506290078163147, -0.5465531349182129, -0.4589405655860901, -0.9875156879425049, -0.6556956171989441, -0.7135569453239441, -0.8464849591255188], [-0.7849365472793579, -0.4267675280570984, 0.6971459984779358, -0.7071966528892517, 0.7069942951202393, 0.0056564537808299065, -0.9993400573730469, -0.7849365472793579, -0.4267675280570984, 0.6971459984779358, -0.9993682503700256, -1.0004664659500122, -1.0005000829696655, -0.6000000238418579, -0.0002730921551119536, -0.9921355247497559, -0.9233346581459045, -0.9518044590950012, -0.9933056235313416, -0.9875954389572144, -0.9995089173316956, -0.48548033833503723, 0.4832983911037445, -0.7506290078163147, -0.5465531349182129, -0.4589405655860901, -0.9875156879425049, -0.6556956171989441, -0.7135569453239441, -0.8464849591255188], [-0.9854785203933716, -0.6734266877174377, 0.6978701949119568, -0.7061092853546143, 0.7080984711647034, 0.0024864699225872755, -0.9993401169776917, -0.9854785203933716, -0.6734266877174377, 0.6978701949119568, -1.0006487369537354, -0.9995157122612, -1.0004936456680298, -0.6000000238418579, 0.00015075762348715216, -0.9924014806747437, -0.9199360609054565, -1.0, -0.9935005903244019, -1.0, -0.9995197057723999, -0.48294422030448914, 0.48217007517814636, -0.7506290078163147, -0.5465531349182129, -0.4589405655860901, -0.9875156879425049, -0.6556956171989441, -0.7135569453239441, -0.8464849591255188], [-0.9781289100646973, -0.6713675260543823, 0.01505989022552967, -0.7051932215690613, 0.7090082764625549, 0.0031311919447034597, -0.9993586540222168, -0.9711763858795166, -0.667824923992157, -0.44696736335754395, -1.000433087348938, -1.0002615451812744, -1.0007908344268799, -1.0, -0.0009515993879176676, -0.9923620223999023, -0.9258383512496948, -1.0, -0.9935505986213684, -1.0, -0.9995340704917908, -0.4833524227142334, 0.4811912178993225, -0.7506290078163147, -0.5465531349182129, -0.4589405655860901, -0.9875156879425049, -0.6556956171989441, -0.7135569453239441, -0.8464849591255188], [0.003336622379720211, -0.40972042083740234, 0.686454176902771, -0.0005382949602790177, 0.0006411625072360039, -0.9999996423721313, -0.9993440508842468, 0.003336622379720211, -0.40972042083740234, 0.686454176902771, -0.9998884201049805, -1.000491976737976, -0.9992207884788513, -0.6000000238418579, 0.000882549793459475, -0.9914117455482483, -0.9175315499305725, -0.8841872215270996, -0.9933212995529175, -1.0, -0.9995356798171997, -0.48344340920448303, 0.48207542300224304, -0.7506290078163147, -0.5465531349182129, -0.4589405655860901, -0.9875156879425049, -0.6556956171989441, -0.7135569453239441, -0.8464849591255188], [-0.005702286493033171, -0.6582244038581848, 0.6752676963806152, -0.9999906420707703, 0.0017328663961961865, -0.003970216028392315, -0.9993475675582886, -0.005702286493033171, -0.6582244038581848, 0.6752676963806152, -0.9992066025733948, -0.9998841881752014, -1.0005053281784058, -0.6000000238418579, -0.0001879724586615339, -0.9921454787254333, -0.9217788577079773, -0.8235942721366882, -0.9929583668708801, -1.0, -0.9995326399803162, -0.48590919375419617, 0.48590704798698425, -0.7506290078163147, -0.5465531349182129, -0.4589405655860901, -0.9875156879425049, -0.6556956171989441, -0.7135569453239441, -0.8464849591255188], [-0.009932409971952438, -0.9963715672492981, 0.6908512115478516, -0.9999884366989136, 0.004385801963508129, -0.0019805633928626776, -0.9993616342544556, -0.009932409971952438, -0.9963715672492981, 0.6908512115478516, -1.0007976293563843, -1.0001143217086792, -1.0004839897155762, -0.6000000238418579, 0.0006899990839883685, -0.9923582673072815, -0.9263887405395508, -1.0, -0.9938288331031799, -1.0, -0.9995071887969971, -0.4855331778526306, 0.47990554571151733, -0.7506290078163147, -0.5465531349182129, -0.4589405655860901, -0.9875156879425049, -0.6556956171989441, -0.7135569453239441, -0.8464849591255188], [-0.01972614973783493, -0.9937676787376404, -0.01139227207750082, -0.9999867081642151, 0.005151501391083002, 0.00025046421797014773, -0.9993433952331543, -0.024637896567583084, -0.997046947479248, -0.49778980016708374, -1.0001212358474731, -1.000503659248352, -1.000791072845459, -1.0, 0.0011527042370289564, -0.9924095869064331, -0.9203023910522461, -1.0, -0.9935526847839355, -1.0, -0.9995285272598267, -0.4814954102039337, 0.48957616090774536, -0.7506290078163147, -0.5465531349182129, -0.4589405655860901, -0.9875156879425049, -0.6556956171989441, -0.7135569453239441, -0.8464849591255188], [0.632077693939209, -0.24981410801410675, 0.6790109276771545, -0.0008190996013581753, -0.003660608548671007, -0.9999929666519165, -0.99934321641922, 0.632077693939209, -0.24981410801410675, 0.6790109276771545, -0.99956214427948, -1.00027596950531, -0.9992019534111023, -0.6000000238418579, 0.0009406605386175215, -0.9918177723884583, -0.9180779457092285, -1.0, -0.9935030937194824, -0.9973436594009399, -0.9995064735412598, -0.48311445116996765, 0.4824141263961792, -0.7506290078163147, -0.5465531349182129, -0.4589405655860901, -0.9875156879425049, -0.6556956171989441, -0.7135569453239441, -0.8464849591255188], [0.786162257194519, -0.42422157526016235, 0.6914844512939453, -0.7116369605064392, -0.7025438547134399, -0.0022326577454805374, -0.9993357062339783, 0.786162257194519, -0.42422157526016235, 0.6914844512939453, -0.9995162487030029, -0.999355137348175, -1.0005029439926147, -0.6000000238418579, -0.0007719075074419379, -0.9920716285705566, -0.9236716628074646, -0.8849661350250244, -0.9936803579330444, -1.0, -0.9995288252830505, -0.4854145646095276, 0.4809872508049011, -0.7506290078163147, -0.5465531349182129, -0.4589405655860901, -0.9875156879425049, -0.6556956171989441, -0.7135569453239441, -0.8464849591255188], [0.9877303242683411, -0.6675511598587036, 0.6864808797836304, -0.714314341545105, -0.6998232007026672, 0.0015821992419660091, -0.9993669986724854, 0.9877303242683411, -0.6675511598587036, 0.6864808797836304, -1.0004847049713135, -1.0006303787231445, -1.000482439994812, -0.6000000238418579, -0.0008967420435510576, -0.9919741153717041, -0.9231613874435425, -1.0, -0.9935650825500488, -1.0, -0.999531090259552, -0.4816681742668152, 0.4798526465892792, -0.7506290078163147, -0.5465531349182129, -0.4589405655860901, -0.9875156879425049, -0.6556956171989441, -0.7135569453239441, -0.8464849591255188], [0.9781962037086487, -0.6619813442230225, -0.007683478761464357, -0.7134650349617004, -0.7006894946098328, 0.0013534119352698326, -0.9993388056755066, 0.979668378829956, -0.6608431935310364, -0.48223528265953064, -0.9997450709342957, -1.0004316568374634, -1.000800371170044, -1.0, 0.0003268764994572848, -0.9920539855957031, -0.923772931098938, -1.0, -0.9936232566833496, -1.0, -0.9995384216308594, -0.48223623633384705, 0.4837643504142761, -0.7506290078163147, -0.5465531349182129, -0.4589405655860901, -0.9875156879425049, -0.6556956171989441, -0.7135569453239441, -0.8464849591255188], [-0.6283197402954102, 0.2961239814758301, 0.6789687275886536, 0.00047104526311159134, -0.0006569686811417341, -0.9999997019767761, -0.9993502497673035, -0.6283197402954102, 0.2961239814758301, 0.6789687275886536, -1.0004243850708008, -0.9997393488883972, -0.9992298483848572, -0.6000000238418579, -0.00023658729332964867, -0.9915978312492371, -0.9191156625747681, -0.8884356021881104, -0.9938454031944275, -1.0, -0.9995172023773193, -0.48249584436416626, 0.4821341931819916, -0.7506290078163147, -0.5465531349182129, -0.4589405655860901, -0.9875156879425049, -0.6556956171989441, -0.7135569453239441, -0.8464849591255188], 