{"n_joints": 24, "joint_descriptions": [[-0.6494070291519165, -0.24793794751167297, 0.6970694065093994, -0.0002823801478371024, 0.0012361666886135936, -0.9999992251396179, -0.9993374347686768, -0.6494070291519165, -0.24793794751167297, 0.6970694065093994, -1.0003465414047241, -1.0004949569702148, -0.9992256164550781, -0.6000000238418579, 0.00016491957649122924, -0.9920885562896729, -0.915978729724884, -0.9110707640647888, -0.9933359622955322, -1.0, -0.9995110630989075, -0.47994548082351685, 0.48370659351348877, -0.7505622506141663, -0.5474818348884583, -0.46096551418304443, -0.9873467683792114, -0.6478118896484375, -0.7167420387268066, -0.8436763882637024], [-0.7983537912368774, -0.4306216537952423, 0.6925617456436157, -0.7076525688171387, 0.7065517902374268, 0.003523843130096793, -0.9993323087692261, -0.7983537912368774, -0.4306216537952423, 0.6925617456436157, -0.9993782639503479, -1.0004714727401733, -1.0005944967269897, -0.6000000238418579, -0.0007397073786705732, -0.9921848773956299, -0.9232361912727356, -0.954021155834198, -0.9932292103767395, -1.0, -0.9995113015174866, -0.48474055528640747, 0.4827311933040619, -0.7505622506141663, -0.5474818348884583, -0.46096551418304443, -0.9873467683792114, -0.6478118896484375, -0.7167420387268066, -0.8436763882637024], [-0.9871707558631897, -0.67460036277771, 0.6847618818283081, -0.7070364356040955, 0.7071754932403564, 0.0015189071418717504, -0.9993271827697754, -0.9871707558631897, -0.67460036277771, 0.6847618818283081, -1.0006362199783325, -0.9995049238204956, -1.0005943775177002, -0.6000000238418579, -9.567385859554633e-05, -0.992235541343689, -0.9201904535293579, -1.0, -0.9934343695640564, -1.0, -0.9995151162147522, -0.48279494047164917, 0.48332691192626953, -0.7505622506141663, -0.5474818348884583, -0.46096551418304443, -0.9873467683792114, -0.6478118896484375, -0.7167420387268066, -0.8436763882637024], [-0.9803199172019958, -0.670998752117157, -0.00789033155888319, -0.7074503302574158, 0.7067598104476929, 0.00214151362888515, -0.9993472099304199, -0.9736695885658264, -0.6681955456733704, -0.48071762919425964, -1.000486969947815, -1.0003399848937988, -1.0007847547531128, -1.0, -0.0009465886396355927, -0.9923034906387329, -0.9242923259735107, -0.9926363825798035, -0.9934651255607605, -1.0, -0.9995365738868713, -0.4833272695541382, 0.4814143776893616, -0.7505622506141663, -0.5474818348884583, -0.46096551418304443, -0.9873467683792114, -0.6478118896484375, -0.7167420387268066, -0.8436763882637024], [-0.004807161632925272, -0.405338853597641, 0.6989911198616028, -0.00014226326311472803, 0.0008026255527511239, -0.9999996423721313, -0.9993318319320679, -0.004807161632925272, -0.405338853597641, 0.6989911198616028, -0.9998997449874878, -1.0005919933319092, -0.9992210865020752, -0.6000000238418579, 0.0005340237403288484, -0.9914534687995911, -0.9174361824989319, -0.8839148879051208, -0.9932808876037598, -1.0, -0.999540388584137, -0.483241468667984, 0.4815160930156708, -0.7505622506141663, -0.5474818348884583, -0.46096551418304443, -0.9873467683792114, -0.6478118896484375, -0.7167420387268066, -0.8436763882637024], [-0.012007477693259716, -0.6646221876144409, 0.6879891157150269, -0.999991774559021, 0.0015854107914492488, 0.003728989977389574, -0.9993358254432678, -0.012007477693259716, -0.6646221876144409, 0.6879891157150269, -0.9992103576660156, -0.9998961091041565, -1.0005990266799927, -0.6000000238418579, -9.79031901806593e-05, -0.9920358657836914, -0.9207362532615662, -0.8505429625511169, -0.9930339455604553, -1.0, -0.9995249509811401, -0.4846069812774658, 0.48460763692855835, -0.7505622506141663, -0.5474818348884583, -0.46096551418304443, -0.9873467683792114, -0.6478118896484375, -0.7167420387268066, -0.8436763882637024], [-0.014864644967019558, -0.9992015957832336, 0.7017341256141663, -0.9999997019767761, 6.58957869745791e-05, -0.0007509657298214734, -0.9993446469306946, -0.014864644967019558, -0.9992015957832336, 0.7017341256141663, -1.000792145729065, -1.0001020431518555, -1.000581979751587, -0.6000000238418579, 0.00015422000433318317, -0.9923102259635925, -0.9249164462089539, -0.9823002219200134, -0.9936595559120178, -1.0, -0.9995083212852478, -0.4842386841773987, 0.4811916947364807, -0.7505622506141663, -0.5474818348884583, -0.46096551418304443, -0.9873467683792114, -0.6478118896484375, -0.7167420387268066, -0.8436763882637024], [-0.023003049194812775, -0.9966013431549072, -0.013052521273493767, -0.9999995231628418, 0.0009703065152280033, 7.4611853051465e-05, -0.9993315935134888, -0.027668820694088936, -0.998753011226654, -0.5075157284736633, -1.0001024007797241, -1.0005972385406494, -1.0007848739624023, -1.0, 0.0008852083119563758, -0.9922437071800232, -0.9205970168113708, -1.0, -0.9935459494590759, -1.0, -0.9995324015617371, -0.481955885887146, 0.4886683225631714, -0.7505622506141663, -0.5474818348884583, -0.46096551418304443, -0.9873467683792114, -0.6478118896484375, -0.7167420387268066, -0.8436763882637024], [0.6352611780166626, -0.24602292478084564, 0.6889829635620117, 0.0008786908583715558, -0.0009329244494438171, -0.9999991655349731, -0.9993337392807007, 0.6352611780166626, -0.24602292478084564, 0.6889829635620117, -0.9995056986808777, -1.000352382659912, -0.9992079138755798, -0.6000000238418579, 0.0005526092718355358, -0.9918996691703796, -0.9173045754432678, -1.0, -0.9935251474380493, -1.0, -0.9995051622390747, -0.48268890380859375, 0.481690376996994, -0.7505622506141663, -0.5474818348884583, -0.46096551418304443, -0.9873467683792114, -0.6478118896484375, -0.7167420387268066, -0.8436763882637024], [0.7906690835952759, -0.42856812477111816, 0.6980183124542236, -0.7102245092391968, -0.7039724588394165, 0.0019734532106667757, -0.9993240237236023, 0.7906690835952759, -0.42856812477111816, 0.6980183124542236, -0.9995093941688538, -0.9993643760681152, -1.0005992650985718, -0.6000000238418579, -0.0005905075231567025, -0.9920487999916077, -0.9229027032852173, -0.8992946743965149, -0.9936888217926025, -1.0, -0.9995219707489014, -0.4858299791812897, 0.4803471565246582, -0.7505622506141663, -0.5474818348884583, -0.46096551418304443, -0.9873467683792114, -0.6478118896484375, -0.7167420387268066, -0.8436763882637024], [0.9836965799331665, -0.6677432060241699, 0.6952673196792603, -0.7110118865966797, -0.7031795978546143, -0.0007907873950898647, -0.9993546009063721, 0.9836965799331665, -0.6677432060241699, 0.6952673196792603, -1.0004876852035522, -1.0006173849105835, -1.0005789995193481, -0.6000000238418579, -0.0006733646150678396, -0.991926908493042, -0.9221298694610596, -1.0, -0.993565559387207, -1.0, -0.9995265007019043, -0.48222193121910095, 0.48115479946136475, -0.7505622506141663, -0.5474818348884583, -0.46096551418304443, -0.9873467683792114, -0.6478118896484375, -0.7167420387268066, -0.8436763882637024], [0.9774675369262695, -0.6616138219833374, -0.014995606616139412, -0.7103927731513977, -0.7038041353225708, -0.0013661752454936504, -0.9993324279785156, 0.9778895974159241, -0.6605093479156494, -0.49992144107818604, -0.9996646642684937, -1.0004870891571045, -1.0007907152175903, -1.0, 0.0004283806192688644, -0.9920387864112854, -0.9220974445343018, -1.0, -0.9934931397438049, -1.0, -0.9995391368865967, -0.48193612694740295, 0.4828392565250397, -0.7505622506141663, -0.5474818348884583, -0.46096551418304443, -0.9873467683792114, -0.6478118896484375, -0.7167420387268066, -0.8436763882637024], [-0.6434193849563599, 0.28984200954437256, 0.6955737471580505, 8.688009256729856e-05, 0.003279059426859021, -0.9999946355819702, -0.9993372559547424, -0.6434193849563599, 0.28984200954437256, 0.6955737471580505, -1.000482439994812, -0.9996609091758728, -0.9992325305938721, -0.6000000238418579, -3.138820829917677e-05, -0.9916733503341675, -0.9180306196212769, -0.9033514857292175, -0.9937800765037537, -1.0, -0.9995242357254028, -0.48302799463272095, 0.4815649390220642, -0.7505622506141663, -0.5474818348884583, -0.46096551418304443, -0.9873467683792114, -0.6478118896484375, -0.7167420387268066, -0.8436763882637024], 