{"n_joints": 24, "joint_descriptions": [[-0.6222002506256104, -0.2309143990278244, 0.6941525340080261, -0.0017778102774173021, -0.004044128116220236, -0.9999902248382568, -0.9991731643676758, -0.6222002506256104, -0.2309143990278244, 0.6941525340080261, -1.0004698038101196, -1.0005922317504883, -0.9986686706542969, -0.6000000238418579, 0.00297690462321043, -0.9914043545722961, -0.916750431060791, -0.8407918214797974, -0.9939148426055908, -1.0, -0.9994773864746094, -0.49150872230529785, 0.48706498742103577, -0.7397390604019165, -0.5310593843460083, -0.44712206721305847, -0.9850231409072876, -0.6297507286071777, -0.7077587246894836, -0.8282778859138489], [-0.7812938690185547, -0.42789602279663086, 0.705534040927887, -0.6956875920295715, 0.7183310389518738, -0.0043867467902600765, -0.9992184638977051, -0.7812938690185547, -0.42789602279663086, 0.705534040927887, -0.9990320205688477, -1.0008659362792969, -1.000738263130188, -0.6000000238418579, 0.0006802970310673118, -0.9908091425895691, -0.9072662591934204, -0.9402958750724792, -0.9940286874771118, -1.0, -0.9995632767677307, -0.47568023204803467, 0.484375923871994, -0.7397390604019165, -0.5310593843460083, -0.44712206721305847, -0.9850231409072876, -0.6297507286071777, -0.7077587246894836, -0.8282778859138489], [-0.9740841388702393, -0.6479936242103577, 0.7129884362220764, -0.6933542490005493, 0.7205962538719177, 0.00097783247474581, -0.9992349147796631, -0.9740841388702393, -0.6479936242103577, 0.7129884362220764, -1.0009537935256958, -0.9991418719291687, -1.00071382522583, -0.6000000238418579, -0.0016252909554168582, -0.9918481707572937, -0.9181185364723206, -0.7900662422180176, -0.992851734161377, -1.0, -0.9994871020317078, -0.48334741592407227, 0.4769299328327179, -0.7397390604019165, -0.5310593843460083, -0.44712206721305847, -0.9850231409072876, -0.6297507286071777, -0.7077587246894836, -0.8282778859138489], [-0.9755682945251465, -0.6408774256706238, 0.01660342514514923, -0.6993381381034851, 0.7147740721702576, -0.0049232072196900845, -0.999187707901001, -0.985042929649353, -0.635452926158905, -0.47083452343940735, -1.0006251335144043, -1.000434160232544, -1.0013223886489868, -1.0, 0.002133285626769066, -0.9906909465789795, -0.9148418307304382, -0.9592590928077698, -0.9932557940483093, -1.0, -0.9995270371437073, -0.48174458742141724, 0.4831525385379791, -0.7397390604019165, -0.5310593843460083, -0.44712206721305847, -0.9850231409072876, -0.6297507286071777, -0.7077587246894836, -0.8282778859138489], [0.012955482117831707, -0.3848535120487213, 0.6648471355438232, 0.0037984056398272514, -0.00177463935688138, -0.999991238117218, -0.9992234110832214, 0.012955482117831707, -0.3848535120487213, 0.6648471355438232, -0.9998984336853027, -1.00071382522583, -0.9986829161643982, -0.6000000238418579, -0.000845028436742723, -0.9920395612716675, -0.9241818785667419, -0.9009979367256165, -0.9940549731254578, -1.0, -0.9994406700134277, -0.4818381667137146, 0.4800492823123932, -0.7397390604019165, -0.5310593843460083, -0.44712206721305847, -0.9850231409072876, -0.6297507286071777, -0.7077587246894836, -0.8282778859138489], [0.022073347121477127, -0.6627280712127686, 0.6867260932922363, -0.9998485445976257, -0.01475218404084444, -0.009236904792487621, -0.9991905689239502, 0.022073347121477127, -0.6627280712127686, 0.6867260932922363, -0.9986906051635742, -0.9998878836631775, -1.0007506608963013, -0.6000000238418579, -0.001500484300777316, -0.9913387298583984, -0.9136209487915039, -0.8468559980392456, -0.9933064579963684, -1.0, -0.9994788765907288, -0.48671644926071167, 0.4864948093891144, -0.7397390604019165, -0.5310593843460083, -0.44712206721305847, -0.9850231409072876, -0.6297507286071777, -0.7077587246894836, -0.8282778859138489], [0.019089626148343086, -0.9973218441009521, 0.6565455198287964, -0.9999443888664246, -0.0070678903721272945, 0.007829741574823856, -0.999226450920105, 0.019089626148343086, -0.9973218441009521, 0.6565455198287964, -1.0012917518615723, -1.0000951290130615, -1.0007623434066772, -0.6000000238418579, -0.0009954163106158376, -0.9906868934631348, -0.9143606424331665, -1.0, -0.9936521053314209, -0.9944990277290344, -0.9995662569999695, -0.487206369638443, 0.47955283522605896, -0.7397390604019165, -0.5310593843460083, -0.44712206721305847, -0.9850231409072876, -0.6297507286071777, -0.7077587246894836, -0.8282778859138489], [0.019885936751961708, -0.9879624247550964, 0.0006276919157244265, -0.9999518990516663, -0.009722504764795303, 0.0012836877722293139, -0.9992117881774902, 0.028277724981307983, -0.9788548946380615, -0.43915319442749023, -1.0001105070114136, -1.0006746053695679, -1.0013033151626587, -1.0, -0.0020975694060325623, -0.9918358325958252, -0.9183917045593262, -0.884514570236206, -0.993066132068634, -0.9456342458724976, -0.9995360970497131, -0.48410528898239136, 0.4784524142742157, -0.7397390604019165, -0.5310593843460083, -0.44712206721305847, -0.9850231409072876, -0.6297507286071777, -0.7077587246894836, -0.8282778859138489], [0.6542273163795471, -0.2451190948486328, 0.6915852427482605, -0.00043939577881246805, 0.0019536870531737804, -0.9999979734420776, -0.9992197751998901, 0.6542273163795471, -0.2451190948486328, 0.6915852427482605, -0.9993914365768433, -1.00045907497406, -0.9987078309059143, -0.6000000238418579, -0.0007282285951077938, -0.9911534190177917, -0.9243227243423462, -1.0, -0.9929521679878235, -1.0, -0.9995694160461426, -0.4826882779598236, 0.47947534918785095, -0.7397390604019165, -0.5310593843460083, -0.44712206721305847, -0.9850231409072876, -0.6297507286071777, -0.7077587246894836, -0.8282778859138489], [0.7944580912590027, -0.4326139986515045, 0.6927021741867065, -0.7066665887832642, -0.7074760794639587, -0.009996463544666767, -0.9992395043373108, 0.7944580912590027, -0.4326139986515045, 0.6927021741867065, -0.9991751313209534, -0.9990373253822327, -1.000726342201233, -0.6000000238418579, 0.001881894189864397, -0.9916564226150513, -0.9073324799537659, -0.8996270895004272, -0.993265688419342, -1.0, -0.9994766116142273, -0.4746038019657135, 0.4909091591835022, -0.7397390604019165, -0.5310593843460083, -0.44712206721305847, -0.9850231409072876, -0.6297507286071777, -0.7077587246894836, -0.8282778859138489], [0.9695831537246704, -0.6709381341934204, 0.7068833112716675, -0.7040219902992249, -0.7101718187332153, -0.0030016403179615736, -0.9991718530654907, 0.9695831537246704, -0.6709381341934204, 0.7068833112716675, -1.0008447170257568, -1.0010281801223755, -1.000754475593567, -0.6000000238418579, 0.0014463713159784675, -0.9912682175636292, -0.9084559082984924, -0.7600322365760803, -0.9931411743164062, -0.829930305480957, -0.9995052218437195, -0.4844745397567749, 0.47917571663856506, -0.7397390604019165, -0.5310593843460083, -0.44712206721305847, -0.9850231409072876, -0.6297507286071777, -0.7077587246894836, -0.8282778859138489], [0.9689263701438904, -0.6791779398918152, 0.05660327523946762, -0.7083471417427063, -0.7058394551277161, 0.005917454604059458, -0.9992311000823975, 0.966255247592926, -0.6879925727844238, -0.41930049657821655, -0.9995014667510986, -1.0006335973739624, -1.0012574195861816, -1.0, 0.0002926774322986603, -0.9915356636047363, -0.9185486435890198, -1.0, -0.992653489112854, -1.0, -0.9995183944702148, -0.4797385632991791, 0.4775996208190918, -0.7397390604019165, -0.5310593843460083, -0.44712206721305847, -0.9850231409072876, -0.6297507286071777, -0.7077587246894836, -0.8282778859138489], [-0.621676504611969, 0.2771637439727783, 0.6714966893196106, 0.004857636522501707, -0.0031449811067432165, -0.9999832510948181, -0.9992319345474243, -0.621676504611969, 0.2771637439727783, 0.6714966893196106, -1.0006071329116821, -0.9995388984680176, -0.9986969828605652, -0.6000000238418579, 0.00025754005764611065, -0.9915076494216919, -0.924048662185669, -0.8762822151184082, -0.992194414138794, -0.8825359344482422, -0.9994591474533081, -0.4813729524612427, 0.4801473319530487, -0.7397390604019165, -0.5310593843460083, -0.44712206721305847, -0.9850231409072876, 