{"n_joints": 24, "joint_descriptions": [[-0.6672533750534058, -0.23068223893642426, 0.7097645998001099, -0.0007892964640632272, 0.0020259155426174402, -0.999997615814209, -0.9993069767951965, -0.6672533750534058, -0.23068223893642426, 0.7097645998001099, -1.0005824565887451, -1.0006824731826782, -0.9992120862007141, -0.6000000238418579, 7.567735156044364e-05, -0.9918234348297119, -0.9180854558944702, -0.9154770970344543, -0.9934684038162231, -1.0, -0.9995285272598267, -0.480815052986145, 0.4842003285884857, -0.7491483092308044, -0.5445429086685181, -0.4690600335597992, -0.9868946671485901, -0.625734806060791, -0.724153459072113, -0.8322601914405823], [-0.8183903694152832, -0.43926793336868286, 0.6999309659004211, -0.7047562003135681, 0.7094489932060242, 0.000893621938303113, -0.9993056654930115, -0.8183903694152832, -0.43926793336868286, 0.6999309659004211, -0.9993895292282104, -1.0005033016204834, -1.0008916854858398, -0.6000000238418579, -0.0008042448898777366, -0.9921780228614807, -0.9213923215866089, -0.9948673844337463, -0.9931935667991638, -1.0, -0.9995228052139282, -0.4824102520942688, 0.48242926597595215, -0.7491483092308044, -0.5445429086685181, -0.4690600335597992, -0.9868946671485901, -0.625734806060791, -0.724153459072113, -0.8322601914405823], [-0.9832220673561096, -0.674410879611969, 0.6927139163017273, -0.7069969773292542, 0.7072137594223022, -0.00197880738414824, -0.9992952346801758, -0.9832220673561096, -0.674410879611969, 0.6927139163017273, -1.0006135702133179, -0.999474823474884, -1.0009104013442993, -0.6000000238418579, -0.0006292065954767168, -0.9918185472488403, -0.9203248620033264, -0.9892881512641907, -0.9934207797050476, -1.0, -0.9995160698890686, -0.4830034375190735, 0.48529624938964844, -0.7491483092308044, -0.5445429086685181, -0.4690600335597992, -0.9868946671485901, -0.625734806060791, -0.724153459072113, -0.8322601914405823], [-0.9802486300468445, -0.6703846454620361, -0.0024757508654147387, -0.7048799991607666, 0.7093244194984436, 0.001745117362588644, -0.9993116855621338, -0.977271556854248, -0.6694086790084839, -0.49109217524528503, -1.0006722211837769, -1.000580072402954, -1.0007951259613037, -1.0, -0.0005449036252684891, -0.9920125603675842, -0.9198460578918457, -0.9587926864624023, -0.9934241771697998, -1.0, -0.9995306134223938, -0.4825943112373352, 0.48307517170906067, -0.7491483092308044, -0.5445429086685181, -0.4690600335597992, -0.9868946671485901, -0.625734806060791, -0.724153459072113, -0.8322601914405823], [-0.016228051856160164, -0.38731104135513306, 0.7164126634597778, -0.002244404051452875, 0.00026991261984221637, -0.9999974370002747, -0.9992986917495728, -0.016228051856160164, -0.38731104135513306, 0.7164126634597778, -0.9999263882637024, -1.0009125471115112, -0.9992030262947083, -0.6000000238418579, -0.00023241348390001804, -0.9916448593139648, -0.9183759093284607, -0.9068335294723511, -0.9933233261108398, -1.0, -0.9995419979095459, -0.48252299427986145, 0.4816809296607971, -0.7491483092308044, -0.5445429086685181, -0.4690600335597992, -0.9868946671485901, -0.625734806060791, -0.724153459072113, -0.8322601914405823], [-0.018783623352646828, -0.6752437949180603, 0.7056397795677185, -0.9999993443489075, -0.000970654480624944, 0.0006391557399183512, -0.9993025064468384, -0.018783623352646828, -0.6752437949180603, 0.7056397795677185, -0.9992051124572754, -0.9999281764030457, -1.0008935928344727, -0.6000000238418579, 8.823308598948643e-05, -0.991816520690918, -0.918549656867981, -0.92011559009552, -0.993277370929718, -1.0, -0.9995144605636597, -0.48163124918937683, 0.4816057085990906, -0.7491483092308044, -0.5445429086685181, -0.4690600335597992, -0.9868946671485901, -0.625734806060791, -0.724153459072113, -0.8322601914405823], [-0.021046683192253113, -0.9982186555862427, 0.7085126638412476, -0.9999999403953552, 0.00018577298033051193, -0.00033565075136721134, -0.9992992281913757, -0.021046683192253113, -0.9982186555862427, 0.7085126638412476, -1.0007966756820679, -1.00006902217865, -1.0008983612060547, -0.6000000238418579, -0.0007521863444708288, -0.9920380115509033, -0.9205794334411621, -0.9345987439155579, -0.9932732582092285, -1.0, -0.9995189905166626, -0.48139309883117676, 0.48415181040763855, -0.7491483092308044, -0.5445429086685181, -0.4690600335597992, -0.9868946671485901, -0.625734806060791, -0.724153459072113, -0.8322601914405823], [-0.02503177896142006, -0.9981198906898499, -0.013278516009449959, -0.9999994039535522, -0.0005536903045140207, -0.0009561043698340654, -0.9993044137954712, -0.027933528646826744, -1.0, -0.5092276930809021, -1.0000741481781006, -1.0008913278579712, -1.0007866621017456, -1.0, 7.575501513201743e-05, -0.9918245673179626, -0.9201772212982178, -1.0, -0.9934290051460266, -1.0, -0.9995324015617371, -0.48360133171081543, 0.48548251390457153, -0.7491483092308044, -0.5445429086685181, -0.4690600335597992, -0.9868946671485901, -0.625734806060791, -0.724153459072113, -0.8322601914405823], [0.6445267200469971, -0.23306405544281006, 0.7089403867721558, -0.0034724182914942503, -0.004331702366471291, -0.9999845623970032, -0.99930739402771, 0.6445267200469971, -0.23306405544281006, 0.7089403867721558, -0.9993159770965576, -1.0005769729614258, -0.999210774898529, -0.6000000238418579, -0.0006836638785898685, -0.992065966129303, -0.9169163703918457, -1.0, -0.9935014247894287, -1.0, -0.9995124936103821, -0.4829350709915161, 0.4814119338989258, -0.7491483092308044, -0.5445429086685181, -0.4690600335597992, -0.9868946671485901, -0.625734806060791, -0.724153459072113, -0.8322601914405823], [0.8023844361305237, -0.4375723898410797, 0.7095155715942383, -0.7028864026069641, -0.7113014459609985, 0.0009841355495154858, -0.9992982745170593, 0.8023844361305237, -0.4375723898410797, 0.7095155715942383, -0.9994865655899048, -0.9993799328804016, -1.0009028911590576, -0.6000000238418579, 2.4344099074369296e-05, -0.991890013217926, -0.9198026657104492, -0.9423383474349976, -0.9935217499732971, -1.0, -0.9995165467262268, -0.4852313995361328, 0.4802621603012085, -0.7491483092308044, -0.5445429086685181, -0.4690600335597992, -0.9868946671485901, -0.625734806060791, -0.724153459072113, -0.8322601914405823], [0.9749714732170105, -0.666981041431427, 0.7148882150650024, -0.7035581469535828, -0.7106376886367798, 0.0001977675419766456, -0.999314546585083, 0.9749714732170105, -0.666981041431427, 0.7148882150650024, -1.000502347946167, -1.000609278678894, -1.000889539718628, -0.6000000238418579, -5.888054147362709e-05, -0.9919346570968628, -0.9189251661300659, -1.0, -0.9934477210044861, -1.0, -0.9995220303535461, -0.483674556016922, 0.48412585258483887, -0.7491483092308044, -0.5445429086685181, -0.4690600335597992, -0.9868946671485901, -0.625734806060791, -0.724153459072113, -0.8322601914405823], [0.9766868352890015, -0.6648066639900208, -0.010684603825211525, -0.7068377733230591, -0.7073755860328674, -0.00034196770866401494, -0.9993103742599487, 0.9754518270492554, -0.6662375330924988, -0.504177451133728, -0.9994179606437683, -1.0006775856018066, -1.0007851123809814, -1.0, 0.00029818640905432403, -0.9918955564498901, -0.9180330038070679, -1.0, -0.9932586550712585, -1.0, -0.9995275139808655, -0.482876718044281, 0.48129740357398987, -0.7491483092308044, -0.5445429086685181, -0.4690600335597992, -0.9868946671485901, -0.625734806060791, -0.724153459072113, -0.8322601914405823], [-0.6645517945289612, 0.27641743421554565, 0.7212753891944885, 0.0025099078193306923, 0.0052195461466908455, -0.9999832510948181, -0.9993045330047607, -0.6645517945289612, 0.27641743421554565, 0.7212753891944885, -1.0006778240203857, -0.9994176626205444, -0.9992137551307678, -0.6000000238418579, 0.000558540690690279, -0.9918898940086365, -0.916600227355957, -0.931853175163269, -0.9934898614883423, -1.0, -0.9995368719100952, -0.4833146333694458, 0.4817359149456024, -0.7491483092308044, -0.5445429086685181, -0.4690600335597992, -0.9868946671485901, -0.625734806060791, -0.724153459072113, -0.8322601914405823], [-0.8156179785728455, 