{"n_joints": 24, "joint_descriptions": [[-0.598027229309082, -0.25391098856925964, 0.6556710600852966, -0.006854933220893145, -0.005229118745774031, -0.9999628067016602, -0.9993560314178467, -0.598027229309082, -0.25391098856925964, 0.6556710600852966, -1.0000849962234497, -1.00031316280365, -0.9991562962532043, -0.6000000238418579, 0.001997900428250432, -0.9919567704200745, -0.9145139455795288, -0.8339995741844177, -0.9937219023704529, -1.0, -0.9994710087776184, -0.4882160425186157, 0.48016759753227234, -0.7564100623130798, -0.5361685156822205, -0.4583142101764679, -0.9879417419433594, -0.6778898239135742, -0.7028907537460327, -0.858193039894104], [-0.7399300932884216, -0.4158772826194763, 0.659396767616272, -0.7073475122451782, 0.706862211227417, -0.00229476997628808, -0.9993667602539062, -0.7399300932884216, -0.4158772826194763, 0.659396767616272, -0.9992960095405579, -1.0004857778549194, -1.0002825260162354, -0.6000000238418579, -4.327618080424145e-05, -0.9914309978485107, -0.9167429804801941, -1.0, -0.9941710233688354, -1.0, -0.9995440244674683, -0.48252230882644653, 0.48140549659729004, -0.7564100623130798, -0.5361685156822205, -0.4583142101764679, -0.9879417419433594, -0.6778898239135742, -0.7028907537460327, -0.858193039894104], [-0.9845274686813354, -0.6615925431251526, 0.653680682182312, -0.6988055109977722, 0.7152813076972961, 0.006593870930373669, -0.999373733997345, -0.9845274686813354, -0.6615925431251526, 0.653680682182312, -1.0007035732269287, -0.9995107054710388, -1.0002635717391968, -0.6000000238418579, -0.0002631198149174452, -0.9929701685905457, -0.9233317971229553, -0.8621320724487305, -0.9936921000480652, -1.0, -0.9995604157447815, -0.4833514392375946, 0.4745959937572479, -0.7564100623130798, -0.5361685156822205, -0.4583142101764679, -0.9879417419433594, -0.6778898239135742, -0.7028907537460327, -0.858193039894104], [-0.9722815155982971, -0.6587267518043518, -0.04152948036789894, -0.6978283524513245, 0.716254711151123, 0.003843058831989765, -0.9993681311607361, -0.9707041382789612, -0.6483880281448364, -0.5100129246711731, -1.0003365278244019, -1.0000722408294678, -1.0008927583694458, -1.0, 0.0006702506798319519, -0.9918341636657715, -0.9288865327835083, -1.0, -0.9936467409133911, -1.0, -0.9995124936103821, -0.48379504680633545, 0.4859985113143921, -0.7564100623130798, -0.5361685156822205, -0.4583142101764679, -0.9879417419433594, -0.6778898239135742, -0.7028907537460327, -0.858193039894104], [0.021038182079792023, -0.4104706943035126, 0.6327359080314636, -0.0013909159461036325, 0.0018501270096749067, -0.9999973177909851, -0.9993910193443298, 0.021038182079792023, -0.4104706943035126, 0.6327359080314636, -0.9998473525047302, -1.0002641677856445, -0.9991487264633179, -0.6000000238418579, 0.000986744067631662, -0.9916037917137146, -0.9240705370903015, -0.8208121061325073, -0.9941095113754272, -0.9431369304656982, -0.999478280544281, -0.48362085223197937, 0.4860576391220093, -0.7564100623130798, -0.5361685156822205, -0.4583142101764679, -0.9879417419433594, -0.6778898239135742, -0.7028907537460327, -0.858193039894104], [0.01865351013839245, -0.6386008262634277, 0.6307053565979004, -0.9999560117721558, 0.00902709923684597, -0.002543302485719323, -0.9993627667427063, 0.01865351013839245, -0.6386008262634277, 0.6307053565979004, -0.9991235733032227, -0.9998391270637512, -1.0002894401550293, -0.6000000238418579, -0.0013372109970077872, -0.9920240640640259, -0.9202404022216797, -0.7327845096588135, -0.9928662776947021, -1.0, -0.9995298981666565, -0.49169573187828064, 0.49157658219337463, -0.7564100623130798, -0.5361685156822205, -0.4583142101764679, -0.9879417419433594, -0.6778898239135742, -0.7028907537460327, -0.858193039894104], [0.014547919854521751, -0.9998736381530762, 0.6205869317054749, -0.9999645948410034, 0.007672583218663931, 0.003453602083027363, -0.9994078278541565, 0.014547919854521751, -0.9998736381530762, 0.6205869317054749, -1.0008690357208252, -1.0001543760299683, -1.000274658203125, -0.6000000238418579, 0.001907581347040832, -0.991791844367981, -0.9287264347076416, -1.0, -0.9945765137672424, -0.9109091758728027, -0.9995505809783936, -0.4917146563529968, 0.47438400983810425, -0.7564100623130798, -0.5361685156822205, -0.4583142101764679, -0.9879417419433594, -0.6778898239135742, -0.7028907537460327, -0.858193039894104], [0.003141348250210285, -0.991221010684967, -0.05223532021045685, -0.9999297857284546, 0.011411157436668873, -0.003189166309311986, -0.9993659257888794, 0.007859825156629086, -0.9944514632225037, -0.5007042288780212, -1.0001435279846191, -1.0002806186676025, -1.0008792877197266, -1.0, 0.0003993339487351477, -0.9929691553115845, -0.9221507906913757, -0.9980377554893494, -0.9935892224311829, -1.0, -0.9995164275169373, -0.4855242073535919, 0.4887389838695526, -0.7564100623130798, -0.5361685156822205, -0.4583142101764679, -0.9879417419433594, -0.6778898239135742, -0.7028907537460327, -0.858193039894104], [0.6096656918525696, -0.24849095940589905, 0.6434085965156555, 0.0016330955550074577, 0.011520721018314362, -0.9999322891235352, -0.9993554353713989, 0.6096656918525696, -0.24849095940589905, 0.6434085965156555, -0.9996753334999084, -1.0000908374786377, -0.999133825302124, -0.6000000238418579, 0.0014980095438659191, -0.9913339614868164, -0.9267643690109253, -1.0, -0.9937622547149658, -1.0, -0.9995613694190979, -0.48284587264060974, 0.4859981834888458, -0.7564100623130798, -0.5361685156822205, -0.4583142101764679, -0.9879417419433594, -0.6778898239135742, -0.7028907537460327, -0.858193039894104], [0.754517138004303, -0.3979078531265259, 0.6607415676116943, -0.7106289863586426, -0.703565776348114, -0.0012661872897297144, -0.9993789196014404, 0.754517138004303, -0.3979078531265259, 0.6607415676116943, -0.999501645565033, -0.9992807507514954, -1.0002738237380981, -0.6000000238418579, -0.00025649662711657584, -0.9921358227729797, -0.9194232225418091, -0.9236212372779846, -0.9931879639625549, -1.0, -0.999535083770752, -0.4772869944572449, 0.4893561601638794, -0.7564100623130798, -0.5361685156822205, -0.4583142101764679, -0.9879417419433594, -0.6778898239135742, -0.7028907537460327, -0.858193039894104], [0.9845255613327026, -0.6572310328483582, 0.6422483921051025, -0.7107244729995728, -0.7034702897071838, -0.000517300155479461, -0.9993701577186584, 0.9845255613327026, -0.6572310328483582, 0.6422483921051025, -1.0005093812942505, -1.0007295608520508, -1.0002751350402832, -0.6000000238418579, -0.00036953287781216204, -0.992268979549408, -0.9208929538726807, -0.9751439094543457, -0.9935234785079956, -0.9172660112380981, -0.99953693151474, -0.48520877957344055, 0.47412267327308655, -0.7564100623130798, -0.5361685156822205, -0.4583142101764679, -0.9879417419433594, -0.6778898239135742, -0.7028907537460327, -0.858193039894104], [0.9757927060127258, -0.6455774903297424, -0.003130632918328047, -0.7109202146530151, -0.7032704949378967, 0.0017616595141589642, -0.9993631839752197, 0.9753098487854004, -0.6424100995063782, -0.46301203966140747, -0.9999241828918457, -1.000321865081787, -1.0008628368377686, -1.0, 0.0002805289695970714, -0.9921179413795471, -0.9298034310340881, -1.0, -0.9938740134239197, -1.0, -0.9995108246803284, -0.48408621549606323, 0.4848078489303589, -0.7564100623130798, -0.5361685156822205, -0.4583142101764679, -0.9879417419433594, -0.6778898239135742, -0.7028907537460327, -0.858193039894104], [-0.5886886715888977, 0.317111611366272, 0.6329116821289062, 0.010296735912561417, 0.002233160426840186, -0.9999445080757141, -0.9993923902511597, -0.5886886715888977, 0.317111611366272, 0.6329116821289062, -1.0003113746643066, -0.999926745891571, -0.9991433620452881, -0.6000000238418579, -0.0010362121975049376, -0.991390585899353, -0.9279930591583252, -0.8595002293586731, -0.9933117032051086, -0.8824458122253418, -0.9994707107543945, -0.48447224497795105, 0.4861057996749878, -0.7564100623130798, -0.5361685156822205, -0.4583142101764679, -0.9879417419433594, -0.6778898239135742, -0.7028907537460327, 