{"n_joints": 24, "joint_descriptions": [[-0.5816835165023804, -0.3071765899658203, 0.6426060795783997, 0.0024696493055671453, 0.0003110754769295454, -0.9999969005584717, -0.9986896514892578, -0.5816835165023804, -0.3071765899658203, 0.6426060795783997, -1.001247525215149, -1.005256175994873, -0.9995492696762085, -0.6000000238418579, 0.0003557202289812267, -0.9897959232330322, -0.8376579284667969, -1.0, -0.9983887672424316, -1.0, -0.999322772026062, -0.4854544997215271, 0.5348387956619263, -0.7324147820472717, -0.2195161134004593, -0.480375200510025, -0.9612560868263245, -0.39747512340545654, -0.4047670364379883, -0.7304849624633789], [-0.7286866903305054, -0.41301029920578003, 0.6648212671279907, -0.7217727899551392, 0.6921087503433228, -0.005429798271507025, -0.9978923201560974, -0.7286866903305054, -0.41301029920578003, 0.6648212671279907, -0.9972307085990906, -0.9979234337806702, -1.0061593055725098, -0.6000000238418579, 0.011451191268861294, -0.9887681007385254, -0.8405025005340576, -0.20183703303337097, -0.9911767840385437, -1.0, -0.9995993971824646, -0.5146064162254333, 0.5161652565002441, -0.7324147820472717, -0.2195161134004593, -0.480375200510025, -0.9612560868263245, -0.39747512340545654, -0.4047670364379883, -0.7304849624633789], [-0.997258186340332, -0.6602158546447754, 0.7380973100662231, -0.7388173341751099, 0.6712306141853333, -0.05998664349317551, -0.9984233379364014, -0.997258186340332, -0.6602158546447754, 0.7380973100662231, -1.003116488456726, -1.0025980472564697, -1.0049490928649902, -0.6000000238418579, -0.007243760395795107, -0.9892625212669373, -0.8879411816596985, -0.8079976439476013, -0.9899872541427612, -1.0, -0.9993543028831482, -0.45843762159347534, 0.48649993538856506, -0.7324147820472717, -0.2195161134004593, -0.480375200510025, -0.9612560868263245, -0.39747512340545654, -0.4047670364379883, -0.7304849624633789], [-0.9838503003120422, -0.6535248756408691, 0.02005581557750702, -0.6994817852973938, 0.7144730687141418, -0.015918901190161705, -0.9983556270599365, -0.998266339302063, -0.6440249085426331, -0.42489832639694214, -1.005658507347107, -1.001331090927124, -1.000583529472351, -1.0, -0.009242095053195953, -0.9857560992240906, -0.8487453460693359, -0.8888606429100037, -0.9922382235527039, -1.0, -0.9988704323768616, -0.4854942262172699, 0.48184728622436523, -0.7324147820472717, -0.2195161134004593, -0.480375200510025, -0.9612560868263245, -0.39747512340545654, -0.4047670364379883, -0.7304849624633789], [0.045373402535915375, -0.45883506536483765, 0.668501615524292, -0.0018616996239870787, -0.0058906190097332, -0.9999809265136719, -0.9983547925949097, 0.045373402535915375, -0.45883506536483765, 0.668501615524292, -0.9972004890441895, -1.0051114559173584, -0.9995691180229187, -0.6000000238418579, -0.002247708151116967, -0.9855495095252991, -0.8911840915679932, -0.9966117739677429, -0.9967048764228821, -1.0, -0.9992834329605103, -0.5227580070495605, 0.4827704131603241, -0.7324147820472717, -0.2195161134004593, -0.480375200510025, -0.9612560868263245, -0.39747512340545654, -0.4047670364379883, -0.7304849624633789], [0.013407129794359207, -0.6771092414855957, 0.6003547310829163, -0.9995190501213074, -0.030825741589069366, -0.003376401960849762, -0.9978235960006714, 0.013407129794359207, -0.6771092414855957, 0.6003547310829163, -0.9993900656700134, -0.995403528213501, -1.0076336860656738, -0.6000000238418579, -0.00308140623383224, -0.982896625995636, -0.8813410401344299, -1.0, -0.9914225339889526, -1.0, -0.9993128776550293, -0.432099848985672, 0.5021028518676758, -0.7324147820472717, -0.2195161134004593, -0.480375200510025, -0.9612560868263245, -0.39747512340545654, -0.4047670364379883, -0.7304849624633789], [0.0064148493111133575, -0.9978294372558594, 0.5182904005050659, -0.9986692070960999, -0.009728602133691311, -0.05064762383699417, -0.9980069994926453, 0.0064148493111133575, -0.9978294372558594, 0.5182904005050659, -1.0004315376281738, -1.0045208930969238, -1.0061601400375366, -0.6000000238418579, 0.0008431412279605865, -0.9880692958831787, -0.9401475191116333, -0.38713929057121277, -0.9888179898262024, -0.2519569993019104, -0.9991101026535034, -0.4807910919189453, 0.48419389128685, -0.7324147820472717, -0.2195161134004593, -0.480375200510025, -0.9612560868263245, -0.39747512340545654, -0.4047670364379883, -0.7304849624633789], [-0.016434183344244957, -0.977163553237915, -0.11343400925397873, -0.9983422756195068, 0.05606860667467117, -0.013001258485019207, -0.9979615807533264, -0.012154882773756981, -0.9558812975883484, -0.5515923500061035, -1.0033886432647705, -1.0057533979415894, -1.0009877681732178, -1.0, -0.00780361145734787, -0.9916996359825134, -0.9519867897033691, -0.9115244150161743, -0.9855263233184814, -1.0, -0.998746395111084, -0.4467674791812897, 0.4315198063850403, -0.7324147820472717, -0.2195161134004593, -0.480375200510025, -0.9612560868263245, -0.39747512340545654, -0.4047670364379883, -0.7304849624633789], [0.6330565810203552, -0.3061715066432953, 0.6644357442855835, -0.023581158369779587, 0.03544729948043823, -0.9990932941436768, -0.9980854392051697, 0.6330565810203552, -0.3061715066432953, 0.6644357442855835, -0.9926698207855225, -1.0014909505844116, -0.999427318572998, -0.6000000238418579, 0.004072906449437141, -0.9826461672782898, -0.8686636686325073, -1.0, -0.9867200255393982, -0.1724703311920166, -0.9994426369667053, -0.5108110904693604, 0.5301733613014221, -0.7324147820472717, -0.2195161134004593, -0.480375200510025, -0.9612560868263245, -0.39747512340545654, -0.4047670364379883, -0.7304849624633789], [0.7511034607887268, -0.434838205575943, 0.6975659728050232, -0.6726819276809692, -0.7371650338172913, -0.06392762064933777, -0.9979116320610046, 0.7511034607887268, -0.434838205575943, 0.6975659728050232, -1.0023504495620728, -0.9963036775588989, -1.006962537765503, -0.6000000238418579, 0.007639958988875151, -0.9831103086471558, -0.9251878261566162, -0.9911128878593445, -0.9990476965904236, -1.0, -0.9997482895851135, -0.47330141067504883, 0.5142099857330322, -0.7324147820472717, -0.2195161134004593, -0.480375200510025, -0.9612560868263245, -0.39747512340545654, -0.4047670364379883, -0.7304849624633789], [0.9866571426391602, -0.6960461139678955, 0.698207676410675, -0.7139554619789124, -0.7001641988754272, -0.0061415694653987885, -0.997508704662323, 0.9866571426391602, -0.6960461139678955, 0.698207676410675, -0.9974799752235413, -1.00316321849823, -1.006481647491455, -0.6000000238418579, -0.0128867132589221, -0.9936288595199585, -0.8195582032203674, -0.8672636151313782, -0.9925470352172852, -0.47224050760269165, -0.9995684623718262, -0.4856296479701996, 0.43581557273864746, -0.7324147820472717, -0.2195161134004593, -0.480375200510025, -0.9612560868263245, -0.39747512340545654, -0.4047670364379883, -0.7304849624633789], [0.9729795455932617, -0.6861921548843384, 0.05094163864850998, -0.7261181473731995, -0.6875640153884888, -0.002863832749426365, -0.9976900219917297, 0.9822974801063538, -0.6839175224304199, -0.4251662492752075, -0.9988215565681458, -1.007639765739441, -1.0013645887374878, -1.0, 0.010320771485567093, -0.9921664595603943, -0.8856584429740906, -1.0, -0.9902155995368958, -1.0, -0.9996838569641113, -0.48500749468803406, 0.48996180295944214, -0.7324147820472717, -0.2195161134004593, -0.480375200510025, -0.9612560868263245, -0.39747512340545654, -0.4047670364379883, -0.7304849624633789], [-0.5567593574523926, 0.2251824140548706, 0.6461966633796692, -0.027747074142098427, -0.07053381949663162, -0.9971234202384949, -0.9977922439575195, -0.5567593574523926, 0.2251824140548706, 0.6461966633796692, -1.0072640180587769, -0.9982483983039856, -0.9992597699165344, -0.6000000238418579, -0.010303332470357418, -0.9869797825813293, -0.8843544721603394, -1.0, -0.9867334365844727, -0.5874388217926025, -0.9993464350700378, -0.5245253443717957, 0.4842071235179901, -0.7324147820472717, -0.2195161134004593, -0.480375200510025, -0.9612560868263245, -0.39747512340545654, -0.4047670364379883, 