{"n_joints": 24, "joint_descriptions": [[-0.6160345077514648, -0.23240318894386292, 0.6681992411613464, 0.00046887967619113624, 0.0016686607850715518, -0.9999985098838806, -0.9992799758911133, -0.6160345077514648, -0.23240318894386292, 0.6681992411613464, -1.0002044439315796, -1.0003559589385986, -0.9987561702728271, -0.6000000238418579, 0.0007502275984734297, -0.9921723008155823, -0.9258354306221008, -0.8271843194961548, -0.9926964044570923, -1.0, -0.9995190501213074, -0.48328134417533875, 0.4754812717437744, -0.7446839213371277, -0.5690504908561707, -0.45620307326316833, -0.9874653220176697, -0.6720813512802124, -0.7263746857643127, -0.8504442572593689], [-0.7605950236320496, -0.4237820506095886, 0.6445963382720947, -0.7021621465682983, 0.7120121121406555, 0.0026646924670785666, -0.9993138909339905, -0.7605950236320496, -0.4237820506095886, 0.6445963382720947, -0.9990748763084412, -1.0007802248001099, -1.000387191772461, -0.6000000238418579, -0.0020198156125843525, -0.9919645190238953, -0.9252139329910278, -0.8787566423416138, -0.9934333562850952, -0.9049361348152161, -0.9995115995407104, -0.47774142026901245, 0.476785272359848, -0.7446839213371277, -0.5690504908561707, -0.45620307326316833, -0.9874653220176697, -0.6720813512802124, -0.7263746857643127, -0.8504442572593689], [-0.9559893012046814, -0.671653151512146, 0.6175413727760315, -0.693498432636261, 0.7204468846321106, -0.00402802461758256, -0.9993009567260742, -0.9559893012046814, -0.671653151512146, 0.6175413727760315, -1.000947117805481, -0.9991884231567383, -1.000386357307434, -0.6000000238418579, 0.001341993804089725, -0.9919072985649109, -0.9190070629119873, -0.9945622086524963, -0.9934579133987427, -0.9065214395523071, -0.9995126724243164, -0.48434939980506897, 0.48120102286338806, -0.7446839213371277, -0.5690504908561707, -0.45620307326316833, -0.9874653220176697, -0.6720813512802124, -0.7263746857643127, -0.8504442572593689], [-0.9625748991966248, -0.6799323558807373, -0.04966418817639351, -0.7039303183555603, 0.7102689743041992, 0.00012396839156281203, -0.9993032217025757, -0.9650418758392334, -0.6850088238716125, -0.516799807548523, -1.0003660917282104, -1.0002130270004272, -1.0012375116348267, -1.0, 0.0021450247149914503, -0.9918147921562195, -0.9225208759307861, -0.5920377969741821, -0.9937828779220581, -1.0, -0.9995883703231812, -0.48325368762016296, 0.48281916975975037, -0.7446839213371277, -0.5690504908561707, -0.45620307326316833, -0.9874653220176697, -0.6720813512802124, -0.7263746857643127, -0.8504442572593689], [0.0030646310187876225, -0.3997494876384735, 0.6491908431053162, 0.0002780317736323923, -0.00014524857397191226, -0.9999999403953552, -0.999305248260498, 0.0030646310187876225, -0.3997494876384735, 0.6491908431053162, -0.9998902678489685, -1.0003893375396729, -0.9987544417381287, -0.6000000238418579, -0.00046079469029791653, -0.9918946623802185, -0.9191854596138, -0.8491458296775818, -0.9926843643188477, -1.0, -0.999538779258728, -0.47494468092918396, 0.4836105406284332, -0.7446839213371277, -0.5690504908561707, -0.45620307326316833, -0.9874653220176697, -0.6720813512802124, -0.7263746857643127, -0.8504442572593689], [0.012566576711833477, -0.6423665285110474, 0.66058748960495, -0.9999944567680359, -0.0028392162639647722, -0.0017390663269907236, -0.9993374347686768, 0.012566576711833477, -0.6423665285110474, 0.66058748960495, -0.9988253712654114, -0.9998944401741028, -1.0003637075424194, -0.6000000238418579, -0.0010644459398463368, -0.9927772879600525, -0.9197596907615662, -0.89898681640625, -0.9936168193817139, -1.0, -0.9995280504226685, -0.49073585867881775, 0.48492300510406494, -0.7446839213371277, -0.5690504908561707, -0.45620307326316833, -0.9874653220176697, -0.6720813512802124, -0.7263746857643127, -0.8504442572593689], [0.009217813611030579, -0.9969040155410767, 0.6665247082710266, -0.9999969005584717, -0.0018906707409769297, 0.0016301258001476526, -0.99932861328125, 0.009217813611030579, -0.9969040155410767, 0.6665247082710266, -1.0011690855026245, -1.0000965595245361, -1.0003840923309326, -0.6000000238418579, -0.001329996739514172, -0.9920104146003723, -0.912270724773407, -1.0, -0.9931840896606445, -1.0, -0.999509334564209, -0.48337414860725403, 0.4821613132953644, -0.7446839213371277, -0.5690504908561707, -0.45620307326316833, -0.9874653220176697, -0.6720813512802124, -0.7263746857643127, -0.8504442572593689], [0.017703324556350708, -0.9908270239830017, -0.013463611714541912, -0.999860942363739, -0.00848611630499363, 0.014353537932038307, -0.9993337392807007, 0.015178017318248749, -0.9853648543357849, -0.4741186499595642, -1.0001041889190674, -1.000372052192688, -1.001234531402588, -1.0, 0.0012023861054331064, -0.99196457862854, -0.9119308590888977, -0.9236414432525635, -0.9940878748893738, -1.0, -0.9995841383934021, -0.49024268984794617, 0.49047693610191345, -0.7446839213371277, -0.5690504908561707, -0.45620307326316833, -0.9874653220176697, -0.6720813512802124, -0.7263746857643127, -0.8504442572593689], [0.6329461932182312, -0.23126962780952454, 0.6711249947547913, -0.002983488142490387, -0.009126330725848675, -0.9999539256095886, -0.999336838722229, 0.6329461932182312, -0.23126962780952454, 0.6711249947547913, -0.9996583461761475, -1.0001976490020752, -0.9987983703613281, -0.6000000238418579, -0.0002589125942904502, -0.9928029775619507, -0.9179120659828186, -0.7184723019599915, -0.9936149716377258, -1.0, -0.9995470643043518, -0.4795452058315277, 0.47464513778686523, -0.7446839213371277, -0.5690504908561707, -0.45620307326316833, -0.9874653220176697, -0.6720813512802124, -0.7263746857643127, -0.8504442572593689], [0.7848123908042908, -0.4132463037967682, 0.6666430234909058, -0.7089177966117859, -0.7052319049835205, -0.009139817208051682, -0.9993302226066589, 0.7848123908042908, -0.4132463037967682, 0.6666430234909058, -0.9992837905883789, -0.9991347193717957, -1.0003719329833984, -0.6000000238418579, -0.0016072787111625075, -0.9927459955215454, -0.9160751700401306, -0.9481261968612671, -0.992623507976532, -1.0, -0.9994652271270752, -0.4813401401042938, 0.4776078760623932, -0.7446839213371277, -0.5690504908561707, -0.45620307326316833, -0.9874653220176697, -0.6720813512802124, -0.7263746857643127, -0.8504442572593689], [0.9843223094940186, -0.6595155596733093, 0.6739322543144226, -0.7031477093696594, -0.7110230922698975, 0.005434560589492321, -0.9993387460708618, 0.9843223094940186, -0.6595155596733093, 0.6739322543144226, -1.0007683038711548, -1.0009188652038574, -1.0003618001937866, -0.6000000238418579, 0.001368876313790679, -0.9912787675857544, -0.9281660318374634, -0.9856579303741455, -0.9937685132026672, -1.0, -0.9995250105857849, -0.4835214614868164, 0.49118080735206604, -0.7446839213371277, -0.5690504908561707, -0.45620307326316833, -0.9874653220176697, -0.6720813512802124, -0.7263746857643127, -0.8504442572593689], [0.9767178893089294, -0.6615329384803772, 0.006602373439818621, -0.7050391435623169, -0.7091513872146606, 0.004912298638373613, -0.9993429183959961, 0.9743015170097351, -0.6606309413909912, -0.46239832043647766, -0.9998307228088379, -1.0003087520599365, -1.0011389255523682, -1.0, -0.002180269919335842, -0.9917595386505127, -0.9186063408851624, -0.9246153235435486, -0.993610143661499, -1.0, -0.9994795322418213, -0.48349428176879883, 0.48321256041526794, -0.7446839213371277, -0.5690504908561707, -0.45620307326316833, -0.9874653220176697, -0.6720813512802124, -0.7263746857643127, -0.8504442572593689], [-0.618428647518158, 0.302739679813385, 0.6807222962379456, 0.010350233875215054, 0.01221428532153368, -0.9998718500137329, -0.9993295669555664, -0.618428647518158, 0.302739679813385, 0.6807222962379456, -1.0003292560577393, -0.9998065233230591, -0.9988313913345337, -0.6000000238418579, 0.0027810693718492985, -0.9917632341384888, -0.9200999736785889, -0.873930037021637, -0.9938538670539856, -1.0, -0.9995136857032776, -0.47469624876976013, 0.48275026679039, -0.7446839213371277, -0.5690504908561707, -0.45620307326316833, -0.9874653220176697,