{"n_joints": 24, "joint_descriptions": [[-0.6246160268783569, -0.2554863393306732, 0.6886908411979675, 0.0033567871432751417, 0.007561150006949902, -0.9999657869338989, -0.9991216063499451, -0.6246160268783569, -0.2554863393306732, 0.6886908411979675, -1.0003387928009033, -1.0006062984466553, -0.9984399676322937, -0.6000000238418579, 0.002475231420248747, -0.9908028841018677, -0.9127916693687439, -0.8758919835090637, -0.9930241107940674, -1.0, -0.9994814991950989, -0.4828261733055115, 0.47895294427871704, -0.7270050048828125, -0.5007186532020569, -0.4042188227176666, -0.9826140403747559, -0.6201915144920349, -0.6806777119636536, -0.8322915434837341], [-0.7740339040756226, -0.42671388387680054, 0.6850708723068237, -0.6957364082336426, 0.7182971239089966, 0.0002656714932527393, -0.9990932941436768, -0.7740339040756226, -0.42671388387680054, 0.6850708723068237, -0.9987226724624634, -1.0010218620300293, -1.0006976127624512, -0.6000000238418579, -0.001389998709782958, -0.9905677437782288, -0.9133147597312927, -1.0, -0.9933279752731323, -1.0, -0.999435544013977, -0.48633629083633423, 0.4751055836677551, -0.7270050048828125, -0.5007186532020569, -0.4042188227176666, -0.9826140403747559, -0.6201915144920349, -0.6806777119636536, -0.8322915434837341], [-0.9717056155204773, -0.6689203381538391, 0.6702366471290588, -0.6952925324440002, 0.718726634979248, 0.0005455216160044074, -0.9990905523300171, -0.9717056155204773, -0.6689203381538391, 0.6702366471290588, -1.0012856721878052, -0.9989413022994995, -1.0006935596466064, -0.6000000238418579, -0.001710510696284473, -0.9917934536933899, -0.9136990904808044, -1.0, -0.9933832287788391, -1.0, -0.9994737505912781, -0.49116024374961853, 0.4846145510673523, -0.7270050048828125, -0.5007186532020569, -0.4042188227176666, -0.9826140403747559, -0.6201915144920349, -0.6806777119636536, -0.8322915434837341], [-0.9686539173126221, -0.6669178009033203, -0.0014995774254202843, -0.6941701769828796, 0.7198109030723572, -4.539410656434484e-05, -0.9990979433059692, -0.96718430519104, -0.6743993163108826, -0.45703065395355225, -1.0005922317504883, -1.0003085136413574, -1.001643180847168, -1.0, -0.0017593292286619544, -0.991883397102356, -0.9083032608032227, -0.9349666237831116, -0.9921423196792603, -1.0, -0.9994242787361145, -0.4842415750026703, 0.4828714430332184, -0.7270050048828125, -0.5007186532020569, -0.4042188227176666, -0.9826140403747559, -0.6201915144920349, -0.6806777119636536, -0.8322915434837341], [-0.011999968439340591, -0.4171193838119507, 0.676543653011322, -0.0029920951928943396, 0.0011374042369425297, -0.9999948740005493, -0.9991045594215393, -0.011999968439340591, -0.4171193838119507, 0.676543653011322, -0.9997982382774353, -1.0006842613220215, -0.9983452558517456, -0.6000000238418579, -0.0001265019382117316, -0.9920181632041931, -0.9097474813461304, -0.9109614491462708, -0.9924777746200562, -1.0, -0.9994733333587646, -0.4912472069263458, 0.4840654134750366, -0.7270050048828125, -0.5007186532020569, -0.4042188227176666, -0.9826140403747559, -0.6201915144920349, -0.6806777119636536, -0.8322915434837341], [-0.00882785301655531, -0.6493092775344849, 0.6807132959365845, -0.999994695186615, -0.0030949648935347795, 0.0010047296527773142, -0.9990631937980652, -0.00882785301655531, -0.6493092775344849, 0.6807132959365845, -0.998335063457489, -0.9997956156730652, -1.000725269317627, -0.6000000238418579, 0.00023116404190659523, -0.9914302229881287, -0.9126978516578674, -0.910365879535675, -0.9928826689720154, -1.0, -0.99946129322052, -0.4839875102043152, 0.4838993549346924, -0.7270050048828125, -0.5007186532020569, -0.4042188227176666, -0.9826140403747559, -0.6201915144920349, -0.6806777119636536, -0.8322915434837341], [-0.0014226625207811594, -0.9920303821563721, 0.6912680268287659, -0.9999663829803467, -0.006003552582114935, 0.005580033641308546, -0.999060332775116, -0.0014226625207811594, -0.9920303821563721, 0.6912680268287659, -1.001700520515442, -1.0002163648605347, -1.0007203817367554, -0.6000000238418579, 0.000195715285371989, -0.9911535978317261, -0.9086629748344421, -1.0, -0.992753803730011, -1.0, -0.9994624257087708, -0.47867926955223083, 0.47495773434638977, -0.7270050048828125, -0.5007186532020569, -0.4042188227176666, -0.9826140403747559, -0.6201915144920349, -0.6806777119636536, -0.8322915434837341], [-0.006060436833649874, -0.9822002649307251, 0.028774326667189598, -0.999963641166687, -0.0030228940304368734, 0.007975961081683636, -0.9991373419761658, -0.005042701493948698, -1.0, -0.43576833605766296, -1.0002057552337646, -1.0007203817367554, -1.0015825033187866, -1.0, 0.0025031440891325474, -0.9913360476493835, -0.9067142605781555, -0.9691173434257507, -0.9925733208656311, -1.0, -0.999477744102478, -0.4839165210723877, 0.48554345965385437, -0.7270050048828125, -0.5007186532020569, -0.4042188227176666, -0.9826140403747559, -0.6201915144920349, -0.6806777119636536, -0.8322915434837341], [0.6076903939247131, -0.2567169666290283, 0.688532292842865, 0.001771182636730373, -7.235267548821867e-05, -0.9999984502792358, -0.9990710020065308, 0.6076903939247131, -0.2567169666290283, 0.688532292842865, -0.9993519186973572, -1.0003527402877808, -0.9983407258987427, -0.6000000238418579, -0.0021855728700757027, -0.9911183714866638, -0.911868691444397, -0.9112902283668518, -0.9936070442199707, -1.0, -0.9994494915008545, -0.4854441285133362, 0.48260122537612915, -0.7270050048828125, -0.5007186532020569, -0.4042188227176666, -0.9826140403747559, -0.6201915144920349, -0.6806777119636536, -0.8322915434837341], [0.7586919665336609, -0.434891015291214, 0.6792128682136536, -0.6971263885498047, -0.7169461250305176, -0.0017631218070164323, -0.9991446733474731, 0.7586919665336609, -0.434891015291214, 0.6792128682136536, -0.999047577381134, -0.9987439513206482, -1.0006999969482422, -0.6000000238418579, 6.975561700528488e-05, -0.990278422832489, -0.9118422269821167, -1.0, -0.9936855435371399, -1.0, -0.9995459914207458, -0.484745591878891, 0.4747335910797119, -0.7270050048828125, -0.5007186532020569, -0.4042188227176666, -0.9826140403747559, -0.6201915144920349, -0.6806777119636536, -0.8322915434837341], [0.9659997224807739, -0.6597416400909424, 0.6908824443817139, -0.6975853443145752, -0.7164864540100098, 0.0046746330335736275, -0.9991006851196289, 0.9659997224807739, -0.6597416400909424, 0.6908824443817139, -1.000972867012024, -1.0013008117675781, -1.0006688833236694, -0.6000000238418579, 0.0021898518316447735, -0.9902801513671875, -0.91230708360672, -1.0, -0.9929218888282776, -1.0, -0.9994563460350037, -0.47993290424346924, 0.48416292667388916, -0.7270050048828125, -0.5007186532020569, -0.4042188227176666, -0.9826140403747559, -0.6201915144920349, -0.6806777119636536, -0.8322915434837341], [0.9737225770950317, -0.6548041105270386, 0.01873558573424816, -0.6975141167640686, -0.7165634632110596, -0.0032967128790915012, -0.9991022944450378, 0.9752318263053894, -0.6529358625411987, -0.43166014552116394, -0.9996052980422974, -1.0006797313690186, -1.0015469789505005, -1.0, -0.001175571815110743, -0.9903174042701721, -0.9095802307128906, -0.9915457367897034, -0.9937821626663208, -1.0, -0.9995375871658325, -0.4799807667732239, 0.4823767840862274, -0.7270050048828125, -0.5007186532020569, -0.4042188227176666, -0.9826140403747559, -0.6201915144920349, -0.6806777119636536, -0.8322915434837341], [-0.6257060170173645, 0.2835351526737213, 0.6796674132347107, 0.002310272539034486, -0.0030242379289120436, -0.9999927878379822, -0.9990838170051575, -0.6257060170173645, 0.2835351526737213, 0.6796674132347107, -1.0006356239318848, -0.9996439218521118, -0.9983691573143005, -0.6000000238418579, 0.0015975777059793472, -0.9910939335823059, -0.9201545119285583, -0.8481730818748474, -0.9920673966407776, -0.9989600777626038, -0.9994954466819763, -0.48368915915489197, 0.48290735483169556, -0.7270050048828125, -0.5007186532020569, -0.4042188227176666, -0.9826140403747559, -0.6201915144920349, -0.6806777119636536, -0.8322915434837341], [-0.7674534916877747, 