{"n_joints": 24, "joint_descriptions": [[-0.6218348741531372, -0.2496832013130188, 0.6859443783760071, -9.798416431294754e-05, -0.0005874159978702664, -0.9999998211860657, -0.9992464780807495, -0.6218348741531372, -0.2496832013130188, 0.6859443783760071, -1.000340461730957, -1.0005855560302734, -0.9991395473480225, -0.6000000238418579, 0.0011681974865496159, -0.9919343590736389, -0.9144408702850342, -0.9056501388549805, -0.9929844737052917, -1.0, -0.9995078444480896, -0.4826333224773407, 0.4854884147644043, -0.7388449311256409, -0.5222703814506531, -0.4613892138004303, -0.9856642484664917, -0.6314849257469177, -0.6876971125602722, -0.8390470147132874], [-0.768328070640564, -0.42203372716903687, 0.6879371404647827, -0.701999306678772, 0.7121771574020386, 0.0008051299955695868, -0.9992372393608093, -0.768328070640564, -0.42203372716903687, 0.6879371404647827, -0.9992595911026001, -1.0004881620407104, -1.0006557703018188, -0.6000000238418579, -0.0006313337944447994, -0.9919193983078003, -0.9170425534248352, -1.0, -0.9929339289665222, -1.0, -0.9995276927947998, -0.4814479947090149, 0.4833514094352722, -0.7388449311256409, -0.5222703814506531, -0.4613892138004303, -0.9856642484664917, -0.6314849257469177, -0.6876971125602722, -0.8390470147132874], [-0.9764524698257446, -0.6672433614730835, 0.6792325377464294, -0.7028652429580688, 0.7113012671470642, 0.005563789047300816, -0.9992373585700989, -0.9764524698257446, -0.6672433614730835, 0.6792325377464294, -1.0007307529449463, -0.9995090365409851, -1.0006561279296875, -0.6000000238418579, -0.00041660916758701205, -0.9914261698722839, -0.9163504838943481, -0.9842943549156189, -0.9929723739624023, -1.0, -0.9995118379592896, -0.48326820135116577, 0.4831773340702057, -0.7388449311256409, -0.5222703814506531, -0.4613892138004303, -0.9856642484664917, -0.6314849257469177, -0.6876971125602722, -0.8390470147132874], [-0.9747018814086914, -0.6664357781410217, -0.021072085946798325, -0.7037134766578674, 0.7104803323745728, 0.0022286809980869293, -0.9992338418960571, -0.975651204586029, -0.6622569561004639, -0.5066604018211365, -1.0005854368209839, -1.0003217458724976, -1.000876545906067, -1.0, -0.0007404644857160747, -0.9914776086807251, -0.9177071452140808, -0.9144212007522583, -0.9935431480407715, -1.0, -0.9995244741439819, -0.48277547955513, 0.48241162300109863, -0.7388449311256409, -0.5222703814506531, -0.4613892138004303, -0.9856642484664917, -0.6314849257469177, -0.6876971125602722, -0.8390470147132874], [-0.001372938510030508, -0.4112488329410553, 0.6942757368087769, 0.00029851755243726075, -0.00020336188026703894, -0.9999999403953552, -0.9992361664772034, -0.001372938510030508, -0.4112488329410553, 0.6942757368087769, -0.9998233318328857, -1.0006440877914429, -0.9991351366043091, -0.6000000238418579, 0.0009527840302325785, -0.9916493892669678, -0.916990339756012, -0.9021671414375305, -0.9932196736335754, -0.9974198937416077, -0.999507486820221, -0.4844847321510315, 0.4831371605396271, -0.7388449311256409, -0.5222703814506531, -0.4613892138004303, -0.9856642484664917, -0.6314849257469177, -0.6876971125602722, -0.8390470147132874], [-0.00722351111471653, -0.6565980911254883, 0.6880366206169128, -0.9999716281890869, 0.007456127088516951, -0.0010696123354136944, -0.9992436170578003, -0.00722351111471653, -0.6565980911254883, 0.6880366206169128, -0.9991377592086792, -0.9998239278793335, -1.0006473064422607, -0.6000000238418579, -5.147321644471958e-05, -0.9915482401847839, -0.9172713756561279, -0.8850144743919373, -0.9932806491851807, -1.0, -0.999504029750824, -0.4835141897201538, 0.4832485020160675, -0.7388449311256409, -0.5222703814506531, -0.4613892138004303, -0.9856642484664917, -0.6314849257469177, -0.6876971125602722, -0.8390470147132874], [-0.011567730456590652, -0.9994925260543823, 0.6813849210739136, -0.9999858140945435, 0.004911328200250864, -0.002072697738185525, -0.9992358684539795, -0.011567730456590652, -0.9994925260543823, 0.6813849210739136, -1.000860571861267, -1.0001744031906128, -1.0006545782089233, -0.6000000238418579, -0.00033087501651607454, -0.991723895072937, -0.9182263016700745, -1.0, -0.993363618850708, -1.0, -0.9995127320289612, -0.4857024848461151, 0.4802994430065155, -0.7388449311256409, -0.5222703814506531, -0.4613892138004303, -0.9856642484664917, -0.6314849257469177, -0.6876971125602722, -0.8390470147132874], [-0.0104212062433362, -0.9976210594177246, -0.021236902102828026, -0.9999347925186157, 0.011163360439240932, -0.0024105217307806015, -0.9992347955703735, -0.011452623642981052, -1.0, -0.4996275305747986, -1.0001890659332275, -1.000659704208374, -1.0008792877197266, -1.0, 0.0006523288320749998, -0.9915944337844849, -0.9193934798240662, -0.9580205082893372, -0.9935116171836853, -0.9971094131469727, -0.9995083212852478, -0.483573317527771, 0.4816244840621948, -0.7388449311256409, -0.5222703814506531, -0.4613892138004303, -0.9856642484664917, -0.6314849257469177, -0.6876971125602722, -0.8390470147132874], [0.6203653812408447, -0.24748481810092926, 0.6934607028961182, 0.004833071492612362, 0.003297103103250265, -0.9999828934669495, -0.9992273449897766, 0.6203653812408447, -0.24748481810092926, 0.6934607028961182, -0.9993993043899536, -1.0003390312194824, -0.9991157054901123, -0.6000000238418579, -0.0009358997922390699, -0.9917390942573547, -0.9162200093269348, -0.9359060525894165, -0.9929773211479187, -1.0, -0.9995275735855103, -0.48044171929359436, 0.4827471077442169, -0.7388449311256409, -0.5222703814506531, -0.4613892138004303, -0.9856642484664917, -0.6314849257469177, -0.6876971125602722, -0.8390470147132874], [0.7706226706504822, -0.41671866178512573, 0.6973481774330139, -0.7032709121704102, -0.7109219431877136, 1.0395496246928815e-05, -0.9992392063140869, 0.7706226706504822, -0.41671866178512573, 0.6973481774330139, -0.9995189309120178, -0.9992564916610718, -1.0006476640701294, -0.6000000238418579, -0.00035632122308015823, -0.991447925567627, -0.9151816368103027, -0.8803573846817017, -0.99347323179245, -1.0, -0.9995188117027283, -0.4833425283432007, 0.48264190554618835, -0.7388449311256409, -0.5222703814506531, -0.4613892138004303, -0.9856642484664917, -0.6314849257469177, -0.6876971125602722, -0.8390470147132874], [0.9781752824783325, -0.6597749590873718, 0.6957774758338928, -0.7038236856460571, -0.7103724479675293, 0.0017923010746017098, -0.9992320537567139, 0.9781752824783325, -0.6597749590873718, 0.6957774758338928, -1.0004854202270508, -1.000749945640564, -1.0006661415100098, -0.6000000238418579, -0.00010445431689731777, -0.9916443824768066, -0.9149376153945923, -1.0, -0.993225634098053, -0.9864014983177185, -0.9995262026786804, -0.4855748116970062, 0.48197945952415466, -0.7388449311256409, -0.5222703814506531, -0.4613892138004303, -0.9856642484664917, -0.6314849257469177, -0.6876971125602722, -0.8390470147132874], [0.9769407510757446, -0.6645130515098572, -0.004229412414133549, -0.7023424506187439, -0.7118386030197144, 0.0009488283540122211, -0.9992280602455139, 0.9795985817909241, -0.6680102348327637, -0.4857257902622223, -0.9996650218963623, -1.0005908012390137, -1.000869870185852, -1.0, 0.0005942049901932478, -0.9917336702346802, -0.916624128818512, -0.9108002185821533, -0.9932748675346375, -1.0, -0.9994949102401733, -0.4845108985900879, 0.48256629705429077, -0.7388449311256409, -0.5222703814506531, -0.4613892138004303, -0.9856642484664917, -0.6314849257469177, -0.6876971125602722, -0.8390470147132874], [-0.619022786617279, 0.2907731831073761, 0.7000277042388916, -0.0013515939936041832, 0.0001893912412924692, -0.9999990463256836, -0.9992294907569885, -0.619022786617279, 0.2907731831073761, 0.7000277042388916, -1.0005850791931152, -0.999666690826416, -0.9991354942321777, -0.6000000238418579, 0.0009627317194826901, -0.991631269454956, -0.9192999005317688, -0.8935986757278442, -0.9934701919555664, -1.0, -0.9995046257972717, -0.48343873023986816, 0.4814823269844055, -0.7388449311256409, -0.5222703814506531, -0.4613892138004303, -0.9856642484664917, -0.6314849257469177, 