{"n_joints": 24, "joint_descriptions": [[-0.5144373774528503, -0.2407214492559433, 0.6706177592277527, 0.08849553018808365, 0.01737942546606064, -0.9959249496459961, -0.9991142153739929, -0.5144373774528503, -0.2407214492559433, 0.6706177592277527, -1.0007387399673462, -1.001069188117981, -0.9995796084403992, -0.6000000238418579, 0.0016598571091890335, -0.9951536655426025, -0.8879961371421814, -0.5138660073280334, -0.9899661540985107, -1.0, -0.9996107816696167, -0.48400938510894775, 0.5181118249893188, -0.7752375602722168, -0.5969388484954834, -0.43928635120391846, -0.987099289894104, -0.5745574235916138, -0.6536523699760437, -0.8091868162155151], [-0.6593893766403198, -0.41850778460502625, 0.6085835695266724, -0.6991798281669617, 0.7149412035942078, 0.002569751814007759, -0.9992244243621826, -0.6593893766403198, -0.41850778460502625, 0.6085835695266724, -0.9995822906494141, -1.0001447200775146, -1.000964641571045, -0.6000000238418579, 0.009715324267745018, -0.9955881834030151, -0.9116418957710266, -1.0, -0.9894052743911743, -0.6452133655548096, -0.9998024702072144, -0.5015725493431091, 0.5289030075073242, -0.7752375602722168, -0.5969388484954834, -0.43928635120391846, -0.987099289894104, -0.5745574235916138, -0.6536523699760437, -0.8091868162155151], [-0.9009678959846497, -0.6466849446296692, 0.7503507137298584, -0.6677483320236206, 0.7443636655807495, -0.00590856745839119, -0.9992743730545044, -0.9009678959846497, -0.6466849446296692, 0.7503507137298584, -1.0006015300750732, -0.9999862909317017, -1.001076579093933, -0.6000000238418579, 0.010108083486557007, -0.9878510236740112, -0.9318037629127502, -0.5309589505195618, -0.9897000789642334, -1.0, -0.999600350856781, -0.4348590075969696, 0.5078193545341492, -0.7752375602722168, -0.5969388484954834, -0.43928635120391846, -0.987099289894104, -0.5745574235916138, -0.6536523699760437, -0.8091868162155151], [-0.9156926274299622, -0.6634249687194824, 0.15112146735191345, -0.707809329032898, 0.706363320350647, -0.0075331395491957664, -0.9993241429328918, -0.9380812644958496, -0.6260755658149719, -0.26906800270080566, -1.0008039474487305, -1.0005062818527222, -1.0001894235610962, -1.0, 0.012625702656805515, -0.9876196384429932, -0.8959735035896301, -1.0, -0.9978626370429993, -0.23243045806884766, -0.9998258948326111, -0.4957334101200104, 0.48303183913230896, -0.7752375602722168, -0.5969388484954834, -0.43928635120391846, -0.987099289894104, -0.5745574235916138, -0.6536523699760437, -0.8091868162155151], [0.05062587931752205, -0.36550718545913696, 0.6965942978858948, 0.015123785473406315, -0.007040684577077627, -0.9998608231544495, -0.9990902543067932, 0.05062587931752205, -0.36550718545913696, 0.6965942978858948, -0.9997491240501404, -1.001196026802063, -0.9995406270027161, -0.6000000238418579, 0.00955711118876934, -0.9870778322219849, -0.9034860134124756, -1.0, -0.9913330674171448, -0.5631434917449951, -0.999504804611206, -0.4313688576221466, 0.4853196442127228, -0.7752375602722168, -0.5969388484954834, -0.43928635120391846, -0.987099289894104, -0.5745574235916138, -0.6536523699760437, -0.8091868162155151], [0.04160894453525543, -0.6415500640869141, 0.6473796963691711, -0.9993211030960083, 0.03586680442094803, 0.008423826657235622, -0.9993879199028015, 0.04160894453525543, -0.6415500640869141, 0.6473796963691711, -0.9996654391288757, -0.9997811913490295, -1.0007646083831787, -0.6000000238418579, -0.0015021744184195995, -0.9933430552482605, -0.9195855259895325, -0.8062396049499512, -0.9949923157691956, -0.19419056177139282, -0.9993166327476501, -0.4775317311286926, 0.4850374162197113, -0.7752375602722168, -0.5969388484954834, -0.43928635120391846, -0.987099289894104, -0.5745574235916138, -0.6536523699760437, -0.8091868162155151], [-0.014140213839709759, -0.9265998005867004, 0.58607017993927, -0.9948182106018066, 0.10110615938901901, 0.010688251815736294, -0.9994168877601624, -0.014140213839709759, -0.9265998005867004, 0.58607017993927, -1.0002862215042114, -1.0001940727233887, -1.0007051229476929, -0.6000000238418579, 0.0003252520691603422, -0.9913505911827087, -0.8995583653450012, -0.15076422691345215, -0.9969326257705688, -1.0, -0.999580979347229, -0.5190669894218445, 0.5374286770820618, -0.7752375602722168, -0.5969388484954834, -0.43928635120391846, -0.987099289894104, -0.5745574235916138, -0.6536523699760437, -0.8091868162155151], [0.010695641860365868, -0.991012454032898, -0.1303645372390747, -0.9999315738677979, 0.011582020670175552, -0.0016499551711604, -0.9989824891090393, 0.03422985225915909, -0.9163737297058105, -0.5003728270530701, -1.000329613685608, -1.0010102987289429, -1.0005569458007812, -1.0, -0.011984968557953835, -0.9909657835960388, -0.9531275033950806, -1.0, -0.9967060089111328, -0.8453894853591919, -0.9995018839836121, -0.477820485830307, 0.4989476203918457, -0.7752375602722168, -0.5969388484954834, -0.43928635120391846, -0.987099289894104, -0.5745574235916138, -0.6536523699760437, -0.8091868162155151], [0.6175994873046875, -0.20268632471561432, 0.5943506360054016, 0.060670942068099976, 0.001915064174681902, -0.9981560111045837, -0.9994798302650452, 0.6175994873046875, -0.20268632471561432, 0.5943506360054016, -0.9992954730987549, -1.0004611015319824, -0.99965500831604, -0.6000000238418579, 0.012027639895677567, -0.9928829073905945, -0.9210189580917358, -1.0, -0.9885260462760925, -0.7627326250076294, -0.9997779130935669, -0.45078355073928833, 0.4835585057735443, -0.7752375602722168, -0.5969388484954834, -0.43928635120391846, -0.987099289894104, -0.5745574235916138, -0.6536523699760437, -0.8091868162155151], [0.7172829508781433, -0.33052197098731995, 0.6731403470039368, -0.75630784034729, -0.6536160111427307, -0.028009923174977303, -0.9989592432975769, 0.7172829508781433, -0.33052197098731995, 0.6731403470039368, -0.9997872710227966, -0.9994267225265503, -1.00089693069458, -0.6000000238418579, 0.004231260158121586, -0.9971194267272949, -0.8898137807846069, -1.0, -0.9880936741828918, -0.172960102558136, -0.9991043210029602, -0.5079503655433655, 0.5306804180145264, -0.7752375602722168, -0.5969388484954834, -0.43928635120391846, -0.987099289894104, -0.5745574235916138, -0.6536523699760437, -0.8091868162155151], [0.8899580240249634, -0.6683210134506226, 0.6507827639579773, -0.7422789931297302, -0.6692390441894531, 0.03377820551395416, -0.9992045164108276, 0.8899580240249634, -0.6683210134506226, 0.6507827639579773, -1.0001652240753174, -1.0004581212997437, -1.0012211799621582, -0.6000000238418579, -0.012505748309195042, -0.996581494808197, -0.8889407515525818, -0.22261500358581543, -0.9927917122840881, -0.598655641078949, -0.9997665286064148, -0.516657829284668, 0.4730348587036133, -0.7752375602722168, -0.5969388484954834, -0.43928635120391846, -0.987099289894104, -0.5745574235916138, -0.6536523699760437, -0.8091868162155151], [0.8592014312744141, -0.7055166363716125, 0.022989900782704353, -0.7286022305488586, -0.6843343377113342, -0.028729474171996117, -0.999239444732666, 0.8812040090560913, -0.7429461479187012, -0.5085831880569458, -0.999620795249939, -1.0009088516235352, -1.000613808631897, -1.0, 0.010370107367634773, -0.9963370561599731, -0.8933402895927429, -0.9211384654045105, -0.9884059429168701, -1.0, -0.999172568321228, -0.46419307589530945, 0.48200520873069763, -0.7752375602722168, -0.5969388484954834, -0.43928635120391846, -0.987099289894104, -0.5745574235916138, -0.6536523699760437, -0.8091868162155151], [-0.4818834662437439, 0.29678457975387573, 0.6769659519195557, 0.025166846811771393, 0.04067007079720497, -0.9988556504249573, -0.9993191361427307, -0.4818834662437439, 0.29678457975387573, 0.6769659519195557, -1.0007407665252686, -0.9994770288467407, -0.9996327757835388, -0.6000000238418579, 0.005158968735486269, -0.991787850856781, -0.8632447719573975, -1.0, -0.9981642365455627, -1.0, -0.9997000694274902, -0.4775119721889496, 0.45502954721450806, -0.7752375602722168, -0.5969388484954834, -0.43928635120391846, -0.987099289894104, -0.5745574235916138, -0.6536523699760437, 