{"n_joints": 24, "joint_descriptions": [[-0.6074315905570984, -0.25916531682014465, 0.6699774265289307, 0.0012544761411845684, -0.004147328436374664, -0.9999906420707703, -0.999206006526947, -0.6074315905570984, -0.25916531682014465, 0.6699774265289307, -1.0002319812774658, -1.000543475151062, -0.9989258646965027, -0.6000000238418579, 0.0022563207894563675, -0.9917475581169128, -0.9117927551269531, -0.8814340233802795, -0.9927617907524109, -1.0, -0.9994856715202332, -0.48329487442970276, 0.484942764043808, -0.7320699095726013, -0.5120569467544556, -0.45106053352355957, -0.9846957921981812, -0.634580671787262, -0.6771976947784424, -0.8422390222549438], [-0.7573530077934265, -0.4203164875507355, 0.6734997034072876, -0.6950329542160034, 0.7189778685569763, 0.0001975047925952822, -0.9991900324821472, -0.7573530077934265, -0.4203164875507355, 0.6734997034072876, -0.9990658164024353, -1.0006253719329834, -1.0005491971969604, -0.6000000238418579, -0.000796414096839726, -0.991610050201416, -0.9141641855239868, -0.9854945540428162, -0.9928531646728516, -0.9737908840179443, -0.9995097517967224, -0.4824487566947937, 0.4807458221912384, -0.7320699095726013, -0.5120569467544556, -0.45106053352355957, -0.9846957921981812, -0.634580671787262, -0.6771976947784424, -0.8422390222549438], [-0.9786969423294067, -0.6677646040916443, 0.6607472896575928, -0.6997665762901306, 0.7143599390983582, 0.004078269004821777, -0.9991900324821472, -0.9786969423294067, -0.6677646040916443, 0.6607472896575928, -1.0009182691574097, -0.9993760585784912, -1.0005531311035156, -0.6000000238418579, -0.0006050518131814897, -0.9914181232452393, -0.9134248495101929, -0.9849103093147278, -0.9929600954055786, -1.0, -0.9994902610778809, -0.4860575199127197, 0.4851189851760864, -0.7320699095726013, -0.5120569467544556, -0.45106053352355957, -0.9846957921981812, -0.634580671787262, -0.6771976947784424, -0.8422390222549438], [-0.9809299111366272, -0.6672492027282715, -0.027072709053754807, -0.6959702372550964, 0.718070387840271, -0.0005916015361435711, -0.9991833567619324, -0.982060432434082, -0.666070282459259, -0.504578173160553, -1.000539779663086, -1.0002084970474243, -1.001118540763855, -1.0, -0.0011061541736125946, -0.9915165901184082, -0.9142082333564758, -0.9163836240768433, -0.9932501912117004, -1.0, -0.999500572681427, -0.4814075529575348, 0.4832363724708557, -0.7320699095726013, -0.5120569467544556, -0.45106053352355957, -0.9846957921981812, -0.634580671787262, -0.6771976947784424, -0.8422390222549438], [0.001754731871187687, -0.4226095676422119, 0.6695901155471802, -0.001468233997002244, 0.0002974241506308317, -0.9999988675117493, -0.9991949796676636, 0.001754731871187687, -0.4226095676422119, 0.6695901155471802, -0.9997726678848267, -1.0005398988723755, -0.9988943338394165, -0.6000000238418579, 0.0008719104225747287, -0.9917568564414978, -0.9162824749946594, -0.8678032159805298, -0.9928253293037415, -1.0, -0.9994932413101196, -0.48731285333633423, 0.4821312725543976, -0.7320699095726013, -0.5120569467544556, -0.45106053352355957, -0.9846957921981812, -0.634580671787262, -0.6771976947784424, -0.8422390222549438], [-0.002350249793380499, -0.6499432921409607, 0.6605172157287598, -0.9999858140945435, 0.005326571874320507, -0.00018541872850619256, -0.999191164970398, -0.002350249793380499, -0.6499432921409607, 0.6605172157287598, -0.9989001750946045, -0.999774158000946, -1.0005521774291992, -0.6000000238418579, -3.7583271478069946e-05, -0.9913339614868164, -0.9147942066192627, -0.8817796111106873, -0.9929913878440857, -1.0, -0.9994780421257019, -0.4824064373970032, 0.48239511251449585, -0.7320699095726013, -0.5120569467544556, -0.45106053352355957, -0.9846957921981812, -0.634580671787262, -0.6771976947784424, -0.8422390222549438], [-0.003882699180394411, -0.9970369935035706, 0.654179036617279, -0.9999785423278809, 0.004561589565128088, 0.004697625059634447, -0.9991795420646667, -0.003882699180394411, -0.9970369935035706, 0.654179036617279, -1.0011045932769775, -1.000227689743042, -1.0005567073822021, -0.6000000238418579, -1.3532460798160173e-05, -0.9915022850036621, -0.9158757328987122, -1.0, -0.9933591485023499, -1.0, -0.9995011687278748, -0.48493263125419617, 0.4776558578014374, -0.7320699095726013, -0.5120569467544556, -0.45106053352355957, -0.9846957921981812, -0.634580671787262, -0.6771976947784424, -0.8422390222549438], [-0.00194330676458776, -0.991969108581543, -0.03117217868566513, -0.9999983310699463, 0.001583040226250887, -0.0009393474319949746, -0.9991989731788635, -0.0007582732941955328, -1.0, -0.4984436631202698, -1.0002400875091553, -1.0005639791488647, -1.0011144876480103, -1.0, 0.001438530976884067, -0.9914113879203796, -0.9168859720230103, -0.9534420371055603, -0.9934113025665283, -1.0, -0.9994940161705017, -0.48249903321266174, 0.4814710319042206, -0.7320699095726013, -0.5120569467544556, -0.45106053352355957, -0.9846957921981812, -0.634580671787262, -0.6771976947784424, -0.8422390222549438], [0.6089732646942139, -0.25188884139060974, 0.675301730632782, -0.006429164204746485, -0.0011347141116857529, -0.9999786615371704, -0.9991752505302429, 0.6089732646942139, -0.25188884139060974, 0.675301730632782, -0.9994314312934875, -1.0002329349517822, -0.9988664388656616, -0.6000000238418579, -0.0013855422148481011, -0.991425096988678, -0.9142785668373108, -0.9682441353797913, -0.9930468201637268, -1.0, -0.9995167851448059, -0.4802202880382538, 0.4827958047389984, -0.7320699095726013, -0.5120569467544556, -0.45106053352355957, -0.9846957921981812, -0.634580671787262, -0.6771976947784424, -0.8422390222549438], [0.7550392150878906, -0.4154494106769562, 0.6792120337486267, -0.6997393369674683, -0.7143982648849487, -0.00019710513879545033, -0.999207079410553, 0.7550392150878906, -0.4154494106769562, 0.6792120337486267, -0.9993993639945984, -0.999059796333313, -1.000548005104065, -0.6000000238418579, -0.00030035688541829586, -0.9909862875938416, -0.9120450019836426, -0.888809323310852, -0.9936201572418213, -1.0, -0.9995316863059998, -0.48527663946151733, 0.4799228012561798, -0.7320699095726013, -0.5120569467544556, -0.45106053352355957, -0.9846957921981812, -0.634580671787262, -0.6771976947784424, -0.8422390222549438], [0.9755010008811951, -0.6561682820320129, 0.6783652901649475, -0.6997677087783813, -0.7143640518188477, -0.0030324633698910475, -0.9991796612739563, 0.9755010008811951, -0.6561682820320129, 0.6783652901649475, -1.0006093978881836, -1.0009589195251465, -1.0005581378936768, -0.6000000238418579, 0.0007583697442896664, -0.9911855459213257, -0.911990225315094, -1.0, -0.993034303188324, -1.0, -0.9995188117027283, -0.48547953367233276, 0.48235389590263367, -0.7320699095726013, -0.5120569467544556, -0.45106053352355957, -0.9846957921981812, -0.634580671787262, -0.6771976947784424, -0.8422390222549438], [0.9742751717567444, -0.6556456089019775, -0.008948530070483685, -0.7005254030227661, -0.7136269211769104, 0.0008614654652774334, -0.999176025390625, 0.9774605631828308, -0.6601317524909973, -0.4793056845664978, -0.9997766017913818, -1.0005711317062378, -1.001092553138733, -1.0, 0.00023146759485825896, -0.9912925958633423, -0.912880003452301, -0.9297678470611572, -0.9934664368629456, -1.0, -0.9995033740997314, -0.4834899306297302, 0.48278602957725525, -0.7320699095726013, -0.5120569467544556, -0.45106053352355957, -0.9846957921981812, -0.634580671787262, -0.6771976947784424, -0.8422390222549438], [-0.5991277098655701, 0.29576772451400757, 0.6801173686981201, -2.7296093321638182e-05, -0.0035398926120251417, -0.9999937415122986, -0.9991776347160339, -0.5991277098655701, 0.29576772451400757, 0.6801173686981201, -1.0005507469177246, -0.9997707009315491, -0.9989007115364075, -0.6000000238418579, 0.0017560434062033892, -0.9915317296981812, -0.9204002022743225, -0.9154335856437683, -0.9931374192237854, -1.0, -0.9995104074478149, -0.48250439763069153, 0.48006120324134827, -0.7320699095726013, -0.5120569467544556, -0.45106053352355957, -0.9846957921981812, -0.634580671787262, 