{"n_joints": 24, "joint_descriptions": [[-0.6142039895057678, -0.23715882003307343, 0.6628272533416748, -0.0034885029308497906, -0.011413933709263802, -0.9999287724494934, -0.9980242252349854, -0.6142039895057678, -0.23715882003307343, 0.6628272533416748, -1.0027320384979248, -1.005027174949646, -0.9985693693161011, -0.6000000238418579, -0.0016170033486559987, -0.9867507219314575, -0.8922045230865479, -0.8769503831863403, -0.991857647895813, -0.9497786164283752, -0.9993823766708374, -0.4845030903816223, 0.4781602919101715, -0.6438776850700378, -0.37927553057670593, -0.3023357093334198, -0.9641122817993164, -0.4456711709499359, -0.5195767283439636, -0.7500545978546143], [-0.7676622867584229, -0.39574703574180603, 0.6402140855789185, -0.7109487652778625, 0.7032384276390076, 0.0027624943759292364, -0.9980458617210388, -0.7676622867584229, -0.39574703574180603, 0.6402140855789185, -0.9980970025062561, -0.9999046921730042, -1.0055007934570312, -0.6000000238418579, 0.003315575420856476, -0.9881753921508789, -0.9053213596343994, -0.8113983869552612, -0.9914214611053467, -1.0, -0.9993434548377991, -0.4902075529098511, 0.4854367971420288, -0.6438776850700378, -0.37927553057670593, -0.3023357093334198, -0.9641122817993164, -0.4456711709499359, -0.5195767283439636, -0.7500545978546143], [-0.9645290970802307, -0.6474428772926331, 0.6548654437065125, -0.709463357925415, 0.704672634601593, 0.009910432621836662, -0.9982081055641174, -0.9645290970802307, -0.6474428772926331, 0.6548654437065125, -1.0018136501312256, -1.0001717805862427, -1.0047379732131958, -0.6000000238418579, -0.002411696594208479, -0.986304521560669, -0.8957549929618835, -1.0, -0.9914070963859558, -0.9591736793518066, -0.9992722868919373, -0.4833984971046448, 0.48438724875450134, -0.6438776850700378, -0.37927553057670593, -0.3023357093334198, -0.9641122817993164, -0.4456711709499359, -0.5195767283439636, -0.7500545978546143], [-0.9649962782859802, -0.6539356112480164, -0.05611877143383026, -0.731020987033844, 0.6822817921638489, 0.009994423016905785, -0.9982295632362366, -0.9683793783187866, -0.6576465368270874, -0.5262022018432617, -1.0047880411148071, -1.0030004978179932, -1.001254916191101, -1.0, 0.0008561736904084682, -0.9884384870529175, -0.913264811038971, -0.5987623929977417, -0.9915429353713989, -0.9133409261703491, -0.9992507100105286, -0.4864829480648041, 0.48386505246162415, -0.6438776850700378, -0.37927553057670593, -0.3023357093334198, -0.9641122817993164, -0.4456711709499359, -0.5195767283439636, -0.7500545978546143], [0.012065834365785122, -0.4126971960067749, 0.6700907349586487, -0.005416528321802616, 0.0004964204854331911, -0.9999852180480957, -0.9980946779251099, 0.012065834365785122, -0.4126971960067749, 0.6700907349586487, -0.9985895156860352, -1.0056939125061035, -0.9987562298774719, -0.6000000238418579, 0.003289830172434449, -0.9885703921318054, -0.8655811548233032, -0.8978772163391113, -0.9897942543029785, -1.0, -0.9993778467178345, -0.49038273096084595, 0.4769102931022644, -0.6438776850700378, -0.37927553057670593, -0.3023357093334198, -0.9641122817993164, -0.4456711709499359, -0.5195767283439636, -0.7500545978546143], [0.0020271679386496544, -0.6486491560935974, 0.706113874912262, -0.9998440742492676, 0.015795905143022537, -0.00789576955139637, -0.9981386661529541, 0.0020271679386496544, -0.6486491560935974, 0.706113874912262, -0.9987390041351318, -0.9984462857246399, -1.005506992340088, -0.6000000238418579, -0.0011274759890511632, -0.9888172149658203, -0.8891443610191345, -0.7496821880340576, -0.9899781942367554, -0.9963881969451904, -0.9993892908096313, -0.48229989409446716, 0.48567453026771545, -0.6438776850700378, -0.37927553057670593, -0.3023357093334198, -0.9641122817993164, -0.4456711709499359, -0.5195767283439636, -0.7500545978546143], [-0.00027902668807655573, -0.9916937947273254, 0.7351247668266296, -0.9998030662536621, 0.018836431205272675, 0.006249635946005583, -0.9980211853981018, -0.00027902668807655573, -0.9916937947273254, 0.7351247668266296, -1.0014488697052002, -1.0015723705291748, -1.0053480863571167, -0.6000000238418579, 0.0016785020707175136, -0.987163782119751, -0.8852187395095825, -0.8387928605079651, -0.9912096858024597, -1.0, -0.9993903636932373, -0.48100173473358154, 0.4775623381137848, -0.6438776850700378, -0.37927553057670593, -0.3023357093334198, -0.9641122817993164, -0.4456711709499359, -0.5195767283439636, -0.7500545978546143], [-0.00770702725276351, -0.9985015392303467, 0.06964007019996643, -0.9997215867042542, 0.023511044681072235, 0.0019953639712184668, -0.9979952573776245, -0.005468235816806555, -0.9904539585113525, -0.3922796845436096, -1.0017169713974, -1.0056180953979492, -1.0014067888259888, -1.0, -0.002469336614012718, -0.9908760190010071, -0.8954988718032837, -0.8090775609016418, -0.9907503724098206, -0.9697194695472717, -0.9992835521697998, -0.47883081436157227, 0.48344630002975464, -0.6438776850700378, -0.37927553057670593, -0.3023357093334198, -0.9641122817993164, -0.4456711709499359, -0.5195767283439636, -0.7500545978546143], [0.6492334008216858, -0.2527007758617401, 0.6438993811607361, -0.005031965207308531, -0.0032459055073559284, -0.9999820590019226, -0.9982060790061951, 0.6492334008216858, -0.2527007758617401, 0.6438993811607361, -0.9950748085975647, -1.0028432607650757, -0.9986758232116699, -0.6000000238418579, 0.0040609878487885, -0.9876368641853333, -0.8874445557594299, -0.8983180522918701, -0.9914165735244751, -0.9600149989128113, -0.9993996620178223, -0.4876253008842468, 0.4841351807117462, -0.6438776850700378, -0.37927553057670593, -0.3023357093334198, -0.9641122817993164, -0.4456711709499359, -0.5195767283439636, -0.7500545978546143], [0.7915458083152771, -0.4200970530509949, 0.6231237053871155, -0.7251795530319214, -0.688558042049408, 0.0015498376451432705, -0.9980906844139099, 0.7915458083152771, -0.4200970530509949, 0.6231237053871155, -1.0001755952835083, -0.9980226755142212, -1.0052584409713745, -0.6000000238418579, -0.0008451372268609703, -0.988855242729187, -0.8945812582969666, -0.8373639583587646, -0.9912551641464233, -0.76799476146698, -0.999409556388855, -0.47542864084243774, 0.48449525237083435, -0.6438776850700378, -0.37927553057670593, -0.3023357093334198, -0.9641122817993164, -0.4456711709499359, -0.5195767283439636, -0.7500545978546143], [0.9956768155097961, -0.6777644157409668, 0.6241191029548645, -0.7322605848312378, -0.6809338927268982, 0.011110925115644932, -0.9981061816215515, 0.9956768155097961, -0.6777644157409668, 0.6241191029548645, -0.9999115467071533, -1.001981496810913, -1.0054084062576294, -0.6000000238418579, -0.00011485345021355897, -0.9904695153236389, -0.9025688171386719, -0.5710260272026062, -0.9918485283851624, -0.9118128418922424, -0.9992952942848206, -0.4801781475543976, 0.48632296919822693, -0.6438776850700378, -0.37927553057670593, -0.3023357093334198, -0.9641122817993164, -0.4456711709499359, -0.5195767283439636, -0.7500545978546143], [0.9822863936424255, -0.6752291321754456, -0.04881101846694946, -0.7267858386039734, -0.6868613362312317, -0.0019600014202296734, -0.9980218410491943, 0.9840084314346313, -0.6746732592582703, -0.5036895275115967, -0.9972192049026489, -1.0049552917480469, -1.0012060403823853, -1.0, 0.0008977672550827265, -0.9881156086921692, -0.8811183571815491, -1.0, -0.9917002320289612, -1.0, -0.9995207190513611, -0.48551154136657715, 0.4810974597930908, -0.6438776850700378, -0.37927553057670593, -0.3023357093334198, -0.9641122817993164, -0.4456711709499359, -0.5195767283439636, -0.7500545978546143], [-0.6114633679389954, 0.29082977771759033, 0.6554303169250488, -0.005880074575543404, 0.006202987395226955, -0.9999634623527527, -0.9978708028793335, -0.6114633679389954, 0.29082977771759033, 0.6554303169250488, -1.0052237510681152, -0.9970263838768005, -0.9985529780387878, -0.6000000238418579, 0.0006991674308665097, -0.9886099100112915, -0.8859186768531799, -0.875044584274292, -0.9915947318077087, -1.0, -0.9991505742073059, -0.4899134933948517, 0.4663967490196228, 