{"n_joints": 24, "joint_descriptions": [[-0.6291009187698364, -0.2538670301437378, 0.6982519626617432, -0.001974672544747591, 0.002063704188913107, -0.9999959468841553, -0.9991092681884766, -0.6291009187698364, -0.2538670301437378, 0.6982519626617432, -1.0004901885986328, -1.0007699728012085, -0.9988482594490051, -0.6000000238418579, 0.0015234443126246333, -0.9916740655899048, -0.9087609648704529, -0.8823500275611877, -0.993028998374939, -0.9985853433609009, -0.9994854927062988, -0.48340320587158203, 0.48556849360466003, -0.7259200811386108, -0.4913894236087799, -0.44175460934638977, -0.9832680821418762, -0.6125459671020508, -0.6771015524864197, -0.8290941715240479], [-0.7748623490333557, -0.4377870261669159, 0.6949089169502258, -0.6977001428604126, 0.7163766622543335, 0.004359220154583454, -0.999110758304596, -0.7748623490333557, -0.4377870261669159, 0.6949089169502258, -0.9990273118019104, -1.0006862878799438, -1.0008816719055176, -0.6000000238418579, -0.0012329843593761325, -0.9915418028831482, -0.9080479741096497, -1.0, -0.9929105043411255, -1.0, -0.9994838237762451, -0.4822622239589691, 0.4827493131160736, -0.7259200811386108, -0.4913894236087799, -0.44175460934638977, -0.9832680821418762, -0.6125459671020508, -0.6771015524864197, -0.8290941715240479], [-0.9838016629219055, -0.6774214506149292, 0.6811835169792175, -0.7011833786964417, 0.7129786014556885, 0.0018411475466564298, -0.9990967512130737, -0.9838016629219055, -0.6774214506149292, 0.6811835169792175, -1.000992774963379, -0.9992758631706238, -1.000903606414795, -0.6000000238418579, -0.0007557357312180102, -0.9918002486228943, -0.9109901189804077, -1.0, -0.9925185441970825, -1.0, -0.9994802474975586, -0.48043081164360046, 0.482862263917923, -0.7259200811386108, -0.4913894236087799, -0.44175460934638977, -0.9832680821418762, -0.6125459671020508, -0.6771015524864197, -0.8290941715240479], [-0.979881227016449, -0.6739016175270081, -0.019960373640060425, -0.6988186240196228, 0.7152962684631348, -0.0019528140546754003, -0.999079704284668, -0.9786889553070068, -0.6743838787078857, -0.5156986117362976, -1.000760555267334, -1.0004628896713257, -1.0012104511260986, -1.0, 0.00025621175882406533, -0.9915232062339783, -0.9062188863754272, -0.583268940448761, -0.9925684332847595, -1.0, -0.9994857311248779, -0.4825304448604584, 0.4847744107246399, -0.7259200811386108, -0.4913894236087799, -0.44175460934638977, -0.9832680821418762, -0.6125459671020508, -0.6771015524864197, -0.8290941715240479], [-0.002718330128118396, -0.40945175290107727, 0.7034983038902283, -0.0014733581338077784, 0.00016957614570856094, -0.999998927116394, -0.999108076095581, -0.002718330128118396, -0.40945175290107727, 0.7034983038902283, -0.9997833371162415, -1.0008715391159058, -0.9988136887550354, -0.6000000238418579, -0.0013027365785092115, -0.9911991357803345, -0.9169878363609314, -0.896216869354248, -0.9926878213882446, -1.0, -0.9994552731513977, -0.4839010536670685, 0.481340229511261, -0.7259200811386108, -0.4913894236087799, -0.44175460934638977, -0.9832680821418762, -0.6125459671020508, -0.6771015524864197, -0.8290941715240479], [-0.003572399029508233, -0.659725546836853, 0.6953828930854797, -0.999967098236084, -0.008080310188233852, 0.0006980920443311334, -0.9991089105606079, -0.003572399029508233, -0.659725546836853, 0.6953828930854797, -0.99882972240448, -0.9997851848602295, -1.0008857250213623, -0.6000000238418579, 0.00041542609687894583, -0.9912010431289673, -0.9131977558135986, -0.907275915145874, -0.9931406378746033, -1.0, -0.9994890689849854, -0.48398253321647644, 0.4822547137737274, -0.7259200811386108, -0.4913894236087799, -0.44175460934638977, -0.9832680821418762, -0.6125459671020508, -0.6771015524864197, -0.8290941715240479], [-0.0031264389399439096, -0.9996629357337952, 0.6990259289741516, -0.9999624490737915, -0.005490511190146208, 0.006706894375383854, -0.999118983745575, -0.0031264389399439096, -0.9996629357337952, 0.6990259289741516, -1.001158356666565, -1.0002161264419556, -1.0008822679519653, -0.6000000238418579, -0.0006617333856411278, -0.9915333986282349, -0.9135876893997192, -0.8652874231338501, -0.9928172826766968, -0.9923132061958313, -0.9994592666625977, -0.48386529088020325, 0.48547446727752686, -0.7259200811386108, -0.4913894236087799, -0.44175460934638977, -0.9832680821418762, -0.6125459671020508, -0.6771015524864197, -0.8290941715240479], [-0.006785928271710873, -0.9937546253204346, 0.005542593076825142, -0.9999611377716064, -0.008584992028772831, 0.00201334897428751, -0.9991118311882019, -0.007718125358223915, -0.992522656917572, -0.4734746217727661, -1.0001978874206543, -1.0008714199066162, -1.0011701583862305, -1.0, 0.00018818204989656806, -0.9906762838363647, -0.9111935496330261, -0.9227154850959778, -0.992906928062439, -1.0, -0.9994785785675049, -0.4828144311904907, 0.48306870460510254, -0.7259200811386108, -0.4913894236087799, -0.44175460934638977, -0.9832680821418762, -0.6125459671020508, -0.6771015524864197, -0.8290941715240479], [0.6289377808570862, -0.248511403799057, 0.6985578536987305, -0.003095958149060607, -0.0030266214162111282, -0.9999906420707703, -0.9990957975387573, 0.6289377808570862, -0.248511403799057, 0.6985578536987305, -0.9992381930351257, -1.0004574060440063, -0.9988318085670471, -0.6000000238418579, -0.002252998761832714, -0.9911424517631531, -0.9120281338691711, -0.9138017892837524, -0.9929122924804688, -0.9925347566604614, -0.9994651079177856, -0.4800463914871216, 0.4826606810092926, -0.7259200811386108, -0.4913894236087799, -0.44175460934638977, -0.9832680821418762, -0.6125459671020508, -0.6771015524864197, -0.8290941715240479], [0.7761803865432739, -0.4248427748680115, 0.6967237591743469, -0.6942877769470215, -0.7196969389915466, -0.0009199190535582602, -0.9991031885147095, 0.7761803865432739, -0.4248427748680115, 0.6967237591743469, -0.9993353486061096, -0.9990092515945435, -1.000873327255249, -0.6000000238418579, -0.0012116628931835294, -0.9911091327667236, -0.9105127453804016, -0.8950579166412354, -0.9928532838821411, -1.0, -0.9994785785675049, -0.4813322424888611, 0.48435673117637634, -0.7259200811386108, -0.4913894236087799, -0.44175460934638977, -0.9832680821418762, -0.6125459671020508, -0.6771015524864197, -0.8290941715240479], [0.9784700274467468, -0.6629087328910828, 0.6852484941482544, -0.6987132430076599, -0.7153910398483276, -0.003928101155906916, -0.9991119503974915, 0.9784700274467468, -0.6629087328910828, 0.6852484941482544, -1.0006768703460693, -1.0009822845458984, -1.000882863998413, -0.6000000238418579, -0.00035994016798213124, -0.9907972812652588, -0.9087657928466797, -1.0, -0.9929652214050293, -1.0, -0.9994839429855347, -0.48348525166511536, 0.48332834243774414, -0.7259200811386108, -0.4913894236087799, -0.44175460934638977, -0.9832680821418762, -0.6125459671020508, -0.6771015524864197, -0.8290941715240479], [0.9784351587295532, -0.6612951159477234, -0.019819632172584534, -0.6908290982246399, -0.7230179309844971, -0.00046564650256186724, -0.9991162419319153, 0.976283848285675, -0.6598172783851624, -0.4865034222602844, -0.9995347261428833, -1.0007481575012207, -1.0011892318725586, -1.0, -0.0004954678588546813, -0.9915409088134766, -0.9132104516029358, -1.0, -0.9928714036941528, -1.0, -0.9994325637817383, -0.48008105158805847, 0.48247435688972473, -0.7259200811386108, -0.4913894236087799, -0.44175460934638977, -0.9832680821418762, -0.6125459671020508, -0.6771015524864197, -0.8290941715240479], [-0.6299910545349121, 0.2859344780445099, 0.7114120125770569, -0.00042830934398807585, 0.0006496092537418008, -0.9999997019767761, -0.9991355538368225, -0.6299910545349121, 0.2859344780445099, 0.7114120125770569, -1.0007495880126953, -0.999530553817749, -0.998845100402832, -0.6000000238418579, 0.0008877266081981361, -0.9911795258522034, -0.9118372201919556, -0.9417426586151123, -0.9928563237190247, -1.0, -0.9995238184928894, -0.4819730818271637, 0.4881197512149811, -0.7259200811386108, -0.4913894236087799, -0.44175460934638977, -0.9832680821418762, 