{"n_joints": 24, "joint_descriptions": [[-0.6155064105987549, -0.23593558371067047, 0.6670122146606445, -0.009207385592162609, 0.005129743833094835, -0.9999444484710693, -0.9980921149253845, -0.6155064105987549, -0.23593558371067047, 0.6670122146606445, -1.002693772315979, -1.0047296285629272, -0.9986472129821777, -0.6000000238418579, -0.0010902744252234697, -0.9872394800186157, -0.8953754305839539, -0.8894403576850891, -0.9919043779373169, -0.9786471724510193, -0.999379575252533, -0.4838733971118927, 0.47691473364830017, -0.6473992466926575, -0.39418748021125793, -0.31078630685806274, -0.9652107357978821, -0.4493664503097534, -0.5287578105926514, -0.7520007491111755], [-0.769138753414154, -0.3983360230922699, 0.6429088115692139, -0.7118741869926453, 0.702262282371521, 0.007928098551928997, -0.9981313347816467, -0.769138753414154, -0.3983360230922699, 0.6429088115692139, -0.9982373714447021, -0.9999611377716064, -1.005257248878479, -0.6000000238418579, 0.0028738335240632296, -0.9881207346916199, -0.9032106399536133, -0.7948525547981262, -0.9913482069969177, -1.0, -0.999343752861023, -0.4907287657260895, 0.48509499430656433, -0.6473992466926575, -0.39418748021125793, -0.31078630685806274, -0.9652107357978821, -0.4493664503097534, -0.5287578105926514, -0.7520007491111755], [-0.9656590223312378, -0.6475517153739929, 0.6529427170753479, -0.7120338678359985, 0.7021082639694214, 0.007197226397693157, -0.998244047164917, -0.9656590223312378, -0.6475517153739929, 0.6529427170753479, -1.0017062425613403, -1.0001118183135986, -1.0046074390411377, -0.6000000238418579, -0.002045664004981518, -0.9868078827857971, -0.8981636166572571, -1.0, -0.9917084574699402, -0.9799879789352417, -0.9993040561676025, -0.48519042134284973, 0.48403096199035645, -0.6473992466926575, -0.39418748021125793, -0.31078630685806274, -0.9652107357978821, -0.4493664503097534, -0.5287578105926514, -0.7520007491111755], [-0.96642005443573, -0.6551083922386169, -0.05666189268231392, -0.7199642658233643, 0.6937006115913391, 0.020758716389536858, -0.9982870221138, -0.9689006805419922, -0.6596161723136902, -0.5244321227073669, -1.0046966075897217, -1.0027648210525513, -1.0008950233459473, -1.0, 0.0009375569061376154, -0.9883492588996887, -0.9108812808990479, -0.6014646887779236, -0.9918364882469177, -0.9020249843597412, -0.999254047870636, -0.48544737696647644, 0.4819657802581787, -0.6473992466926575, -0.39418748021125793, -0.31078630685806274, -0.9652107357978821, -0.4493664503097534, -0.5287578105926514, -0.7520007491111755], [0.010962898842990398, -0.40737462043762207, 0.6775186061859131, -0.0001493335294071585, -0.0008351751021109521, -0.9999996423721313, -0.9981621503829956, 0.010962898842990398, -0.40737462043762207, 0.6775186061859131, -0.9987137913703918, -1.005375623703003, -0.9988136291503906, -0.6000000238418579, 0.002711624139919877, -0.9887588024139404, -0.8705395460128784, -0.8898542523384094, -0.9899986982345581, -1.0, -0.9993993639945984, -0.49033021926879883, 0.4776427149772644, -0.6473992466926575, -0.39418748021125793, -0.31078630685806274, -0.9652107357978821, -0.4493664503097534, -0.5287578105926514, -0.7520007491111755], [0.0019972086884081364, -0.6479648351669312, 0.7091156840324402, -0.9998294115066528, 0.017200201749801636, -0.006726257503032684, -0.998204231262207, 0.0019972086884081364, -0.6479648351669312, 0.7091156840324402, -0.9987776875495911, -0.9986149072647095, -1.0053068399429321, -0.6000000238418579, -0.0006917704595252872, -0.9889354109764099, -0.8892732858657837, -0.727833092212677, -0.9899571537971497, -1.0, -0.9993875026702881, -0.4834170639514923, 0.48566606640815735, -0.6473992466926575, -0.39418748021125793, -0.31078630685806274, -0.9652107357978821, -0.4493664503097534, -0.5287578105926514, -0.7520007491111755], [0.00033532048109918833, -0.9906975030899048, 0.7362595796585083, -0.9999127388000488, 0.013207186944782734, -0.00030417824746109545, -0.9980758428573608, 0.00033532048109918833, -0.9906975030899048, 0.7362595796585083, -1.0013478994369507, -1.0014244318008423, -1.00519597530365, -0.6000000238418579, 0.0017275098944082856, -0.9876373410224915, -0.888265073299408, -0.8456588983535767, -0.9913002848625183, -1.0, -0.9994093179702759, -0.4821549654006958, 0.476420134305954, -0.6473992466926575, -0.39418748021125793, -0.31078630685806274, -0.9652107357978821, -0.4493664503097534, -0.5287578105926514, -0.7520007491111755], [-0.0057401456870138645, -0.9994606971740723, 0.06684764474630356, -0.9999159574508667, 0.012174517847597599, 0.004455634392797947, -0.9980679154396057, -0.003445820650085807, -0.9924032688140869, -0.3950234353542328, -1.0015676021575928, -1.0054066181182861, -1.0011957883834839, -1.0, -0.0018456003163009882, -0.9906504154205322, -0.8976497054100037, -0.8217043876647949, -0.9908360242843628, -0.9513691067695618, -0.9993033409118652, -0.4799017012119293, 0.4838429391384125, -0.6473992466926575, -0.39418748021125793, -0.31078630685806274, -0.9652107357978821, -0.4493664503097534, -0.5287578105926514, -0.7520007491111755], [0.647491455078125, -0.24777445197105408, 0.6502422094345093, 0.0007956025074236095, 0.0037034007254987955, -0.999992847442627, -0.9982426762580872, 0.647491455078125, -0.24777445197105408, 0.6502422094345093, -0.9952927231788635, -1.0028395652770996, -0.9987316727638245, -0.6000000238418579, 0.0034458800218999386, -0.987773060798645, -0.8887751698493958, -0.8978315591812134, -0.9912335276603699, -0.975606381893158, -0.999415934085846, -0.48889294266700745, 0.48426705598831177, -0.6473992466926575, -0.39418748021125793, -0.31078630685806274, -0.9652107357978821, -0.4493664503097534, -0.5287578105926514, -0.7520007491111755], [0.7910065054893494, -0.41689905524253845, 0.6336395740509033, -0.7231431603431702, -0.6906980872154236, -0.0003194807795807719, -0.9981707334518433, 0.7910065054893494, -0.41689905524253845, 0.6336395740509033, -1.0000971555709839, -0.9981724619865417, -1.0050996541976929, -0.6000000238418579, -0.0003871771914418787, -0.9888386130332947, -0.8970466256141663, -0.8192104697227478, -0.9913337826728821, -0.8016763925552368, -0.9994205832481384, -0.47579002380371094, 0.4825455844402313, -0.6473992466926575, -0.39418748021125793, -0.31078630685806274, -0.9652107357978821, -0.4493664503097534, -0.5287578105926514, -0.7520007491111755], [0.992544949054718, -0.6715717315673828, 0.6386529207229614, -0.7225946187973022, -0.691177248954773, -0.011444764211773872, -0.9981598258018494, 0.992544949054718, -0.6715717315673828, 0.6386529207229614, -0.9999764561653137, -1.0018270015716553, -1.0052002668380737, -0.6000000238418579, -0.0005413583712652326, -0.9902576804161072, -0.9005947113037109, -0.5953083634376526, -0.9918044805526733, -0.9069294929504395, -0.9993157386779785, -0.4811994135379791, 0.4842720329761505, -0.6473992466926575, -0.39418748021125793, -0.31078630685806274, -0.9652107357978821, -0.4493664503097534, -0.5287578105926514, -0.7520007491111755], [0.981594979763031, -0.6692454218864441, -0.03667754307389259, -0.7261670231819153, -0.6875112056732178, -0.0031296720262616873, -0.9980882406234741, 0.9824692010879517, -0.6697225570678711, -0.4935566186904907, -0.9972824454307556, -1.0046987533569336, -1.001290202140808, -1.0, 0.0011276687728241086, -0.9880713224411011, -0.8834235668182373, -1.0, -0.9914806485176086, -1.0, -0.9994996786117554, -0.48713091015815735, 0.4814278185367584, -0.6473992466926575, -0.39418748021125793, -0.31078630685806274, -0.9652107357978821, -0.4493664503097534, -0.5287578105926514, -0.7520007491111755], [-0.6110373735427856, 0.2942882180213928, 0.6580245494842529, 0.00846062134951353, 0.000744804332498461, -0.9999639391899109, -0.9979840517044067, -0.6110373735427856, 0.2942882180213928, 0.6580245494842529, -1.0049306154251099, -0.997124195098877, -0.9986492991447449, -0.6000000238418579, 0.0003448162169661373, -0.9886701107025146, -0.8881166577339172, -0.8841763734817505, -0.9913675785064697, -1.0, -0.9991873502731323, -0.4905334413051605, 0.4688664674758911, 