{"n_joints": 24, "joint_descriptions": [[-0.5800318717956543, -0.25435876846313477, 0.622621476650238, -0.0012392197968438268, -0.005211344920098782, -0.9999856352806091, -0.9975771307945251, -0.5800318717956543, -0.25435876846313477, 0.622621476650238, -0.9995667338371277, -1.0061737298965454, -0.9973523616790771, -0.6000000238418579, -0.006601918488740921, -0.9816973805427551, -0.8496063351631165, -0.7560791969299316, -0.9889631271362305, -0.9674697518348694, -0.9992502927780151, -0.4795551002025604, 0.4987497925758362, -0.6487763524055481, -0.1934410184621811, -0.22380110621452332, -0.9546530246734619, -0.4448884427547455, -0.4207565486431122, -0.7465377449989319], [-0.7242729067802429, -0.3573111593723297, 0.6294276714324951, -0.7165921330451965, 0.6974863409996033, -0.0029175416566431522, -0.9971969127655029, -0.7242729067802429, -0.3573111593723297, 0.6294276714324951, -0.9947012662887573, -0.9981298446655273, -1.004814863204956, -0.6000000238418579, 0.009060273878276348, -0.9903185367584229, -0.9341041445732117, -1.0, -0.9901529550552368, -1.0, -0.9992268085479736, -0.4726170301437378, 0.4789890944957733, -0.6487763524055481, -0.1934410184621811, -0.22380110621452332, -0.9546530246734619, -0.4448884427547455, -0.4207565486431122, -0.7465377449989319], [-0.9542614221572876, -0.6414012312889099, 0.7146289944648743, -0.7411566972732544, 0.6696366667747498, 0.04768123850226402, -0.9980884790420532, -0.9542614221572876, -0.6414012312889099, 0.7146289944648743, -1.0038363933563232, -1.0013548135757446, -1.0031771659851074, -0.6000000238418579, -0.0001761597814038396, -0.981171727180481, -0.8569706082344055, -0.9010677933692932, -0.9870263934135437, -0.6671591401100159, -0.9989155530929565, -0.46050164103507996, 0.4821650981903076, -0.6487763524055481, -0.1934410184621811, -0.22380110621452332, -0.9546530246734619, -0.4448884427547455, -0.4207565486431122, -0.7465377449989319], [-0.9620229601860046, -0.6424389481544495, 0.06995372474193573, -0.6921448111534119, 0.7213661074638367, -0.023800501599907875, -0.9977452754974365, -0.9709751605987549, -0.6475386023521423, -0.3978050947189331, -1.0063817501068115, -0.9994921088218689, -1.0028164386749268, -1.0, -0.0015910305082798004, -0.9907397031784058, -0.9433295726776123, -0.8033617734909058, -0.9873462319374084, -1.0, -0.9993900656700134, -0.4826655983924866, 0.5071198344230652, -0.6487763524055481, -0.1934410184621811, -0.22380110621452332, -0.9546530246734619, -0.4448884427547455, -0.4207565486431122, -0.7465377449989319], [0.008958547376096249, -0.4701264202594757, 0.5667837858200073, 0.006413997150957584, -0.022335875779390335, -0.9997299313545227, -0.9975246787071228, 0.008958547376096249, -0.4701264202594757, 0.5667837858200073, -0.9956101179122925, -1.0053699016571045, -0.9973433017730713, -0.6000000238418579, 0.009597474709153175, -0.9874343276023865, -0.8147910833358765, -0.8545238375663757, -0.9906154870986938, -1.0, -0.9990679621696472, -0.47610795497894287, 0.48580893874168396, -0.6487763524055481, -0.1934410184621811, -0.22380110621452332, -0.9546530246734619, -0.4448884427547455, -0.4207565486431122, -0.7465377449989319], [0.0032458154018968344, -0.6365715265274048, 0.6261686682701111, -0.9946761727333069, 0.10094162821769714, -0.02073785662651062, -0.9973865747451782, 0.0032458154018968344, -0.6365715265274048, 0.6261686682701111, -0.9973241686820984, -0.9947101473808289, -1.0037496089935303, -0.6000000238418579, -0.006755047477781773, -0.987827718257904, -0.8695777654647827, -1.0, -0.9920659065246582, -0.6476411819458008, -0.9992411136627197, -0.48081451654434204, 0.47876155376434326, -0.6487763524055481, -0.1934410184621811, -0.22380110621452332, -0.9546530246734619, -0.4448884427547455, -0.4207565486431122, -0.7465377449989319], [-0.022592836990952492, -0.9942754507064819, 0.633954644203186, -0.9992485046386719, 0.026750246062874794, 0.028050467371940613, -0.9977978467941284, -0.022592836990952492, -0.9942754507064819, 0.633954644203186, -1.0028579235076904, -1.00469970703125, -1.0036429166793823, -0.6000000238418579, -0.002311272779479623, -0.9821911454200745, -0.8722800612449646, -0.7500975131988525, -0.9896072149276733, -0.8729273676872253, -0.9990925788879395, -0.4817125201225281, 0.49800556898117065, -0.6487763524055481, -0.1934410184621811, -0.22380110621452332, -0.9546530246734619, -0.4448884427547455, -0.4207565486431122, -0.7465377449989319], [-0.016723785549402237, -0.9706441760063171, 0.0360850989818573, -0.9950773119926453, 0.09598169475793839, 0.024672044441103935, -0.9976297616958618, -0.016874808818101883, -0.9589709043502808, -0.4175254702568054, -1.004663348197937, -1.0038026571273804, -1.002463459968567, -1.0, -0.008782418444752693, -0.9938372373580933, -0.8584227561950684, -0.9643217325210571, -0.9896698594093323, -1.0, -0.9992716908454895, -0.4833206832408905, 0.4848979413509369, -0.6487763524055481, -0.1934410184621811, -0.22380110621452332, -0.9546530246734619, -0.4448884427547455, -0.4207565486431122, -0.7465377449989319], [0.5995410680770874, -0.30375203490257263, 0.5944287776947021, -0.0022426345385611057, -0.002336061792448163, -0.9999947547912598, -0.9980828762054443, 0.5995410680770874, -0.30375203490257263, 0.5944287776947021, -0.9939112663269043, -0.9992625117301941, -0.9978547692298889, -0.6000000238418579, 0.010488368570804596, -0.9887730479240417, -0.874862551689148, -0.7649290561676025, -0.9942551255226135, -1.0, -0.9991153478622437, -0.46678441762924194, 0.4852294623851776, -0.6487763524055481, -0.1934410184621811, -0.22380110621452332, -0.9546530246734619, -0.4448884427547455, -0.4207565486431122, -0.7465377449989319], [0.7213122248649597, -0.44919082522392273, 0.5309494733810425, -0.7315831184387207, -0.6813617944717407, 0.023069897666573524, -0.9971896409988403, 0.7213122248649597, -0.44919082522392273, 0.5309494733810425, -1.0017807483673096, -0.9943495392799377, -1.0036430358886719, -0.6000000238418579, -0.0014582372969016433, -0.9878522753715515, -0.856581449508667, -1.0, -0.9892286062240601, -0.3661953806877136, -0.9991533756256104, -0.4880748689174652, 0.5080676674842834, -0.6487763524055481, -0.1934410184621811, -0.22380110621452332, -0.9546530246734619, -0.4448884427547455, -0.4207565486431122, -0.7465377449989319], [0.9637213349342346, -0.749740719795227, 0.4883680045604706, -0.7543801665306091, -0.6562906503677368, 0.013898588716983795, -0.9977566003799438, 0.9637213349342346, -0.749740719795227, 0.4883680045604706, -0.9986270070075989, -1.005169153213501, -1.0038893222808838, -0.6000000238418579, 0.005549630615860224, -0.993357241153717, -0.9304826855659485, -0.225348562002182, -0.9900057315826416, -1.0, -0.9992602467536926, -0.48361024260520935, 0.5102424621582031, -0.6487763524055481, -0.1934410184621811, -0.22380110621452332, -0.9546530246734619, -0.4448884427547455, -0.4207565486431122, -0.7465377449989319], [0.9284219145774841, -0.7513204216957092, -0.10466165840625763, -0.7462722659111023, -0.6654233932495117, -0.017010662704706192, -0.9976656436920166, 0.9297099709510803, -0.7512731552124023, -0.5465602874755859, -1.0002764463424683, -1.0053489208221436, -1.0025315284729004, -1.0, -0.0030642161145806313, -0.9902103543281555, -0.8805158734321594, -1.0, -0.9947116374969482, -0.8175190687179565, -0.9997789859771729, -0.46315544843673706, 0.4869115650653839, -0.6487763524055481, -0.1934410184621811, -0.22380110621452332, -0.9546530246734619, -0.4448884427547455, -0.4207565486431122, -0.7465377449989319], [-0.6000840663909912, 0.2614888548851013, 0.6127544045448303, 0.0033556711860001087, 0.011633215472102165, -0.9999266862869263, -0.9966446161270142, -0.6000840663909912, 0.2614888548851013, 0.6127544045448303, -1.0073051452636719, -1.0002626180648804, -0.9973413944244385, -0.6000000238418579, 0.005825811065733433, -0.9872789978981018, -0.878758430480957, -1.0, -0.994748055934906, -1.0, -0.9987676739692688, -0.4719271957874298, 0.4410492777824402, -0.6487763524055481, -0.1934410184621811, -0.22380110621452332, -0.9546530246734619, 