{"n_joints": 24, "joint_descriptions": [[-0.627194881439209, -0.2601293623447418, 0.6935883164405823, -0.004240324255079031, -1.02999701994122e-05, -0.9999909996986389, -0.9990326762199402, -0.627194881439209, -0.2601293623447418, 0.6935883164405823, -1.000506043434143, -1.0008805990219116, -0.9987584948539734, -0.6000000238418579, 0.0021058341953903437, -0.9916708469390869, -0.9060289263725281, -0.8889518976211548, -0.9927383661270142, -1.0, -0.9994782209396362, -0.4826905131340027, 0.48588868975639343, -0.7176553606987, -0.48500198125839233, -0.42644116282463074, -0.9816837310791016, -0.5995512008666992, -0.6587603092193604, -0.8239292502403259], [-0.7717728614807129, -0.4407605528831482, 0.6857118010520935, -0.6965547204017639, 0.7174803614616394, 0.005781186278909445, -0.9990372061729431, -0.7717728614807129, -0.4407605528831482, 0.6857118010520935, -0.9989166259765625, -1.000710129737854, -1.0009733438491821, -0.6000000238418579, -0.0012663714587688446, -0.9912322163581848, -0.9026415944099426, -1.0, -0.9928236603736877, -0.9598255753517151, -0.999463677406311, -0.4804868698120117, 0.48209148645401, -0.7176553606987, -0.48500198125839233, -0.42644116282463074, -0.9816837310791016, -0.5995512008666992, -0.6587603092193604, -0.8239292502403259], [-0.9860313534736633, -0.6762443780899048, 0.669192910194397, -0.7015774250030518, 0.7125831842422485, -0.003779560560360551, -0.9990054965019226, -0.9860313534736633, -0.6762443780899048, 0.669192910194397, -1.0011287927627563, -0.9992372393608093, -1.001022458076477, -0.6000000238418579, -0.0007360876770690084, -0.9917542934417725, -0.9064936637878418, -0.9852675199508667, -0.9923452734947205, -1.0, -0.9994873404502869, -0.4821627736091614, 0.4832146465778351, -0.7176553606987, -0.48500198125839233, -0.42644116282463074, -0.9816837310791016, -0.5995512008666992, -0.6587603092193604, -0.8239292502403259], [-0.9804369807243347, -0.6730812191963196, -0.024455180391669273, -0.695779025554657, 0.7182304859161377, 0.006040517706423998, -0.9989936947822571, -0.9788323044776917, -0.6730520725250244, -0.51826411485672, -1.0008668899536133, -1.0004581212997437, -1.0013405084609985, -1.0, -0.0003043094475287944, -0.9911200404167175, -0.9014943242073059, -0.5870361924171448, -0.9922904968261719, -1.0, -0.999485194683075, -0.4838556945323944, 0.482771635055542, -0.7176553606987, -0.48500198125839233, -0.42644116282463074, -0.9816837310791016, -0.5995512008666992, -0.6587603092193604, -0.8239292502403259], [-0.007294848095625639, -0.4095577299594879, 0.7049745321273804, -0.0005670983227901161, -0.0037209189031273127, -0.9999929070472717, -0.9990211725234985, -0.007294848095625639, -0.4095577299594879, 0.7049745321273804, -0.9997100234031677, -1.0009554624557495, -0.9986993074417114, -0.6000000238418579, -0.0016616141656413674, -0.9909638166427612, -0.9168458580970764, -0.9016902446746826, -0.992559015750885, -1.0, -0.9994379878044128, -0.48225167393684387, 0.48124611377716064, -0.7176553606987, -0.48500198125839233, -0.42644116282463074, -0.9816837310791016, -0.5995512008666992, -0.6587603092193604, -0.8239292502403259], [-0.005865437909960747, -0.6549361944198608, 0.6953726410865784, -0.999966561794281, -0.007490169256925583, -0.003290207590907812, -0.9990169405937195, -0.005865437909960747, -0.6549361944198608, 0.6953726410865784, -0.9987152218818665, -0.9997178912162781, -1.0009799003601074, -0.6000000238418579, 0.0009691851446405053, -0.990945041179657, -0.9096655249595642, -0.9352504014968872, -0.9930289387702942, -1.0, -0.9994783401489258, -0.4834415912628174, 0.482398122549057, -0.7176553606987, -0.48500198125839233, -0.42644116282463074, -0.9816837310791016, -0.5995512008666992, -0.6587603092193604, -0.8239292502403259], [-0.005131533369421959, -0.9989890456199646, 0.6994882225990295, -0.9999547004699707, -0.009514118544757366, 0.00030514676473103464, -0.9990359544754028, -0.005131533369421959, -0.9989890456199646, 0.6994882225990295, -1.001243233680725, -1.0002927780151367, -1.0009881258010864, -0.6000000238418579, -0.0007666806923225522, -0.991557240486145, -0.9096382260322571, -0.8701948523521423, -0.9926005601882935, -1.0, -0.9994360208511353, -0.4826202690601349, 0.48601841926574707, -0.7176553606987, -0.48500198125839233, -0.42644116282463074, -0.9816837310791016, -0.5995512008666992, -0.6587603092193604, -0.8239292502403259], [-0.006557121407240629, -0.9951338768005371, 0.0048877219669520855, -0.9999735951423645, -0.007262399885803461, 0.00032809286494739354, -0.999028742313385, -0.005977640859782696, -0.9974889755249023, -0.47383913397789, -1.000265121459961, -1.0009715557098389, -1.001275658607483, -1.0, 0.0009367000893689692, -0.9901618361473083, -0.9065628051757812, -0.9364526271820068, -0.9927350282669067, -1.0, -0.9994511008262634, -0.4814978539943695, 0.48282870650291443, -0.7176553606987, -0.48500198125839233, -0.42644116282463074, -0.9816837310791016, -0.5995512008666992, -0.6587603092193604, -0.8239292502403259], [0.6169614791870117, -0.24856062233448029, 0.6895350813865662, 0.0026104634162038565, -0.0003724006237462163, -0.999996542930603, -0.9990058541297913, 0.6169614791870117, -0.24856062233448029, 0.6895350813865662, -0.9991164803504944, -1.0004826784133911, -0.9987292885780334, -0.6000000238418579, -0.0024564098566770554, -0.9910702705383301, -0.9096460342407227, -0.9040632843971252, -0.992409884929657, -1.0, -0.9994370937347412, -0.47991758584976196, 0.4832229018211365, -0.7176553606987, -0.48500198125839233, -0.42644116282463074, -0.9816837310791016, -0.5995512008666992, -0.6587603092193604, -0.8239292502403259], [0.7647622227668762, -0.4212021231651306, 0.6938555240631104, -0.696596622467041, -0.7174630165100098, 7.489918061764911e-05, -0.9990234375, 0.7647622227668762, -0.4212021231651306, 0.6938555240631104, -0.9993072748184204, -0.9988799691200256, -1.000986099243164, -0.6000000238418579, -0.0010201444383710623, -0.9909211993217468, -0.9063113331794739, -0.9206048846244812, -0.992577314376831, -1.0, -0.9994460344314575, -0.4827245771884918, 0.4821183383464813, -0.7176553606987, -0.48500198125839233, -0.42644116282463074, -0.9816837310791016, -0.5995512008666992, -0.6587603092193604, -0.8239292502403259], [0.973619818687439, -0.6557758450508118, 0.6773815155029297, -0.697117030620575, -0.716957151889801, 0.0005344835808500648, -0.9990176558494568, 0.973619818687439, -0.6557758450508118, 0.6773815155029297, -1.0007001161575317, -1.0011121034622192, -1.0009881258010864, -0.6000000238418579, -0.00023493333719670773, -0.9902471303939819, -0.9031571745872498, -0.9979047775268555, -0.9927642941474915, -1.0, -0.9994556307792664, -0.4821409285068512, 0.48071837425231934, -0.7176553606987, -0.48500198125839233, -0.42644116282463074, -0.9816837310791016, -0.5995512008666992, -0.6587603092193604, -0.8239292502403259], [0.9785735011100769, -0.6547253727912903, -0.02709858864545822, -0.6904675364494324, -0.723351240158081, 0.004191799554973841, -0.9990387558937073, 0.9781295657157898, -0.6525382995605469, -0.49006983637809753, -0.9995074272155762, -1.000873327255249, -1.0012764930725098, -1.0, -0.0004258596454747021, -0.9912572503089905, -0.9091670513153076, -1.0, -0.9923164248466492, -1.0, -0.9993991255760193, -0.4811605215072632, 0.48323696851730347, -0.7176553606987, -0.48500198125839233, -0.42644116282463074, -0.9816837310791016, -0.5995512008666992, -0.6587603092193604, -0.8239292502403259], [-0.6297627687454224, 0.283445805311203, 0.7024404406547546, -0.0002942257560789585, 0.0011118706315755844, -0.9999993443489075, -0.9990686774253845, -0.6297627687454224, 0.283445805311203, 0.7024404406547546, -1.0008634328842163, -0.9995133280754089, -0.9987523555755615, -0.6000000238418579, 0.0004593469202518463, -0.990979790687561, -0.9089716672897339, -0.901276707649231, -0.9923283457756042, -1.0, -0.9995264410972595, -0.4802834093570709, 0.4901173710823059, -0.7176553606987, -0.48500198125839233, -0.42644116282463074, -0.9816837310791016, -0.5995512008666992, -0.6587603092193604, 