{"n_joints": 24, "joint_descriptions": [[-0.6351182460784912, -0.23643670976161957, 0.7074204087257385, -0.00047644731239415705, 0.002234731102362275, -0.9999973773956299, -0.9987984299659729, -0.6351182460784912, -0.23643670976161957, 0.7074204087257385, -1.001450538635254, -1.0020402669906616, -0.99896240234375, -0.6000000238418579, -0.00029922465910203755, -0.9898235201835632, -0.8927509784698486, -0.8674449920654297, -0.9922327399253845, -1.0, -0.9994521737098694, -0.48344671726226807, 0.49127036333084106, -0.67738276720047, -0.4318464994430542, -0.3702070116996765, -0.976789116859436, -0.5283758044242859, -0.6197680234909058, -0.7919294238090515], [-0.7798389196395874, -0.4278223216533661, 0.7251473665237427, -0.7106084227561951, 0.7035861015319824, 0.0015109374653548002, -0.9987671375274658, -0.7798389196395874, -0.4278223216533661, 0.7251473665237427, -0.9989048838615417, -1.0004721879959106, -1.0025371313095093, -0.6000000238418579, -0.0006009246571920812, -0.9901307225227356, -0.9017577767372131, -0.8464453816413879, -0.9923259615898132, -1.0, -0.9993440508842468, -0.4862346947193146, 0.48244786262512207, -0.67738276720047, -0.4318464994430542, -0.3702070116996765, -0.976789116859436, -0.5283758044242859, -0.6197680234909058, -0.7919294238090515], [-0.972234845161438, -0.6554121375083923, 0.7173526287078857, -0.7083510756492615, 0.7058601379394531, -0.0004996820935048163, -0.9987686276435852, -0.972234845161438, -0.6554121375083923, 0.7173526287078857, -1.0010509490966797, -0.9995552897453308, -1.0024563074111938, -0.6000000238418579, 0.0008022263064049184, -0.9902625679969788, -0.9022121429443359, -0.7963089346885681, -0.9922493100166321, -1.0, -0.9994633793830872, -0.4830441474914551, 0.48238807916641235, -0.67738276720047, -0.4318464994430542, -0.3702070116996765, -0.976789116859436, -0.5283758044242859, -0.6197680234909058, -0.7919294238090515], [-0.9733520746231079, -0.6563703417778015, 0.0253172405064106, -0.7085751891136169, 0.7056339979171753, -0.0013570747105404735, -0.9987305998802185, -0.9740409851074219, -0.6576271057128906, -0.4534400999546051, -1.00212562084198, -1.001509666442871, -1.0009983777999878, -1.0, 0.0021379163954406977, -0.9902371168136597, -0.9057450294494629, -0.9579163789749146, -0.9919984936714172, -1.0, -0.9994045495986938, -0.4912105202674866, 0.49081721901893616, -0.67738276720047, -0.4318464994430542, -0.3702070116996765, -0.976789116859436, -0.5283758044242859, -0.6197680234909058, -0.7919294238090515], [-0.008616525679826736, -0.4032627046108246, 0.7143136858940125, 0.0028647168073803186, -0.0012563010677695274, -0.9999951124191284, -0.998742938041687, -0.008616525679826736, -0.4032627046108246, 0.7143136858940125, -0.9996176958084106, -1.0025099515914917, -0.9989102482795715, -0.6000000238418579, 0.0026268931105732918, -0.9902207851409912, -0.8920595645904541, -0.9360231161117554, -0.9921635389328003, -1.0, -0.9994024634361267, -0.4797927141189575, 0.48006513714790344, -0.67738276720047, -0.4318464994430542, -0.3702070116996765, -0.976789116859436, -0.5283758044242859, -0.6197680234909058, -0.7919294238090515], [-0.013592259958386421, -0.6631985306739807, 0.6929716467857361, -0.9998784065246582, 0.014119982719421387, 0.006618893705308437, -0.9987261295318604, -0.013592259958386421, -0.6631985306739807, 0.6929716467857361, -0.9989275932312012, -0.9995869994163513, -1.0024820566177368, -0.6000000238418579, -0.0002961974823847413, -0.9901245832443237, -0.9121673107147217, -0.8580893278121948, -0.9921412467956543, -1.0, -0.9994970560073853, -0.4861695468425751, 0.4912673234939575, -0.67738276720047, -0.4318464994430542, -0.3702070116996765, -0.976789116859436, -0.5283758044242859, -0.6197680234909058, -0.7919294238090515], [-0.011105410754680634, -0.9934866428375244, 0.7036867141723633, -0.9999279379844666, 0.005786671303212643, 0.010516569949686527, -0.9987691640853882, -0.011105410754680634, -0.9934866428375244, 0.7036867141723633, -1.0010666847229004, -1.000382900238037, -1.0025097131729126, -0.6000000238418579, -0.0016418138984590769, -0.9902698397636414, -0.9036719799041748, -1.0, -0.9916251301765442, -0.9916977286338806, -0.9994125366210938, -0.48390647768974304, 0.4749792516231537, -0.67738276720047, -0.4318464994430542, -0.3702070116996765, -0.976789116859436, -0.5283758044242859, -0.6197680234909058, -0.7919294238090515], [-0.0051725879311561584, -0.9967660903930664, 0.013979015871882439, -0.9998428225517273, 0.01765160821378231, 0.0016446283552795649, -0.9987725019454956, -0.011724833399057388, -0.993362307548523, -0.4785364866256714, -1.0004225969314575, -1.002474308013916, -1.0010486841201782, -1.0, -0.001497301273047924, -0.9910117983818054, -0.9007889032363892, -0.946474552154541, -0.9920730590820312, -1.0, -0.9993910789489746, -0.4910356402397156, 0.47452670335769653, -0.67738276720047, -0.4318464994430542, -0.3702070116996765, -0.976789116859436, -0.5283758044242859, -0.6197680234909058, -0.7919294238090515], [0.6305140852928162, -0.242853581905365, 0.6987527012825012, 0.0027097659185528755, 0.0015028872294351459, -0.9999951720237732, -0.9987348318099976, 0.6305140852928162, -0.242853581905365, 0.6987527012825012, -0.9979161620140076, -1.0014665126800537, -0.9989346265792847, -0.6000000238418579, -0.0007789311930537224, -0.990262508392334, -0.9017361402511597, -1.0, -0.9919107556343079, -1.0, -0.9994197487831116, -0.4827858805656433, 0.4885452687740326, -0.67738276720047, -0.4318464994430542, -0.3702070116996765, -0.976789116859436, -0.5283758044242859, -0.6197680234909058, -0.7919294238090515], [0.7841573357582092, -0.43529003858566284, 0.6815627217292786, -0.7026835083961487, -0.7115024924278259, 0.0003047256905119866, -0.9987857937812805, 0.7841573357582092, -0.43529003858566284, 0.6815627217292786, -0.9995365738868713, -0.9989511966705322, -1.002476453781128, -0.6000000238418579, 0.0004300298460293561, -0.9902584552764893, -0.9032151103019714, -0.8840600252151489, -0.9922404885292053, -1.0, -0.999481201171875, -0.47475895285606384, 0.4796324372291565, -0.67738276720047, -0.4318464994430542, -0.3702070116996765, -0.976789116859436, -0.5283758044242859, -0.6197680234909058, -0.7919294238090515], [0.9750584363937378, -0.6697930693626404, 0.703658938407898, -0.6982553005218506, -0.7158290147781372, -0.005326019134372473, -0.998742938041687, 0.9750584363937378, -0.6697930693626404, 0.703658938407898, -1.0004647970199585, -1.001046895980835, -1.0024105310440063, -0.6000000238418579, -0.00122471759095788, -0.9901763200759888, -0.9031985402107239, -0.9498529434204102, -0.9924618005752563, -1.0, -0.9994207620620728, -0.4830459952354431, 0.48282331228256226, -0.67738276720047, -0.4318464994430542, -0.3702070116996765, -0.976789116859436, -0.5283758044242859, -0.6197680234909058, -0.7919294238090515], [0.9765526056289673, -0.6603628993034363, -0.01642528548836708, -0.695780336856842, -0.718212902545929, 0.007740456145256758, -0.9988104104995728, 0.9736635088920593, -0.6552126407623291, -0.5044831037521362, -0.9985538721084595, -1.0020174980163574, -1.0010643005371094, -1.0, 0.0024547616485506296, -0.9898448586463928, -0.9007229804992676, -0.8059528470039368, -0.9920157790184021, -1.0, -0.9993965029716492, -0.48987001180648804, 0.48260506987571716, -0.67738276720047, -0.4318464994430542, -0.3702070116996765, -0.976789116859436, -0.5283758044242859, -0.6197680234909058, -0.7919294238090515], [-0.6324536204338074, 0.28315508365631104, 0.7224776744842529, 0.0012898747809231281, -0.0025444873608648777, -0.9999959468841553, -0.9987610578536987, -0.6324536204338074, 0.28315508365631104, 0.7224776744842529, -1.002000093460083, -0.9985499382019043, -0.9989783763885498, -0.6000000238418579, 0.002096239710226655, -0.990027666091919, -0.9045861959457397, -1.0, -0.9920575022697449, -1.0, -0.9994988441467285, -0.4843296408653259, 0.48109233379364014, -0.67738276720047, -0.4318464994430542, -0.3702070116996765, -0.976789116859436, -0.5283758044242859, -0.6197680234909058, -0.7919294238090515], 