{"n_joints": 24, "joint_descriptions": [[-0.596192479133606, -0.257973849773407, 0.6689106822013855, 0.007358126807957888, -0.0016314038075506687, -0.9999715685844421, -0.9983206987380981, -0.596192479133606, -0.257973849773407, 0.6689106822013855, -1.0008504390716553, -1.0026968717575073, -0.9981787204742432, -0.6000000238418579, 0.0012316942447796464, -0.9900261759757996, -0.8905295729637146, -1.0, -0.9923480153083801, -1.0, -0.9994274973869324, -0.49098753929138184, 0.48005205392837524, -0.6726428270339966, -0.3890294134616852, -0.33497634530067444, -0.968228816986084, -0.4969881474971771, -0.5481253266334534, -0.7829422950744629], [-0.7444533109664917, -0.40851742029190063, 0.6487454771995544, -0.706874668598175, 0.7072468400001526, 0.011407218873500824, -0.9983071088790894, -0.7444533109664917, -0.40851742029190063, 0.6487454771995544, -0.99777752161026, -1.0003474950790405, -1.0025540590286255, -0.6000000238418579, 0.0014789702836424112, -0.9895027875900269, -0.890057384967804, -0.8124780058860779, -0.9900054931640625, -1.0, -0.9994253516197205, -0.4773608148097992, 0.48188450932502747, -0.6726428270339966, -0.3890294134616852, -0.33497634530067444, -0.968228816986084, -0.4969881474971771, -0.5481253266334534, -0.7829422950744629], [-0.9710676074028015, -0.6669247150421143, 0.6478374004364014, -0.7039880156517029, 0.710206151008606, -0.002854919293895364, -0.9982541799545288, -0.9710676074028015, -0.6669247150421143, 0.6478374004364014, -1.0022597312927246, -0.9996497631072998, -1.0024973154067993, -0.6000000238418579, 0.0019634251948446035, -0.9891414046287537, -0.8925312161445618, -0.9488178491592407, -0.9909378886222839, -0.9401818513870239, -0.9994174838066101, -0.483284592628479, 0.4817972779273987, -0.6726428270339966, -0.3890294134616852, -0.33497634530067444, -0.968228816986084, -0.4969881474971771, -0.5481253266334534, -0.7829422950744629], [-0.9747269153594971, -0.6736708283424377, -0.05222487449645996, -0.7128206491470337, 0.7013393640518188, -0.0031321318820118904, -0.9982871413230896, -0.9778318405151367, -0.6787775158882141, -0.5089274048805237, -1.0026644468307495, -1.0008283853530884, -1.0019125938415527, -1.0, -0.0018931177910417318, -0.9890149235725403, -0.8841436505317688, -0.9065598845481873, -0.9911954402923584, -1.0, -0.9993835091590881, -0.4770750403404236, 0.47568127512931824, -0.6726428270339966, -0.3890294134616852, -0.33497634530067444, -0.968228816986084, -0.4969881474971771, -0.5481253266334534, -0.7829422950744629], [0.006245831027626991, -0.42793190479278564, 0.6971489191055298, -0.006563280243426561, 0.013991685584187508, -0.9998805522918701, -0.9982686042785645, 0.006245831027626991, -0.42793190479278564, 0.6971489191055298, -0.9986843466758728, -1.0026323795318604, -0.9981326460838318, -0.6000000238418579, 0.0003684688126668334, -0.989190936088562, -0.8954424262046814, -0.7783603668212891, -0.9913914799690247, -1.0, -0.9993885159492493, -0.48907727003097534, 0.48777201771736145, -0.6726428270339966, -0.3890294134616852, -0.33497634530067444, -0.968228816986084, -0.4969881474971771, -0.5481253266334534, -0.7829422950744629], [0.007244950160384178, -0.6510031223297119, 0.6972108483314514, -0.999895453453064, 0.007893877103924751, 0.012114230543375015, -0.9983088374137878, 0.007244950160384178, -0.6510031223297119, 0.6972108483314514, -0.9981012940406799, -0.998653769493103, -1.002479076385498, -0.6000000238418579, -0.0016513863811269403, -0.9895074367523193, -0.8882298469543457, -0.7466337084770203, -0.9899596571922302, -0.8970561027526855, -0.9993441104888916, -0.475643128156662, 0.48039311170578003, -0.6726428270339966, -0.3890294134616852, -0.33497634530067444, -0.968228816986084, -0.4969881474971771, -0.5481253266334534, -0.7829422950744629], [-0.00015996152069419622, -0.9994001984596252, 0.695662260055542, -0.9999977946281433, -0.0005679107853211462, 0.0020285036880522966, -0.9982482194900513, -0.00015996152069419622, -0.9994001984596252, 0.695662260055542, -1.0019248723983765, -1.0013965368270874, -1.0026767253875732, -0.6000000238418579, 0.0009470751392655075, -0.9893189072608948, -0.8902125954627991, -1.0, -0.9918195009231567, -1.0, -0.9992708563804626, -0.4746326208114624, 0.482888787984848, -0.6726428270339966, -0.3890294134616852, -0.33497634530067444, -0.968228816986084, -0.4969881474971771, -0.5481253266334534, -0.7829422950744629], [-0.0024047133047133684, -0.9874683618545532, 0.019590215757489204, -0.9999410510063171, -0.0007114385371096432, 0.010837267152965069, -0.998241662979126, -0.006809425074607134, -0.9867377877235413, -0.4338056743144989, -1.0013422966003418, -1.0027081966400146, -1.0019240379333496, -1.0, 0.0016593876061961055, -0.9895424246788025, -0.8909714818000793, -0.9021337628364563, -0.9913913011550903, -1.0, -0.9994329214096069, -0.4826168119907379, 0.48710188269615173, -0.6726428270339966, -0.3890294134616852, -0.33497634530067444, -0.968228816986084, -0.4969881474971771, -0.5481253266334534, -0.7829422950744629], [0.6129232048988342, -0.2517450153827667, 0.6693866848945618, 0.004160051699727774, -0.01640717126429081, -0.99985671043396, -0.998315691947937, 0.6129232048988342, -0.2517450153827667, 0.6693866848945618, -0.9972367882728577, -1.0007917881011963, -0.9980602860450745, -0.6000000238418579, 9.120413596974686e-05, -0.9891328811645508, -0.8879813551902771, -0.9517096281051636, -0.9914588928222656, -1.0, -0.9993303418159485, -0.48332521319389343, 0.4871807396411896, -0.6726428270339966, -0.3890294134616852, -0.33497634530067444, -0.968228816986084, -0.4969881474971771, -0.5481253266334534, -0.7829422950744629], [0.747596263885498, -0.41038575768470764, 0.6570574045181274, -0.7062154412269592, -0.7079908847808838, -0.0029402803629636765, -0.9982827305793762, 0.747596263885498, -0.41038575768470764, 0.6570574045181274, -0.9996517300605774, -0.997649610042572, -1.0025113821029663, -0.6000000238418579, -0.0010745178442448378, -0.9890600442886353, -0.8876875638961792, -0.9326026439666748, -0.9912933707237244, -1.0, -0.999393105506897, -0.4857080280780792, 0.4893626570701599, -0.6726428270339966, -0.3890294134616852, -0.33497634530067444, -0.968228816986084, -0.4969881474971771, -0.5481253266334534, -0.7829422950744629], [0.9787631630897522, -0.6572043299674988, 0.6599067449569702, -0.7067060470581055, -0.707504153251648, -0.002098317025229335, -0.9983792304992676, 0.9787631630897522, -0.6572043299674988, 0.6599067449569702, -1.0004035234451294, -1.0021803379058838, -1.0025640726089478, -0.6000000238418579, -0.0013836842263117433, -0.9890087246894836, -0.887568473815918, -0.8856678605079651, -0.9903137683868408, -1.0, -0.9993610382080078, -0.48257142305374146, 0.4833230674266815, -0.6726428270339966, -0.3890294134616852, -0.33497634530067444, -0.968228816986084, -0.4969881474971771, -0.5481253266334534, -0.7829422950744629], [0.970474362373352, -0.6598777174949646, -0.012264609336853027, -0.7091001272201538, -0.7051070332527161, -0.0010384018532931805, -0.9982927441596985, 0.9629121422767639, -0.6625292897224426, -0.5000696182250977, -0.9992521405220032, -1.0027052164077759, -1.0018993616104126, -1.0, -0.0009229495190083981, -0.9900883436203003, -0.8938683271408081, -0.9611683487892151, -0.9912221431732178, -1.0, -0.9994397163391113, -0.48605528473854065, 0.4833381175994873, -0.6726428270339966, -0.3890294134616852, -0.33497634530067444, -0.968228816986084, -0.4969881474971771, -0.5481253266334534, -0.7829422950744629], [-0.5922542810440063, 0.2905513644218445, 0.6674164533615112, 0.0007886303355917335, 0.014901109039783478, -0.9998886585235596, -0.9983054995536804, -0.5922542810440063, 0.2905513644218445, 0.6674164533615112, -1.0028239488601685, -0.9991268515586853, -0.99806809425354, -0.6000000238418579, -0.00019137182971462607, -0.9902239441871643, -0.8798283338546753, -0.7302749156951904, -0.9923940896987915, -1.0, -0.9993188381195068, -0.4907779395580292, 0.49085745215415955, -0.6726428270339966, -0.3890294134616852, -0.33497634530067444, -0.968228816986084, 