{"n_joints": 24, "joint_descriptions": [[-0.6489112973213196, -0.2407432645559311, 0.716401994228363, -0.005344385281205177, 0.0034439864102751017, -0.9999797940254211, -0.9990450739860535, -0.6489112973213196, -0.2407432645559311, 0.716401994228363, -1.0009742975234985, -1.0012645721435547, -0.9991406202316284, -0.6000000238418579, 0.0007155959610827267, -0.9911758303642273, -0.9106764197349548, -0.9508072733879089, -0.9924471974372864, -1.0, -0.999444842338562, -0.4808827340602875, 0.4839623272418976, -0.7207828164100647, -0.4942755401134491, -0.4187527000904083, -0.9820169806480408, -0.5720031261444092, -0.6650826334953308, -0.8128188252449036], [-0.7969499230384827, -0.43657398223876953, 0.7177040576934814, -0.7040863633155823, 0.7101142406463623, -0.00040079798782244325, -0.9990530610084534, -0.7969499230384827, -0.43657398223876953, 0.7177040576934814, -0.9992470741271973, -1.0004547834396362, -1.0015534162521362, -0.6000000238418579, -0.000414751295465976, -0.9909761548042297, -0.9101981520652771, -1.0, -0.9927517771720886, -0.998540997505188, -0.9994432330131531, -0.48140615224838257, 0.48270153999328613, -0.7207828164100647, -0.4942755401134491, -0.4187527000904083, -0.9820169806480408, -0.5720031261444092, -0.6650826334953308, -0.8128188252449036], [-0.9821652770042419, -0.6667383313179016, 0.7198657393455505, -0.7028799057006836, 0.7113068699836731, -0.0015474342508241534, -0.9990624189376831, -0.9821652770042419, -0.6667383313179016, 0.7198657393455505, -1.000738501548767, -0.9995332956314087, -1.0015653371810913, -0.6000000238418579, -0.0008063230197876692, -0.9910575151443481, -0.9107237458229065, -0.9599688053131104, -0.992639422416687, -1.0, -0.9994454383850098, -0.4829423725605011, 0.4826638698577881, -0.7207828164100647, -0.4942755401134491, -0.4187527000904083, -0.9820169806480408, -0.5720031261444092, -0.6650826334953308, -0.8128188252449036], [-0.9799078106880188, -0.6653417348861694, 0.00468099769204855, -0.7036057710647583, 0.7105896472930908, 0.001125043025240302, -0.9990634322166443, -0.9817845821380615, -0.6670531630516052, -0.49673065543174744, -1.0012537240982056, -1.0009599924087524, -1.0008655786514282, -1.0, 0.0009794512297958136, -0.9910672307014465, -0.9087899923324585, -0.9978891015052795, -0.9927970170974731, -1.0, -0.9994729161262512, -0.4856031537055969, 0.48608672618865967, -0.7207828164100647, -0.4942755401134491, -0.4187527000904083, -0.9820169806480408, -0.5720031261444092, -0.6650826334953308, -0.8128188252449036], [-0.013002944178879261, -0.39337989687919617, 0.7128176689147949, -8.996496035251766e-05, -0.0008366997935809195, -0.9999996423721313, -0.9990512132644653, -0.013002944178879261, -0.39337989687919617, 0.7128176689147949, -0.9997904300689697, -1.001569390296936, -0.999148964881897, -0.6000000238418579, 0.00022539671044796705, -0.9909874796867371, -0.9085696935653687, -0.9046400785446167, -0.992692232131958, -1.0, -0.9994767308235168, -0.48434484004974365, 0.48418954014778137, -0.7207828164100647, -0.4942755401134491, -0.4187527000904083, -0.9820169806480408, -0.5720031261444092, -0.6650826334953308, -0.8128188252449036], [-0.015153687447309494, -0.6637890934944153, 0.7201724648475647, -0.9999901652336121, 0.004089174326509237, 0.0017260380554944277, -0.9990549683570862, -0.015153687447309494, -0.6637890934944153, 0.7201724648475647, -0.9991554617881775, -0.9997929930686951, -1.0015654563903809, -0.6000000238418579, 0.0002820994704961777, -0.9909777641296387, -0.9118071794509888, -0.9556585550308228, -0.9929543733596802, -1.0, -0.9994720816612244, -0.48204362392425537, 0.4839780330657959, -0.7207828164100647, -0.4942755401134491, -0.4187527000904083, -0.9820169806480408, -0.5720031261444092, -0.6650826334953308, -0.8128188252449036], [-0.014162997715175152, -0.999571681022644, 0.7175392508506775, -0.9999978542327881, 0.001529294764623046, -0.0014044231502339244, -0.9990602135658264, -0.014162997715175152, -0.999571681022644, 0.7175392508506775, -1.0008504390716553, -1.0002018213272095, -1.001547932624817, -0.6000000238418579, -0.0006505888304673135, -0.991058349609375, -0.9099826812744141, -1.0, -0.9929381608963013, -1.0, -0.999488115310669, -0.4842398762702942, 0.48300832509994507, -0.7207828164100647, -0.4942755401134491, -0.4187527000904083, -0.9820169806480408, -0.5720031261444092, -0.6650826334953308, -0.8128188252449036], [-0.014499636366963387, -0.997106671333313, -0.0032592234201729298, -0.9999988675117493, 0.0014061302645131946, -0.000516427680850029, -0.9990542531013489, -0.012582280673086643, -0.9979300498962402, -0.49635520577430725, -1.0002144575119019, -1.0015416145324707, -1.0008560419082642, -1.0, -0.0005074224318377674, -0.9908411502838135, -0.9101893901824951, -0.9442676901817322, -0.992739200592041, -0.9888267517089844, -0.9994773864746094, -0.48297029733657837, 0.4809303879737854, -0.7207828164100647, -0.4942755401134491, -0.4187527000904083, -0.9820169806480408, -0.5720031261444092, -0.6650826334953308, -0.8128188252449036], [0.6299037337303162, -0.24103182554244995, 0.7181125283241272, -0.0015952044632285833, 0.0013212644262239337, -0.9999978542327881, -0.9990659356117249, 0.6299037337303162, -0.24103182554244995, 0.7181125283241272, -0.9987404346466064, -1.0009379386901855, -0.999152660369873, -0.6000000238418579, -0.001532109803520143, -0.9909677505493164, -0.9110305905342102, -1.0, -0.9927584528923035, -1.0, -0.9994745850563049, -0.48277750611305237, 0.48045772314071655, -0.7207828164100647, -0.4942755401134491, -0.4187527000904083, -0.9820169806480408, -0.5720031261444092, -0.6650826334953308, -0.8128188252449036], [0.7857145071029663, -0.4293781816959381, 0.7142806649208069, -0.6993617415428162, -0.7147676348686218, 0.0005914065986871719, -0.9990561008453369, 0.7857145071029663, -0.4293781816959381, 0.7142806649208069, -0.9995564222335815, -0.9992514252662659, -1.0015685558319092, -0.6000000238418579, 1.7726690202835016e-05, -0.9910159707069397, -0.9111153483390808, -0.9479365348815918, -0.9927394986152649, -1.0, -0.9994521141052246, -0.48179784417152405, 0.48407885432243347, -0.7207828164100647, -0.4942755401134491, -0.4187527000904083, -0.9820169806480408, -0.5720031261444092, -0.6650826334953308, -0.8128188252449036], [0.972651481628418, -0.666360080242157, 0.715039849281311, -0.700577437877655, -0.7135599851608276, 0.004836694803088903, -0.9990355968475342, 0.972651481628418, -0.666360080242157, 0.715039849281311, -1.000443935394287, -1.0007597208023071, -1.0015850067138672, -0.6000000238418579, 0.00011323628132231534, -0.9910419583320618, -0.9110454320907593, -0.9621535539627075, -0.9925517439842224, -1.0, -0.9994654059410095, -0.4827994704246521, 0.48270708322525024, -0.7207828164100647, -0.4942755401134491, -0.4187527000904083, -0.9820169806480408, -0.5720031261444092, -0.6650826334953308, -0.8128188252449036], [0.9772205352783203, -0.6665095090866089, -0.006940683349967003, -0.6996456980705261, -0.7144899368286133, 5.40550026926212e-05, -0.9990583062171936, 0.978524923324585, -0.6650429368019104, -0.49331220984458923, -0.9990226030349731, -1.0012550354003906, -1.000840187072754, -1.0, 0.0003936259017791599, -0.9911467432975769, -0.9110120534896851, -0.9491058588027954, -0.9927456974983215, -0.9790347814559937, -0.9994708299636841, -0.48135611414909363, 0.48273709416389465, -0.7207828164100647, -0.4942755401134491, -0.4187527000904083, -0.9820169806480408, -0.5720031261444092, -0.6650826334953308, -0.8128188252449036], [-0.6481617093086243, 0.2801869213581085, 0.7295066118240356, -0.0021013417281210423, 0.0010229768231511116, -0.9999972581863403, -0.9990575313568115, -0.6481617093086243, 0.2801869213581085, 0.7295066118240356, -1.0012531280517578, -0.9990403652191162, -0.9991557598114014, -0.6000000238418579, 0.0002277219173265621, -0.990962028503418, -0.9105598330497742, -0.9394389986991882, -0.9925161600112915, -1.0, -0.9994826316833496, -0.4805421531200409, 0.4826730787754059, -0.7207828164100647, -0.4942755401134491, -0.4187527000904083, -0.9820169806480408, 