{"n_joints": 24, "joint_descriptions": [[-0.6294227838516235, -0.20326580107212067, 0.7705845236778259, 0.028037240728735924, 0.0059478189796209335, -0.999589204788208, -0.9989201426506042, -0.6294227838516235, -0.20326580107212067, 0.7705845236778259, -1.005370020866394, -1.0047281980514526, -0.998920202255249, -0.6000000238418579, 0.009267360903322697, -0.990327775478363, -0.9043349623680115, -0.6391665935516357, -0.9935081601142883, -1.0, -0.999657154083252, -0.5099758505821228, 0.5049291253089905, -0.7112545967102051, -0.5741834044456482, -0.42682042717933655, -0.9734909534454346, -0.4414554238319397, -0.6758935451507568, -0.7238621115684509], [-0.7972516417503357, -0.5016078948974609, 0.772621750831604, -0.632602334022522, 0.7743338346481323, -0.01487924437969923, -0.9986193180084229, -0.7972516417503357, -0.5016078948974609, 0.772621750831604, -0.9992066025733948, -1.0011982917785645, -1.0062179565429688, -0.6000000238418579, 0.005785370711237192, -0.9927157163619995, -0.9053130149841309, -1.0, -0.9971957206726074, -1.0, -0.9994051456451416, -0.5059033036231995, 0.5060072541236877, -0.7112545967102051, -0.5741834044456482, -0.42682042717933655, -0.9734909534454346, -0.4414554238319397, -0.6758935451507568, -0.7238621115684509], [-0.9370564818382263, -0.6859300136566162, 0.7329288721084595, -0.7042402625083923, 0.7098550796508789, 0.012306851334869862, -0.9985555410385132, -0.9370564818382263, -0.6859300136566162, 0.7329288721084595, -1.0015521049499512, -0.9995718598365784, -1.0072318315505981, -0.6000000238418579, 0.011393049731850624, -0.9899770021438599, -0.8827291131019592, -0.48351436853408813, -0.9875727891921997, -0.39289605617523193, -0.999927282333374, -0.5311700701713562, 0.4651722311973572, -0.7112545967102051, -0.5741834044456482, -0.42682042717933655, -0.9734909534454346, -0.4414554238319397, -0.6758935451507568, -0.7238621115684509], [-0.9631726741790771, -0.6517153382301331, 0.06487004458904266, -0.6448119878768921, 0.762656033039093, 0.050727248191833496, -0.9985476136207581, -0.9598414301872253, -0.7156226634979248, -0.3277515769004822, -1.0050997734069824, -1.0045526027679443, -1.000238299369812, -1.0, -0.011077306233346462, -0.9951939582824707, -0.8931154012680054, -1.0, -0.9887826442718506, -1.0, -0.999548614025116, -0.4510878324508667, 0.4940250813961029, -0.7112545967102051, -0.5741834044456482, -0.42682042717933655, -0.9734909534454346, -0.4414554238319397, -0.6758935451507568, -0.7238621115684509], [-0.03382201865315437, -0.2781754732131958, 0.7465003132820129, -0.04619444161653519, 0.06572214514017105, -0.9967681169509888, -0.9989249110221863, -0.03382201865315437, -0.2781754732131958, 0.7465003132820129, -0.9998047351837158, -1.0046186447143555, -0.9992077946662903, -0.6000000238418579, -0.004915087483823299, -0.9871951937675476, -0.9629747271537781, -1.0, -0.9894707798957825, -0.52392578125, -0.9997588992118835, -0.4843943417072296, 0.5139080286026001, -0.7112545967102051, -0.5741834044456482, -0.42682042717933655, -0.9734909534454346, -0.4414554238319397, -0.6758935451507568, -0.7238621115684509], [-0.039190858602523804, -0.7014998197555542, 0.7938916087150574, -0.9991061091423035, -0.042178235948085785, -0.0028176007326692343, -0.9989462494850159, -0.039190858602523804, -0.7014998197555542, 0.7938916087150574, -0.9986925721168518, -0.999740481376648, -1.0071165561676025, -0.6000000238418579, -0.0039477963000535965, -0.9952327013015747, -0.868013858795166, -0.9564337730407715, -0.9967243075370789, -0.35493308305740356, -0.9998497366905212, -0.5247582197189331, 0.45302388072013855, -0.7112545967102051, -0.5741834044456482, -0.42682042717933655, -0.9734909534454346, -0.4414554238319397, -0.6758935451507568, -0.7238621115684509], [-0.03471197560429573, -0.970116138458252, 0.7902196645736694, -0.9951043725013733, -0.07103714346885681, -0.06871002167463303, -0.9990130066871643, -0.03471197560429573, -0.970116138458252, 0.7902196645736694, -1.0013644695281982, -0.999667763710022, -1.0062884092330933, -0.6000000238418579, -0.0071488418616354465, -0.9928402304649353, -0.9626396298408508, -1.0, -0.9858018159866333, -1.0, -0.9998700618743896, -0.5096635818481445, 0.4460563659667969, -0.7112545967102051, -0.5741834044456482, -0.42682042717933655, -0.9734909534454346, -0.4414554238319397, -0.6758935451507568, -0.7238621115684509], [-0.02111700177192688, -0.9827848672866821, 0.060440465807914734, -0.9999711513519287, 0.0022346375044435263, -0.007258707657456398, -0.9991768002510071, -0.016024209558963776, -1.0, -0.3746289014816284, -0.9997648596763611, -1.005098819732666, -1.00092613697052, -1.0, 0.009650911204516888, -0.9934805631637573, -0.8998231291770935, -1.0, -0.988414466381073, -1.0, -0.9995984435081482, -0.5078116059303284, 0.5004779100418091, -0.7112545967102051, -0.5741834044456482, -0.42682042717933655, -0.9734909534454346, -0.4414554238319397, -0.6758935451507568, -0.7238621115684509], [0.6291401982307434, -0.15254239737987518, 0.7143551707267761, -0.0268142931163311, -0.013514718040823936, -0.9995490908622742, -0.9988588690757751, 0.6291401982307434, -0.15254239737987518, 0.7143551707267761, -0.9963268041610718, -1.0030673742294312, -0.9990372061729431, -0.6000000238418579, -0.012553725391626358, -0.9853383302688599, -0.959219217300415, -1.0, -0.9902651906013489, -0.3368591070175171, -0.999854326248169, -0.49302035570144653, 0.517757773399353, -0.7112545967102051, -0.5741834044456482, -0.42682042717933655, -0.9734909534454346, -0.4414554238319397, -0.6758935451507568, -0.7238621115684509], [0.7713177800178528, -0.33750754594802856, 0.6629082560539246, -0.6521834135055542, -0.7573361396789551, 0.03314771503210068, -0.9988332390785217, 0.7713177800178528, -0.33750754594802856, 0.6629082560539246, -0.9993867874145508, -0.998697817325592, -1.006775975227356, -0.6000000238418579, -0.008301397785544395, -0.9919182658195496, -0.9057443141937256, -0.8276705145835876, -0.9941101670265198, -1.0, -0.9995443820953369, -0.5115112066268921, 0.4818327724933624, -0.7112545967102051, -0.5741834044456482, -0.42682042717933655, -0.9734909534454346, -0.4414554238319397, -0.6758935451507568, -0.7238621115684509], [0.8621384501457214, -0.5451628565788269, 0.7349877953529358, -0.6456562280654907, -0.7602561116218567, 0.07168465852737427, -0.9986860752105713, 0.8621384501457214, -0.5451628565788269, 0.7349877953529358, -1.0004680156707764, -1.001084566116333, -1.00813889503479, -0.6000000238418579, 0.010570505633950233, -0.993122935295105, -0.9483395218849182, -0.6037982702255249, -0.9932137131690979, -0.14814221858978271, -0.99910968542099, -0.4532151222229004, 0.47386518120765686, -0.7112545967102051, -0.5741834044456482, -0.42682042717933655, -0.9734909534454346, -0.4414554238319397, -0.6758935451507568, -0.7238621115684509], [0.8580702543258667, -0.6258255243301392, 0.13745006918907166, -0.5821973085403442, -0.8122931122779846, 0.03501665219664574, -0.9986909627914429, 0.8367139101028442, -0.6169429421424866, -0.26986241340637207, -0.99424147605896, -1.0047087669372559, -1.0019705295562744, -1.0, -0.01063021831214428, -0.9920666217803955, -0.855991542339325, -0.9194645881652832, -0.9887650012969971, -1.0, -0.9997262954711914, -0.46861788630485535, 0.5007948279380798, -0.7112545967102051, -0.5741834044456482, -0.42682042717933655, -0.9734909534454346, -0.4414554238319397, -0.6758935451507568, -0.7238621115684509], [-0.6441512703895569, 0.18877942860126495, 0.7013447284698486, 0.004397294018417597, 0.05636374652385712, -0.9984006285667419, -0.998823881149292, -0.6441512703895569, 0.18877942860126495, 0.7013447284698486, -1.0039739608764648, -0.995246946811676, -0.9988702535629272, -0.6000000238418579, 0.013367836363613605, -0.9906449317932129, -0.8524712324142456, -1.0, -0.991737425327301, -1.0, -0.9997801184654236, -0.4546361565589905, 0.43650755286216736, -0.7112545967102051, -0.5741834044456482, -0.42682042717933655, -0.9734909534454346, -0.4414554238319397, -0.6758935451507568, -0.7238621115684509], [-0.7638074159622192, 