{"n_joints": 24, "joint_descriptions": [[-0.5955557227134705, -0.2616721987724304, 0.673578143119812, -0.004305646289139986, -0.0014025457203388214, -0.9999897480010986, -0.9987357258796692, -0.5955557227134705, -0.2616721987724304, 0.673578143119812, -1.0007975101470947, -1.0013346672058105, -0.9976223111152649, -0.6000000238418579, 0.0030123863834887743, -0.989683985710144, -0.9002677202224731, -0.994959831237793, -0.9906283020973206, -0.9912538528442383, -0.9993676543235779, -0.4809953570365906, 0.47780248522758484, -0.6877722144126892, -0.4309685230255127, -0.3650895059108734, -0.9734994769096375, -0.5555858612060547, -0.6201444268226624, -0.7929097414016724], [-0.7467893362045288, -0.4326438903808594, 0.6641031503677368, -0.6948416233062744, 0.7190687656402588, 0.011630861088633537, -0.9985252618789673, -0.7467893362045288, -0.4326438903808594, 0.6641031503677368, -0.9977140426635742, -1.0017167329788208, -1.0016673803329468, -0.6000000238418579, 0.000856251863297075, -0.989160418510437, -0.9006410241127014, -0.8123971819877625, -0.9932567477226257, -0.9777796864509583, -0.999391496181488, -0.4784409701824188, 0.4784211814403534, -0.6877722144126892, -0.4309685230255127, -0.3650895059108734, -0.9734994769096375, -0.5555858612060547, -0.6201444268226624, -0.7929097414016724], [-0.9510190486907959, -0.671390175819397, 0.6599721312522888, -0.6835950016975403, 0.729745090007782, 0.013037772849202156, -0.9986122846603394, -0.9510190486907959, -0.671390175819397, 0.6599721312522888, -1.0022438764572144, -0.9984332919120789, -1.0015709400177002, -0.6000000238418579, 0.004470221698284149, -0.989667534828186, -0.906873881816864, -0.7077219486236572, -0.9914750456809998, -0.8461920022964478, -0.9996119737625122, -0.4994276463985443, 0.4894384443759918, -0.6877722144126892, -0.4309685230255127, -0.3650895059108734, -0.9734994769096375, -0.5555858612060547, -0.6201444268226624, -0.7929097414016724], [-0.9666001796722412, -0.6592363119125366, 0.011308863759040833, -0.7050504088401794, 0.7091424465179443, 0.004567945841699839, -0.998550534248352, -0.9613332152366638, -0.6624523401260376, -0.4391539394855499, -1.0015865564346313, -1.00091552734375, -1.0025382041931152, -1.0, -0.0031526521779596806, -0.9911435842514038, -0.904471218585968, -1.0, -0.9923397302627563, -0.9292678833007812, -0.9993306994438171, -0.4811270833015442, 0.4766838252544403, -0.6877722144126892, -0.4309685230255127, -0.3650895059108734, -0.9734994769096375, -0.5555858612060547, -0.6201444268226624, -0.7929097414016724], [-0.0009540941100567579, -0.39586591720581055, 0.6797552704811096, 0.005042246077209711, -0.029665008187294006, -0.9995471835136414, -0.9987439513206482, -0.0009540941100567579, -0.39586591720581055, 0.6797552704811096, -0.9996510744094849, -1.001488447189331, -0.9976320266723633, -0.6000000238418579, 0.002366705099120736, -0.9902128577232361, -0.9222439527511597, -0.72935950756073, -0.992570698261261, -0.9904022812843323, -0.99945068359375, -0.4835278391838074, 0.4840098023414612, -0.6877722144126892, -0.4309685230255127, -0.3650895059108734, -0.9734994769096375, -0.5555858612060547, -0.6201444268226624, -0.7929097414016724], [0.0027917565312236547, -0.6564160585403442, 0.6862180233001709, -0.999920129776001, 0.012485397979617119, -0.0019762881565839052, -0.9986529350280762, 0.0027917565312236547, -0.6564160585403442, 0.6862180233001709, -0.9973394274711609, -0.9995806813240051, -1.0016356706619263, -0.6000000238418579, -0.0036390256136655807, -0.9911806583404541, -0.898804247379303, -0.89263916015625, -0.9927389621734619, -0.8205447793006897, -0.9995357394218445, -0.49349722266197205, 0.4825831353664398, -0.6877722144126892, -0.4309685230255127, -0.3650895059108734, -0.9734994769096375, -0.5555858612060547, -0.6201444268226624, -0.7929097414016724], [-0.0013025016523897648, -0.992101788520813, 0.6793703436851501, -0.9995416402816772, 0.01611947827041149, 0.025626517832279205, -0.9987236261367798, -0.0013025016523897648, -0.992101788520813, 0.6793703436851501, -1.0026805400848389, -1.0003116130828857, -1.0015816688537598, -0.6000000238418579, -0.004858053755015135, -0.9892252683639526, -0.9219965934753418, -0.8394289016723633, -0.9894985556602478, -1.0, -0.9995558857917786, -0.48088526725769043, 0.4768257439136505, -0.6877722144126892, -0.4309685230255127, -0.3650895059108734, -0.9734994769096375, -0.5555858612060547, -0.6201444268226624, -0.7929097414016724], [-0.008137483149766922, -0.9907007217407227, -0.022150078788399696, -0.9998548030853271, 0.01639936864376068, 0.004628750029951334, -0.9987657070159912, -0.009937251918017864, -0.9768996834754944, -0.47104567289352417, -1.0004158020019531, -1.001359224319458, -1.0025767087936401, -1.0, 0.002674043644219637, -0.9896478056907654, -0.8992389440536499, -1.0, -0.9918949604034424, -1.0, -0.9993361234664917, -0.4795767366886139, 0.4759807884693146, -0.6877722144126892, -0.4309685230255127, -0.3650895059108734, -0.9734994769096375, -0.5555858612060547, -0.6201444268226624, -0.7929097414016724], [0.6394818425178528, -0.23594717681407928, 0.6589505076408386, -0.011580009013414383, -0.00470475759357214, -0.9999218583106995, -0.9986636638641357, 0.6394818425178528, -0.23594717681407928, 0.6589505076408386, -0.9986693263053894, -1.0006998777389526, -0.9976440072059631, -0.6000000238418579, -0.0047797709703445435, -0.9886151552200317, -0.9184918999671936, -1.0, -0.992664098739624, -0.811221718788147, -0.9995405673980713, -0.47663018107414246, 0.48722773790359497, -0.6877722144126892, -0.4309685230255127, -0.3650895059108734, -0.9734994769096375, -0.5555858612060547, -0.6201444268226624, -0.7929097414016724], [0.7789301872253418, -0.3878946304321289, 0.6514198184013367, -0.6849821209907532, -0.7285535931587219, 0.0030385314021259546, -0.9986560940742493, 0.7789301872253418, -0.3878946304321289, 0.6514198184013367, -0.9984481334686279, -0.9977231621742249, -1.0016099214553833, -0.6000000238418579, -0.0005272240960039198, -0.9889819025993347, -0.9000260829925537, -0.8512654900550842, -0.9911937117576599, -1.0, -0.9993316531181335, -0.4821760058403015, 0.4803445637226105, -0.6877722144126892, -0.4309685230255127, -0.3650895059108734, -0.9734994769096375, -0.5555858612060547, -0.6201444268226624, -0.7929097414016724], [0.9869593381881714, -0.6346531510353088, 0.6958025693893433, -0.6706702709197998, -0.741736114025116, 0.005380260292440653, -0.9985061287879944, 0.9869593381881714, -0.6346531510353088, 0.6958025693893433, -1.001484751701355, -1.0022785663604736, -1.0017014741897583, -0.6000000238418579, 0.0031553301960229874, -0.9893946647644043, -0.9083088040351868, -0.6147085428237915, -0.9911507964134216, -0.6231852173805237, -0.9993693828582764, -0.4828275442123413, 0.48668837547302246, -0.6877722144126892, -0.4309685230255127, -0.3650895059108734, -0.9734994769096375, -0.5555858612060547, -0.6201444268226624, -0.7929097414016724], [0.9760280847549438, -0.6485756635665894, 0.039552319794893265, -0.7077808380126953, -0.7062771916389465, -0.014792883768677711, -0.9986077547073364, 0.9867212772369385, -0.6467625498771667, -0.4226309359073639, -0.9991321563720703, -1.001420259475708, -1.0027310848236084, -1.0, -0.0026087879668921232, -0.9889776110649109, -0.888339638710022, -0.9002553224563599, -0.9922877550125122, -0.9896154403686523, -0.9994217753410339, -0.4902728199958801, 0.47596585750579834, -0.6877722144126892, -0.4309685230255127, -0.3650895059108734, -0.9734994769096375, -0.5555858612060547, -0.6201444268226624, -0.7929097414016724], [-0.5977237224578857, 0.2650426924228668, 0.6444458365440369, 0.0011737182503566146, 0.014754308387637138, -0.9998904466629028, -0.998623788356781, -0.5977237224578857, 0.2650426924228668, 0.6444458365440369, -1.0014102458953857, -0.9991349577903748, -0.9972506761550903, -0.6000000238418579, 0.005879548378288746, -0.98995441198349, -0.8850640654563904, -0.8214119076728821, -0.9915677905082703, -1.0, -0.9994699954986572, -0.48391085863113403, 0.46815088391304016, -0.6877722144126892, 