{"n_joints": 24, "joint_descriptions": [[-0.6195266842842102, -0.26401591300964355, 0.7404475808143616, 0.017507465556263924, -0.0070859519764781, -0.9998216032981873, -0.9988038539886475, -0.6195266842842102, -0.26401591300964355, 0.7404475808143616, -1.0018749237060547, -1.0020672082901, -0.998329222202301, -0.6000000238418579, 0.005162034183740616, -0.989852249622345, -0.8954497575759888, -0.9031062722206116, -0.991189181804657, -1.0, -0.9994558691978455, -0.4898320734500885, 0.48533326387405396, -0.7081984281539917, -0.4792621433734894, -0.3575517535209656, -0.9734861254692078, -0.5232177972793579, -0.6326552033424377, -0.7701170444488525], [-0.7788524627685547, -0.4738696813583374, 0.7425042390823364, -0.6792318224906921, 0.7338496446609497, -0.010432049632072449, -0.9985207319259644, -0.7788524627685547, -0.4738696813583374, 0.7425042390823364, -0.9983263611793518, -1.0014142990112305, -1.0028321743011475, -0.6000000238418579, 0.0024884019512683153, -0.9901513457298279, -0.8987296223640442, -0.9266526699066162, -0.994629442691803, -0.9448226094245911, -0.9994233250617981, -0.48621171712875366, 0.48625627160072327, -0.7081984281539917, -0.4792621433734894, -0.3575517535209656, -0.9734861254692078, -0.5232177972793579, -0.6326552033424377, -0.7701170444488525], [-0.9599742293357849, -0.6930558681488037, 0.7197340130805969, -0.7100671529769897, 0.7041199803352356, 0.004441388882696629, -0.9986222982406616, -0.9599742293357849, -0.6930558681488037, 0.7197340130805969, -1.0016621351242065, -0.9988104104995728, -1.0028716325759888, -0.6000000238418579, 0.006833501625806093, -0.9902991056442261, -0.9016461372375488, -0.6253268122673035, -0.9901899695396423, -0.7185584306716919, -0.9997234344482422, -0.5102895498275757, 0.4838115870952606, -0.7081984281539917, -0.4792621433734894, -0.3575517535209656, -0.9734861254692078, -0.5232177972793579, -0.6326552033424377, -0.7701170444488525], [-0.973883867263794, -0.6717803478240967, 0.06484096497297287, -0.662807285785675, 0.7487038373947144, -0.011357670649886131, -0.9985566735267639, -0.9622527956962585, -0.6905649304389954, -0.3686766028404236, -1.0024534463882446, -1.0019471645355225, -1.0017255544662476, -1.0, -0.005836432334035635, -0.992534875869751, -0.9070143699645996, -1.0, -0.9913277626037598, -1.0, -0.9993675351142883, -0.4715005159378052, 0.4777010679244995, -0.7081984281539917, -0.4792621433734894, -0.3575517535209656, -0.9734861254692078, -0.5232177972793579, -0.6326552033424377, -0.7701170444488525], [-0.012843324802815914, -0.3744012117385864, 0.7248468995094299, -0.02801228128373623, 0.03701005131006241, -0.9989222288131714, -0.998805046081543, -0.012843324802815914, -0.3744012117385864, 0.7248468995094299, -0.9998157024383545, -1.0024499893188477, -0.9984338283538818, -0.6000000238418579, 0.0003207616973668337, -0.9892891049385071, -0.9365301132202148, -0.8358514308929443, -0.9917109608650208, -0.8591229915618896, -0.9995542764663696, -0.48083755373954773, 0.49349844455718994, -0.7081984281539917, -0.4792621433734894, -0.3575517535209656, -0.9734861254692078, -0.5232177972793579, -0.6326552033424377, -0.7701170444488525], [-0.011633319780230522, -0.6808444261550903, 0.7458425164222717, -0.9999597668647766, 0.006842625327408314, -0.005798859056085348, -0.9987321496009827, -0.011633319780230522, -0.6808444261550903, 0.7458425164222717, -0.9979605674743652, -0.9996678829193115, -1.0030056238174438, -0.6000000238418579, -0.005027956794947386, -0.9925732612609863, -0.8888029456138611, -0.8849647045135498, -0.9941328167915344, -0.6845143437385559, -0.9996448755264282, -0.5040109157562256, 0.4732218086719513, -0.7081984281539917, -0.4792621433734894, -0.3575517535209656, -0.9734861254692078, -0.5232177972793579, -0.6326552033424377, -0.7701170444488525], [-0.011170782148838043, -0.9878745675086975, 0.7386545538902283, -0.9991533756256104, -0.03781167045235634, -0.016209637746214867, -0.9988232851028442, -0.011170782148838043, -0.9878745675086975, 0.7386545538902283, -1.0020312070846558, -1.0000333786010742, -1.0026923418045044, -0.6000000238418579, -0.006865710951387882, -0.9902610778808594, -0.9362448453903198, -0.8636756539344788, -0.9882203340530396, -0.989607036113739, -0.9996656775474548, -0.48959988355636597, 0.46665820479393005, -0.7081984281539917, -0.4792621433734894, -0.3575517535209656, -0.9734861254692078, -0.5232177972793579, -0.6326552033424377, -0.7701170444488525], [-0.012234069406986237, -0.9823108911514282, 0.017139481380581856, -0.9999826550483704, -0.0027968387585133314, 0.005186731927096844, -0.9989161491394043, -0.0173311997205019, -0.966942548751831, -0.4420579969882965, -1.000285267829895, -1.0023033618927002, -1.0018292665481567, -1.0, 0.004902529995888472, -0.9908528327941895, -0.8987616896629333, -1.0, -0.9907742142677307, -1.0, -0.9994038939476013, -0.4878943860530853, 0.4815988838672638, -0.7081984281539917, -0.4792621433734894, -0.3575517535209656, -0.9734861254692078, -0.5232177972793579, -0.6326552033424377, -0.7701170444488525], [0.6524330973625183, -0.22760389745235443, 0.6975171566009521, -0.002408629283308983, 0.00139676034450531, -0.9999961256980896, -0.9987255334854126, 0.6524330973625183, -0.22760389745235443, 0.6975171566009521, -0.9981265664100647, -1.0014169216156006, -0.9983474016189575, -0.6000000238418579, -0.007367359008640051, -0.9874731302261353, -0.9326605200767517, -1.0, -0.992200493812561, -0.6656073331832886, -0.9996498227119446, -0.4770554304122925, 0.4971826374530792, -0.7081984281539917, -0.4792621433734894, -0.3575517535209656, -0.9734861254692078, -0.5232177972793579, -0.6326552033424377, -0.7701170444488525], [0.7947472929954529, -0.3914095163345337, 0.6719047427177429, -0.6765948534011841, -0.73635333776474, -0.0017919848905876279, -0.9987120032310486, 0.7947472929954529, -0.3914095163345337, 0.6719047427177429, -0.9988527297973633, -0.9982739686965942, -1.0029603242874146, -0.6000000238418579, -0.0031572391744703054, -0.9895332455635071, -0.8950181603431702, -0.8319512605667114, -0.9915526509284973, -1.0, -0.9993651509284973, -0.4912691116333008, 0.4839707314968109, -0.7081984281539917, -0.4792621433734894, -0.3575517535209656, -0.9734861254692078, -0.5232177972793579, -0.6326552033424377, -0.7701170444488525], [0.9621691107749939, -0.6250808238983154, 0.7228554487228394, -0.6492042541503906, -0.76029372215271, 0.022076193243265152, -0.9985549449920654, 0.9621691107749939, -0.6250808238983154, 0.7228554487228394, -1.0010744333267212, -1.0016462802886963, -1.0031509399414062, -0.6000000238418579, 0.005689461249858141, -0.9905176162719727, -0.9219029545783997, -0.6175214052200317, -0.9910380244255066, -0.4662458896636963, -0.999282717704773, -0.4734743535518646, 0.48783400654792786, -0.7081984281539917, -0.4792621433734894, -0.3575517535209656, -0.9734861254692078, -0.5232177972793579, -0.6326552033424377, -0.7701170444488525], [0.9489930868148804, -0.6567466855049133, 0.07814206928014755, -0.6450827717781067, -0.7635310888290405, -0.02980775386095047, -0.9986046552658081, 0.9504410028457642, -0.6506902575492859, -0.3716389834880829, -0.9980689287185669, -1.0021671056747437, -1.0021008253097534, -1.0, -0.005297072231769562, -0.9896334409713745, -0.8771514296531677, -0.8999375700950623, -0.9913010597229004, -1.0, -0.9995220899581909, -0.4866209626197815, 0.48182767629623413, -0.7081984281539917, -0.4792621433734894, -0.3575517535209656, -0.9734861254692078, -0.5232177972793579, -0.6326552033424377, -0.7701170444488525], [-0.6308974623680115, 0.2140178680419922, 0.6837460994720459, -0.00479603698477149, 0.027539825066924095, -0.9996091723442078, -0.99870365858078, -0.6308974623680115, 0.2140178680419922, 0.6837460994720459, -1.0020503997802734, -0.998073935508728, -0.9980359077453613, -0.6000000238418579, 0.008557944558560848, -0.9895468950271606, -0.8736682534217834, -0.807340681552887, -0.9922960996627808, -1.0, -0.9995753765106201, -0.4748266041278839, 0.4573724865913391, -0.7081984281539917, -0.4792621433734894, -0.3575517535209656, 