{"n_joints": 23, "joint_descriptions": [[-0.13353915512561798, -0.01168263889849186, 0.6917175650596619, 0.00021494699467439204, -0.0008040677639655769, 0.9999996423721313, -0.9982759356498718, -0.14518269896507263, -0.023201972246170044, 0.8012158274650574, -1.000009536743164, -0.9999916553497314, -0.9999856352806091, -0.6000000238418579, -0.0001249689667019993, -0.9920283555984497, -0.8746011853218079, -0.9110149145126343, -0.993266761302948, -1.0, -0.9946185350418091, -0.23881597816944122, 0.24130001664161682, -0.7240142822265625, -0.4734443426132202, -0.4276011884212494, -0.9457040429115295, -0.8286478519439697, -0.7288151383399963, -0.2693011164665222], [-0.14145363867282867, -0.012533648870885372, 0.8088012933731079, -0.0029598854016512632, -0.9999933242797852, -0.002147326245903969, -0.9975916743278503, -0.09757674485445023, -0.007014134898781776, 0.9978240132331848, -0.9999660849571228, -0.9999566078186035, -0.9998102188110352, -1.0, 5.1418199291219935e-05, -0.9920681118965149, -0.8717800378799438, -0.9352803826332092, -0.9936162233352661, -1.0, -0.9949889183044434, -0.18851646780967712, 0.05490893870592117, -0.7240142822265625, -0.4734443426132202, -0.4276011884212494, -0.9457040429115295, -0.8286478519439697, -0.7288151383399963, -0.2693011164665222], [-0.15717102587223053, 0.4648314118385315, 0.646641731262207, -0.002481782576069236, 0.9999954104423523, -0.0017346569802612066, -0.997954785823822, -0.15579727292060852, 0.6640726923942566, 0.6470428705215454, -1.000061273574829, -1.0000286102294922, -0.9999663829803467, -0.6000000238418579, -0.0005546780885197222, -0.980762779712677, -0.8127270936965942, -0.9241313338279724, -0.9931161403656006, -0.9997087717056274, -0.995164692401886, -0.5078560709953308, 0.18497534096240997, -0.7240142822265625, -0.4734443426132202, -0.4276011884212494, -0.9457040429115295, -0.8286478519439697, -0.7288151383399963, -0.2693011164665222], [-0.1512214094400406, 0.6784927248954773, 0.6484485864639282, -0.9999895095825195, -0.0029672891832888126, -0.003483355510979891, -0.9993817806243896, -0.12826929986476898, 0.7076111435890198, 0.5851933360099792, -1.0000158548355103, -0.9999933838844299, -0.9999808073043823, -0.6000000238418579, 0.214969202876091, -0.98003089427948, -0.8040093183517456, -0.9562720060348511, -0.9932078123092651, -0.9907005429267883, -0.995157778263092, -0.23879548907279968, 0.2654406428337097, -0.7240142822265625, -0.4734443426132202, -0.4276011884212494, -0.9457040429115295, -0.8286478519439697, -0.7288151383399963, -0.2693011164665222], [-0.13990801572799683, 0.7241072058677673, 0.5496360063552856, -0.00599192688241601, -0.17273898422718048, 0.9849494099617004, -0.9960758090019226, -0.14949430525302887, 0.7890662550926208, 0.4101354777812958, -0.9996926188468933, -0.9994148015975952, -0.999833345413208, -0.6000000238418579, 6.554149877047166e-05, -0.9796828627586365, -0.8034567832946777, -0.9055048227310181, -0.9929988980293274, -1.0, -0.9951349496841431, -0.34992027282714844, 0.348760187625885, -0.7240142822265625, -0.4734443426132202, -0.4276011884212494, -0.9457040429115295, -0.8286478519439697, -0.7288151383399963, -0.2693011164665222], [-0.12383923679590225, 0.8350350260734558, 0.3086494505405426, -0.005059242248535156, 0.9857651591300964, 0.1680518388748169, -0.9987473487854004, 0.18462011218070984, 0.914068877696991, 0.14335893094539642, -0.999825119972229, -0.9996382594108582, -0.9998399615287781, -1.0, -0.06132165342569351, -0.9792344570159912, -0.806816041469574, -0.8752457499504089, -0.9933474063873291, -1.0, -0.9950392246246338, -0.3777068257331848, 0.0028968604747205973, -0.7240142822265625, -0.4734443426132202, -0.4276011884212494, -0.9457040429115295, -0.8286478519439697, -0.7288151383399963, -0.2693011164665222], [-0.1742921620607376, -0.4895683526992798, 0.6468614935874939, -0.001039709779433906, -0.9999924898147583, 0.00372835760936141, -0.9979308247566223, -0.18462443351745605, -0.6945414543151855, 0.6491415500640869, -1.0000618696212769, -1.0000276565551758, -0.9999659657478333, -0.6000000238418579, -0.0007895929156802595, -0.9794500470161438, -0.8120466470718384, -0.9425684809684753, -0.9934528470039368, -1.0, -0.9950321912765503, -0.1884291172027588, 0.508979856967926, -0.7240142822265625, -0.4734443426132202, -0.4276011884212494, -0.9457040429115295, -0.8286478519439697, -0.7288151383399963, -0.2693011164665222], [-0.1783572882413864, -0.6908431649208069, 0.6471660733222961, -0.9999581575393677, -0.0023541892878711224, 0.008837421424686909, -0.999366044998169, -0.1518351286649704, -0.7252497673034668, 0.5850692391395569, -1.0000180006027222, -1.0000126361846924, -1.000014066696167, -0.6000000238418579, -0.21620260179042816, -0.979572057723999, -0.819250762462616, -0.9467481374740601, -0.9935388565063477, -0.9644736051559448, -0.9951692819595337, -0.2678968012332916, 0.2425532191991806, -0.7240142822265625, -0.4734443426132202, -0.4276011884212494, -0.9457040429115295, -0.8286478519439697, -0.7288151383399963, -0.2693011164665222], [-0.18784180283546448, -0.7384644150733948, 0.5472130179405212, 0.010404873639345169, 0.16566535830497742, 0.9861271381378174, -0.9960419535636902, -0.18457375466823578, -0.8053662776947021, 0.407878041267395, -0.9996857643127441, -1.0006155967712402, -0.9999608397483826, -0.6000000238418579, 0.0002994053065776825, -0.9790390729904175, -0.8132913708686829, -0.9144933819770813, -0.9931808114051819, -0.9850058555603027, -0.9946188926696777, -0.35024309158325195, 0.34948351979255676, -0.7240142822265625, -0.4734443426132202, -0.4276011884212494, -0.9457040429115295, -0.8286478519439697, -0.7288151383399963, -0.2693011164665222], [-0.1976841539144516, -0.8451915979385376, 0.3077999949455261, 0.007757851853966713, -0.9860228896141052, 0.16642917692661285, -0.9987169504165649, 0.09460274875164032, -0.9213492274284363, 0.14115385711193085, -0.9998016357421875, -1.000380039215088, -0.999880850315094, -1.0, 0.06122199818491936, -0.9792124629020691, -0.8155901432037354, -0.9273545145988464, -0.9928881525993347, -1.0, -0.9952536225318909, 0.0011318591423332691, 0.37499919533729553, -0.7240142822265625, -0.4734443426132202, -0.4276011884212494, -0.9457040429115295, -0.8286478519439697, -0.7288151383399963, -0.2693011164665222], [-0.1379205584526062, -0.012820400297641754, 0.006086243316531181, 0.0003015380643773824, -0.002528622280806303, 0.9999967813491821, -0.9900973439216614, -0.13342265784740448, -0.016564782708883286, 0.021222854033112526, -1.000049114227295, -0.9997449517250061, -0.9995213150978088, -0.20000000298023224, 0.002375587821006775, -0.9657373428344727, -0.8810278177261353, -0.9122682809829712, -0.9932203888893127, -1.0, -0.9950029253959656, -0.2414596825838089, 0.24172811210155487, -0.7240142822265625, -0.4734443426132202, -0.4276011884212494, -0.9457040429115295, -0.8286478519439697, -0.7288151383399963, -0.2693011164665222], [-0.14212322235107422, 0.45871415734291077, 0.007792942691594362, -0.018628859892487526, 0.9998189806938171, -0.0038724017795175314, -0.9960840940475464, -0.06808723509311676, 0.4255143702030182, -0.02281380444765091, -1.0000133514404297, -0.9999901652336121, -0.999855101108551, -0.6000000238418579, -0.0640076994895935, -0.9474788904190063, -0.8685586452484131, -0.9296943545341492, -0.9934965968132019, -1.0, -0.9950795769691467, -0.2794906795024872, 0.24104571342468262, -0.7240142822265625, -0.4734443426132202, -0.4276011884212494, -0.9457040429115295, -0.8286478519439697, -0.7288151383399963, -0.2693011164665222], [-0.06636636704206467, 0.4633382558822632, -0.031988609582185745, -0.9167004823684692, -0.020728062838315964, -0.39903703331947327, -0.9985119104385376, 0.11369994282722473, 0.45854148268699646, -0.12371683865785599, -1.0000871419906616, -0.9999591708183289, -0.9999834299087524, -0.6000000238418579, -0.0002661949838511646, -0.9666703343391418, -0.8936206698417664, -0.987444281578064, -0.9931607842445374, -1.0, -0.9950465559959412, -0.24229411780834198, 0.028333893045783043, -0.7240142822265625, 