{"n_joints": 23, "joint_descriptions": [[-0.12410740554332733, -0.00994356069713831, 0.6845436692237854, 0.0018016583053395152, -0.0002875015779864043, 0.9999983310699463, -0.998134970664978, -0.11622615903615952, -0.014942330308258533, 0.7936012744903564, -1.0000157356262207, -0.9999929070472717, -0.9999823570251465, -0.6000000238418579, 0.0002519541303627193, -0.9918374419212341, -0.881252110004425, -0.9601095914840698, -0.9930850863456726, -1.0, -0.9949405193328857, -0.24959030747413635, 0.24423380196094513, -0.7068971395492554, -0.4456426799297333, -0.46343252062797546, -0.9425016045570374, -0.8168894648551941, -0.7004371285438538, -0.23861059546470642], [-0.12195544689893723, -0.014783738180994987, 0.8066964745521545, -0.0028298944234848022, -0.999907374382019, 0.013310736045241356, -0.9974585771560669, -0.08730505406856537, -0.014727973379194736, 0.9971762299537659, -0.9999849796295166, -0.9999178647994995, -0.9997585415840149, -1.0, 0.00017293680866714567, -0.9916282296180725, -0.8682759404182434, -0.8064190745353699, -0.9920934438705444, -1.0, -0.9942287802696228, -0.19477492570877075, 0.06216153874993324, -0.7068971395492554, -0.4456426799297333, -0.46343252062797546, -0.9425016045570374, -0.8168894648551941, -0.7004371285438538, -0.23861059546470642], [-0.13014604151248932, 0.4677959382534027, 0.6390734314918518, 0.0007403893978334963, 0.9999997019767761, -0.00032701081363484263, -0.997826337814331, -0.15383285284042358, 0.6633646488189697, 0.6377401351928711, -1.0000956058502197, -1.0000325441360474, -0.9999768137931824, -0.6000000238418579, 0.000991482986137271, -0.9791758060455322, -0.8078910112380981, -0.8578929901123047, -0.9928666353225708, -0.9794678092002869, -0.9949306845664978, -0.5068750977516174, 0.18803589046001434, -0.7068971395492554, -0.4456426799297333, -0.46343252062797546, -0.9425016045570374, -0.8168894648551941, -0.7004371285438538, -0.23861059546470642], [-0.13062357902526855, 0.683660089969635, 0.6342142820358276, -0.9999817609786987, 0.0032534149941056967, -0.005084376782178879, -0.9993100762367249, -0.10824757814407349, 0.6980393528938293, 0.5700172781944275, -1.0000234842300415, -0.9999968409538269, -0.9999761581420898, -0.6000000238418579, 0.21616798639297485, -0.979668140411377, -0.8211705088615417, -0.9569118022918701, -0.9933722019195557, -1.0, -0.9956009984016418, -0.2411404550075531, 0.2707320749759674, -0.7068971395492554, -0.4456426799297333, -0.46343252062797546, -0.9425016045570374, -0.8168894648551941, -0.7004371285438538, -0.23861059546470642], [-0.14520585536956787, 0.7332794666290283, 0.5329706072807312, 0.013074332848191261, -0.16519588232040405, 0.9861741065979004, -0.9957653880119324, -0.13935261964797974, 0.8060449361801147, 0.38816899061203003, -0.9997784495353699, -0.9991021752357483, -0.9997721910476685, -0.6000000238418579, 0.0008036242215894163, -0.9807461500167847, -0.8029481172561646, -0.9537904858589172, -0.9927939176559448, -1.0, -0.994875431060791, -0.3527596592903137, 0.34881410002708435, -0.7068971395492554, -0.4456426799297333, -0.46343252062797546, -0.9425016045570374, -0.8168894648551941, -0.7004371285438538, -0.23861059546470642], [-0.15460139513015747, 0.8515961766242981, 0.2867955267429352, 0.0160185806453228, 0.9837428331375122, 0.17886698246002197, -0.9985935091972351, 0.15371987223625183, 0.9334310293197632, 0.11432604491710663, -0.9998751282691956, -0.9994016289710999, -0.999825119972229, -1.0, -0.06133655086159706, -0.9785805344581604, -0.8063803315162659, -0.868353009223938, -0.9934704303741455, -1.0, -0.9945048689842224, -0.37812772393226624, 0.0023511466570198536, -0.7068971395492554, -0.4456426799297333, -0.46343252062797546, -0.9425016045570374, -0.8168894648551941, -0.7004371285438538, -0.23861059546470642], [-0.1412077248096466, -0.47925588488578796, 0.6407025456428528, -0.0011360166827216744, -0.9999992847442627, 0.0002934929507318884, -0.9977947473526001, -0.14380641281604767, -0.6803120374679565, 0.6388331055641174, -1.0000944137573242, -1.0000346899032593, -0.9999781847000122, -0.6000000238418579, 0.0008122288272716105, -0.9795984029769897, -0.8118887543678284, -1.0, -0.9927595257759094, -1.0, -0.9950309991836548, -0.1885090321302414, 0.514259397983551, -0.7068971395492554, -0.4456426799297333, -0.46343252062797546, -0.9425016045570374, -0.8168894648551941, -0.7004371285438538, -0.23861059546470642], [-0.1452540159225464, -0.6841574907302856, 0.6405445337295532, -0.9999712109565735, -0.004875910002738237, 0.005817665718495846, -0.9993557929992676, -0.12797914445400238, -0.7222459316253662, 0.576370120048523, -1.0000263452529907, -1.0000098943710327, -1.0000184774398804, -0.6000000238418579, -0.2164309024810791, -0.9776992797851562, -0.8301941752433777, -0.9013704061508179, -0.9930115938186646, -1.0, -0.9942430853843689, -0.2703509032726288, 0.24118782579898834, -0.7068971395492554, -0.4456426799297333, -0.46343252062797546, -0.9425016045570374, -0.8168894648551941, -0.7004371285438538, -0.23861059546470642], [-0.15954643487930298, -0.7268223166465759, 0.5417668223381042, 0.006139562930911779, 0.16175790131092072, 0.9868113994598389, -0.9956487417221069, -0.18683190643787384, -0.7838058471679688, 0.396829217672348, -0.999799907207489, -1.0008883476257324, -0.9999132752418518, -0.6000000238418579, 0.0007717557600699365, -0.9786643981933594, -0.8223540186882019, -0.9660689830780029, -0.993916928768158, -1.0, -0.9948198795318604, -0.3497219681739807, 0.3461107909679413, -0.7068971395492554, -0.4456426799297333, -0.46343252062797546, -0.9425016045570374, -0.8168894648551941, -0.7004371285438538, -0.23861059546470642], [-0.17183153331279755, -0.8453967571258545, 0.2909865081310272, -0.0018768017180263996, -0.9857602119445801, 0.1681467592716217, -0.9986408948898315, 0.10371430963277817, -0.9254962205886841, 0.12084436416625977, -0.99986732006073, -1.0005720853805542, -0.9998812675476074, -1.0, 0.06047546863555908, -0.9785787463188171, -0.7996646761894226, -0.9243700504302979, -0.9928790926933289, -1.0, -0.9948767423629761, 0.0005301221390254796, 0.3756299614906311, -0.7068971395492554, -0.4456426799297333, -0.46343252062797546, -0.9425016045570374, -0.8168894648551941, -0.7004371285438538, -0.23861059546470642], [-0.11444037407636642, -0.0061124772764742374, -0.0061796787194907665, -0.003497976576909423, 0.00549251027405262, 0.99997878074646, -0.9893463253974915, -0.09180883318185806, -0.005157152656465769, 0.00827847607433796, -1.0001273155212402, -0.9996103048324585, -0.9994331002235413, -0.20000000298023224, 0.00022376397100742906, -0.9649529457092285, -0.8890577554702759, -1.0, -0.9930112957954407, -1.0, -0.9948295950889587, -0.24812982976436615, 0.24426622688770294, -0.7068971395492554, -0.4456426799297333, -0.46343252062797546, -0.9425016045570374, -0.8168894648551941, -0.7004371285438538, -0.23861059546470642], [-0.1169620156288147, 0.47130197286605835, -0.0014580716378986835, -0.00042378564830869436, 0.999995231628418, -0.003059472655877471, -0.9955883026123047, -0.05269895866513252, 0.43944957852363586, -0.03817923367023468, -1.0000454187393188, -0.9999719858169556, -0.9998175501823425, -0.6000000238418579, -0.06543877720832825, -0.947864294052124, -0.8625850081443787, -1.0, -0.9930095672607422, -1.0, -0.9955571889877319, -0.26917845010757446, 0.24303045868873596, -0.7068971395492554, -0.4456426799297333, -0.46343252062797546, -0.9425016045570374, -0.8168894648551941, -0.7004371285438538, -0.23861059546470642], [-0.04278172180056572, 0.46678513288497925, -0.03367548808455467, -0.9101322889328003, 0.0011157393455505371, -0.41431623697280884, -0.998349130153656, 0.13661909103393555, 0.47315970063209534, -0.12867318093776703, -1.0001318454742432, -0.9999706149101257, -0.9999889135360718, -0.6000000238418579, -0.0007803982589393854, -0.961119532585144, -0.8817190527915955, -0.8053378462791443, -0.9930614829063416, -1.0, -0.9954288601875305, -0.23483048379421234, 0.031177405267953873, -0.7068971395492554, -0.4456426799297333, -0.46343252062797546, 