{"n_joints": 23, "joint_descriptions": [[-0.15368501842021942, -0.016185889020562172, 0.6896880865097046, 0.00038005696842446923, 0.0009996214648708701, 0.9999994039535522, -0.9982283711433411, -0.16129134595394135, -0.027956470847129822, 0.7996237874031067, -1.0000114440917969, -0.9999935030937195, -0.9999799728393555, -0.6000000238418579, -0.0002794384490698576, -0.9918548464775085, -0.8785132169723511, -0.8528623580932617, -0.9930365085601807, -0.9985381960868835, -0.9951923489570618, -0.24680007994174957, 0.24257363379001617, -0.7281145453453064, -0.45283043384552, -0.4495692849159241, -0.9440779685974121, -0.8199864625930786, -0.7207480072975159, -0.22333188354969025], [-0.15044042468070984, -0.017906606197357178, 0.8080100417137146, -0.008096830919384956, -0.9999672174453735, -3.5581229894887656e-05, -0.9975118637084961, -0.11014892905950546, -0.01174666453152895, 0.9970713257789612, -0.99998939037323, -0.9999524354934692, -0.9997487664222717, -1.0, 5.474286081152968e-05, -0.9921668171882629, -0.876379132270813, -0.8714709281921387, -0.9929327368736267, -1.0, -0.9946439266204834, -0.18738515675067902, 0.05748096480965614, -0.7281145453453064, -0.45283043384552, -0.4495692849159241, -0.9440779685974121, -0.8199864625930786, -0.7207480072975159, -0.22333188354969025], [-0.15558414161205292, 0.4575280249118805, 0.6438935399055481, -0.001126555958762765, 0.9999991655349731, -0.0005897561204619706, -0.9978557229042053, -0.17136821150779724, 0.6604739427566528, 0.6455021500587463, -1.0000718832015991, -1.0000382661819458, -0.9999770522117615, -0.6000000238418579, -0.0007012998103164136, -0.9784784317016602, -0.8057255744934082, -0.9678614139556885, -0.993137538433075, -1.0, -0.9947564601898193, -0.5098504424095154, 0.18753357231616974, -0.7281145453453064, -0.45283043384552, -0.4495692849159241, -0.9440779685974121, -0.8199864625930786, -0.7207480072975159, -0.22333188354969025], [-0.14411792159080505, 0.6650130152702332, 0.6422817707061768, -0.9999539256095886, 0.0008670826209709048, -0.009562711231410503, -0.9993600249290466, -0.11652882397174835, 0.6904581189155579, 0.5819738507270813, -1.000017523765564, -0.9999971985816956, -0.9999748468399048, -0.6000000238418579, 0.21436406672000885, -0.9793007373809814, -0.80670166015625, -0.9405530691146851, -0.9929191470146179, -1.0, -0.9952636957168579, -0.2420901656150818, 0.26764270663261414, -0.7281145453453064, -0.45283043384552, -0.4495692849159241, -0.9440779685974121, -0.8199864625930786, -0.7207480072975159, -0.22333188354969025], [-0.14418603479862213, 0.7127556800842285, 0.5456029176712036, -0.010757389478385448, -0.1724444329738617, 0.9849604964256287, -0.995901346206665, -0.142981618642807, 0.7810993790626526, 0.41180911660194397, -0.9997822642326355, -0.9993456602096558, -0.9997938871383667, -0.6000000238418579, 0.00025060182088054717, -0.9794040322303772, -0.8065091967582703, -0.8942233920097351, -0.9931108951568604, -1.0, -0.9952104687690735, -0.3486214578151703, 0.3494678735733032, -0.7281145453453064, -0.45283043384552, -0.4495692849159241, -0.9440779685974121, -0.8199864625930786, -0.7207480072975159, -0.22333188354969025], [-0.1273062378168106, 0.8380302786827087, 0.31693172454833984, 0.00995438639074564, 0.9852396249771118, 0.17089109122753143, -0.9986504316329956, 0.17043431103229523, 0.9150339961051941, 0.16031280159950256, -0.9998824000358582, -0.9995827078819275, -0.9998443722724915, -1.0, -0.06172453984618187, -0.9789127111434937, -0.8059824705123901, -0.8874592185020447, -0.9930136799812317, -1.0, -0.9951479434967041, -0.37747088074684143, -0.0008022193796932697, -0.7281145453453064, -0.45283043384552, -0.4495692849159241, -0.9440779685974121, -0.8199864625930786, -0.7207480072975159, -0.22333188354969025], [-0.1760910004377365, -0.48010143637657166, 0.6450228691101074, -0.000586555281188339, -0.9999980926513672, -0.00185483624227345, -0.9978504776954651, -0.1809031367301941, -0.6760069131851196, 0.6448526978492737, -1.0000702142715454, -1.0000382661819458, -0.9999758005142212, -0.6000000238418579, -0.0009124380303546786, -0.9788342118263245, -0.8057434558868408, -0.9407871961593628, -0.9932894706726074, -1.0, -0.9948702454566956, -0.18856339156627655, 0.5072535872459412, -0.7281145453453064, -0.45283043384552, -0.4495692849159241, -0.9440779685974121, -0.8199864625930786, -0.7207480072975159, -0.22333188354969025], [-0.18038199841976166, -0.6896799802780151, 0.6427096724510193, -0.999992847442627, -0.000891837349627167, 0.0036739083006978035, -0.999364972114563, -0.15385548770427704, -0.7175869345664978, 0.5827368497848511, -1.0000194311141968, -1.0000107288360596, -1.000020980834961, -0.6000000238418579, -0.21621063351631165, -0.979690432548523, -0.8210344910621643, -0.989464521408081, -0.9931046366691589, -1.0, -0.9948315620422363, -0.2684933841228485, 0.24246859550476074, -0.7281145453453064, -0.45283043384552, -0.4495692849159241, -0.9440779685974121, -0.8199864625930786, -0.7207480072975159, -0.22333188354969025], [-0.18692752718925476, -0.7357006072998047, 0.5479937791824341, -0.0006699760560877621, 0.16498102247714996, 0.986296534538269, -0.995823085308075, -0.2026604264974594, -0.7986343502998352, 0.41311216354370117, -0.999775230884552, -1.0006892681121826, -0.9999673366546631, -0.6000000238418579, 0.00011924165301024914, -0.9790103435516357, -0.8147348165512085, -0.89339280128479, -0.9931315779685974, -1.0, -0.9950808882713318, -0.34889429807662964, 0.3521105647087097, -0.7281145453453064, -0.45283043384552, -0.4495692849159241, -0.9440779685974121, -0.8199864625930786, -0.7207480072975159, -0.22333188354969025], [-0.19541653990745544, -0.8465971350669861, 0.3174884617328644, 0.0057455999776721, -0.9858804941177368, 0.1673518866300583, -0.998672366142273, 0.09964796155691147, -0.9250751733779907, 0.1590890735387802, -0.999855637550354, -1.0004312992095947, -0.999901294708252, -1.0, 0.06209991127252579, -0.9792802929878235, -0.818486213684082, -0.8947997689247131, -0.9930004477500916, -0.9686088562011719, -0.9949644804000854, -0.0009951815009117126, 0.3752157986164093, -0.7281145453453064, -0.45283043384552, -0.4495692849159241, -0.9440779685974121, -0.8199864625930786, -0.7207480072975159, -0.22333188354969025], [-0.14656373858451843, -0.01768515817821026, 0.0014175812248140574, -0.0008927739108912647, -0.0010570571757853031, 0.9999990463256836, -0.9896215200424194, -0.14144761860370636, -0.022318236529827118, 0.013920019380748272, -1.0001475811004639, -0.9997169375419617, -0.9993637204170227, -0.20000000298023224, 0.0018051158403977752, -0.9647873044013977, -0.8893193602561951, -1.0, -0.9931749105453491, -0.9964638352394104, -0.9950004816055298, -0.24078963696956635, 0.2387572079896927, -0.7281145453453064, -0.45283043384552, -0.4495692849159241, -0.9440779685974121, -0.8199864625930786, -0.7207480072975159, -0.22333188354969025], [-0.15048156678676605, 0.45857474207878113, 0.001902853255160153, -0.017824849113821983, 0.9998410940170288, 0.0002268562384415418, -0.9958683252334595, -0.07456403970718384, 0.4252758324146271, -0.031506869941949844, -1.0000431537628174, -1.000003457069397, -0.9998165965080261, -0.6000000238418579, -0.06460364907979965, -0.947999894618988, -0.8687991499900818, -0.9115180969238281, -0.993131697177887, -1.0, -0.995077908039093, -0.2762725353240967, 0.241134911775589, -0.7281145453453064, -0.45283043384552, -0.4495692849159241, -0.9440779685974121, -0.8199864625930786, -0.7207480072975159, -0.22333188354969025], [-0.08596093952655792, 0.46187472343444824, -0.035605333745479584, -0.9123241901397705, -0.014190343208611012, -0.40922266244888306, -0.9984683394432068, 0.10680374503135681, 0.4605967104434967, -0.1289960741996765, -1.0001016855239868, -0.9999722838401794, -0.9999711513519287, -0.6000000238418579, 0.0007782229222357273, -0.963458240032196, -0.8900622129440308, -0.9245766401290894, -0.9931759238243103, -1.0, -0.9948968887329102, -0.24231812357902527, 0.03134705126285553, -0.7281145453453064, -0.45283043384552, -0.4495692849159241, 