{"n_joints": 23, "joint_descriptions": [[-0.08246294409036636, -0.013438125140964985, 0.684286892414093, -0.0059984722174704075, 0.0027296398766338825, 0.9999783039093018, -0.9979822635650635, -0.07484567165374756, -0.010262115858495235, 0.7964569330215454, -1.0000224113464355, -0.9999909996986389, -0.999985933303833, -0.6000000238418579, -0.0007261781138367951, -0.9915074706077576, -0.8700835704803467, -1.0, -0.9932547807693481, -0.990976870059967, -0.9942851066589355, -0.2437191754579544, 0.23801961541175842, -0.6994373202323914, -0.43882083892822266, -0.4562901258468628, -0.9385859370231628, -0.8169314861297607, -0.6836946606636047, -0.2681298553943634], [-0.10233353078365326, -0.009717566892504692, 0.806658148765564, 0.0008443883270956576, -0.9999709129333496, -0.00758286751806736, -0.9972565770149231, -0.07092912495136261, -0.006817991379648447, 0.995762050151825, -0.9999658465385437, -0.9998581409454346, -0.9997826814651489, -1.0, 0.00044895903556607664, -0.9908432364463806, -0.8658326864242554, -0.8660578727722168, -0.9921576976776123, -1.0, -0.994491457939148, -0.1965760737657547, 0.058679159730672836, -0.6994373202323914, -0.43882083892822266, -0.4562901258468628, -0.9385859370231628, -0.8169314861297607, -0.6836946606636047, -0.2681298553943634], [-0.10724637657403946, 0.475155770778656, 0.6406034827232361, -0.001047323108650744, 0.9999866485595703, 0.005058718379586935, -0.9977515339851379, -0.12048323452472687, 0.664786159992218, 0.6354421377182007, -1.0001283884048462, -1.0000275373458862, -0.9999750852584839, -0.6000000238418579, 0.002710942178964615, -0.9805338978767395, -0.7945650219917297, -0.7655389904975891, -0.9931743144989014, -1.0, -0.995406985282898, -0.5084306001663208, 0.18763378262519836, -0.6994373202323914, -0.43882083892822266, -0.4562901258468628, -0.9385859370231628, -0.8169314861297607, -0.6836946606636047, -0.2681298553943634], [-0.10844486206769943, 0.6842418909072876, 0.6379469633102417, -0.9998726844787598, 0.006183464080095291, 0.014711794443428516, -0.9992751479148865, -0.10688679665327072, 0.7037405371665955, 0.5643253326416016, -1.0000323057174683, -0.9999961853027344, -0.9999783039093018, -0.6000000238418579, 0.21590645611286163, -0.9778579473495483, -0.828950822353363, -0.9664868712425232, -0.9930742979049683, -1.0, -0.9952362179756165, -0.24134916067123413, 0.2655237019062042, -0.6994373202323914, -0.43882083892822266, -0.4562901258468628, -0.9385859370231628, -0.8169314861297607, -0.6836946606636047, -0.2681298553943634], [-0.1242661401629448, 0.7274519801139832, 0.5272380113601685, 0.013117668218910694, -0.16077610850334167, 0.986903727054596, -0.9954684972763062, -0.1412220597267151, 0.7998384833335876, 0.3660375773906708, -0.9997237920761108, -0.9987143874168396, -0.9997177720069885, -0.6000000238418579, -0.00010524604294914752, -0.9801574349403381, -0.7974892258644104, -0.8920740485191345, -0.9933014512062073, -1.0, -0.9942309260368347, -0.34988972544670105, 0.3484747111797333, -0.6994373202323914, -0.43882083892822266, -0.4562901258468628, -0.9385859370231628, -0.8169314861297607, -0.6836946606636047, -0.2681298553943634], [-0.1635390669107437, 0.8414446711540222, 0.25049716234207153, 0.006763972342014313, 0.9871772527694702, 0.1594846546649933, -0.9985862970352173, 0.16134323179721832, 0.9328782558441162, 0.05459655821323395, -0.9998540282249451, -0.9991580843925476, -0.9997785091400146, -1.0, -0.06197763606905937, -0.9781233668327332, -0.7917953133583069, -0.9213584661483765, -0.9930445551872253, -1.0, -0.9940909743309021, -0.3718086779117584, -0.002459052950143814, -0.6994373202323914, -0.43882083892822266, -0.4562901258468628, -0.9385859370231628, -0.8169314861297607, -0.6836946606636047, -0.2681298553943634], [-0.10331843048334122, -0.48856881260871887, 0.6399015188217163, -0.0022975991014391184, -0.9999242424964905, 0.012093030847609043, -0.9977066516876221, -0.11234242469072342, -0.7006613612174988, 0.6411387920379639, -1.000129222869873, -1.0000299215316772, -0.9999766945838928, -0.6000000238418579, 0.001414043246768415, -0.9779291152954102, -0.8018831014633179, -1.0, -0.993000864982605, -1.0, -0.9950590133666992, -0.18876942992210388, 0.5177996158599854, -0.6994373202323914, -0.43882083892822266, -0.4562901258468628, -0.9385859370231628, -0.8169314861297607, -0.6836946606636047, -0.2681298553943634], [-0.11161167174577713, -0.6874847412109375, 0.6456202268600464, -0.999788224697113, -0.01507030799984932, -0.01401512511074543, -0.9993142485618591, -0.10633210837841034, -0.7293963432312012, 0.575084924697876, -1.0000360012054443, -1.0000114440917969, -1.000014066696167, -0.6000000238418579, -0.21527260541915894, -0.9761677384376526, -0.8175401091575623, -0.7945196628570557, -0.9927307963371277, -0.9680055379867554, -0.9942585825920105, -0.2640672028064728, 0.2435351014137268, -0.6994373202323914, -0.43882083892822266, -0.4562901258468628, -0.9385859370231628, -0.8169314861297607, -0.6836946606636047, -0.2681298553943634], [-0.10387561470270157, -0.7245092988014221, 0.5347844362258911, 0.008463079109787941, 0.16416418552398682, 0.9863967299461365, -0.9954745769500732, -0.11272694170475006, -0.793218195438385, 0.37178167700767517, -0.9997285604476929, -1.0012402534484863, -0.9998758435249329, -0.6000000238418579, 0.0002874292840715498, -0.9786568284034729, -0.8100107908248901, -0.8882376551628113, -0.993927001953125, -1.0, -0.9945824146270752, -0.3498121201992035, 0.3401131331920624, -0.6994373202323914, -0.43882083892822266, -0.4562901258468628, -0.9385859370231628, -0.8169314861297607, -0.6836946606636047, -0.2681298553943634], [-0.10039526969194412, -0.8432667255401611, 0.2558349668979645, 0.021423283964395523, -0.9855842590332031, 0.16782353818416595, -0.9986107349395752, 0.1943969577550888, -0.9141567945480347, 0.06597714871168137, -0.9998373985290527, -1.0007574558258057, -0.9998219013214111, -1.0, 0.05977664515376091, -0.9794321656227112, -0.8033878803253174, -1.0, -0.9934757351875305, -1.0, -0.9950992465019226, 0.002945291344076395, 0.3744664192199707, -0.6994373202323914, -0.43882083892822266, -0.4562901258468628, -0.9385859370231628, -0.8169314861297607, -0.6836946606636047, -0.2681298553943634], [-0.0849304273724556, -0.015175065025687218, -0.003767162561416626, -0.002857689745724201, 0.0013101622462272644, 0.9999950528144836, -0.988679051399231, -0.04824911057949066, -0.02052423357963562, 0.014716091565787792, -1.0000723600387573, -0.9994480609893799, -0.9995284080505371, -0.20000000298023224, 0.00028353207744657993, -0.963608980178833, -0.8766781687736511, -0.9879958033561707, -0.99299556016922, -1.0, -0.994944155216217, -0.24993427097797394, 0.24994273483753204, -0.6994373202323914, -0.43882083892822266, -0.4562901258468628, -0.9385859370231628, -0.8169314861297607, -0.6836946606636047, -0.2681298553943634], [-0.08156935125589371, 0.4618605673313141, 0.0002153754176106304, -0.009328559972345829, 0.9999192953109741, 0.008624378591775894, -0.9954261779785156, -0.03372427821159363, 0.42784056067466736, -0.03503397852182388, -1.000032901763916, -0.9999226927757263, -0.999822199344635, -0.6000000238418579, -0.0640028640627861, -0.9450969099998474, -0.8689626455307007, -1.0, -0.9929845929145813, -1.0, -0.9954292178153992, -0.2692359387874603, 0.2407345324754715, -0.6994373202323914, -0.43882083892822266, -0.4562901258468628, -0.9385859370231628, -0.8169314861297607, -0.6836946606636047, -0.2681298553943634], [0.00337590160779655, 0.46748778223991394, -0.031003331765532494, -0.9161915183067322, 0.007818197831511497, -0.40066441893577576, -0.9982296228408813, 0.18395517766475677, 0.47230467200279236, -0.12335506081581116, -1.0001716613769531, -0.999962568283081, -1.000022292137146, -0.6000000238418579, -0.0022539296187460423, -0.9622799158096313, -0.8703493475914001, -0.7653999328613281, -0.9928547143936157, -1.0, -0.995542585849762, -0.23259353637695312, 0.030569327995181084, -0.6994373202323914, -0.43882083892822266, -0.4562901258468628, -0.9385859370231628, -0.8169314861297607, 