{"n_joints": 23, "joint_descriptions": [[-0.32229551672935486, 0.0672098845243454, 0.7273492217063904, 0.007520148530602455, 0.008945503272116184, 0.9999316930770874, -0.9977894425392151, -0.3812744915485382, 0.04484765976667404, 0.8245010375976562, -1.00010085105896, -0.999968409538269, -1.0, -0.6000000238418579, 0.00046041939640417695, -0.9910910725593567, -0.7810087203979492, -0.6452436447143555, -0.9923498630523682, -1.0, -0.9956883192062378, -0.19931861758232117, 0.25147348642349243, -0.7659696340560913, -0.38163939118385315, -0.20329584181308746, -0.916654646396637, -0.7754338383674622, -0.536629319190979, -0.5116387605667114], [-0.3042169213294983, 0.05905812233686447, 0.8160508275032043, -0.06156089901924133, -0.9980594515800476, -0.009358551353216171, -0.9958001375198364, -0.26586711406707764, 0.06065487116575241, 0.9913644194602966, -0.9996735453605652, -0.9988622665405273, -0.9997092485427856, -1.0, 0.0009911672677844763, -0.9928041100502014, -0.8528361320495605, -1.0, -0.9962472319602966, -0.724660336971283, -0.9979342222213745, -0.16062228381633759, 0.01669747568666935, -0.7659696340560913, -0.38163939118385315, -0.20329584181308746, -0.916654646396637, -0.7754338383674622, -0.536629319190979, -0.5116387605667114], [-0.3764416575431824, 0.5022283792495728, 0.6891586780548096, -1.1124500815640204e-05, 1.0, 3.8738493458367884e-05, -0.9967297911643982, -0.30475595593452454, 0.7089785933494568, 0.705803632736206, -1.000650405883789, -0.9999531507492065, -0.9999620318412781, -0.6000000238418579, -0.004646047484129667, -0.9719711542129517, -0.8003189563751221, -1.0, -0.9924977421760559, -1.0, -0.9929891228675842, -0.5044950842857361, 0.19042618572711945, -0.7659696340560913, -0.38163939118385315, -0.20329584181308746, -0.916654646396637, -0.7754338383674622, -0.536629319190979, -0.5116387605667114], [-0.3876291811466217, 0.7109052538871765, 0.7232499122619629, -0.9963912963867188, -0.004020890686661005, -0.08478341996669769, -0.9991921782493591, -0.30510151386260986, 0.7682913541793823, 0.5831865072250366, -1.0002093315124512, -0.999954104423523, -1.0000081062316895, -0.6000000238418579, 0.2128647118806839, -0.9792871475219727, -0.7281234860420227, -0.9712797403335571, -0.9927993416786194, -1.0, -0.9909812211990356, -0.23704354465007782, 0.2755011320114136, -0.7659696340560913, -0.38163939118385315, -0.20329584181308746, -0.916654646396637, -0.7754338383674622, -0.536629319190979, -0.5116387605667114], [-0.2598706781864166, 0.7624785900115967, 0.47117090225219727, -0.05723721534013748, -0.1370331048965454, 0.9889114499092102, -0.9943660497665405, -0.18077076971530914, 0.7958388924598694, 0.1278744339942932, -0.998891294002533, -0.9931833744049072, -0.9986366629600525, -0.6000000238418579, -0.00036415879731066525, -0.967309296131134, -0.7792666554450989, -0.9379939436912537, -0.9907518625259399, -0.9869738221168518, -0.9958025217056274, -0.3550891578197479, 0.34992361068725586, -0.7659696340560913, -0.38163939118385315, -0.20329584181308746, -0.916654646396637, -0.7754338383674622, -0.536629319190979, -0.5116387605667114], [-0.08720818907022476, 0.842019259929657, -0.14817671477794647, -0.01017663162201643, 0.9824490547180176, 0.18625345826148987, -0.9983555674552917, 0.3494819700717926, 0.8895840644836426, -0.5248684287071228, -0.9994022250175476, -0.9967387318611145, -0.999108612537384, -1.0, -0.06160746142268181, -0.9763448238372803, -0.8091911673545837, -0.8730449676513672, -0.9923815727233887, -0.5676445960998535, -0.9965083003044128, -0.38687363266944885, 0.002948794048279524, -0.7659696340560913, -0.38163939118385315, -0.20329584181308746, -0.916654646396637, -0.7754338383674622, -0.536629319190979, -0.5116387605667114], [-0.359437495470047, -0.384512722492218, 0.6783146858215332, 0.006504226941615343, -0.9997204542160034, 0.022730791941285133, -0.996888279914856, -0.3610837161540985, -0.5607645511627197, 0.6730201244354248, -1.0007625818252563, -0.9999657869338989, -0.9998626708984375, -0.6000000238418579, -0.007042740937322378, -0.9784039855003357, -0.8047369718551636, -0.4160229563713074, -0.9910252690315247, -0.4703329801559448, -0.9945002794265747, -0.18832966685295105, 0.4853369891643524, -0.7659696340560913, -0.38163939118385315, -0.20329584181308746, -0.916654646396637, -0.7754338383674622, -0.536629319190979, -0.5116387605667114], [-0.3642217218875885, -0.5957372188568115, 0.6702134013175964, -0.9983600378036499, 0.0016335515538230538, 0.057223375886678696, -0.9989840388298035, -0.32944950461387634, -0.6123977899551392, 0.5159720778465271, -1.0001921653747559, -1.0000172853469849, -0.9999775886535645, -0.6000000238418579, -0.2056853026151657, -0.982840359210968, -0.6847022771835327, -1.0, -0.992961049079895, -1.0, -0.9974004030227661, -0.2772645056247711, 0.24592237174510956, -0.7659696340560913, -0.38163939118385315, -0.20329584181308746, -0.916654646396637, -0.7754338383674622, -0.536629319190979, -0.5116387605667114], [-0.40670886635780334, -0.6761835217475891, 0.4087369740009308, 0.06347821652889252, 0.2718735337257385, 0.9602370858192444, -0.9952179193496704, -0.36866065859794617, -0.7575802206993103, 0.07378127425909042, -0.9988625049591064, -1.0076916217803955, -0.9987644553184509, -0.6000000238418579, 0.001600357354618609, -0.9767152667045593, -0.6799395084381104, -0.8892233967781067, -0.988335907459259, -0.33720242977142334, -0.9942768216133118, -0.34976738691329956, 0.3680140972137451, -0.7659696340560913, -0.38163939118385315, -0.20329584181308746, -0.916654646396637, -0.7754338383674622, -0.536629319190979, -0.5116387605667114], [-0.4694344401359558, -0.794853925704956, -0.1785822957754135, 0.03408920019865036, -0.9702135920524597, 0.23984059691429138, -0.9980255365371704, -0.04074178263545036, -0.9079877734184265, -0.5908504128456116, -0.9995676279067993, -1.0049238204956055, -0.9985796809196472, -1.0, 0.06727449595928192, -0.9761571884155273, -0.7810416221618652, -0.6502436399459839, -0.9905222654342651, -0.8335627317428589, -0.9942992925643921, 0.0004483683733269572, 0.3722471594810486, -0.7659696340560913, -0.38163939118385315, -0.20329584181308746, -0.916654646396637, -0.7754338383674622, -0.536629319190979, -0.5116387605667114], [-0.2662524878978729, 0.07267165184020996, 0.07548922300338745, 0.00859967339783907, -0.010405576787889004, 0.9999088644981384, -0.9857417345046997, -0.2919813096523285, 0.07536821812391281, 0.07557933777570724, -0.9996397495269775, -0.9975605010986328, -0.9997950792312622, -0.20000000298023224, -0.0018701079534366727, -0.9614373445510864, -0.8883829116821289, -0.3413337469100952, -0.9914246797561646, -0.6370930671691895, -0.9947701096534729, -0.2142362892627716, 0.22242844104766846, -0.7659696340560913, -0.38163939118385315, -0.20329584181308746, -0.916654646396637, -0.7754338383674622, -0.536629319190979, -0.5116387605667114], [-0.247889444231987, 0.4870067238807678, 0.045220110565423965, -0.02039182558655739, 0.9997214674949646, 0.01187954843044281, -0.9950275421142578, -0.20444132387638092, 0.4578084647655487, 0.05501749739050865, -1.0000070333480835, -0.9992714524269104, -0.9996040463447571, -0.6000000238418579, -0.05246945470571518, -0.9423236846923828, -0.8411273956298828, -0.4132578372955322, -0.9923413991928101, -0.5116607546806335, -0.9914790987968445, -0.30741026997566223, 0.24460983276367188, -0.7659696340560913, -0.38163939118385315, -0.20329584181308746, -0.916654646396637, -0.7754338383674622, -0.536629319190979, -0.5116387605667114], [-0.24712145328521729, 0.49054667353630066, 0.00020427597337402403, -0.9424451589584351, 0.038513023406267166, -0.33213528990745544, -0.998066782951355, -0.17251497507095337, 0.49351805448532104, -0.0904407873749733, -1.0006308555603027, -0.9998979568481445, -1.0002644062042236, -0.6000000238418579, 0.0050487276166677475, -0.979387640953064, -0.899677574634552, -1.0, -0.9922942519187927, -1.0, -0.9919734597206116, -0.2679614722728729, 0.026923837140202522, -0.7659696340560913, -0.38163939118385315, -0.20329584181308746, -0.916654646396637,