{"n_joints": 23, "joint_descriptions": [[-0.15282677114009857, 0.06315179169178009, 0.6910322904586792, -0.015982409939169884, -0.027058662846684456, 0.9995060563087463, -0.9991014003753662, -0.1403803825378418, 0.048627786338329315, 0.8011410236358643, -1.000004529953003, -0.9999978542327881, -0.9999822974205017, -0.6000000238418579, -0.0018067762721329927, -0.9941230416297913, -0.8926719427108765, -0.93284672498703, -0.9957760572433472, -1.0, -0.9962035417556763, -0.24677596986293793, 0.24394528567790985, -0.7753541469573975, -0.4974798262119293, -0.5976490378379822, -0.9704723358154297, -0.8420511484146118, -0.7832529544830322, -0.2277047336101532], [-0.1522754281759262, 0.05394076555967331, 0.8069714903831482, -0.012836004607379436, -0.9999175071716309, 0.00044406219967640936, -0.9987239837646484, -0.1543065458536148, 0.10594349354505539, 0.992146372795105, -1.0000330209732056, -1.0000101327896118, -0.9997948408126831, -1.0, 0.003454265184700489, -0.9929013848304749, -0.8735837936401367, -0.9647461771965027, -0.9951080679893494, -0.9329414963722229, -0.9960545897483826, -0.18407805263996124, 0.05282112583518028, -0.7753541469573975, -0.4974798262119293, -0.5976490378379822, -0.9704723358154297, -0.8420511484146118, -0.7832529544830322, -0.2277047336101532], [-0.23551347851753235, 0.47269943356513977, 0.628379762172699, -0.013514542020857334, 0.999895453453064, 0.005136371590197086, -0.9988819360733032, -0.1774856597185135, 0.638463020324707, 0.6352562308311462, -1.0000231266021729, -1.000034213066101, -0.9999984502792358, -0.6000000238418579, -0.000570307020097971, -0.9815576672554016, -0.8380030393600464, -1.0, -0.9949681162834167, -1.0, -0.9952993988990784, -0.5102083683013916, 0.18505550920963287, -0.7753541469573975, -0.4974798262119293, -0.5976490378379822, -0.9704723358154297, -0.8420511484146118, -0.7832529544830322, -0.2277047336101532], [-0.20126840472221375, 0.6574524641036987, 0.6238137483596802, -0.9999958276748657, -0.0006305502611212432, -0.0028143757954239845, -0.9996635913848877, -0.17884959280490875, 0.6778901815414429, 0.5778965353965759, -1.0000042915344238, -1.0000032186508179, -0.999979555606842, -0.6000000238418579, 0.21515053510665894, -0.9842506647109985, -0.867457389831543, -1.0, -0.994612455368042, -1.0, -0.9963656663894653, -0.25028103590011597, 0.28460487723350525, -0.7753541469573975, -0.4974798262119293, -0.5976490378379822, -0.9704723358154297, -0.8420511484146118, -0.7832529544830322, -0.2277047336101532], [-0.255751371383667, 0.6989979147911072, 0.5482363700866699, 0.00899073388427496, -0.16769668459892273, 0.985797643661499, -0.997808039188385, -0.2507624626159668, 0.7418752908706665, 0.43540725111961365, -0.999995768070221, -0.9997870922088623, -0.9998767375946045, -0.6000000238418579, 0.0009404355078004301, -0.9851906895637512, -0.8299502730369568, -0.9293627142906189, -0.9929097294807434, -1.0, -0.9961717128753662, -0.3564819097518921, 0.334364652633667, -0.7753541469573975, -0.4974798262119293, -0.5976490378379822, -0.9704723358154297, -0.8420511484146118, -0.7832529544830322, -0.2277047336101532], [-0.24923904240131378, 0.821675181388855, 0.3620467185974121, -0.014191869646310806, 0.985946774482727, 0.16645577549934387, -0.9992853403091431, -0.05189855769276619, 0.9062449336051941, 0.21868547797203064, -1.0000029802322388, -0.9998642206192017, -0.999946117401123, -1.0, -0.05605776607990265, -0.9839218258857727, -0.7910630702972412, -1.0, -0.9955664277076721, -1.0, -0.9967591166496277, -0.3793615996837616, 0.006366089452058077, -0.7753541469573975, -0.4974798262119293, -0.5976490378379822, -0.9704723358154297, -0.8420511484146118, -0.7832529544830322, -0.2277047336101532], [-0.26321929693222046, -0.43314239382743835, 0.6351748108863831, 0.005176874343305826, -0.999977171421051, 0.004347551614046097, -0.9988737106323242, -0.2733239531517029, -0.6362707614898682, 0.6338094472885132, -1.0000240802764893, -1.0000349283218384, -0.9999988079071045, -0.6000000238418579, 0.0020036143250763416, -0.9826579689979553, -0.831369936466217, -0.6173955798149109, -0.9951164126396179, -1.0, -0.9955468773841858, -0.1823652684688568, 0.5118665099143982, -0.7753541469573975, -0.4974798262119293, -0.5976490378379822, -0.9704723358154297, -0.8420511484146118, -0.7832529544830322, -0.2277047336101532], [-0.29085057973861694, -0.6509440541267395, 0.6455905437469482, -0.9999128580093384, -0.0007088921265676618, -0.013180818408727646, -0.9996603727340698, -0.25940653681755066, -0.729073166847229, 0.5927524566650391, -1.0000073909759521, -1.0000035762786865, -1.0000202655792236, -0.6000000238418579, -0.21454179286956787, -0.983907163143158, -0.8485590219497681, -1.0, -0.9945076107978821, -0.7287031412124634, -0.9962742924690247, -0.29085060954093933, 0.23529291152954102, -0.7753541469573975, -0.4974798262119293, -0.5976490378379822, -0.9704723358154297, -0.8420511484146118, -0.7832529544830322, -0.2277047336101532], [-0.3145858943462372, -0.7053888440132141, 0.5643223524093628, -0.008333575911819935, 0.17570865154266357, 0.9844069480895996, -0.9977960586547852, -0.25437813997268677, -0.76771080493927, 0.45622462034225464, -0.999982476234436, -1.0002410411834717, -1.0000295639038086, -0.6000000238418579, 0.002522401511669159, -0.9834420084953308, -0.857157826423645, -1.0, -0.9944772124290466, -0.7845119833946228, -0.9945850372314453, -0.34817150235176086, 0.35669639706611633, -0.7753541469573975, -0.4974798262119293, -0.5976490378379822, -0.9704723358154297, -0.8420511484146118, -0.7832529544830322, -0.2277047336101532], [-0.32119953632354736, -0.83450847864151, 0.3744807243347168, 0.01335869450122118, -0.9840049147605896, 0.1776396483182907, -0.9993165731430054, -0.0017709681997075677, -0.8856807351112366, 0.24553850293159485, -0.9999787211418152, -1.0001540184020996, -0.9999926090240479, -1.0, 0.06771063059568405, -0.9820486903190613, -0.8582077026367188, -0.9609698057174683, -0.9944250583648682, -1.0, -0.9946995973587036, -0.006146724335849285, 0.37363436818122864, -0.7753541469573975, -0.4974798262119293, -0.5976490378379822, -0.9704723358154297, -0.8420511484146118, -0.7832529544830322, -0.2277047336101532], [-0.20629353821277618, 0.01419410202652216, 0.0004770113155245781, -0.021319910883903503, -0.0028298362158238888, 0.9997686743736267, -0.9941495656967163, -0.1971428096294403, 0.0038109326269477606, 0.01158474013209343, -1.000190258026123, -0.9999024271965027, -0.9995115399360657, -0.20000000298023224, 0.005688379053026438, -0.9734097123146057, -0.9237345457077026, -0.9472571611404419, -0.9942955374717712, -1.0, -0.9947145581245422, -0.23539267480373383, 0.24728702008724213, -0.7753541469573975, -0.4974798262119293, -0.5976490378379822, -0.9704723358154297, -0.8420511484146118, -0.7832529544830322, -0.2277047336101532], [-0.21513885259628296, 0.5103362798690796, -0.0012965744826942682, -0.0385165698826313, 0.9992088675498962, -0.009906313382089138, -0.9978519082069397, -0.15558505058288574, 0.5045955181121826, -0.032982684671878815, -1.0000486373901367, -1.000038504600525, -0.9998744130134583, -0.6000000238418579, -0.06550128012895584, -0.9571937918663025, -0.8898786902427673, -1.0, -0.9951123595237732, -1.0, -0.9958460330963135, -0.27913787961006165, 0.24009212851524353, -0.7753541469573975, -0.4974798262119293, -0.5976490378379822, -0.9704723358154297, -0.8420511484146118, -0.7832529544830322, -0.2277047336101532], [-0.1915692389011383, 0.523115336894989, -0.03732652962207794, -0.9010498523712158, -0.03392345458269119, -0.4323867857456207, -0.9990389943122864, -0.0069176978431642056, 0.5546321868896484, -0.1310417801141739, -1.0000566244125366, -1.000003457069397, -0.9999486207962036, -0.6000000238418579, -0.006944131571799517, -0.9694560766220093, -0.8794910907745361, -0.8532143831253052, -0.9939422011375427, -1.0, -0.9959031343460083, -0.26184311509132385, 0.023276429623365402, -0.7753541469573975, -0.4974798262119293, -0.5976490378379822, -0.9704723358154297, -0.8420511484146118, -0.7832529544830322, -0.2277047336101532],