{"n_joints": 23, "joint_descriptions": [[-0.16376039385795593, -0.0275853481143713, 0.687058687210083, -0.007620668970048428, -0.009218600578606129, 0.9999284744262695, -0.9982340335845947, -0.1775127649307251, -0.03538834676146507, 0.7982743978500366, -1.0000107288360596, -0.9999920725822449, -0.999986469745636, -0.6000000238418579, 0.00051605369662866, -0.9916260242462158, -0.876288890838623, -0.9188593029975891, -0.9925307631492615, -1.0, -0.9950047135353088, -0.24322117865085602, 0.23879125714302063, -0.7384397983551025, -0.481771856546402, -0.41033482551574707, -0.9445348381996155, -0.8260300159454346, -0.7121415734291077, -0.282370001077652], [-0.17382556200027466, -0.02904260717332363, 0.8065104484558105, 0.0023031337186694145, -0.9999973177909851, 0.0001398393651470542, -0.997452437877655, -0.12204301357269287, -0.03659665212035179, 0.996452271938324, -0.9999615550041199, -0.9999369382858276, -0.9998156428337097, -1.0, -0.001017190283164382, -0.9921700358390808, -0.8848946690559387, -0.8920699954032898, -0.9928992986679077, -1.0, -0.9949685335159302, -0.19118283689022064, 0.053954705595970154, -0.7384397983551025, -0.481771856546402, -0.41033482551574707, -0.9445348381996155, -0.8260300159454346, -0.7121415734291077, -0.282370001077652], [-0.165475532412529, 0.4586755931377411, 0.6469221115112305, -0.0021093308459967375, 0.999996542930603, 0.0015818355605006218, -0.9979363083839417, -0.18856750428676605, 0.6631702780723572, 0.6440156698226929, -1.000070333480835, -1.000025987625122, -0.9999662637710571, -0.6000000238418579, 3.9768034184817225e-05, -0.9790853261947632, -0.8069429993629456, -0.9490610957145691, -0.9929332137107849, -0.9181094765663147, -0.9952707290649414, -0.5102595090866089, 0.18817196786403656, -0.7384397983551025, -0.481771856546402, -0.41033482551574707, -0.9445348381996155, -0.8260300159454346, -0.7121415734291077, -0.282370001077652], [-0.17018303275108337, 0.6754279732704163, 0.6484542489051819, -0.9999986886978149, -0.0015133380657061934, 0.0005959552363492548, -0.9993699193000793, -0.14876951277256012, 0.7040451169013977, 0.5818360447883606, -1.0000190734863281, -0.9999931454658508, -0.9999809265136719, -0.6000000238418579, 0.2141755372285843, -0.979771077632904, -0.8144650459289551, -0.8078962564468384, -0.9931461215019226, -1.0, -0.99505615234375, -0.23940332233905792, 0.26119711995124817, -0.7384397983551025, -0.481771856546402, -0.41033482551574707, -0.9445348381996155, -0.8260300159454346, -0.7121415734291077, -0.282370001077652], [-0.1461559385061264, 0.7241513729095459, 0.5454307794570923, -0.0011277187149971724, -0.17716437578201294, 0.9841806292533875, -0.9960514307022095, -0.14695732295513153, 0.7953405976295471, 0.4022459387779236, -0.9996810555458069, -0.9993399381637573, -0.9998146295547485, -0.6000000238418579, 0.00047681096475571394, -0.9782001972198486, -0.8061338067054749, -0.9352208971977234, -0.9938654899597168, -1.0, -0.9950657486915588, -0.35092106461524963, 0.35460183024406433, -0.7384397983551025, -0.481771856546402, -0.41033482551574707, -0.9445348381996155, -0.8260300159454346, -0.7121415734291077, -0.282370001077652], [-0.14821398258209229, 0.8369901776313782, 0.2944754958152771, -0.004507467150688171, 0.9840174317359924, 0.17801521718502045, -0.9987389445304871, 0.17857761681079865, 0.916286289691925, 0.12860079109668732, -0.9998319745063782, -0.9995831847190857, -0.9998266100883484, -1.0, -0.06348524987697601, -0.978945791721344, -0.8245441317558289, -0.8220728039741516, -0.9926649332046509, -1.0, -0.9946284890174866, -0.37624868750572205, -0.0011498188832774758, -0.7384397983551025, -0.481771856546402, -0.41033482551574707, -0.9445348381996155, -0.8260300159454346, -0.7121415734291077, -0.282370001077652], [-0.16158416867256165, -0.4797651171684265, 0.6464999914169312, 8.265653013950214e-05, -0.9999997019767761, -0.0007665307493880391, -0.9979432225227356, -0.17147678136825562, -0.6793384552001953, 0.6461800932884216, -1.0000702142715454, -1.0000255107879639, -0.9999655485153198, -0.6000000238418579, -0.0023878219071775675, -0.9786867499351501, -0.8117996454238892, -1.0, -0.9928925037384033, -0.9027556777000427, -0.995092511177063, -0.18683980405330658, 0.5059311985969543, -0.7384397983551025, -0.481771856546402, -0.41033482551574707, -0.9445348381996155, -0.8260300159454346, -0.7121415734291077, -0.282370001077652], [-0.15359045565128326, -0.6815527081489563, 0.6423447132110596, -0.9999619722366333, 0.006060076877474785, 0.006270702928304672, -0.999369740486145, -0.1333375871181488, -0.699913740158081, 0.5796615481376648, -1.0000189542770386, -1.0000125169754028, -1.0000134706497192, -0.6000000238418579, -0.21377095580101013, -0.9785542488098145, -0.8065780401229858, -0.7952448725700378, -0.9933243989944458, -1.0, -0.9951475858688354, -0.25997239351272583, 0.24235735833644867, -0.7384397983551025, -0.481771856546402, -0.41033482551574707, -0.9445348381996155, -0.8260300159454346, -0.7121415734291077, -0.282370001077652], [-0.1481715440750122, -0.7247276306152344, 0.5397604703903198, 0.0005091865896247327, 0.17969569563865662, 0.9837220907211304, -0.9960278868675232, -0.16997165977954865, -0.7909724712371826, 0.3925972580909729, -0.9996836185455322, -1.0006873607635498, -0.9999332427978516, -0.6000000238418579, 0.00015301907842513174, -0.9790374040603638, -0.8097418546676636, -0.8574782609939575, -0.9931049942970276, -1.0, -0.9956108331680298, -0.34984421730041504, 0.3466265797615051, -0.7384397983551025, -0.481771856546402, -0.41033482551574707, -0.9445348381996155, -0.8260300159454346, -0.7121415734291077, -0.282370001077652], [-0.15248540043830872, -0.8362619280815125, 0.2898585796356201, 0.00643374165520072, -0.9836410284042358, 0.18002478778362274, -0.9987189769744873, 0.14463454484939575, -0.9266968965530396, 0.11937956511974335, -0.9998087286949158, -1.0004115104675293, -0.999869704246521, -1.0, 0.05954045429825783, -0.9801162481307983, -0.8075770139694214, -0.9133208394050598, -0.9932175278663635, -0.981627881526947, -0.9955762624740601, 0.0008214635890908539, 0.3782450258731842, -0.7384397983551025, -0.481771856546402, -0.41033482551574707, -0.9445348381996155, -0.8260300159454346, -0.7121415734291077, -0.282370001077652], [-0.1348559558391571, -0.01477882731705904, 0.00010330185614293441, 0.008767161518335342, 0.0001920005597639829, 0.9999615550041199, -0.9901123046875, -0.12587162852287292, -0.01698099821805954, 0.013527527451515198, -1.0000367164611816, -0.9997182488441467, -0.9995328187942505, -0.20000000298023224, 9.772868907020893e-06, -0.964791476726532, -0.8805268406867981, -0.9152376651763916, -0.9932888150215149, -1.0, -0.9955695271492004, -0.2430032193660736, 0.2406017780303955, -0.7384397983551025, -0.481771856546402, -0.41033482551574707, -0.9445348381996155, -0.8260300159454346, -0.7121415734291077, -0.282370001077652], [-0.12073185294866562, 0.43801751732826233, 0.0016146352281793952, -0.00029437916236929595, 0.9999991059303284, 0.0012946847127750516, -0.996042013168335, -0.05782349407672882, 0.39724597334861755, -0.031830497086048126, -1.000011920928955, -0.9999786019325256, -0.9998531341552734, -0.6000000238418579, -0.062411051243543625, -0.9482660293579102, -0.8718336820602417, -0.8060073256492615, -0.9928804636001587, -0.9909467101097107, -0.9949906468391418, -0.2741059958934784, 0.24180768430233002, -0.7384397983551025, -0.481771856546402, -0.41033482551574707, -0.9445348381996155, -0.8260300159454346, -0.7121415734291077, -0.282370001077652], [-0.04000311344861984, 0.4389941394329071, -0.03238154947757721, -0.9197606444358826, -0.009941144846379757, -0.3923538029193878, -0.9985748529434204, 0.1432228982448578, 0.4395965337753296, -0.1262684464454651, -1.0000911951065063, -0.9999596476554871, -0.9999912977218628, -0.6000000238418579, 0.0019688792526721954, -0.9662725329399109, -0.8973496556282043, -0.9503070116043091, -0.9932656288146973, -1.0, -0.9948440194129944, -0.23377902805805206, 0.03065841645002365, -0.7384397983551025, -0.481771856546402, 