{"n_joints": 23, "joint_descriptions": [[-0.055345188826322556, 0.08779342472553253, 0.6915616989135742, 0.03937908262014389, 0.030930979177355766, 0.9987455010414124, -0.9989917278289795, -0.020509572699666023, 0.06276104599237442, 0.8055000901222229, -1.0000077486038208, -0.999997615814209, -0.9999743700027466, -0.6000000238418579, -0.004367493558675051, -0.9946887493133545, -0.8989632725715637, -1.0, -0.9964759945869446, -1.0, -0.9967002272605896, -0.2458154857158661, 0.23513193428516388, -0.780861496925354, -0.4234645664691925, -0.5485009551048279, -0.9650108814239502, -0.819092333316803, -0.776163637638092, -0.15311850607395172], [-0.07650122791528702, 0.07757075130939484, 0.8075666427612305, -0.028496257960796356, -0.999583899974823, -0.00446682283654809, -0.9985077381134033, -0.08846523612737656, 0.14599990844726562, 0.990284264087677, -1.00005304813385, -1.0000227689743042, -0.9996971487998962, -1.0, 0.00620009982958436, -0.9930914640426636, -0.8513602018356323, -0.9901329278945923, -0.9957242608070374, -0.7733873724937439, -0.9955708980560303, -0.19247831404209137, 0.05248817056417465, -0.780861496925354, -0.4234645664691925, -0.5485009551048279, -0.9650108814239502, -0.819092333316803, -0.776163637638092, -0.15311850607395172], [-0.17938856780529022, 0.4509521424770355, 0.6196892261505127, 0.022854451090097427, 0.9995123744010925, 0.02127542346715927, -0.9987824559211731, -0.10300476104021072, 0.5936182737350464, 0.6317646503448486, -1.000023603439331, -1.0000492334365845, -0.9999992251396179, -0.6000000238418579, -0.0031154751777648926, -0.9810048937797546, -0.8270499110221863, -1.0, -0.9955819249153137, -1.0, -0.9942759871482849, -0.5199835300445557, 0.1898423284292221, -0.780861496925354, -0.4234645664691925, -0.5485009551048279, -0.9650108814239502, -0.819092333316803, -0.776163637638092, -0.15311850607395172], [-0.163919597864151, 0.6131952404975891, 0.6100440621376038, -0.9998055100440979, -0.012580093927681446, -0.015187365002930164, -0.9996048212051392, -0.1412109136581421, 0.6198853850364685, 0.5624778270721436, -1.0000046491622925, -1.0000052452087402, -0.9999698996543884, -0.6000000238418579, 0.2126942127943039, -0.9831435084342957, -0.8671556115150452, -1.0, -0.9940840601921082, -0.9888178110122681, -0.9958391785621643, -0.2608703374862671, 0.2957265079021454, -0.780861496925354, -0.4234645664691925, -0.5485009551048279, -0.9650108814239502, -0.819092333316803, -0.776163637638092, -0.15311850607395172], [-0.22988025844097137, 0.6615665555000305, 0.539523720741272, -0.031307995319366455, -0.1822362244129181, 0.9827561974525452, -0.9974232912063599, -0.22226016223430634, 0.6851291060447693, 0.43773144483566284, -0.9999803900718689, -0.9997704029083252, -0.9998478293418884, -0.6000000238418579, 0.0034607425332069397, -0.9866849780082703, -0.831562340259552, -0.7710666060447693, -0.9915182590484619, -0.8949944972991943, -0.9960522651672363, -0.3527436852455139, 0.3233870267868042, -0.780861496925354, -0.4234645664691925, -0.5485009551048279, -0.9650108814239502, -0.819092333316803, -0.776163637638092, -0.15311850607395172], [-0.22542737424373627, 0.7983485460281372, 0.36575964093208313, -0.08347642421722412, 0.9808080792427063, 0.17620214819908142, -0.9991010427474976, -0.05831176042556763, 0.9129385948181152, 0.22720953822135925, -1.0000189542770386, -0.9998522996902466, -0.9999265670776367, -1.0, -0.05324438586831093, -0.9852321147918701, -0.7559391856193542, -1.0, -0.9964720010757446, -1.0, -0.9973347783088684, -0.3893572986125946, 0.016671322286128998, -0.780861496925354, -0.4234645664691925, -0.5485009551048279, -0.9650108814239502, -0.819092333316803, -0.776163637638092, -0.15311850607395172], [-0.16434229910373688, -0.4029810130596161, 0.6298802495002747, -0.0037920307368040085, -0.9999927878379822, -0.0002168403152609244, -0.9986701607704163, -0.19796516001224518, -0.620209276676178, 0.6294687986373901, -1.0000263452529907, -1.000051498413086, -0.9999985098838806, -0.6000000238418579, 0.0046147676184773445, -0.9795226454734802, -0.834623396396637, -0.43234485387802124, -0.995732843875885, -1.0, -0.9945606589317322, -0.1832609921693802, 0.5030866861343384, -0.780861496925354, -0.4234645664691925, -0.5485009551048279, -0.9650108814239502, -0.819092333316803, -0.776163637638092, -0.15311850607395172], [-0.17746146023273468, -0.6382167935371399, 0.6451177597045898, -0.9999438524246216, 0.0022671991027891636, -0.010352608747780323, -0.9996114373207092, -0.12734052538871765, -0.7435711026191711, 0.5920893549919128, -1.0000083446502686, -1.000005841255188, -1.0000278949737549, -0.6000000238418579, -0.2122979462146759, -0.9812167286872864, -0.8210214972496033, -1.0, -0.9950183629989624, -0.5629922747612, -0.9960212707519531, -0.30212363600730896, 0.24092483520507812, -0.780861496925354, -0.4234645664691925, -0.5485009551048279, -0.9650108814239502, -0.819092333316803, -0.776163637638092, -0.15311850607395172], [-0.1901066154241562, -0.6849892735481262, 0.5639359354972839, 0.00757529167458415, 0.20578034222126007, 0.9785689115524292, -0.9973308444023132, -0.1134619414806366, -0.7595285773277283, 0.45926207304000854, -0.999989926815033, -1.0002710819244385, -1.0000545978546143, -0.6000000238418579, 0.0015571694821119308, -0.9816123247146606, -0.8458377718925476, -0.9278326034545898, -0.994522213935852, -0.6150146126747131, -0.9934818744659424, -0.35122132301330566, 0.36719170212745667, -0.780861496925354, -0.4234645664691925, -0.5485009551048279, -0.9650108814239502, -0.819092333316803, -0.776163637638092, -0.15311850607395172], [-0.22669021785259247, -0.8163286447525024, 0.38231945037841797, -0.006823783274739981, -0.980758011341095, 0.19510793685913086, -0.9991798996925354, 0.056099630892276764, -0.8558389544487, 0.2657419741153717, -0.9999722838401794, -1.0001827478408813, -0.9999967813491821, -1.0, 0.070525623857975, -0.982766330242157, -0.8332751989364624, -0.8190664052963257, -0.9935770034790039, -1.0, -0.9936074614524841, -0.0166653823107481, 0.38294729590415955, -0.780861496925354, -0.4234645664691925, -0.5485009551048279, -0.9650108814239502, -0.819092333316803, -0.776163637638092, -0.15311850607395172], [-0.104094497859478, 0.0042901295237243176, -0.000879425962921232, 0.03457089886069298, -0.016365615651011467, 0.9992682337760925, -0.9926580786705017, -0.07631566375494003, -0.008336878381669521, 0.010818378999829292, -1.000287413597107, -0.9999383687973022, -0.9992921352386475, -0.20000000298023224, 0.008367611095309258, -0.9694454073905945, -0.9322239756584167, -1.0, -0.9936166405677795, -1.0, -0.9936243295669556, -0.22509928047657013, 0.2576161324977875, -0.780861496925354, -0.4234645664691925, -0.5485009551048279, -0.9650108814239502, -0.819092333316803, -0.776163637638092, -0.15311850607395172], [-0.12251816689968109, 0.47568845748901367, 0.00218705995939672, -0.05270285904407501, 0.9986023306846619, 0.003972830716520548, -0.9973854422569275, -0.046219248324632645, 0.49272263050079346, -0.03227238357067108, -1.0000700950622559, -1.0000593662261963, -0.9998219013214111, -0.6000000238418579, -0.06347382813692093, -0.9558197855949402, -0.8879134654998779, -1.0, -0.995730996131897, -1.0, -0.9955714344978333, -0.2701723575592041, 0.2414439618587494, -0.780861496925354, -0.4234645664691925, -0.5485009551048279, -0.9650108814239502, -0.819092333316803, -0.776163637638092, -0.15311850607395172], [-0.11779413372278214, 0.47037097811698914, -0.03803539276123047, -0.8985702991485596, -0.07064313441514969, -0.43310612440109253, -0.9987629055976868, 0.034044306725263596, 0.5098161697387695, -0.13480903208255768, -1.000075340270996, -1.0000056028366089, -0.9999157786369324, -0.6000000238418579, -0.0092546371743083, -0.9701115489006042, -0.8591228127479553, -0.7073239684104919, -0.9925020933151245, -1.0, -0.9949933290481567, -0.2730625867843628, 0.026751892641186714, -0.780861496925354, -0.4234645664691925, -0.5485009551048279, -0.9650108814239502, -0.819092333316803, -0.776163637638092, -0.15311850607395172], [0.14896218478679657, 