{"n_joints": 23, "joint_descriptions": [[-0.1598571538925171, -0.029542269185185432, 0.6882407069206238, -0.007899007759988308, -0.000963704427704215, 0.9999683499336243, -0.9982286691665649, -0.16791744530200958, -0.0347323901951313, 0.8003960251808167, -1.0000097751617432, -0.9999911189079285, -0.9999865889549255, -0.6000000238418579, -0.00013825301721226424, -0.9918718338012695, -0.8757040500640869, -0.8913425207138062, -0.9927464127540588, -1.0, -0.9951667785644531, -0.24203909933567047, 0.23893247544765472, -0.7406834959983826, -0.46803703904151917, -0.4157143533229828, -0.9443693161010742, -0.8268302083015442, -0.7192837595939636, -0.2830630838871002], [-0.16683867573738098, -0.029363125562667847, 0.8073569536209106, -9.797818347578868e-05, -0.9999999403953552, -0.0003547747328411788, -0.9974660873413086, -0.1193571612238884, -0.035364679992198944, 0.9975821375846863, -0.9999533295631409, -0.9999501705169678, -0.9998193979263306, -1.0, -0.00026620246353559196, -0.991963267326355, -0.8815940618515015, -0.916347324848175, -0.9931628704071045, -1.0, -0.9950149655342102, -0.18995431065559387, 0.05399540066719055, -0.7406834959983826, -0.46803703904151917, -0.4157143533229828, -0.9443693161010742, -0.8268302083015442, -0.7192837595939636, -0.2830630838871002], [-0.17012648284435272, 0.4540599584579468, 0.6457962393760681, -0.0017518519889563322, 0.9999983906745911, -0.00043699771049432456, -0.9979509115219116, -0.18991747498512268, 0.6562174558639526, 0.6444958448410034, -1.0000624656677246, -1.0000253915786743, -0.999960720539093, -0.6000000238418579, -0.00032402461511082947, -0.9789364337921143, -0.8078625202178955, -0.9378703832626343, -0.9931979775428772, -0.968292772769928, -0.9950322508811951, -0.5117579102516174, 0.1884230524301529, -0.7406834959983826, -0.46803703904151917, -0.4157143533229828, -0.9443693161010742, -0.8268302083015442, -0.7192837595939636, -0.2830630838871002], [-0.16805842518806458, 0.6683420538902283, 0.6455633640289307, -0.9999995827674866, 0.0008662575273774564, 0.0003761648840736598, -0.9993622303009033, -0.14667923748493195, 0.6931975483894348, 0.5808260440826416, -1.0000168085098267, -0.9999912977218628, -0.9999808073043823, -0.6000000238418579, 0.21422015130519867, -0.9794415235519409, -0.8174243569374084, -0.8358820080757141, -0.9931986927986145, -1.0, -0.9951369166374207, -0.24209414422512054, 0.26373690366744995, -0.7406834959983826, -0.46803703904151917, -0.4157143533229828, -0.9443693161010742, -0.8268302083015442, -0.7192837595939636, -0.2830630838871002], [-0.14890018105506897, 0.7216440439224243, 0.5440661907196045, 0.003974969033151865, -0.17798173427581787, 0.984025776386261, -0.9960290193557739, -0.1547120064496994, 0.7891225218772888, 0.4024025499820709, -0.9996269345283508, -0.9994031190872192, -0.9998309016227722, -0.6000000238418579, 0.0008946078014560044, -0.9788327217102051, -0.8028795123100281, -0.8983871936798096, -0.9935367703437805, -1.0, -0.9949439764022827, -0.35140666365623474, 0.3519982695579529, -0.7406834959983826, -0.46803703904151917, -0.4157143533229828, -0.9443693161010742, -0.8268302083015442, -0.7192837595939636, -0.2830630838871002], [-0.15656042098999023, 0.8382484912872314, 0.2977640628814697, -0.0016126587288454175, 0.9845185875892639, 0.17527292668819427, -0.9987194538116455, 0.16046130657196045, 0.9149113297462463, 0.13284701108932495, -0.999796986579895, -0.9996302723884583, -0.99982088804245, -1.0, -0.06304224580526352, -0.9794731736183167, -0.8219519257545471, -0.8733283877372742, -0.9929646253585815, -1.0, -0.9948357343673706, -0.3784499764442444, 0.0014786814572289586, -0.7406834959983826, -0.46803703904151917, -0.4157143533229828, -0.9443693161010742, -0.8268302083015442, -0.7192837595939636, -0.2830630838871002], [-0.1649283915758133, -0.48196080327033997, 0.647131085395813, 0.00023173930821940303, -0.9999998211860657, -0.0005446441937237978, -0.9979327917098999, -0.17901429533958435, -0.6812655329704285, 0.6468191742897034, -1.0000628232955933, -1.0000255107879639, -0.9999592900276184, -0.6000000238418579, -0.0016796707641333342, -0.9783316850662231, -0.8066117763519287, -1.0, -0.9931505918502808, -0.9546480178833008, -0.9948855638504028, -0.1875895857810974, 0.5064422488212585, -0.7406834959983826, -0.46803703904151917, -0.4157143533229828, -0.9443693161010742, -0.8268302083015442, -0.7192837595939636, -0.2830630838871002], [-0.16222041845321655, -0.6875101327896118, 0.6444743275642395, -0.9999850392341614, 0.0013025319203734398, 0.00530838780105114, -0.9993727803230286, -0.13574515283107758, -0.7089692950248718, 0.5816144347190857, -1.0000170469284058, -1.0000141859054565, -1.0000128746032715, -0.6000000238418579, -0.21457411348819733, -0.9788318276405334, -0.804142415523529, -0.8295670747756958, -0.9934467077255249, -1.0, -0.9950339198112488, -0.2614701986312866, 0.24066393077373505, -0.7406834959983826, -0.46803703904151917, -0.4157143533229828, -0.9443693161010742, -0.8268302083015442, -0.7192837595939636, -0.2830630838871002], [-0.16432306170463562, -0.7294207215309143, 0.5422905087471008, 0.0009495132835581899, 0.17221699655056, 0.985058605670929, -0.9959765672683716, -0.1828579306602478, -0.79612135887146, 0.39797160029411316, -0.9996227622032166, -1.0006225109100342, -0.9999460577964783, -0.6000000238418579, 0.0006553404964506626, -0.9791234135627747, -0.8103153109550476, -0.872223436832428, -0.9931979775428772, -1.0, -0.9954297542572021, -0.34968066215515137, 0.34936124086380005, -0.7406834959983826, -0.46803703904151917, -0.4157143533229828, -0.9443693161010742, -0.8268302083015442, -0.7192837595939636, -0.2830630838871002], [-0.1760387420654297, -0.8399575352668762, 0.2958599925041199, 0.00766125088557601, -0.9850121736526489, 0.17231474816799164, -0.9987124800682068, 0.11314938962459564, -0.9257937073707581, 0.12689156830310822, -0.9997711777687073, -1.0003669261932373, -0.9998641014099121, -1.0, 0.05986945331096649, -0.979690432548523, -0.806867778301239, -0.8805416226387024, -0.993064820766449, -1.0, -0.9953762292861938, -0.0016935914754867554, 0.3780517578125, -0.7406834959983826, -0.46803703904151917, -0.4157143533229828, -0.9443693161010742, -0.8268302083015442, -0.7192837595939636, -0.2830630838871002], [-0.13282360136508942, -0.0192306786775589, 0.0016094574239104986, -0.003639573697000742, 0.0013055882882326841, 0.9999925494194031, -0.9898732304573059, -0.12410983443260193, -0.02184486947953701, 0.015677714720368385, -1.0000135898590088, -0.9997420310974121, -0.9995288848876953, -0.20000000298023224, 0.0009236838668584824, -0.9654764533042908, -0.8839977383613586, -0.8925954699516296, -0.9931997656822205, -1.0, -0.995367705821991, -0.24059289693832397, 0.24309808015823364, -0.7406834959983826, -0.46803703904151917, -0.4157143533229828, -0.9443693161010742, -0.8268302083015442, -0.7192837595939636, -0.2830630838871002], [-0.13633038103580475, 0.4385913908481598, 0.0031088178511708975, -0.007138931658118963, 0.9999718070030212, -0.0023322845809161663, -0.9959895014762878, -0.07384395599365234, 0.40197211503982544, -0.03039989434182644, -1.0000026226043701, -0.9999843835830688, -0.9998548626899719, -0.6000000238418579, -0.0633096992969513, -0.9479489326477051, -0.8703629970550537, -0.8459306359291077, -0.9931313991546631, -1.0, -0.9950333833694458, -0.2741538882255554, 0.24133247137069702, -0.7406834959983826, -0.46803703904151917, -0.4157143533229828, -0.9443693161010742, -0.8268302083015442, -0.7192837595939636, -0.2830630838871002], [-0.06025734543800354, 0.44304683804512024, -0.030592428520321846, -0.9165390133857727, 0.002945920918136835, -0.3999345004558563, -0.9985349178314209, 0.11817554384469986, 0.442768931388855, -0.12488624453544617, -1.0000847578048706, -0.9999518990516663, -0.9999886155128479, -0.6000000238418579, 0.002017732011154294, -0.9653321504592896, -0.8951812982559204, -0.9167860746383667, -0.9929990172386169, -1.0, -0.9947608113288879, -0.23583105206489563, 0.029385723173618317, -0.7406834959983826, -0.46803703904151917, 