{"n_joints": 23, "joint_descriptions": [[-0.14803357422351837, -0.029317298904061317, 0.6887869238853455, 0.0040599750354886055, 0.0012082901084795594, 0.9999909996986389, -0.9981920123100281, -0.15225104987621307, -0.034642335027456284, 0.8010517358779907, -1.0000090599060059, -0.9999896883964539, -0.9999862909317017, -0.6000000238418579, -0.0005768530536442995, -0.9919859170913696, -0.8723105788230896, -0.8853548169136047, -0.9929226040840149, -1.0, -0.9951900243759155, -0.24088537693023682, 0.24012912809848785, -0.7362050414085388, -0.4513438045978546, -0.4186413884162903, -0.9429381489753723, -0.8259303569793701, -0.7227659225463867, -0.2807992100715637], [-0.15065117180347443, -0.029346676543354988, 0.8071874976158142, -0.0036583617329597473, -0.9999933242797852, -9.04491898836568e-05, -0.9974293112754822, -0.1081530973315239, -0.03257722780108452, 0.9971551299095154, -0.9999440908432007, -0.999954104423523, -0.9998173117637634, -1.0, 0.00035729154478758574, -0.9917303323745728, -0.8769069314002991, -0.9425358176231384, -0.9932920932769775, -1.0, -0.9949938654899597, -0.18814441561698914, 0.053385693579912186, -0.7362050414085388, -0.4513438045978546, -0.4186413884162903, -0.9429381489753723, -0.8259303569793701, -0.7227659225463867, -0.2807992100715637], [-0.1651672124862671, 0.4526151418685913, 0.6443586945533752, 0.004614510573446751, 0.9999879598617554, -0.0016814651899039745, -0.9978975653648376, -0.18012946844100952, 0.6529690027236938, 0.64444899559021, -1.0000613927841187, -1.0000258684158325, -0.9999542832374573, -0.6000000238418579, -0.00039658250170759857, -0.9789674282073975, -0.8052045702934265, -0.9153075814247131, -0.9933210611343384, -1.0, -0.9948199987411499, -0.511824905872345, 0.1875084638595581, -0.7362050414085388, -0.4513438045978546, -0.4186413884162903, -0.9429381489753723, -0.8259303569793701, -0.7227659225463867, -0.2807992100715637], [-0.15647973120212555, 0.6651951670646667, 0.6430007815361023, -0.9999991059303284, -0.0012451080838218331, -0.0005206805071793497, -0.9993422031402588, -0.1310441642999649, 0.6885068416595459, 0.579633891582489, -1.0000163316726685, -0.9999894499778748, -0.9999803304672241, -0.6000000238418579, 0.2144424021244049, -0.9789289236068726, -0.8141906261444092, -0.8754685521125793, -0.9930765628814697, -1.0, -0.9950626492500305, -0.24386374652385712, 0.26629504561424255, -0.7362050414085388, -0.4513438045978546, -0.4186413884162903, -0.9429381489753723, -0.8259303569793701, -0.7227659225463867, -0.2807992100715637], [-0.1415121704339981, 0.7170062065124512, 0.5417323112487793, 0.0015245553804561496, -0.17408102750778198, 0.9847301244735718, -0.995891273021698, -0.1456001102924347, 0.7814548015594482, 0.39943739771842957, -0.9995642900466919, -0.9994021654129028, -0.9998331665992737, -0.6000000238418579, 0.0009657707414589822, -0.9791768193244934, -0.8014323115348816, -0.8731022477149963, -0.993175208568573, -0.9821605682373047, -0.9948877692222595, -0.3504711091518402, 0.3495713174343109, -0.7362050414085388, -0.4513438045978546, -0.4186413884162903, -0.9429381489753723, -0.8259303569793701, -0.7227659225463867, -0.2807992100715637], [-0.14584742486476898, 0.836050808429718, 0.2970718443393707, -0.00506193982437253, 0.9833093881607056, 0.18187086284160614, -0.99866783618927, 0.16597484052181244, 0.9133362770080566, 0.13106854259967804, -0.9997521638870239, -0.9996368288993835, -0.9998080730438232, -1.0, -0.06247720867395401, -0.9795554280281067, -0.8160986304283142, -0.9112040400505066, -0.9931558966636658, -1.0, -0.9949774146080017, -0.37925875186920166, 0.0029526788275688887, -0.7362050414085388, -0.4513438045978546, -0.4186413884162903, -0.9429381489753723, -0.8259303569793701, -0.7227659225463867, -0.2807992100715637], [-0.16475342214107513, -0.48585808277130127, 0.6458970308303833, -0.0006295813946053386, -0.9999998211860657, -1.4654243386758026e-05, -0.9978532195091248, -0.17969712615013123, -0.6848546266555786, 0.6459610462188721, -1.0000622272491455, -1.0000261068344116, -0.9999523758888245, -0.6000000238418579, -0.0010424409992992878, -0.9781899452209473, -0.8030421137809753, -0.9842820763587952, -0.9932787418365479, -1.0, -0.9947373270988464, -0.18894118070602417, 0.5079504251480103, -0.7362050414085388, -0.4513438045978546, -0.4186413884162903, -0.9429381489753723, -0.8259303569793701, -0.7227659225463867, -0.2807992100715637], [-0.16881950199604034, -0.6940602660179138, 0.644760012626648, -0.9999783635139465, 0.0030697479378432035, 0.005813983269035816, -0.9993560910224915, -0.13873490691184998, -0.7195003628730774, 0.5810799598693848, -1.0000170469284058, -1.0000160932540894, -1.000012755393982, -0.6000000238418579, -0.21542303264141083, -0.9790365099906921, -0.8035887479782104, -0.8717719316482544, -0.993378221988678, -1.0, -0.9948903918266296, -0.26356422901153564, 0.2402115762233734, -0.7362050414085388, -0.4513438045978546, -0.4186413884162903, -0.9429381489753723, -0.8259303569793701, -0.7227659225463867, -0.2807992100715637], [-0.17566633224487305, -0.7358869910240173, 0.5420957803726196, 0.004767389036715031, 0.16423435509204865, 0.9864098429679871, -0.9958490133285522, -0.18778420984745026, -0.8010314106941223, 0.3989980220794678, -0.9995622038841248, -1.000620722770691, -0.9999560713768005, -0.6000000238418579, 0.0007753516547381878, -0.9790927171707153, -0.8058400750160217, -0.8991415500640869, -0.993169367313385, -1.0, -0.9951855540275574, -0.34920039772987366, 0.35113435983657837, -0.7362050414085388, -0.4513438045978546, -0.4186413884162903, -0.9429381489753723, -0.8259303569793701, -0.7227659225463867, -0.2807992100715637], [-0.18812347948551178, -0.8448651432991028, 0.2960050106048584, 0.008755459450185299, -0.9851245880126953, 0.17161832749843597, -0.9986780285835266, 0.09856121242046356, -0.9254902005195618, 0.12660901248455048, -0.9997318983078003, -1.0003645420074463, -0.9998501539230347, -1.0, 0.0603753961622715, -0.9790342450141907, -0.8075820207595825, -0.8679448366165161, -0.9930116534233093, -1.0, -0.9951252341270447, -0.0029385427478700876, 0.3766345679759979, -0.7362050414085388, -0.4513438045978546, -0.4186413884162903, -0.9429381489753723, -0.8259303569793701, -0.7227659225463867, -0.2807992100715637], [-0.1269431859254837, -0.024608151987195015, 0.002177000744268298, 0.000235563435126096, -0.0006760237738490105, 0.9999997615814209, -0.9894292950630188, -0.11437058448791504, -0.027264010161161423, 0.01677764393389225, -0.9999827742576599, -0.9997432827949524, -0.9995140433311462, -0.20000000298023224, 0.0016131284646689892, -0.9655103087425232, -0.8862946629524231, -0.8654543161392212, -0.9930276870727539, -1.0, -0.9951164722442627, -0.2392720878124237, 0.2443418949842453, -0.7362050414085388, -0.4513438045978546, -0.4186413884162903, -0.9429381489753723, -0.8259303569793701, -0.7227659225463867, -0.2807992100715637], [-0.14002539217472076, 0.44063839316368103, 0.003150091040879488, -0.008511599153280258, 0.9999609589576721, 0.0023622068110853434, -0.9958536624908447, -0.0775558203458786, 0.4074639678001404, -0.029569046571850777, -0.9999932646751404, -0.9999851584434509, -0.9998505711555481, -0.6000000238418579, -0.06392192840576172, -0.9478545784950256, -0.8675580620765686, -0.8854960799217224, -0.9932557344436646, -1.0, -0.9949555993080139, -0.2753203213214874, 0.2421116828918457, -0.7362050414085388, -0.4513438045978546, -0.4186413884162903, -0.9429381489753723, -0.8259303569793701, -0.7227659225463867, -0.2807992100715637], [-0.0691761001944542, 0.4445238709449768, -0.030897384509444237, -0.9166820049285889, -0.010326897725462914, -0.39948394894599915, -0.9984595775604248, 0.10527657717466354, 0.44131651520729065, -0.12510834634304047, -1.0000853538513184, -0.9999425411224365, -0.9999879598617554, -0.6000000238418579, 0.0018348718294873834, -0.964417576789856, -0.8912996053695679, -0.8893066048622131, -0.9928051233291626, -1.0, -0.9947529435157776, -0.23826730251312256, 0.029682859778404236, -0.7362050414085388, -0.4513438045978546, 