{"n_joints": 23, "joint_descriptions": [[-0.14583006501197815, -0.03302498906850815, 0.6869520545005798, -0.004182677716016769, -0.0013637111987918615, 0.9999903440475464, -0.9986310601234436, -0.15226884186267853, -0.03140914440155029, 0.800682544708252, -1.0000064373016357, -0.9999966025352478, -0.9999660849571228, -0.6000000238418579, 0.00041600625263527036, -0.9928434491157532, -0.8937153220176697, -0.8023952841758728, -0.9951266050338745, -1.0, -0.9953005909919739, -0.233698770403862, 0.24091938138008118, -0.7091092467308044, -0.4530719220638275, -0.48888906836509705, -0.9521500468254089, -0.8055279850959778, -0.7567617297172546, -0.13640499114990234], [-0.19101984798908234, -0.033072974532842636, 0.8066184520721436, -0.0033310723956674337, -0.9999918937683105, 0.002249219221994281, -0.9979040026664734, -0.16467945277690887, -0.018978135660290718, 0.994996964931488, -1.000050663948059, -1.000040054321289, -0.9995992183685303, -1.0, -0.00029914602055214345, -0.9915745854377747, -0.8951141834259033, -0.9794833064079285, -0.9927858114242554, -1.0, -0.9957484602928162, -0.19551846385002136, 0.0542861670255661, -0.7091092467308044, -0.4530719220638275, -0.48888906836509705, -0.9521500468254089, -0.8055279850959778, -0.7567617297172546, -0.13640499114990234], [-0.12839879095554352, 0.445442795753479, 0.6475998759269714, 0.007206616923213005, 0.9999280571937561, -0.009591883979737759, -0.9981307983398438, -0.12911559641361237, 0.6276919841766357, 0.6478497385978699, -1.0000321865081787, -1.0000677108764648, -0.9999922513961792, -0.6000000238418579, 0.002154475310817361, -0.978635847568512, -0.8328282833099365, -0.8800508379936218, -0.9940990805625916, -1.0, -0.9951071739196777, -0.5044415593147278, 0.18204493820667267, -0.7091092467308044, -0.4530719220638275, -0.48888906836509705, -0.9521500468254089, -0.8055279850959778, -0.7567617297172546, -0.13640499114990234], [-0.11407190561294556, 0.6583632230758667, 0.6472671627998352, -0.9998708963394165, 0.0009827081812545657, 0.01603865623474121, -0.9994767904281616, -0.08533275127410889, 0.6679750084877014, 0.6036012768745422, -1.0000066757202148, -1.0000051259994507, -0.9999584555625916, -0.6000000238418579, 0.21352700889110565, -0.9803260564804077, -0.8309747576713562, -0.9409801959991455, -0.9920979738235474, -1.0, -0.9952331185340881, -0.25542107224464417, 0.25438278913497925, -0.7091092467308044, -0.4530719220638275, -0.48888906836509705, -0.9521500468254089, -0.8055279850959778, -0.7567617297172546, -0.13640499114990234], [-0.12379110604524612, 0.7234164476394653, 0.5780301094055176, 0.03985680267214775, -0.20167315006256104, 0.9786415696144104, -0.9966611862182617, -0.13790510594844818, 0.7883819341659546, 0.4738088548183441, -0.9999185800552368, -0.9997209310531616, -0.9997934699058533, -0.6000000238418579, 0.000461667834315449, -0.9762520790100098, -0.8316009044647217, -0.5788050293922424, -0.9914950728416443, -0.7134745717048645, -0.9949022531509399, -0.3636626899242401, 0.3418843150138855, -0.7091092467308044, -0.4530719220638275, -0.48888906836509705, -0.9521500468254089, -0.8055279850959778, -0.7567617297172546, -0.13640499114990234], [-0.12261957675218582, 0.8251979947090149, 0.40112799406051636, -0.0051598865538835526, 0.982172966003418, 0.1879086196422577, -0.9988487958908081, 0.10621848702430725, 0.9165661334991455, 0.27430933713912964, -0.9999771118164062, -0.9998185634613037, -0.9998981952667236, -1.0, -0.06330224871635437, -0.9827893972396851, -0.8284178376197815, -0.8314881324768066, -0.9950587153434753, -1.0, -0.9952170848846436, -0.3783522844314575, 0.004689464345574379, -0.7091092467308044, -0.4530719220638275, -0.48888906836509705, -0.9521500468254089, -0.8055279850959778, -0.7567617297172546, -0.13640499114990234], [-0.14647802710533142, -0.4808987081050873, 0.6433629989624023, -0.0091265132650733, -0.9999502301216125, 0.004035386256873608, -0.9981378316879272, -0.12130329757928848, -0.669869601726532, 0.6411510109901428, -1.0000306367874146, -1.0000663995742798, -0.9999904036521912, -0.6000000238418579, 0.001114335493184626, -0.9831395149230957, -0.8005056381225586, -0.9993276000022888, -0.9933503866195679, -1.0, -0.9949211478233337, -0.18778187036514282, 0.5070362091064453, -0.7091092467308044, -0.4530719220638275, -0.48888906836509705, -0.9521500468254089, -0.8055279850959778, -0.7567617297172546, -0.13640499114990234], [-0.16352379322052002, -0.6960186958312988, 0.6416493058204651, -0.9999762177467346, -0.006300131790339947, -0.002808895893394947, -0.9994577765464783, -0.13351739943027496, -0.7251774072647095, 0.5989217162132263, -1.0000104904174805, -1.0000089406967163, -1.0000402927398682, -0.6000000238418579, -0.21729370951652527, -0.9811636209487915, -0.8151375651359558, -0.9654998779296875, -0.9929290413856506, -1.0, -0.9946535229682922, -0.2661620080471039, 0.22618144750595093, -0.7091092467308044, -0.4530719220638275, -0.48888906836509705, -0.9521500468254089, -0.8055279850959778, -0.7567617297172546, -0.13640499114990234], [-0.17977023124694824, -0.7569144368171692, 0.5639123916625977, 7.315847324207425e-05, 0.16141377389431, 0.9868867993354797, -0.9964044094085693, -0.1755782514810562, -0.799376904964447, 0.4657899737358093, -0.9999279379844666, -1.000347375869751, -1.0000838041305542, -0.6000000238418579, -0.002734139794483781, -0.9799442887306213, -0.8023833632469177, -1.0, -0.9935665130615234, -0.944836437702179, -0.9951590895652771, -0.35007354617118835, 0.3540063202381134, -0.7091092467308044, -0.4530719220638275, -0.48888906836509705, -0.9521500468254089, -0.8055279850959778, -0.7567617297172546, -0.13640499114990234], [-0.20051993429660797, -0.8464378714561462, 0.38451167941093445, -0.024401774629950523, -0.9859833121299744, 0.1650499552488327, -0.9988939762115479, 0.03389843553304672, -0.9388378262519836, 0.25791215896606445, -0.9999370574951172, -1.0002082586288452, -0.9999986886978149, -1.0, 0.06119373440742493, -0.9806433916091919, -0.8181169033050537, -1.0, -0.992552638053894, -1.0, -0.9954451322555542, 0.007159638684242964, 0.3754250109195709, -0.7091092467308044, -0.4530719220638275, -0.48888906836509705, -0.9521500468254089, -0.8055279850959778, -0.7567617297172546, -0.13640499114990234], [-0.17102326452732086, -0.001291253138333559, -0.0020681670866906643, 0.025757642462849617, 0.003545277053490281, 0.999661922454834, -0.9915285110473633, -0.11784207820892334, -0.011605918407440186, 0.011645671911537647, -1.0003453493118286, -0.9998602271080017, -0.9989571571350098, -0.20000000298023224, -0.005283397156745195, -0.9680862426757812, -0.8852938413619995, -1.0, -0.9937180876731873, -1.0, -0.99517822265625, -0.23549999296665192, 0.23603713512420654, -0.7091092467308044, -0.4530719220638275, -0.48888906836509705, -0.9521500468254089, -0.8055279850959778, -0.7567617297172546, -0.13640499114990234], [-0.1202092245221138, 0.45810845494270325, -0.0040884423069655895, 0.027683543041348457, 0.9995273947715759, 0.01336425170302391, -0.9962103962898254, -0.040706735104322433, 0.3986121118068695, -0.03614015504717827, -1.0001009702682495, -1.0000919103622437, -0.9997355937957764, -0.6000000238418579, -0.06559692323207855, -0.95294189453125, -0.8731508255004883, -1.0, -0.9927228689193726, -0.9096909165382385, -0.9964449405670166, -0.28491634130477905, 0.24424715340137482, -0.7091092467308044, -0.4530719220638275, -0.48888906836509705, -0.9521500468254089, -0.8055279850959778, -0.7567617297172546, -0.13640499114990234], [-0.1015559509396553, 0.4598141312599182, -0.03417780250310898, -0.9136162996292114, 0.04868968203663826, -0.40365150570869446, -0.9986227750778198, 0.07418817281723022, 0.4432789981365204, -0.12256068736314774, -1.0000889301300049, -0.9999867081642151, -0.9999043941497803, -0.6000000238418579, 0.0042972140945494175, -0.9719664454460144, -0.8980086445808411, -1.0, -0.9938039183616638, -0.9258610010147095, -0.9951410889625549, -0.24137862026691437, 0.032611969858407974, -0.7091092467308044, -0.4530719220638275, -0.48888906836509705, 