{"n_joints": 23, "joint_descriptions": [[-0.1051410362124443, -0.008103686384856701, 0.6908174753189087, 0.0018044891767203808, 0.003320809453725815, 0.999992847442627, -0.9981716275215149, -0.11310692131519318, -0.014051779173314571, 0.7990473508834839, -1.000011920928955, -0.9999898076057434, -0.9999892115592957, -0.6000000238418579, 0.0002725452068261802, -0.9916914701461792, -0.865321695804596, -0.9717081189155579, -0.992599368095398, -0.9795915484428406, -0.9949998259544373, -0.24042582511901855, 0.24272644519805908, -0.7385148406028748, -0.4395484924316406, -0.4188746213912964, -0.9435445666313171, -0.8278363347053528, -0.7156800627708435, -0.30669111013412476], [-0.09501423686742783, -0.006195191293954849, 0.8088626265525818, -0.0007765088812448084, -0.9999997019767761, 2.0643115931306966e-05, -0.9974684715270996, -0.045367855578660965, 2.289236363139935e-05, 0.9971470832824707, -0.9999398589134216, -0.9999263286590576, -0.9998438358306885, -1.0, -0.0002199536538682878, -0.9919483661651611, -0.869660496711731, -0.9141599535942078, -0.9935460686683655, -1.0, -0.9951207637786865, -0.18899892270565033, 0.05598805844783783, -0.7385148406028748, -0.4395484924316406, -0.4188746213912964, -0.9435445666313171, -0.8278363347053528, -0.7156800627708435, -0.30669111013412476], [-0.1316293179988861, 0.46534159779548645, 0.642787754535675, 0.001376570900902152, 0.9999895691871643, 0.004360468126833439, -0.9978803992271423, -0.13939660787582397, 0.6661525964736938, 0.642914891242981, -1.000077486038208, -1.000020980834961, -0.9999563097953796, -0.6000000238418579, -0.0005077302921563387, -0.9788514971733093, -0.809711754322052, -0.9269403219223022, -0.9929175972938538, -1.0, -0.9948433637619019, -0.5120999217033386, 0.18644104897975922, -0.7385148406028748, -0.4395484924316406, -0.4188746213912964, -0.9435445666313171, -0.8278363347053528, -0.7156800627708435, -0.30669111013412476], [-0.11887471377849579, 0.672627866268158, 0.6430120468139648, -0.9999862313270569, -0.002445278223603964, -0.00464404933154583, -0.9993577003479004, -0.08837704360485077, 0.7048825621604919, 0.5751537680625916, -1.0000194311141968, -0.9999896883964539, -0.9999842643737793, -0.6000000238418579, 0.21463504433631897, -0.978579044342041, -0.8028696775436401, -0.9257426857948303, -0.9935734272003174, -1.0, -0.9949766397476196, -0.23781859874725342, 0.27185294032096863, -0.7385148406028748, -0.4395484924316406, -0.4188746213912964, -0.9435445666313171, -0.8278363347053528, -0.7156800627708435, -0.30669111013412476], [-0.1094469428062439, 0.7178860902786255, 0.5346598625183105, -0.014506607316434383, -0.17944209277629852, 0.9836615920066833, -0.9959214329719543, -0.11060711741447449, 0.7833483815193176, 0.3812796175479889, -0.9995744228363037, -0.9992662668228149, -0.9998204708099365, -0.6000000238418579, -0.00025672392803244293, -0.9803415536880493, -0.8087838292121887, -0.9800966382026672, -0.9937806725502014, -1.0, -0.994945764541626, -0.34519442915916443, 0.34999170899391174, -0.7385148406028748, -0.4395484924316406, -0.4188746213912964, -0.9435445666313171, -0.8278363347053528, -0.7156800627708435, -0.30669111013412476], [-0.09661176055669785, 0.8351250290870667, 0.27013498544692993, -0.0006612525321543217, 0.9856135845184326, 0.16901326179504395, -0.9987075328826904, 0.21968746185302734, 0.9119945764541626, 0.0881655290722847, -0.9997608661651611, -0.9995452761650085, -0.9997986555099487, -1.0, -0.06094369664788246, -0.978163480758667, -0.801397442817688, -0.8639994263648987, -0.992633044719696, -0.9851829409599304, -0.9947970509529114, -0.37300729751586914, 0.00038841518107801676, -0.7385148406028748, -0.4395484924316406, -0.4188746213912964, -0.9435445666313171, -0.8278363347053528, -0.7156800627708435, -0.30669111013412476], [-0.140904039144516, -0.4788080155849457, 0.6431028842926025, 0.0015890138456597924, -0.9999966025352478, 0.0020762046333402395, -0.9979161620140076, -0.15888792276382446, -0.6831710338592529, 0.6426507234573364, -1.0000765323638916, -1.000022053718567, -0.9999546408653259, -0.6000000238418579, -0.0007036856841295958, -0.9779905080795288, -0.8093257546424866, -0.9492672681808472, -0.9932125806808472, -0.9832353591918945, -0.9949372410774231, -0.18880978226661682, 0.5090435743331909, -0.7385148406028748, -0.4395484924316406, -0.4188746213912964, -0.9435445666313171, -0.8278363347053528, -0.7156800627708435, -0.30669111013412476], [-0.14347243309020996, -0.6808525323867798, 0.6431182622909546, -0.999997079372406, 0.0016191975446417928, 0.0018061459995806217, -0.9993635416030884, -0.12566079199314117, -0.7077963948249817, 0.575890064239502, -1.0000211000442505, -1.0000150203704834, -1.000009536743164, -0.6000000238418579, -0.21464966237545013, -0.9783594012260437, -0.8127743005752563, -0.9458754062652588, -0.9931575655937195, -0.9739487171173096, -0.9948702454566956, -0.2703173756599426, 0.24668438732624054, -0.7385148406028748, -0.4395484924316406, -0.4188746213912964, -0.9435445666313171, -0.8278363347053528, -0.7156800627708435, -0.30669111013412476], [-0.15010422468185425, -0.7279291749000549, 0.5336228609085083, -0.004468466620892286, 0.17341859638690948, 0.98483806848526, -0.9959266185760498, -0.15386243164539337, -0.7978579998016357, 0.3779107630252838, -0.999577522277832, -1.000747799873352, -0.9999127388000488, -0.6000000238418579, 0.0013460972113534808, -0.9790263772010803, -0.809188187122345, -0.9014935493469238, -0.993052065372467, -1.0, -0.9949615597724915, -0.3514938950538635, 0.34907206892967224, -0.7385148406028748, -0.4395484924316406, -0.4188746213912964, -0.9435445666313171, -0.8278363347053528, -0.7156800627708435, -0.30669111013412476], [-0.1566876471042633, -0.8392593860626221, 0.2695655822753906, 0.011631854809820652, -0.983977198600769, 0.17791445553302765, -0.9986780881881714, 0.15895110368728638, -0.9193020462989807, 0.08838419616222382, -0.9997444748878479, -1.0004549026489258, -0.9998313188552856, -1.0, 0.06219663843512535, -0.9790359139442444, -0.8138742446899414, -0.8844805955886841, -0.9930152893066406, -1.0, -0.9950782656669617, 0.001429253607057035, 0.3741414546966553, -0.7385148406028748, -0.4395484924316406, -0.4188746213912964, -0.9435445666313171, -0.8278363347053528, -0.7156800627708435, -0.30669111013412476], [-0.0923629030585289, -0.016297269612550735, 0.005269106011837721, -0.00026302633341401815, -0.007395958062261343, 0.9999726414680481, -0.9895392060279846, -0.09404306858778, -0.02069825865328312, 0.019151989370584488, -0.9999688267707825, -0.9996848106384277, -0.999609649181366, -0.20000000298023224, 0.002149424981325865, -0.9649113416671753, -0.8902097344398499, -0.7956216931343079, -0.9927992820739746, -1.0, -0.9949461221694946, -0.2439623475074768, 0.24357718229293823, -0.7385148406028748, -0.4395484924316406, -0.4188746213912964, -0.9435445666313171, -0.8278363347053528, -0.7156800627708435, -0.30669111013412476], [-0.10963474959135056, 0.45509257912635803, 0.004542619455605745, -0.014881815761327744, 0.9998666644096375, 0.006718793883919716, -0.9960572719573975, -0.04809299856424332, 0.42852213978767395, -0.02681313268840313, -0.999991238117218, -0.9999634027481079, -0.9998671412467957, -0.6000000238418579, -0.062276922166347504, -0.9460753202438354, -0.8668386340141296, -0.9260746240615845, -0.9931937456130981, -0.9963968992233276, -0.99457848072052, -0.27554556727409363, 0.2409917712211609, -0.7385148406028748, -0.4395484924316406, -0.4188746213912964, -0.9435445666313171, -0.8278363347053528, -0.7156800627708435, -0.30669111013412476], [-0.028099454939365387, 0.4608093202114105, -0.03303956612944603, -0.920448362827301, -0.0105859050527215, -0.39072084426879883, -0.9984618425369263, 0.14283649623394012, 0.4692245125770569, -0.12926021218299866, -1.0000977516174316, -0.9999451041221619, -1.000001311302185, -0.6000000238418579, -0.0009324722341261804, -0.9636210203170776, -0.8858678936958313, -0.8730632662773132, -0.9932036399841309, -0.9919843673706055, -0.9949724078178406, -0.24132953584194183, 