{"n_joints": 23, "joint_descriptions": [[-0.132375106215477, -0.012875990942120552, 0.6902691125869751, -0.0026823808439075947, 0.0033742068335413933, 0.999990701675415, -0.9981791377067566, -0.1466044932603836, -0.015736207365989685, 0.7999936938285828, -1.0000033378601074, -0.9999822378158569, -0.9999879002571106, -0.6000000238418579, -0.0019932573195546865, -0.9924873113632202, -0.8834999203681946, -0.9457508325576782, -0.9921888709068298, -0.9301312565803528, -0.9942581057548523, -0.23273788392543793, 0.24078607559204102, -0.7282900214195251, -0.45967867970466614, -0.48711228370666504, -0.9422435164451599, -0.8260254859924316, -0.7512308359146118, -0.2899352014064789], [-0.15329909324645996, -0.022582652047276497, 0.808735728263855, -0.010607403703033924, -0.99994295835495, -0.001256850897334516, -0.9973453879356384, -0.07885225862264633, -0.035434573888778687, 0.9934126734733582, -0.9998746514320374, -0.9999997615814209, -0.9998327493667603, -1.0, -7.067978731356561e-05, -0.9909337162971497, -0.8907691240310669, -1.0, -0.9921492338180542, -1.0, -0.9951914548873901, -0.19026616215705872, 0.054678745567798615, -0.7282900214195251, -0.45967867970466614, -0.48711228370666504, -0.9422435164451599, -0.8260254859924316, -0.7512308359146118, -0.2899352014064789], [-0.1402055025100708, 0.45176878571510315, 0.6444407105445862, 0.012232447974383831, 0.9998123049736023, 0.015025138854980469, -0.9978523850440979, -0.16838796436786652, 0.6437681317329407, 0.6456816792488098, -1.0000338554382324, -1.0000226497650146, -0.9999054074287415, -0.6000000238418579, 0.0017227055504918098, -0.9781323075294495, -0.8185211420059204, -1.0, -0.9928892254829407, -1.0, -0.9943854212760925, -0.5153473615646362, 0.19501347839832306, -0.7282900214195251, -0.45967867970466614, -0.48711228370666504, -0.9422435164451599, -0.8260254859924316, -0.7512308359146118, -0.2899352014064789], [-0.1503947526216507, 0.6684329509735107, 0.6457576751708984, -0.9998844861984253, 0.0008384097600355744, 0.01517513208091259, -0.999306321144104, -0.1344541758298874, 0.6888682246208191, 0.5828052163124084, -1.0000089406967163, -0.9999738335609436, -0.9999794960021973, -0.6000000238418579, 0.21448849141597748, -0.9767846465110779, -0.8385139107704163, -0.9506880044937134, -0.9921720623970032, -1.0, -0.9949572086334229, -0.2361573874950409, 0.26708582043647766, -0.7282900214195251, -0.45967867970466614, -0.48711228370666504, -0.9422435164451599, -0.8260254859924316, -0.7512308359146118, -0.2899352014064789], [-0.14342744648456573, 0.7270264029502869, 0.5555076003074646, 0.008169014006853104, -0.1693025827407837, 0.9855302572250366, -0.9960376024246216, -0.1330006718635559, 0.7934899926185608, 0.43102791905403137, -0.9991000294685364, -0.9996340274810791, -0.9998947381973267, -0.6000000238418579, 0.0023070811294019222, -0.9781436920166016, -0.8012018799781799, -0.8464072942733765, -0.9924654364585876, -1.0, -0.9949206709861755, -0.35658469796180725, 0.34507107734680176, -0.7282900214195251, -0.45967867970466614, -0.48711228370666504, -0.9422435164451599, -0.8260254859924316, -0.7512308359146118, -0.2899352014064789], [-0.14890384674072266, 0.8304319977760315, 0.3335765302181244, -0.012448661960661411, 0.9831629991531372, 0.182306170463562, -0.9986447691917419, 0.10744941979646683, 0.9155555963516235, 0.17679044604301453, -0.9994916915893555, -0.9998065233230591, -0.999726414680481, -1.0, -0.06370830535888672, -0.9785119295120239, -0.8005502223968506, -0.7956101894378662, -0.9926624298095703, -1.0, -0.9948170781135559, -0.3754022419452667, -0.005857338663190603, -0.7282900214195251, -0.45967867970466614, -0.48711228370666504, -0.9422435164451599, -0.8260254859924316, -0.7512308359146118, -0.2899352014064789], [-0.13832952082157135, -0.48736196756362915, 0.6459741592407227, 0.015568305738270283, -0.9998778700828552, -0.0013559956569224596, -0.9978631138801575, -0.16342219710350037, -0.6948652863502502, 0.6465587019920349, -1.0000373125076294, -1.0000218152999878, -0.9999086856842041, -0.6000000238418579, 0.00010270305938320234, -0.9786484837532043, -0.8193487524986267, -0.9512128829956055, -0.9920944571495056, -1.0, -0.9953804016113281, -0.18724410235881805, 0.5027238130569458, -0.7282900214195251, -0.45967867970466614, -0.48711228370666504, -0.9422435164451599, -0.8260254859924316, -0.7512308359146118, -0.2899352014064789], [-0.12483415752649307, -0.673041820526123, 0.6415525078773499, -0.9999702572822571, 0.0023159824777394533, -0.007357071153819561, -0.9993573427200317, -0.11238215863704681, -0.7051449418067932, 0.5829511880874634, -1.0000104904174805, -1.0000306367874146, -1.0000090599060059, -0.6000000238418579, -0.21422003209590912, -0.9793761372566223, -0.8072660565376282, -0.8785008788108826, -0.9929710626602173, -0.977691113948822, -0.9944698810577393, -0.2644028961658478, 0.24425722658634186, -0.7282900214195251, -0.45967867970466614, -0.48711228370666504, -0.9422435164451599, -0.8260254859924316, -0.7512308359146118, -0.2899352014064789], [-0.1049216091632843, -0.7116897702217102, 0.5502457022666931, -0.020622100681066513, 0.17439407110214233, 0.9844599962234497, -0.9957387447357178, -0.10676636546850204, -0.7757782936096191, 0.4159049093723297, -0.9990772008895874, -1.0003477334976196, -0.9999778866767883, -0.6000000238418579, -9.322880214313045e-05, -0.979087769985199, -0.8102865219116211, -0.9477161765098572, -0.9940169453620911, -0.972104549407959, -0.9942537546157837, -0.3574519157409668, 0.34178033471107483, -0.7282900214195251, -0.45967867970466614, -0.48711228370666504, -0.9422435164451599, -0.8260254859924316, -0.7512308359146118, -0.2899352014064789], [-0.0978904590010643, -0.8312475085258484, 0.3284514546394348, 2.1803380150231533e-05, -0.9819346070289612, 0.18922054767608643, -0.9986563324928284, 0.18086901307106018, -0.9301468729972839, 0.17448100447654724, -0.9994692206382751, -1.0001757144927979, -0.9997458457946777, -1.0, 0.06306629627943039, -0.9785864353179932, -0.8368930220603943, -1.0, -0.9920037984848022, -1.0, -0.9942099452018738, 0.001237877062521875, 0.38352248072624207, -0.7282900214195251, -0.45967867970466614, -0.48711228370666504, -0.9422435164451599, -0.8260254859924316, -0.7512308359146118, -0.2899352014064789], [-0.10220853239297867, -0.03498077765107155, 0.013743394985795021, 0.005363323260098696, 0.011166280135512352, 0.9999232888221741, -0.9895187020301819, -0.10263906419277191, -0.036848753690719604, 0.026014216244220734, -0.9998075366020203, -0.9998491406440735, -0.9995021820068359, -0.20000000298023224, -0.00039429395110346377, -0.9680190086364746, -0.885861337184906, -0.7911570072174072, -0.9930747747421265, -1.0, -0.9942252039909363, -0.24423031508922577, 0.23340514302253723, -0.7282900214195251, -0.45967867970466614, -0.48711228370666504, -0.9422435164451599, -0.8260254859924316, -0.7512308359146118, -0.2899352014064789], [-0.09713487327098846, 0.43287110328674316, 0.014063140377402306, -0.005065593868494034, 0.9999774098396301, 0.00442121084779501, -0.9957059621810913, -0.03469892591238022, 0.3877081274986267, -0.01618848368525505, -0.9999239444732666, -1.0000077486038208, -0.9998466372489929, -0.6000000238418579, -0.06198108196258545, -0.9481631517410278, -0.8612463474273682, -1.0, -0.9923487901687622, -1.0, -0.9949461817741394, -0.2771669924259186, 0.24857482314109802, -0.7282900214195251, -0.45967867970466614, -0.48711228370666504, -0.9422435164451599, -0.8260254859924316, -0.7512308359146118, -0.2899352014064789], [-0.039023615419864655, 0.43947750329971313, -0.01745493710041046, -0.915677547454834, 0.008728072978556156, -0.4018189013004303, -0.9984297752380371, 0.11577734351158142, 0.438392698764801, -0.11433853954076767, -1.0000535249710083, -0.9998748302459717, -0.9999794363975525, -0.6000000238418579, 0.0015311888419091702, -0.9650313854217529, -0.8741843700408936, -0.8328272700309753, -0.9937069416046143, -0.9205858111381531, -0.9947209358215332, -0.23687297105789185, 0.029444502666592598, -0.7282900214195251, -0.45967867970466614, 