{"n_joints": 23, "joint_descriptions": [[0.015044243074953556, -0.03137810528278351, 0.6824402809143066, 0.004023766610771418, 0.003260413883253932, 0.9999865889549255, -0.9951463341712952, 0.008109728805720806, -0.04771847277879715, 0.7912110090255737, -1.000006079673767, -0.9998841285705566, -0.9999316334724426, -0.6000000238418579, 0.006785096134990454, -0.9868494272232056, -0.7791251540184021, -0.8402330279350281, -0.9946179389953613, -1.0, -0.9958758354187012, -0.25862550735473633, 0.24766524136066437, -0.5789543390274048, -0.1946157068014145, 0.005406840238720179, -0.8400445580482483, -0.7331511378288269, -0.705833375453949, 0.01609354466199875], [0.02354547567665577, 0.018492067232728004, 0.7998767495155334, 0.051373399794101715, -0.9986768960952759, 0.0022980805952101946, -0.9931198954582214, 0.040384139865636826, 0.05774884298443794, 1.0, -0.9991672039031982, -1.000016212463379, -0.9989941120147705, -1.0, 0.0007853767601773143, -0.9908730387687683, -0.7821151614189148, -0.4974519908428192, -0.9925040006637573, -1.0, -0.992506206035614, -0.1846766322851181, 0.05452417954802513, -0.5789543390274048, -0.1946157068014145, 0.005406840238720179, -0.8400445580482483, -0.7331511378288269, -0.705833375453949, 0.01609354466199875], [-0.04852709174156189, 0.48720651865005493, 0.6367789506912231, -0.02870085835456848, 0.9995107650756836, -0.012428656220436096, -0.9939044117927551, -0.03090982511639595, 0.7035396099090576, 0.6345552802085876, -1.000133991241455, -1.0001581907272339, -0.9993524551391602, -0.6000000238418579, -0.0014119029510766268, -0.9722710847854614, -0.7171013355255127, -0.48515579104423523, -0.9904360175132751, -0.9777666330337524, -0.9941787719726562, -0.49713313579559326, 0.15881027281284332, -0.5789543390274048, -0.1946157068014145, 0.005406840238720179, -0.8400445580482483, -0.7331511378288269, -0.705833375453949, 0.01609354466199875], [-0.007597476709634066, 0.7004740834236145, 0.6348221898078918, -0.9999669194221497, -0.007983635179698467, -0.001569273415952921, -0.9983726739883423, 0.03257203474640846, 0.7356227040290833, 0.596071183681488, -1.0000275373458862, -0.9998420476913452, -0.9998866319656372, -0.6000000238418579, 0.2176070511341095, -0.9792363047599792, -0.7000234723091125, -0.800642192363739, -0.9948854446411133, -0.46810412406921387, -0.9931032657623291, -0.25127503275871277, 0.2724428176879883, -0.5789543390274048, -0.1946157068014145, 0.005406840238720179, -0.8400445580482483, -0.7331511378288269, -0.705833375453949, 0.01609354466199875], [-0.010404311120510101, 0.7271749377250671, 0.554078996181488, 0.004135229624807835, -0.1458086520433426, 0.9893041849136353, -0.98660808801651, -0.046579085290431976, 0.7868652939796448, 0.42809632420539856, -0.9943292140960693, -0.9987865090370178, -0.9992617964744568, -0.6000000238418579, -0.003670411417260766, -0.9720914959907532, -0.7351900339126587, -0.8949164152145386, -0.9955174922943115, -0.9130476713180542, -0.9936474561691284, -0.3196721076965332, 0.3551681339740753, -0.5789543390274048, -0.1946157068014145, 0.005406840238720179, -0.8400445580482483, -0.7331511378288269, -0.705833375453949, 0.01609354466199875], [-0.004704436287283897, 0.8559192419052124, 0.35722583532333374, 0.020224345847964287, 0.9884456992149353, 0.15022015571594238, -0.9964594841003418, 0.23911403119564056, 0.9189457297325134, 0.2272559106349945, -0.996241569519043, -0.99959796667099, -0.9983804225921631, -1.0, -0.055570345371961594, -0.9675480723381042, -0.7598652839660645, -1.0, -0.9910227656364441, -1.0, -0.992384135723114, -0.3795595169067383, 0.030322281643748283, -0.5789543390274048, -0.1946157068014145, 0.005406840238720179, -0.8400445580482483, -0.7331511378288269, -0.705833375453949, 0.01609354466199875], [-0.06253735721111298, -0.4818105399608612, 0.6272860765457153, -0.02432224527001381, -0.999280571937561, 0.029098479077219963, -0.9937143325805664, -0.044255584478378296, -0.6435893774032593, 0.6274385452270508, -1.0001448392868042, -1.000148892402649, -0.9993070960044861, -0.6000000238418579, -0.0018224798841401935, -0.969696581363678, -0.7209959030151367, -0.8593471050262451, -0.9940361976623535, -0.48098427057266235, -0.9919663071632385, -0.18485073745250702, 0.5197806358337402, -0.5789543390274048, -0.1946157068014145, 0.005406840238720179, -0.8400445580482483, -0.7331511378288269, -0.705833375453949, 0.01609354466199875], [-0.11149603128433228, -0.722773015499115, 0.6328822374343872, -0.9998635053634644, 0.0036368935834616423, 0.01611684076488018, -0.998063862323761, -0.06406446546316147, -0.7500165104866028, 0.5850130915641785, -1.0000381469726562, -1.0001871585845947, -1.0000598430633545, -0.6000000238418579, -0.22389847040176392, -0.9691028594970703, -0.752697229385376, -1.0, -0.9896138906478882, -1.0, -0.9967412352561951, -0.2724372446537018, 0.23809729516506195, -0.5789543390274048, -0.1946157068014145, 0.005406840238720179, -0.8400445580482483, -0.7331511378288269, -0.705833375453949, 0.01609354466199875], [-0.1393587291240692, -0.8061089515686035, 0.5515230298042297, -0.01804416999220848, 0.12716729938983917, 0.9917171597480774, -0.9886114001274109, -0.1369512975215912, -0.8587930202484131, 0.44812461733818054, -0.9941835999488831, -1.0015301704406738, -1.000077486038208, -0.6000000238418579, 0.0003949228848796338, -0.9700323343276978, -0.7210692763328552, -0.8389343619346619, -0.9860216975212097, -1.0, -0.9946690797805786, -0.3250074088573456, 0.36177462339401245, -0.5789543390274048, -0.1946157068014145, 0.005406840238720179, -0.8400445580482483, -0.7331511378288269, -0.705833375453949, 0.01609354466199875], [-0.15464673936367035, -0.8818874955177307, 0.3521547019481659, -0.00855622161179781, -0.9956672787666321, 0.09259267896413803, -0.9963127374649048, 0.05055908486247063, -0.9022423624992371, 0.21773451566696167, -0.9964773058891296, -1.000640869140625, -0.9986827373504639, -1.0, 0.059787627309560776, -0.9712520241737366, -0.6974456906318665, -0.40492182970046997, -0.9944021105766296, -1.0, -0.995013952255249, -0.005496400408446789, 0.36028358340263367, -0.5789543390274048, -0.1946157068014145, 0.005406840238720179, -0.8400445580482483, -0.7331511378288269, -0.705833375453949, 0.01609354466199875], [-0.0016071376157924533, 0.008440850302577019, -0.021899446845054626, -0.03842013329267502, 0.010615305975079536, 0.9992052912712097, -0.9680264592170715, 0.05596589297056198, 0.008728012442588806, -0.006670658010989428, -0.9985061883926392, -0.9995829463005066, -0.9965059757232666, -0.20000000298023224, 0.00623545004054904, -0.9369117617607117, -0.8423388004302979, -1.0, -0.9894278645515442, -0.8233524560928345, -0.9956478476524353, -0.23978231847286224, 0.266824334859848, -0.5789543390274048, -0.1946157068014145, 0.005406840238720179, -0.8400445580482483, -0.7331511378288269, -0.705833375453949, 0.01609354466199875], [-0.012707325629889965, 0.5116684436798096, -0.022169925272464752, 0.01271781139075756, 0.9997537136077881, -0.018187133595347404, -0.9889150261878967, 0.047540534287691116, 0.4895888864994049, -0.05545509606599808, -0.999481201171875, -1.0001037120819092, -0.9991298317909241, -0.6000000238418579, -0.06704448908567429, -0.9239192605018616, -0.8342214822769165, -0.557939350605011, -0.9919229745864868, -0.5342770218849182, -0.9936162233352661, -0.27635276317596436, 0.21246759593486786, -0.5789543390274048, -0.1946157068014145, 0.005406840238720179, -0.8400445580482483, -0.7331511378288269, -0.705833375453949, 0.01609354466199875], [0.07033603638410568, 0.461273729801178, -0.06440247595310211, -0.9249827861785889, -0.0693143978714943, -0.3736339509487152, -0.9952681660652161, 0.2674241065979004, 0.47503697872161865, -0.1518004685640335, -1.0003141164779663, -0.9992265701293945, -0.9998233914375305, -0.6000000238418579, -0.003259425750002265, -0.9545900225639343, -0.9024191498756409, -1.0, -0.9889620542526245, -1.0, -0.9931939244270325, -0.2480691522359848, 0.024957483634352684, -0.5789543390274048, -0.1946157068014145, 0.005406840238720179, -0.8400445580482483, 