{"n_joints": 23, "joint_descriptions": [[-0.1353774070739746, -0.012997251003980637, 0.6886233687400818, 0.001411336474120617, -0.00039511072100140154, 0.999998927116394, -0.9982266426086426, -0.14494304358959198, -0.02266160398721695, 0.7981095910072327, -1.0000088214874268, -0.9999923706054688, -0.9999821186065674, -0.6000000238418579, 0.00017465946439187974, -0.9916900992393494, -0.8720670342445374, -0.8925538659095764, -0.9930291771888733, -1.0, -0.9950809478759766, -0.24273870885372162, 0.23914048075675964, -0.7333648800849915, -0.4678778648376465, -0.41026175022125244, -0.9442339539527893, -0.8256637454032898, -0.7313116788864136, -0.24115708470344543], [-0.13756190240383148, -0.015284933149814606, 0.8076815009117126, 0.0024030935019254684, -0.9999949932098389, -0.0020473692566156387, -0.9974935054779053, -0.09074170142412186, -0.010567030869424343, 0.9958374500274658, -0.9999759793281555, -0.9999694228172302, -0.9997758269309998, -1.0, 9.45634747040458e-05, -0.9918398261070251, -0.872096061706543, -0.9044281840324402, -0.9931357502937317, -1.0, -0.994990348815918, -0.18804284930229187, 0.051430296152830124, -0.7333648800849915, -0.4678778648376465, -0.41026175022125244, -0.9442339539527893, -0.8256637454032898, -0.7313116788864136, -0.24115708470344543], [-0.15483461320400238, 0.45566120743751526, 0.6438843011856079, 0.0003972141712438315, 0.9999999403953552, -1.3193914128351025e-05, -0.9979131817817688, -0.16500084102153778, 0.6499314308166504, 0.6442291140556335, -1.0000566244125366, -1.0000337362289429, -0.9999679327011108, -0.6000000238418579, 4.849756442126818e-05, -0.9793559312820435, -0.8036584854125977, -0.9259375929832458, -0.9929845929145813, -1.0, -0.994976818561554, -0.5089817047119141, 0.19047480821609497, -0.7333648800849915, -0.4678778648376465, -0.41026175022125244, -0.9442339539527893, -0.8256637454032898, -0.7313116788864136, -0.24115708470344543], [-0.14843964576721191, 0.6689720153808594, 0.644817054271698, -0.9999967217445374, -0.0025528622791171074, -7.33625129214488e-05, -0.9993584156036377, -0.13129858672618866, 0.7004817724227905, 0.586394190788269, -1.0000139474868774, -0.9999946355819702, -0.9999767541885376, -0.6000000238418579, 0.21444004774093628, -0.9793248176574707, -0.8093202710151672, -0.9385645985603333, -0.9934033751487732, -1.0, -0.9949634075164795, -0.23921115696430206, 0.26754751801490784, -0.7333648800849915, -0.4678778648376465, -0.41026175022125244, -0.9442339539527893, -0.8256637454032898, -0.7313116788864136, -0.24115708470344543], [-0.1504642814397812, 0.7184248566627502, 0.5507774949073792, -0.002068554051220417, -0.17647147178649902, 0.9843035936355591, -0.9959602355957031, -0.15006563067436218, 0.7839332222938538, 0.4197344183921814, -0.9997000098228455, -0.999469518661499, -0.9998266696929932, -0.6000000238418579, 0.0003230345027986914, -0.9793609976768494, -0.8043187260627747, -0.9058849811553955, -0.9932428598403931, -1.0, -0.9949734210968018, -0.3476702570915222, 0.34929630160331726, -0.7333648800849915, -0.4678778648376465, -0.41026175022125244, -0.9442339539527893, -0.8256637454032898, -0.7313116788864136, -0.24115708470344543], [-0.1431991010904312, 0.8332009315490723, 0.3223384618759155, -0.005978703498840332, 0.9841399788856506, 0.17729294300079346, -0.9987244606018066, 0.15455298125743866, 0.9149035811424255, 0.16660162806510925, -0.9998388886451721, -0.999676525592804, -0.9998428225517273, -1.0, -0.06221780553460121, -0.9794230461120605, -0.8099741339683533, -0.8519956469535828, -0.9931309223175049, -1.0, -0.9948278069496155, -0.37608060240745544, -0.00139719620347023, -0.7333648800849915, -0.4678778648376465, -0.41026175022125244, -0.9442339539527893, -0.8256637454032898, -0.7313116788864136, -0.24115708470344543], [-0.16989408433437347, -0.48466646671295166, 0.6420881748199463, -0.0060065439902246, -0.9999783635139465, 0.0026723844930529594, -0.9979237914085388, -0.17769673466682434, -0.6865988373756409, 0.642470121383667, -1.0000559091567993, -1.0000343322753906, -0.9999676942825317, -0.6000000238418579, -0.0005789315910078585, -0.9790380597114563, -0.8133412599563599, -0.9387325048446655, -0.9930893778800964, -0.9823521971702576, -0.9949655532836914, -0.18745265901088715, 0.5079944133758545, -0.7333648800849915, -0.4678778648376465, -0.41026175022125244, -0.9442339539527893, -0.8256637454032898, -0.7313116788864136, -0.24115708470344543], [-0.1761513203382492, -0.6904077529907227, 0.6413581967353821, -0.9999918341636658, 0.0015348359011113644, -0.0037330070044845343, -0.9993675947189331, -0.1452767252922058, -0.725160539150238, 0.5826313495635986, -1.000015377998352, -1.0000128746032715, -1.0000187158584595, -0.6000000238418579, -0.2151595652103424, -0.9792187213897705, -0.8162866234779358, -0.9267483949661255, -0.9931452870368958, -1.0, -0.9950353503227234, -0.2700718939304352, 0.24083083868026733, -0.7333648800849915, -0.4678778648376465, -0.41026175022125244, -0.9442339539527893, -0.8256637454032898, -0.7313116788864136, -0.24115708470344543], [-0.1701645404100418, -0.7336337566375732, 0.5488031506538391, -0.004851098638027906, 0.1715254932641983, 0.9851677417755127, -0.9959381222724915, -0.17021040618419647, -0.8002843856811523, 0.41651222109794617, -0.9996891021728516, -1.0005450248718262, -0.9999737739562988, -0.6000000238418579, 0.0008786737453192472, -0.9793092012405396, -0.8077987432479858, -0.9484590291976929, -0.993313193321228, -1.0, -0.9949055314064026, -0.349328875541687, 0.3487430214881897, -0.7333648800849915, -0.4678778648376465, -0.41026175022125244, -0.9442339539527893, -0.8256637454032898, -0.7313116788864136, -0.24115708470344543], [-0.1697045862674713, -0.8439438939094543, 0.32145169377326965, 0.015278512611985207, -0.9849601984024048, 0.17210440337657928, -0.9987092614173889, 0.12538829445838928, -0.9226952195167542, 0.16682752966880798, -0.9998088479042053, -1.000331997871399, -0.9998902082443237, -1.0, 0.061912499368190765, -0.9794439077377319, -0.815464437007904, -0.9131023287773132, -0.9929127097129822, -1.0, -0.9950193762779236, 0.001172400894574821, 0.37649133801460266, -0.7333648800849915, -0.4678778648376465, -0.41026175022125244, -0.9442339539527893, -0.8256637454032898, -0.7313116788864136, -0.24115708470344543], [-0.13559120893478394, -0.023015834391117096, 0.0006883660098537803, 5.8421956055099145e-05, -0.0001340249291388318, 1.0, -0.9898487329483032, -0.12027052044868469, -0.027284661307930946, 0.014382034540176392, -1.0000916719436646, -0.9997749924659729, -0.9994127750396729, -0.20000000298023224, 0.0011552015785127878, -0.9661029577255249, -0.889335572719574, -0.8757752776145935, -0.9930899739265442, -1.0, -0.9950060844421387, -0.23932790756225586, 0.24008527398109436, -0.7333648800849915, -0.4678778648376465, -0.41026175022125244, -0.9442339539527893, -0.8256637454032898, -0.7313116788864136, -0.24115708470344543], [-0.1394517421722412, 0.4428209364414215, 0.0009545589564368129, -0.010327404364943504, 0.9999455809593201, -0.0014888941077515483, -0.9959470629692078, -0.06929774582386017, 0.41250213980674744, -0.03002978302538395, -1.000022292137146, -1.0000083446502686, -0.9998300671577454, -0.6000000238418579, -0.06346596032381058, -0.9496670961380005, -0.8732939958572388, -0.9344406127929688, -0.9931710362434387, -1.0, -0.995001494884491, -0.2776087820529938, 0.239111989736557, -0.7333648800849915, -0.4678778648376465, -0.41026175022125244, -0.9442339539527893, -0.8256637454032898, -0.7313116788864136, -0.24115708470344543], [-0.07662750035524368, 0.4420081377029419, -0.03353109955787659, -0.9162557721138, -0.007085148245096207, -0.4005311131477356, -0.9984791874885559, 0.1078970804810524, 0.4412619471549988, -0.1279357373714447, -1.0000855922698975, -0.9999595284461975, -0.9999707341194153, -0.6000000238418579, 0.0005003128899261355, -0.9646903872489929, -0.8879493474960327, -0.8944061994552612, -0.9931641817092896, -1.0, -0.9951274991035461, -0.24054968357086182, 0.030559463426470757, -0.7333648800849915, -0.4678778648376465, 