{"n_joints": 23, "joint_descriptions": [[0.034516941756010056, 0.0637146458029747, 0.6845987439155579, 0.005485431291162968, 0.00916162971407175, 0.99994295835495, -0.9980524778366089, 0.017919709905982018, 0.0547172985970974, 0.796134889125824, -1.000027060508728, -0.9999659657478333, -0.9999996423721313, -0.6000000238418579, 0.006043890956789255, -0.9904223680496216, -0.8757595419883728, -0.933916449546814, -0.9930165410041809, -1.0, -0.9945822358131409, -0.24866922199726105, 0.22700315713882446, -0.7629887461662292, -0.4421508312225342, -0.628574013710022, -0.9345845580101013, -0.7988932728767395, -0.6712895035743713, -0.5483213663101196], [0.03506794944405556, 0.10125060379505157, 0.8044226169586182, 0.038040291517972946, -0.9992696046829224, 0.0036334653850644827, -0.9974193572998047, 0.022783078253269196, 0.0683305412530899, 0.9814721941947937, -0.9996978044509888, -0.9997667670249939, -0.999880850315094, -1.0, -0.00010928706615231931, -0.9911282062530518, -0.8868390321731567, -0.7610617876052856, -0.9897567629814148, -1.0, -0.9948457479476929, -0.18709741532802582, 0.03739727661013603, -0.7629887461662292, -0.4421508312225342, -0.628574013710022, -0.9345845580101013, -0.7988932728767395, -0.6712895035743713, -0.5483213663101196], [0.03222770243883133, 0.5498894453048706, 0.6570857763290405, -0.004988983739167452, 0.9999608397483826, -0.007312239613384008, -0.9975119233131409, 0.010151632130146027, 0.7425525188446045, 0.6289804577827454, -1.0001919269561768, -0.9999902844429016, -0.9998149275779724, -0.6000000238418579, -0.007012749556452036, -0.9800372123718262, -0.8172218203544617, -0.9049921035766602, -0.9926214814186096, -0.6097762584686279, -0.9948595762252808, -0.48208358883857727, 0.20415154099464417, -0.7629887461662292, -0.4421508312225342, -0.628574013710022, -0.9345845580101013, -0.7988932728767395, -0.6712895035743713, -0.5483213663101196], [0.05268843472003937, 0.729710578918457, 0.6560330390930176, -0.9973722100257874, 0.05083603784441948, -0.05161711946129799, -0.9994416236877441, 0.06589104235172272, 0.7850507497787476, 0.5404667258262634, -1.000037670135498, -0.9999521374702454, -0.9999880194664001, -0.6000000238418579, 0.21517446637153625, -0.9794577360153198, -0.817044734954834, -0.45235899090766907, -0.9940280914306641, -0.8239542245864868, -0.99427330493927, -0.22714371979236603, 0.2737445831298828, -0.7629887461662292, -0.4421508312225342, -0.628574013710022, -0.9345845580101013, -0.7988932728767395, -0.6712895035743713, -0.5483213663101196], [0.041184768080711365, 0.7708331346511841, 0.48256734013557434, 0.0016058811452239752, -0.16164536774158478, 0.9868475794792175, -0.9958813786506653, 0.05104682594537735, 0.8427852392196655, 0.19742093980312347, -0.9983198642730713, -0.9985140562057495, -0.9998303651809692, -0.6000000238418579, 0.0006186270038597286, -0.9844343066215515, -0.8155267238616943, -0.9429057836532593, -0.9921605587005615, -1.0, -0.9942781329154968, -0.34041866660118103, 0.35367438197135925, -0.7629887461662292, -0.4421508312225342, -0.628574013710022, -0.9345845580101013, -0.7988932728767395, -0.6712895035743713, -0.5483213663101196], [0.07108712941408157, 0.859237015247345, 0.026448383927345276, 0.07120100408792496, 0.9785020351409912, 0.19355659186840057, -0.9982730746269226, 0.3969224691390991, 0.9620802402496338, -0.3107324540615082, -0.9988979697227478, -0.998720645904541, -0.9993224740028381, -1.0, -0.06314355134963989, -0.9784339666366577, -0.7281376123428345, -0.6928187608718872, -0.9932543039321899, -1.0, -0.9975178241729736, -0.37239664793014526, -0.021585488691926003, -0.7629887461662292, -0.4421508312225342, -0.628574013710022, -0.9345845580101013, -0.7988932728767395, -0.6712895035743713, -0.5483213663101196], [0.03832241892814636, -0.463979572057724, 0.6552311182022095, -0.016524316743016243, -0.99982750415802, -0.00847780704498291, -0.9977084398269653, 0.045713454484939575, -0.6700409650802612, 0.6594465374946594, -1.0001829862594604, -1.0000025033950806, -0.9998124837875366, -0.6000000238418579, 0.0006083176704123616, -0.9773226976394653, -0.8252959847450256, -1.0, -0.9934783577919006, -1.0, -0.9949091672897339, -0.21754634380340576, 0.5057283043861389, -0.7629887461662292, -0.4421508312225342, -0.628574013710022, -0.9345845580101013, -0.7988932728767395, -0.6712895035743713, -0.5483213663101196], [0.09982319921255112, -0.7063071131706238, 0.66448575258255, -0.9999820590019226, -0.0059826187789440155, 0.00022101592912804335, -0.9992761015892029, 0.15472404658794403, -0.7630078792572021, 0.5363565683364868, -1.000054121017456, -1.000058889389038, -0.9999883770942688, -0.6000000238418579, -0.21453915536403656, -0.9781280159950256, -0.8453623652458191, -0.9376723766326904, -0.9921361207962036, -1.0, -0.9923879504203796, -0.27881309390068054, 0.2706526815891266, -0.7629887461662292, -0.4421508312225342, -0.628574013710022, -0.9345845580101013, -0.7988932728767395, -0.6712895035743713, -0.5483213663101196], [0.12017685174942017, -0.7284609079360962, 0.4311726689338684, 0.009478149935603142, 0.17603427171707153, 0.9843384027481079, -0.9950549006462097, 0.11114635318517685, -0.8013900518417358, 0.15394720435142517, -0.9981075525283813, -1.0016381740570068, -0.9995452761650085, -0.6000000238418579, 0.0055165477097034454, -0.9771977663040161, -0.7970136404037476, -1.0, -0.9930055737495422, -1.0, -0.9972891807556152, -0.35230252146720886, 0.3439634442329407, -0.7629887461662292, -0.4421508312225342, -0.628574013710022, -0.9345845580101013, -0.7988932728767395, -0.6712895035743713, -0.5483213663101196], [0.1665271371603012, -0.841517984867096, -0.053189966827631, 0.044361721724271774, -0.9816152453422546, 0.18564364314079285, -0.9982916116714478, 0.4860944449901581, -0.8788037300109863, -0.38786935806274414, -0.9987776279449463, -1.0012789964675903, -0.9993169903755188, -1.0, 0.06223791092634201, -0.9847970604896545, -0.8055282831192017, -0.7717155814170837, -0.996909499168396, -1.0, -0.9948850274085999, 0.021590957418084145, 0.3755292594432831, -0.7629887461662292, -0.4421508312225342, -0.628574013710022, -0.9345845580101013, -0.7988932728767395, -0.6712895035743713, -0.5483213663101196], [-0.003896325593814254, 0.03977784141898155, 0.014850640669465065, 0.004248572513461113, -0.0043056136928498745, 0.999981701374054, -0.9879468083381653, -0.04939376190304756, 0.03888537362217903, 0.03038773313164711, -0.9992367625236511, -0.9990993738174438, -0.9996870160102844, -0.20000000298023224, -0.001065572490915656, -0.9674227833747864, -0.8833019137382507, -0.9139663577079773, -0.9902143478393555, -1.0, -0.9951265454292297, -0.2745944559574127, 0.23346450924873352, -0.7629887461662292, -0.4421508312225342, -0.628574013710022, -0.9345845580101013, -0.7988932728767395, -0.6712895035743713, -0.5483213663101196], [0.06155267357826233, 0.49094298481941223, 0.008753451518714428, 0.004086697939783335, 0.9999632835388184, 0.0075340596958994865, -0.9950268268585205, 0.12472178041934967, 0.41562342643737793, -0.022844579070806503, -0.9997698068618774, -0.9998383522033691, -0.9998246431350708, -0.6000000238418579, -0.0553075410425663, -0.9233811497688293, -0.887395441532135, -1.0, -0.9929617047309875, -1.0, -0.9946627616882324, -0.27885231375694275, 0.22543823719024658, -0.7629887461662292, -0.4421508312225342, -0.628574013710022, -0.9345845580101013, -0.7988932728767395, -0.6712895035743713, -0.5483213663101196], [0.06075285002589226, 0.4955749809741974, -0.026286574080586433, -0.9394343495368958, 0.004210390150547028, -0.34270310401916504, -0.9981890320777893, 0.15203049778938293, 0.4865468442440033, -0.12070879340171814, -1.0002254247665405, -0.999754786491394, -1.000081181526184, -0.6000000238418579, 0.005188637413084507, -0.963265061378479, -0.8820507526397705, -1.0, -0.9927268624305725, -0.7809539437294006, -0.9966132044792175, -0.2428663671016693, 0.03407406434416771, -0.7629887461662292, -0.4421508312225342, -0.628574013710022, -0.9345845580101013, -0.7988932728767395, -0.6712895035743713, 