{"n_joints": 23, "joint_descriptions": [[0.021149076521396637, -5.5336531659122556e-05, 0.6964933276176453, 0.000740746152587235, 0.0005677364533767104, 0.9999995827674866, -0.9985338449478149, 0.021621953696012497, -0.016977790743112564, 0.7987822890281677, -1.0000163316726685, -0.9999784827232361, -1.000000238418579, -0.6000000238418579, 0.003351067891344428, -0.9922025799751282, -0.8783437013626099, -0.8960476517677307, -0.9928791522979736, -1.0, -0.9956530332565308, -0.23998652398586273, 0.23680421710014343, -0.7614089250564575, -0.45409253239631653, -0.6335393190383911, -0.9511463642120361, -0.8270716071128845, -0.6940537095069885, -0.5760399699211121], [0.017069000750780106, 0.02407432720065117, 0.809442937374115, 0.014277606271207333, -0.9998865723609924, -0.004789369646459818, -0.9979850053787231, 0.023568307980895042, 0.0032061177771538496, 0.9902690649032593, -0.9998093247413635, -0.9998673796653748, -0.9999297261238098, -1.0, -0.0007334633264690638, -0.9916075468063354, -0.8856514692306519, -0.9142264127731323, -0.9919430613517761, -1.0, -0.9953542947769165, -0.18902790546417236, 0.04741835966706276, -0.7614089250564575, -0.45409253239631653, -0.6335393190383911, -0.9511463642120361, -0.8270716071128845, -0.6940537095069885, -0.5760399699211121], [0.019825410097837448, 0.4848072826862335, 0.6657465696334839, -0.0035544983111321926, 0.9999777674674988, -0.005637481343001127, -0.9982184171676636, 0.017026567831635475, 0.6849982142448425, 0.6476820111274719, -1.0001163482666016, -1.0000005960464478, -0.999891996383667, -0.6000000238418579, -0.004069007467478514, -0.9809043407440186, -0.8135336637496948, -0.8554251790046692, -0.9927448630332947, -0.7624081969261169, -0.9950624108314514, -0.4929332435131073, 0.19386978447437286, -0.7614089250564575, -0.45409253239631653, -0.6335393190383911, -0.9511463642120361, -0.8270716071128845, -0.6940537095069885, -0.5760399699211121], [0.054362811148166656, 0.672304630279541, 0.6724545359611511, -0.9998741745948792, -0.0007420862675644457, 0.015847519040107727, -0.999539315700531, 0.08146511763334274, 0.7164539098739624, 0.5561888813972473, -1.0000278949737549, -0.9999718070030212, -0.999992847442627, -0.6000000238418579, 0.21463429927825928, -0.980548083782196, -0.8466081023216248, -0.6284156441688538, -0.9936023950576782, -0.9617706537246704, -0.9954624176025391, -0.23714855313301086, 0.2691913843154907, -0.7614089250564575, -0.45409253239631653, -0.6335393190383911, -0.9511463642120361, -0.8270716071128845, -0.6940537095069885, -0.5760399699211121], [0.05224258080124855, 0.7247975468635559, 0.4973607659339905, 0.017298080027103424, -0.17459844052791595, 0.984487771987915, -0.9967451095581055, 0.06009421870112419, 0.7961001396179199, 0.2202976644039154, -0.9990763068199158, -0.9989181756973267, -0.9998029470443726, -0.6000000238418579, -0.0006979687605053186, -0.9832850098609924, -0.8221102952957153, -0.9436407685279846, -0.9930852055549622, -0.9124282002449036, -0.9950594305992126, -0.34967175126075745, 0.35047751665115356, -0.7614089250564575, -0.45409253239631653, -0.6335393190383911, -0.9511463642120361, -0.8270716071128845, -0.6940537095069885, -0.5760399699211121], [0.0651891753077507, 0.8312969207763672, 0.05006652697920799, -0.005224984139204025, 0.9838771224021912, 0.17876935005187988, -0.9987828731536865, 0.378072589635849, 0.9392603635787964, -0.27041247487068176, -0.9993699193000793, -0.999224066734314, -0.9995908141136169, -1.0, -0.06212431192398071, -0.9817132353782654, -0.777008593082428, -0.8387462496757507, -0.9937323331832886, -1.0, -0.9968913793563843, -0.37557846307754517, -0.011240361258387566, -0.7614089250564575, -0.45409253239631653, -0.6335393190383911, -0.9511463642120361, -0.8270716071128845, -0.6940537095069885, -0.5760399699211121], [0.02652013674378395, -0.49007222056388855, 0.664879560470581, -0.0035945456475019455, -0.9999923706054688, -0.001518266275525093, -0.9982393980026245, 0.03209991380572319, -0.6999793648719788, 0.6732935309410095, -1.0001072883605957, -0.9999974966049194, -0.9998875856399536, -0.6000000238418579, -0.00147335696965456, -0.9809134006500244, -0.8207820653915405, -1.0, -0.9939435720443726, -1.0, -0.9950676560401917, -0.206755593419075, 0.5011213421821594, -0.7614089250564575, -0.45409253239631653, -0.6335393190383911, -0.9511463642120361, -0.8270716071128845, -0.6940537095069885, -0.5760399699211121], [0.07056182622909546, -0.7143861651420593, 0.6709731817245483, -0.9999775290489197, 0.0001441115455236286, 0.0067009166814386845, -0.999430239200592, 0.10680535435676575, -0.7535903453826904, 0.5536310076713562, -1.0000327825546265, -1.0000356435775757, -0.9999930262565613, -0.6000000238418579, -0.21615244448184967, -0.9800565242767334, -0.8378580808639526, -0.882851779460907, -0.9931686520576477, -1.0, -0.9939383864402771, -0.2693268060684204, 0.25970399379730225, -0.7614089250564575, -0.45409253239631653, -0.6335393190383911, -0.9511463642120361, -0.8270716071128845, -0.6940537095069885, -0.5760399699211121], [0.07143725454807281, -0.7423210144042969, 0.454510360956192, 0.0010001506889238954, 0.16506460309028625, 0.986282229423523, -0.9965079426765442, 0.0659094974398613, -0.802258312702179, 0.1774245798587799, -0.9988645315170288, -1.0010076761245728, -0.9998855590820312, -0.6000000238418579, 0.0028922236524522305, -0.9811692833900452, -0.8097111582756042, -1.0, -0.9942483305931091, -1.0, -0.9966915845870972, -0.3486343324184418, 0.3476523756980896, -0.7614089250564575, -0.45409253239631653, -0.6335393190383911, -0.9511463642120361, -0.8270716071128845, -0.6940537095069885, -0.5760399699211121], [0.10316095501184464, -0.8567221164703369, -0.018819943070411682, 0.03667321428656578, -0.984654426574707, 0.17061884701251984, -0.9987509250640869, 0.4490051865577698, -0.9004204273223877, -0.3423359990119934, -0.9993100762367249, -1.0007425546646118, -0.999625563621521, -1.0, 0.060891393572092056, -0.9836030602455139, -0.8162016272544861, -0.8613380789756775, -0.9959304332733154, -1.0, -0.9953071475028992, 0.011114890687167645, 0.3813795745372772, -0.7614089250564575, -0.45409253239631653, -0.6335393190383911, -0.9511463642120361, -0.8270716071128845, -0.6940537095069885, -0.5760399699211121], [0.019940674304962158, 0.0006533526466228068, 0.031421106308698654, 0.003187500638887286, -0.0051217819564044476, 0.9999818205833435, -0.9909780025482178, -0.008233392611145973, -0.0025160769000649452, 0.041012171655893326, -0.999578595161438, -0.9994750618934631, -0.9998041391372681, -0.20000000298023224, 0.0006745340651832521, -0.9667302370071411, -0.8895606994628906, -0.867179811000824, -0.992171049118042, -1.0, -0.9957802891731262, -0.26345691084861755, 0.24238021671772003, -0.7614089250564575, -0.45409253239631653, -0.6335393190383911, -0.9511463642120361, -0.8270716071128845, -0.6940537095069885, -0.5760399699211121], [0.058664485812187195, 0.4531954526901245, 0.031338296830654144, -0.01065212395042181, 0.9999011754989624, -0.009172845631837845, -0.9965190291404724, 0.1059393584728241, 0.39136388897895813, 0.0024042315781116486, -0.9998754262924194, -0.999895453453064, -0.9998922944068909, -0.6000000238418579, -0.0577983483672142, -0.9371839165687561, -0.8830899596214294, -0.8759139776229858, -0.9936065673828125, -1.0, -0.9952722191810608, -0.2775017023086548, 0.23567643761634827, -0.7614089250564575, -0.45409253239631653, -0.6335393190383911, -0.9511463642120361, -0.8270716071128845, -0.6940537095069885, -0.5760399699211121], [0.08429661393165588, 0.45429518818855286, -0.003794930875301361, -0.9283154606819153, 0.005859161727130413, -0.37174731492996216, -0.9986738562583923, 0.20415744185447693, 0.4503103792667389, -0.10044564306735992, -1.00013267993927, -0.9998559951782227, -1.0000520944595337, -0.6000000238418579, 0.0029145432636141777, -0.9641631245613098, -0.9014767408370972, -1.0, -0.9937630295753479, -0.9242519736289978, -0.9961075782775879, -0.23550289869308472, 0.02654828317463398, -0.7614089250564575, -0.45409253239631653, -0.6335393190383911, 