{"n_joints": 23, "joint_descriptions": [[-0.05912967398762703, -0.04618902876973152, 0.6919586062431335, -0.0007841206970624626, -0.0015812424244359136, 0.9999984502792358, -0.9985635876655579, -0.07238220423460007, -0.049230851233005524, 0.8018141984939575, -1.0000085830688477, -0.9999909400939941, -0.9999940991401672, -0.6000000238418579, -0.0021701541263610125, -0.9928616285324097, -0.8824481964111328, -0.9251547455787659, -0.9937393665313721, -0.8794231414794922, -0.9952479004859924, -0.23903857171535492, 0.2482130527496338, -0.7243388295173645, -0.474349707365036, -0.49256330728530884, -0.9548555016517639, -0.8347726464271545, -0.7276215553283691, -0.3773576319217682], [-0.06182556599378586, -0.05962558835744858, 0.8099108338356018, -0.010822257027029991, -0.9999391436576843, -0.0021493148524314165, -0.9978955388069153, 0.0039010299369692802, -0.043378379195928574, 1.0, -0.9999410510063171, -0.9999422430992126, -0.9999054670333862, -1.0, -6.198236951604486e-05, -0.9927273392677307, -0.8841134309768677, -1.0, -0.9944648742675781, -0.9530138373374939, -0.9953178763389587, -0.18863220512866974, 0.061193618923425674, -0.7243388295173645, -0.474349707365036, -0.49256330728530884, -0.9548555016517639, -0.8347726464271545, -0.7276215553283691, -0.3773576319217682], [-0.07844354212284088, 0.4361838698387146, 0.6446921825408936, -0.0013435265282168984, 0.9999979734420776, 0.0015130065148696303, -0.9982554316520691, -0.07388272881507874, 0.6396825909614563, 0.6500449776649475, -1.000058650970459, -1.0000100135803223, -0.9999598860740662, -0.6000000238418579, 0.0003607952094171196, -0.9810675978660583, -0.8200192451477051, -0.9881324172019958, -0.9938727021217346, -1.0, -0.9952512979507446, -0.5173972845077515, 0.17994487285614014, -0.7243388295173645, -0.474349707365036, -0.49256330728530884, -0.9548555016517639, -0.8347726464271545, -0.7276215553283691, -0.3773576319217682], [-0.06798918545246124, 0.6597978472709656, 0.643122136592865, -0.9999954700469971, -0.0014842526288703084, 0.002615037141367793, -0.9994510412216187, -0.03311608359217644, 0.6740214228630066, 0.5715453028678894, -1.0000160932540894, -0.9999895691871643, -0.999989926815033, -0.6000000238418579, 0.21478697657585144, -0.9808043241500854, -0.822251558303833, -1.0, -0.993053674697876, -1.0, -0.9954413175582886, -0.24950551986694336, 0.2698391079902649, -0.7243388295173645, -0.474349707365036, -0.49256330728530884, -0.9548555016517639, -0.8347726464271545, -0.7276215553283691, -0.3773576319217682], [-0.03906061872839928, 0.7087478041648865, 0.5217986106872559, 0.0005976432003080845, -0.17345541715621948, 0.984841525554657, -0.9965932965278625, -0.05343716964125633, 0.7740293741226196, 0.3620414733886719, -0.9996111989021301, -0.9994238615036011, -0.9998917579650879, -0.6000000238418579, -0.00029253849061205983, -0.9784120917320251, -0.8206138610839844, -0.9004490375518799, -0.9935302138328552, -0.9824262857437134, -0.9951986074447632, -0.35403716564178467, 0.3508280813694, -0.7243388295173645, -0.474349707365036, -0.49256330728530884, -0.9548555016517639, -0.8347726464271545, -0.7276215553283691, -0.3773576319217682], [-0.035661481320858, 0.8391686677932739, 0.23934514820575714, -0.001268871477805078, 0.9874682426452637, 0.15781283378601074, -0.9989694356918335, 0.27349168062210083, 0.9048188924789429, 0.05037589743733406, -0.9997892379760742, -0.9996727705001831, -0.9998302459716797, -1.0, -0.06239612400531769, -0.979691207408905, -0.8340789675712585, -0.9897754788398743, -0.9935400485992432, -0.9934700727462769, -0.9947923421859741, -0.3769115209579468, 0.0078871576115489, -0.7243388295173645, -0.474349707365036, -0.49256330728530884, -0.9548555016517639, -0.8347726464271545, -0.7276215553283691, -0.3773576319217682], [-0.09913256764411926, -0.48252686858177185, 0.6465486288070679, 0.007334486115723848, -0.9999655485153198, -0.003884517587721348, -0.9982302784919739, -0.11175896972417831, -0.6778000593185425, 0.6437618732452393, -1.000058650970459, -1.0000108480453491, -0.9999597668647766, -0.6000000238418579, -0.0013837699079886079, -0.9809587001800537, -0.8116781115531921, -0.7853800058364868, -0.9936355352401733, -0.8521608114242554, -0.9952719807624817, -0.18107904493808746, 0.5126028060913086, -0.7243388295173645, -0.474349707365036, -0.49256330728530884, -0.9548555016517639, -0.8347726464271545, -0.7276215553283691, -0.3773576319217682], [-0.12087263911962509, -0.6717849969863892, 0.647443413734436, -0.9998273253440857, 0.006542957853525877, 0.01739411987364292, -0.9994837641716003, -0.118506520986557, -0.6882815361022949, 0.5766304731369019, -1.0000157356262207, -1.0000120401382446, -1.0000040531158447, -0.6000000238418579, -0.2151978462934494, -0.9803714156150818, -0.8081167340278625, -0.9222703576087952, -0.9934436082839966, -0.8836824893951416, -0.9959448575973511, -0.2623000144958496, 0.2338150143623352, -0.7243388295173645, -0.474349707365036, -0.49256330728530884, -0.9548555016517639, -0.8347726464271545, -0.7276215553283691, -0.3773576319217682], [-0.1419498473405838, -0.7274916768074036, 0.5388109087944031, 0.01435275748372078, 0.17128926515579224, 0.9851162433624268, -0.9967705011367798, -0.1547013521194458, -0.7923206686973572, 0.378414511680603, -0.9996465444564819, -1.0005865097045898, -0.9999141693115234, -0.6000000238418579, -0.001672147074714303, -0.9804134368896484, -0.8218952417373657, -0.8296347260475159, -0.9932618141174316, -0.8907538056373596, -0.9947349429130554, -0.3495842516422272, 0.34769168496131897, -0.7243388295173645, -0.474349707365036, -0.49256330728530884, -0.9548555016517639, -0.8347726464271545, -0.7276215553283691, -0.3773576319217682], [-0.17921912670135498, -0.833504855632782, 0.2640441358089447, -0.027552789077162743, -0.9845032095909119, 0.1731886863708496, -0.9989848136901855, 0.11360933631658554, -0.930695652961731, 0.07367583364248276, -0.9998064637184143, -1.0003430843353271, -0.9998622536659241, -1.0, 0.06184965372085571, -0.9786018133163452, -0.8283364176750183, -0.8943333029747009, -0.9927608966827393, -0.9585279822349548, -0.9952827095985413, -0.00863579846918583, 0.3727535605430603, -0.7243388295173645, -0.474349707365036, -0.49256330728530884, -0.9548555016517639, -0.8347726464271545, -0.7276215553283691, -0.3773576319217682], [-0.03891516476869583, -0.03439432010054588, 0.01417520921677351, 8.494028588756919e-05, -0.0009367993334308267, 0.9999995827674866, -0.9916790723800659, -0.0072312974371016026, -0.03858153522014618, 0.02701585181057453, -0.9999297857284546, -0.9997764825820923, -0.9997790455818176, -0.20000000298023224, 0.0009162097703665495, -0.9655792117118835, -0.8972344994544983, -0.863278865814209, -0.9943900108337402, -0.9896456599235535, -0.9950994253158569, -0.2347482591867447, 0.24475407600402832, -0.7243388295173645, -0.474349707365036, -0.49256330728530884, -0.9548555016517639, -0.8347726464271545, -0.7276215553283691, -0.3773576319217682], [-0.056491486728191376, 0.4410642087459564, 0.01201168354600668, -0.009198904037475586, 0.9999575018882751, -0.0006054506520740688, -0.9967556595802307, -0.01068479847162962, 0.4199497401714325, -0.019828513264656067, -0.9999809861183167, -0.9999622702598572, -0.9999140501022339, -0.6000000238418579, -0.06485676765441895, -0.9554428458213806, -0.8697932958602905, -0.8218289017677307, -0.9935543537139893, -0.8886238932609558, -0.9953345060348511, -0.27820220589637756, 0.24948419630527496, -0.7243388295173645, -0.474349707365036, -0.49256330728530884, -0.9548555016517639, -0.8347726464271545, -0.7276215553283691, -0.3773576319217682], [0.02274421788752079, 0.4385460913181305, -0.02612026035785675, -0.9126536846160889, -0.008028723299503326, -0.4086548686027527, -0.9987522959709167, 0.17722807824611664, 0.4383602440357208, -0.11829790472984314, -1.0000685453414917, -0.999950110912323, -1.0000094175338745, -0.6000000238418579, -0.0007445043884217739, -0.9685668349266052, -0.8909327387809753, -0.8350611329078674, -0.9937155246734619, -1.0, -0.9946734309196472, -0.2420702576637268, 