{"n_joints": 23, "joint_descriptions": [[-0.22214359045028687, -0.005249743349850178, 0.6913060545921326, 0.009401275776326656, -0.0037997227627784014, 0.9999485611915588, -0.9979705214500427, -0.25013652443885803, -0.002142244018614292, 0.8047177195549011, -1.000013828277588, -0.9999924898147583, -0.9999743103981018, -0.6000000238418579, -0.0022743907757103443, -0.9917540550231934, -0.8670612573623657, -0.8894433379173279, -0.9938127398490906, -0.9429712891578674, -0.9948390126228333, -0.2430199682712555, 0.2441043108701706, -0.7299210429191589, -0.3968627154827118, -0.4188263714313507, -0.9381730556488037, -0.8088411092758179, -0.7078150510787964, -0.17349141836166382], [-0.2094750702381134, 0.0043750666081905365, 0.8078268766403198, -0.013618763536214828, -0.9998617172241211, 0.009544738568365574, -0.9971227049827576, -0.15786875784397125, 0.019804757088422775, 0.9985390901565552, -0.9999972581863403, -0.9999467134475708, -0.9996582269668579, -1.0, -7.039284537313506e-05, -0.9913330674171448, -0.8538521528244019, -0.8915269374847412, -0.9936420321464539, -0.9982827305793762, -0.9944021701812744, -0.18828092515468597, 0.05359222739934921, -0.7299210429191589, -0.3968627154827118, -0.4188263714313507, -0.9381730556488037, -0.8088411092758179, -0.7078150510787964, -0.17349141836166382], [-0.22809810936450958, 0.4605097472667694, 0.640783429145813, -0.010731062851846218, 0.9999412298202515, 0.001555015449412167, -0.997603714466095, -0.2478397786617279, 0.6519535183906555, 0.6402958035469055, -1.0000851154327393, -1.0000503063201904, -0.9999744296073914, -0.6000000238418579, 0.0022100030910223722, -0.9794600605964661, -0.7762537002563477, -0.898082435131073, -0.9925867319107056, -0.9537802338600159, -0.9946438074111938, -0.5078009366989136, 0.18116368353366852, -0.7299210429191589, -0.3968627154827118, -0.4188263714313507, -0.9381730556488037, -0.8088411092758179, -0.7078150510787964, -0.17349141836166382], [-0.22689102590084076, 0.6672941446304321, 0.6360541582107544, -0.9997019171714783, 0.0014854252804070711, 0.024370042607188225, -0.9992942214012146, -0.19804590940475464, 0.6794066429138184, 0.5803719758987427, -1.0000193119049072, -0.9999992251396179, -0.9999653697013855, -0.6000000238418579, 0.2167050838470459, -0.9788686633110046, -0.801859974861145, -0.9385560154914856, -0.9929295182228088, -1.0, -0.9949213266372681, -0.24176661670207977, 0.26455801725387573, -0.7299210429191589, -0.3968627154827118, -0.4188263714313507, -0.9381730556488037, -0.8088411092758179, -0.7078150510787964, -0.17349141836166382], [-0.22897790372371674, 0.7205207347869873, 0.5422241687774658, 0.02541995607316494, -0.16370166838169098, 0.9861823320388794, -0.9953396916389465, -0.26545825600624084, 0.7769287824630737, 0.41143298149108887, -0.9997867345809937, -0.9991998076438904, -0.9997506141662598, -0.6000000238418579, 0.0024163508787751198, -0.9799202680587769, -0.7933461666107178, -0.8301806449890137, -0.9929208755493164, -1.0, -0.9942666292190552, -0.3521558940410614, 0.3516341745853424, -0.7299210429191589, -0.3968627154827118, -0.4188263714313507, -0.9381730556488037, -0.8088411092758179, -0.7078150510787964, -0.17349141836166382], [-0.23478007316589355, 0.8426154255867004, 0.31233838200569153, -0.026896057650446892, 0.9857262969017029, 0.1661933809518814, -0.9985288381576538, 0.05262397974729538, 0.90681391954422, 0.16186007857322693, -0.9998968839645386, -0.9994894862174988, -0.9998263716697693, -1.0, -0.06378376483917236, -0.9783832430839539, -0.8183922171592712, -0.7794984579086304, -0.9917997121810913, -1.0, -0.9947499632835388, -0.37420377135276794, 0.00044288026401773095, -0.7299210429191589, -0.3968627154827118, -0.4188263714313507, -0.9381730556488037, -0.8088411092758179, -0.7078150510787964, -0.17349141836166382], [-0.2154676765203476, -0.4695076048374176, 0.6438106894493103, 0.0012882350711151958, -0.999998927116394, -0.0007206898299045861, -0.997560441493988, -0.21343626081943512, -0.6766061782836914, 0.6467562317848206, -1.0000866651535034, -1.000053882598877, -0.9999750852584839, -0.6000000238418579, -0.002976585878059268, -0.977719247341156, -0.8210928440093994, -0.826072096824646, -0.993159294128418, -0.9927793741226196, -0.9952617287635803, -0.18040712177753448, 0.5105515122413635, -0.7299210429191589, -0.3968627154827118, -0.4188263714313507, -0.9381730556488037, -0.8088411092758179, -0.7078150510787964, -0.17349141836166382], [-0.21342702209949493, -0.6804014444351196, 0.6400284171104431, -0.9998322129249573, 0.002775097033008933, 0.018107255920767784, -0.9993036389350891, -0.20801404118537903, -0.708511471748352, 0.5834389925003052, -1.000023365020752, -1.0000122785568237, -1.000028371810913, -0.6000000238418579, -0.21678709983825684, -0.978376030921936, -0.8150947093963623, -1.0, -0.9927747845649719, -1.0, -0.9945104122161865, -0.273540735244751, 0.23559647798538208, -0.7299210429191589, -0.3968627154827118, -0.4188263714313507, -0.9381730556488037, -0.8088411092758179, -0.7078150510787964, -0.17349141836166382], [-0.24293801188468933, -0.7268416881561279, 0.547812819480896, 0.007616197690367699, 0.15512000024318695, 0.9878662824630737, -0.9954347610473633, -0.2433040887117386, -0.7977775931358337, 0.41607561707496643, -0.9997751116752625, -1.0008227825164795, -0.9999814033508301, -0.6000000238418579, 0.0004696666728705168, -0.9802075624465942, -0.8182124495506287, -0.9323163628578186, -0.9928127527236938, -1.0, -0.9942200779914856, -0.35343459248542786, 0.3452308177947998, -0.7299210429191589, -0.3968627154827118, -0.4188263714313507, -0.9381730556488037, -0.8088411092758179, -0.7078150510787964, -0.17349141836166382], [-0.2827216386795044, -0.845177948474884, 0.3185558319091797, -0.002326393034309149, -0.986129879951477, 0.16595908999443054, -0.9985493421554565, -0.0014714851276949048, -0.9103475213050842, 0.16484707593917847, -0.9998598694801331, -1.0004853010177612, -0.9999078512191772, -1.0, 0.061075057834386826, -0.9803154468536377, -0.8118284940719604, -0.912119448184967, -0.9932457804679871, -1.0, -0.9947940707206726, 0.000360954727511853, 0.36692237854003906, -0.7299210429191589, -0.3968627154827118, -0.4188263714313507, -0.9381730556488037, -0.8088411092758179, -0.7078150510787964, -0.17349141836166382], [-0.2123657464981079, -0.023510606959462166, 0.005142720881849527, 0.0001269131898880005, 0.004890351090580225, 0.9999880194664001, -0.9891563057899475, -0.19830290973186493, -0.013328228145837784, 0.020766302943229675, -1.0002121925354004, -0.9996913075447083, -0.9992039203643799, -0.20000000298023224, -0.0008131619542837143, -0.9667545557022095, -0.8855236768722534, -0.96397864818573, -0.9932945370674133, -1.0, -0.9941172003746033, -0.24755387008190155, 0.2366284281015396, -0.7299210429191589, -0.3968627154827118, -0.4188263714313507, -0.9381730556488037, -0.8088411092758179, -0.7078150510787964, -0.17349141836166382], [-0.17912684381008148, 0.4361087679862976, 0.0034173226449638605, 0.0021270273718982935, 0.9998877644538879, -0.014828751794993877, -0.9955799579620361, -0.11548325419425964, 0.39930450916290283, -0.032733213156461716, -1.0000635385513306, -1.0000146627426147, -0.999764621257782, -0.6000000238418579, -0.06409405916929245, -0.9440370798110962, -0.8531063199043274, -1.0, -0.9929177165031433, -0.8224511742591858, -0.9947380423545837, -0.2788645625114441, 0.25001609325408936, -0.7299210429191589, -0.3968627154827118, -0.4188263714313507, -0.9381730556488037, -0.8088411092758179, -0.7078150510787964, -0.17349141836166382], [-0.08726834505796432, 0.4427609145641327, -0.03470012545585632, -0.9193953275680542, 0.0026438802015036345, -0.3933258056640625, -0.9982333779335022, 0.11149884760379791, 0.4368085563182831, -0.13198687136173248, -1.000128149986267, -0.9999672174453735, -0.9999536871910095, -0.6000000238418579, 0.0008081808919087052, -0.9668291807174683, -0.8917055130004883, -0.843821108341217, -0.9932484030723572, -1.0, -0.9950615167617798, -0.24636423587799072, 0.038147345185279846, -0.7299210429191589, 