{"n_joints": 23, "joint_descriptions": [[-0.13404832780361176, -0.012736892327666283, 0.6897943019866943, -0.0017266985960304737, 0.002729906002059579, 0.9999947547912598, -0.9980176091194153, -0.13526904582977295, -0.015664149075746536, 0.7985185980796814, -1.000012993812561, -0.9999877214431763, -0.9999853372573853, -0.6000000238418579, 0.00018996934522874653, -0.9914278388023376, -0.8648413419723511, -0.9013572931289673, -0.9924784898757935, -0.9983422756195068, -0.9947512149810791, -0.24150215089321136, 0.2400883138179779, -0.7244212031364441, -0.4452919661998749, -0.438884437084198, -0.9354451298713684, -0.8226425051689148, -0.7077206969261169, -0.2665915787220001], [-0.14362798631191254, -0.009755539707839489, 0.8075932860374451, -0.003249606117606163, -0.999994695186615, 0.00019221108232159168, -0.9971127510070801, -0.1026751846075058, -0.004261177498847246, 0.9977818131446838, -0.999927818775177, -0.9999246001243591, -0.9997919797897339, -1.0, 0.00023823173251003027, -0.9915910363197327, -0.8688921332359314, -0.9395226836204529, -0.993106484413147, -1.0, -0.9943626523017883, -0.187522292137146, 0.05379517748951912, -0.7244212031364441, -0.4452919661998749, -0.438884437084198, -0.9354451298713684, -0.8226425051689148, -0.7077206969261169, -0.2665915787220001], [-0.1637176275253296, 0.4614264667034149, 0.6436351537704468, -0.004608940798789263, 0.9999790191650391, -0.00454794242978096, -0.9975913763046265, -0.17586132884025574, 0.6610205769538879, 0.6439375281333923, -1.0000858306884766, -1.0000280141830444, -0.9999430775642395, -0.6000000238418579, 0.0004732447268906981, -0.9795446991920471, -0.7966973781585693, -0.918388843536377, -0.992992639541626, -1.0, -0.9946985840797424, -0.5095920562744141, 0.19057035446166992, -0.7244212031364441, -0.4452919661998749, -0.438884437084198, -0.9354451298713684, -0.8226425051689148, -0.7077206969261169, -0.2665915787220001], [-0.1562274545431137, 0.6717397570610046, 0.6444866061210632, -0.999997079372406, -0.00226993509568274, 0.000798835710156709, -0.9992584586143494, -0.1371120810508728, 0.7012109756469727, 0.5770026445388794, -1.0000221729278564, -0.9999867677688599, -0.999978244304657, -0.6000000238418579, 0.21415455639362335, -0.9784932732582092, -0.7962496280670166, -0.9324392676353455, -0.9928963780403137, -1.0, -0.9948078989982605, -0.24117021262645721, 0.26905307173728943, -0.7244212031364441, -0.4452919661998749, -0.438884437084198, -0.9354451298713684, -0.8226425051689148, -0.7077206969261169, -0.2665915787220001], [-0.15267536044120789, 0.7173923850059509, 0.53839510679245, -0.0009082723991014063, -0.17783123254776, 0.9840605854988098, -0.9953520894050598, -0.14736324548721313, 0.7843219041824341, 0.3900258243083954, -0.9994797706604004, -0.9991777539253235, -0.99978107213974, -0.6000000238418579, -2.1207117242738605e-05, -0.9773275256156921, -0.7922566533088684, -0.8279902338981628, -0.9927772879600525, -1.0, -0.9944634437561035, -0.3487868010997772, 0.34734341502189636, -0.7244212031364441, -0.4452919661998749, -0.438884437084198, -0.9354451298713684, -0.8226425051689148, -0.7077206969261169, -0.2665915787220001], [-0.1441921442747116, 0.8327828049659729, 0.28342917561531067, 0.0010387907968834043, 0.9837859869003296, 0.17934328317642212, -0.9985052943229675, 0.17239373922348022, 0.9140422940254211, 0.10696928203105927, -0.9996955394744873, -0.999492347240448, -0.9997537136077881, -1.0, -0.06131303682923317, -0.9779769778251648, -0.7941492199897766, -0.9270481467247009, -0.9931364059448242, -0.9918649792671204, -0.9947416186332703, -0.3762684166431427, -0.00023215662804432213, -0.7244212031364441, -0.4452919661998749, -0.438884437084198, -0.9354451298713684, -0.8226425051689148, -0.7077206969261169, -0.2665915787220001], [-0.17950017750263214, -0.48248010873794556, 0.646165132522583, 0.0012930134544149041, -0.9999958276748657, -0.0025906481314450502, -0.997547447681427, -0.18362009525299072, -0.6785609126091003, 0.644410252571106, -1.000087022781372, -1.0000286102294922, -0.9999414086341858, -0.6000000238418579, -0.0014323628274723887, -0.978346586227417, -0.799884557723999, -0.9596207141876221, -0.9926799535751343, -1.0, -0.994529664516449, -0.19120875000953674, 0.5096681714057922, -0.7244212031364441, -0.4452919661998749, -0.438884437084198, -0.9354451298713684, -0.8226425051689148, -0.7077206969261169, -0.2665915787220001], [-0.1835891306400299, -0.6885359883308411, 0.6449594497680664, -0.9999989867210388, -0.0012219438795000315, -0.000697912008035928, -0.9992631673812866, -0.15276949107646942, -0.7176244258880615, 0.5783263444900513, -1.000023603439331, -1.0000195503234863, -1.0000137090682983, -0.6000000238418579, -0.2154112607240677, -0.9783672094345093, -0.8133322596549988, -0.9404632449150085, -0.9928061962127686, -1.0, -0.9948626756668091, -0.26502400636672974, 0.24448232352733612, -0.7244212031364441, -0.4452919661998749, -0.438884437084198, -0.9354451298713684, -0.8226425051689148, -0.7077206969261169, -0.2665915787220001], [-0.1807105541229248, -0.7347166538238525, 0.5396326780319214, -0.00566247571259737, 0.17075179517269135, 0.9852977991104126, -0.9953172206878662, -0.17233963310718536, -0.7948172092437744, 0.39040249586105347, -0.999437153339386, -1.0008665323257446, -0.9999116063117981, -0.6000000238418579, 0.00011327618994982913, -0.9773077964782715, -0.7926276922225952, -0.9354033470153809, -0.9928597807884216, -1.0, -0.9949984550476074, -0.34778517484664917, 0.3440038561820984, -0.7244212031364441, -0.4452919661998749, -0.438884437084198, -0.9354451298713684, -0.8226425051689148, -0.7077206969261169, -0.2665915787220001], [-0.1764911711215973, -0.8440409898757935, 0.2852896749973297, 0.013396049849689007, -0.9851632118225098, 0.1710965782403946, -0.9985299110412598, 0.13986432552337646, -0.9206509590148926, 0.10924117267131805, -0.9996823072433472, -1.0005075931549072, -0.9998060464859009, -1.0, 0.061205197125673294, -0.9774934649467468, -0.8071631193161011, -0.9253978729248047, -0.9926232099533081, -0.9806774258613586, -0.9947887063026428, -0.0004006217932328582, 0.3741144835948944, -0.7244212031364441, -0.4452919661998749, -0.438884437084198, -0.9354451298713684, -0.8226425051689148, -0.7077206969261169, -0.2665915787220001], [-0.1336676925420761, -0.01656203158199787, 0.0014232535613700747, 0.0011288168607279658, 0.002814790466800332, 0.9999954104423523, -0.9880661964416504, -0.12349167466163635, -0.01975042000412941, 0.014761648140847683, -0.9999651312828064, -0.9996371269226074, -0.9994643926620483, -0.20000000298023224, 0.0012202474754303694, -0.9621224999427795, -0.8821971416473389, -0.9748749732971191, -0.9927324652671814, -1.0, -0.9949882626533508, -0.23892037570476532, 0.24402831494808197, -0.7244212031364441, -0.4452919661998749, -0.438884437084198, -0.9354451298713684, -0.8226425051689148, -0.7077206969261169, -0.2665915787220001], [-0.1394737958908081, 0.4564809501171112, 0.0022470392286777496, -0.009689087979495525, 0.9999465346336365, 0.0036101483274251223, -0.9952684044837952, -0.07076775282621384, 0.42472922801971436, -0.02983740158379078, -0.9999890327453613, -0.9999657869338989, -0.9998246431350708, -0.6000000238418579, -0.0632786899805069, -0.9453911781311035, -0.8587689995765686, -0.9273209571838379, -0.9928584694862366, -1.0, -0.9947940111160278, -0.2753695845603943, 0.2426634579896927, -0.7244212031364441, -0.4452919661998749, -0.438884437084198, -0.9354451298713684, -0.8226425051689148, -0.7077206969261169, -0.2665915787220001], [-0.06537921726703644, 0.4547663927078247, -0.03217015415430069, -0.9177095890045166, -0.006038378924131393, -0.39720603823661804, -0.9982069730758667, 0.1111680418252945, 0.4511362314224243, -0.12642791867256165, -1.0001134872436523, -0.9999273419380188, -0.9999953508377075, -0.6000000238418579, 0.0016390508972108364, -0.9623066782951355, -0.8833239078521729, -0.92092365026474, -0.9926055669784546, -1.0, -0.9946619272232056, -0.2389608919620514, 0.03349019214510918, -0.7244212031364441, -0.4452919661998749, 