{"n_joints": 23, "joint_descriptions": [[-0.2246302217245102, -0.009319053962826729, 0.6909452676773071, 0.0106035266071558, -0.004410670138895512, 0.9999340772628784, -0.9979143738746643, -0.25111180543899536, -0.0053281020373106, 0.8038648366928101, -1.0000150203704834, -0.9999920725822449, -0.9999744296073914, -0.6000000238418579, -0.0022570788860321045, -0.991570234298706, -0.8650714159011841, -0.8938608169555664, -0.9936917424201965, -0.9306591749191284, -0.9947453737258911, -0.24212615191936493, 0.24447068572044373, -0.728921115398407, -0.39463692903518677, -0.41777563095092773, -0.9361068606376648, -0.8086901903152466, -0.7052224278450012, -0.1730039268732071], [-0.21253421902656555, 0.0010781311430037022, 0.8079599738121033, -0.011935517191886902, -0.9999035000801086, 0.007110482081770897, -0.9970408082008362, -0.16119052469730377, 0.016576005145907402, 0.9983385801315308, -0.9999932050704956, -0.9999353289604187, -0.9996562004089355, -1.0, -7.409755926346406e-05, -0.9913383722305298, -0.8520890474319458, -0.8915913105010986, -0.9936421513557434, -0.9919998645782471, -0.9942653179168701, -0.18873202800750732, 0.0536523275077343, -0.728921115398407, -0.39463692903518677, -0.41777563095092773, -0.9361068606376648, -0.8086901903152466, -0.7052224278450012, -0.1730039268732071], [-0.23049724102020264, 0.4601779878139496, 0.6406759023666382, 0.000334722368279472, 0.9999263286590576, -0.012131967581808567, -0.9975252151489258, -0.2516056299209595, 0.6539177894592285, 0.6407660841941833, -1.0000923871994019, -1.0000513792037964, -0.9999717473983765, -0.6000000238418579, 0.0022846960928291082, -0.9794960021972656, -0.7735658884048462, -0.8996743559837341, -0.9924424886703491, -0.9753453731536865, -0.9945955872535706, -0.5070546865463257, 0.1818813681602478, -0.728921115398407, -0.39463692903518677, -0.41777563095092773, -0.9361068606376648, -0.8086901903152466, -0.7052224278450012, -0.1730039268732071], [-0.2311478853225708, 0.6676905751228333, 0.6360785365104675, -0.9998438358306885, -0.009503779001533985, 0.01489745918661356, -0.9992741346359253, -0.19898122549057007, 0.6803117990493774, 0.5791256427764893, -1.000023365020752, -0.9999987483024597, -0.9999665021896362, -0.6000000238418579, 0.21649707853794098, -0.978594183921814, -0.8031733632087708, -0.9524857401847839, -0.9928516149520874, -1.0, -0.9948570132255554, -0.24232381582260132, 0.2643640637397766, -0.728921115398407, -0.39463692903518677, -0.41777563095092773, -0.9361068606376648, -0.8086901903152466, -0.7052224278450012, -0.1730039268732071], [-0.2254810333251953, 0.7208881378173828, 0.540414571762085, 0.005133362952619791, -0.16240020096302032, 0.9867116212844849, -0.99517822265625, -0.2506527602672577, 0.7788125276565552, 0.4071899950504303, -0.9997503161430359, -0.9991263747215271, -0.9997337460517883, -0.6000000238418579, 0.0024055771064013243, -0.9795090556144714, -0.7932345271110535, -0.8138619065284729, -0.9928593635559082, -1.0, -0.9941452741622925, -0.3512078523635864, 0.35210901498794556, -0.728921115398407, -0.39463692903518677, -0.41777563095092773, -0.9361068606376648, -0.8086901903152466, -0.7052224278450012, -0.1730039268732071], [-0.21257272362709045, 0.8447937369346619, 0.3067430555820465, -0.014816009439527988, 0.9871335625648499, 0.15920978784561157, -0.9984821677207947, 0.09246958792209625, 0.9079833626747131, 0.154534712433815, -0.9998889565467834, -0.9994378685951233, -0.9998123645782471, -1.0, -0.06377225369215012, -0.9782373905181885, -0.8163274526596069, -0.7902528643608093, -0.9917696714401245, -1.0, -0.9947026371955872, -0.3736908435821533, 0.001260829158127308, -0.728921115398407, -0.39463692903518677, -0.41777563095092773, -0.9361068606376648, -0.8086901903152466, -0.7052224278450012, -0.1730039268732071], [-0.22129520773887634, -0.47880810499191284, 0.6433743834495544, -0.0014211202505975962, -0.9999986886978149, -0.0008115992532111704, -0.9974753856658936, -0.21970723569393158, -0.6864404678344727, 0.6457621455192566, -1.000095248222351, -1.0000536441802979, -0.999972939491272, -0.6000000238418579, -0.003061913652345538, -0.9773289561271667, -0.8195462822914124, -0.8454340696334839, -0.9929778575897217, -0.989954948425293, -0.9951403141021729, -0.18083490431308746, 0.5103062987327576, -0.728921115398407, -0.39463692903518677, -0.41777563095092773, -0.9361068606376648, -0.8086901903152466, -0.7052224278450012, -0.1730039268732071], [-0.22099098563194275, -0.6911593675613403, 0.6391908526420593, -0.9998699426651001, 0.0040112948045134544, 0.015619072131812572, -0.9992815852165222, -0.21281082928180695, -0.7197444438934326, 0.581109881401062, -1.0000263452529907, -1.0000121593475342, -1.0000276565551758, -0.6000000238418579, -0.21691104769706726, -0.9779849648475647, -0.8152045011520386, -1.0, -0.9927235245704651, -1.0, -0.9944431781768799, -0.2727353870868683, 0.23636038601398468, -0.728921115398407, -0.39463692903518677, -0.41777563095092773, -0.9361068606376648, -0.8086901903152466, -0.7052224278450012, -0.1730039268732071], [-0.24928979575634003, -0.735692024230957, 0.5452327728271484, 0.01424097828567028, 0.167525976896286, 0.9857648015022278, -0.995286226272583, -0.24643152952194214, -0.8027886152267456, 0.411177396774292, -0.9997492432594299, -1.0009046792984009, -0.9999760985374451, -0.6000000238418579, 0.00021724443649873137, -0.9798310399055481, -0.8159933686256409, -0.9433439373970032, -0.9926562309265137, -1.0, -0.9942222833633423, -0.35252392292022705, 0.34425997734069824, -0.728921115398407, -0.39463692903518677, -0.41777563095092773, -0.9361068606376648, -0.8086901903152466, -0.7052224278450012, -0.1730039268732071], [-0.28554365038871765, -0.8502020239830017, 0.31186166405677795, 0.002110018627718091, -0.9872376322746277, 0.1592400223016739, -0.9985134601593018, 0.004646042361855507, -0.9124701619148254, 0.1550198197364807, -0.9998483061790466, -1.000530481338501, -0.999899685382843, -1.0, 0.061201777309179306, -0.9799463152885437, -0.8097166419029236, -0.9229264855384827, -0.9930770993232727, -1.0, -0.9947749376296997, 0.0007858899771235883, 0.36659345030784607, -0.728921115398407, -0.39463692903518677, -0.41777563095092773, -0.9361068606376648, -0.8086901903152466, -0.7052224278450012, -0.1730039268732071], [-0.21773271262645721, -0.027286052703857422, 0.005400883499532938, 0.0018015766981989145, -0.0024948767386376858, 0.9999952912330627, -0.9887945652008057, -0.20601660013198853, -0.017214860767126083, 0.021116437390446663, -1.0002055168151855, -0.9996287822723389, -0.999212920665741, -0.20000000298023224, -0.0007194514619186521, -0.96610027551651, -0.8845817446708679, -0.9718661308288574, -0.9931850433349609, -1.0, -0.9941012859344482, -0.24673870205879211, 0.23751786351203918, -0.728921115398407, -0.39463692903518677, -0.41777563095092773, -0.9361068606376648, -0.8086901903152466, -0.7052224278450012, -0.1730039268732071], [-0.185404971241951, 0.4380064904689789, 0.0037979886401444674, 0.005614203866571188, 0.9998881220817566, 0.013863686472177505, -0.9954177141189575, -0.12002289295196533, 0.4008222222328186, -0.03234351798892021, -1.0000635385513306, -1.0000057220458984, -0.9997596740722656, -0.6000000238418579, -0.06424152106046677, -0.9437091946601868, -0.8505601286888123, -1.0, -0.9927425384521484, -0.8398534059524536, -0.9946388006210327, -0.2794052064418793, 0.2503165304660797, -0.728921115398407, -0.39463692903518677, -0.41777563095092773, -0.9361068606376648, -0.8086901903152466, -0.7052224278450012, -0.1730039268732071], [-0.09202329814434052, 0.444647878408432, -0.03409399464726448, -0.9182353615760803, 0.009163271635770798, -0.39592912793159485, -0.9981767535209656, 0.10841403901576996, 0.4367353916168213, -0.1312190294265747, -1.0001362562179565, -0.999961793422699, -0.9999590516090393, -0.6000000238418579, 0.0010679762344807386, -0.9661681652069092, -0.8912419080734253, -0.858877420425415, -0.9932247400283813, -1.0, -0.9950064420700073, -0.24552437663078308, 0.03869173675775528, -0.728921115398407, -0.39463692903518677, 