{"n_joints": 23, "joint_descriptions": [[-0.17425864934921265, -0.011553178541362286, 0.6923547387123108, 0.002451977226883173, 0.00554299633949995, 0.9999816417694092, -0.9982587695121765, -0.204562708735466, -0.01427235547453165, 0.8069828748703003, -1.000009298324585, -0.9999945759773254, -0.9999773502349854, -0.6000000238418579, -0.0019592561293393373, -0.9925674200057983, -0.8745455145835876, -0.8755307793617249, -0.994197428226471, -1.0, -0.9951907396316528, -0.24665148556232452, 0.24127858877182007, -0.7346400618553162, -0.42042848467826843, -0.42962491512298584, -0.947830319404602, -0.8110033273696899, -0.7326816916465759, -0.19744229316711426], [-0.1619926542043686, -0.00673998799175024, 0.8074527382850647, -0.005604035686701536, -0.9999069571495056, 0.0124370651319623, -0.9975609183311462, -0.11862684786319733, 0.005384578835219145, 0.9973918199539185, -1.000008463859558, -0.999978244304657, -0.9997106194496155, -1.0, 0.0003389393968973309, -0.9914487600326538, -0.8655385971069336, -0.9124386310577393, -0.9935896992683411, -1.0, -0.9951139688491821, -0.18609927594661713, 0.054413940757513046, -0.7346400618553162, -0.42042848467826843, -0.42962491512298584, -0.947830319404602, -0.8110033273696899, -0.7326816916465759, -0.19744229316711426], [-0.1801261305809021, 0.46182703971862793, 0.6415902972221375, -0.0006059863953851163, 0.9999904036521912, -0.00433929730206728, -0.997984766960144, -0.19136863946914673, 0.6550034284591675, 0.638551652431488, -1.0000550746917725, -1.0000436305999756, -0.9999826550483704, -0.6000000238418579, 0.0014803833328187466, -0.9792923331260681, -0.7937361598014832, -0.9075387716293335, -0.9933902025222778, -0.8919628262519836, -0.995044469833374, -0.5116321444511414, 0.17939041554927826, -0.7346400618553162, -0.42042848467826843, -0.42962491512298584, -0.947830319404602, -0.8110033273696899, -0.7326816916465759, -0.19744229316711426], [-0.16781334578990936, 0.6772221922874451, 0.6371346116065979, -0.9999454617500305, 0.01017393171787262, 0.00235080998390913, -0.9993892312049866, -0.1333075761795044, 0.6907185912132263, 0.5858163237571716, -1.0000128746032715, -0.9999995231628418, -0.9999706149101257, -0.6000000238418579, 0.2171701341867447, -0.9797037839889526, -0.8018381595611572, -0.882354736328125, -0.9931627511978149, -1.0, -0.9951016902923584, -0.23950912058353424, 0.2670578062534332, -0.7346400618553162, -0.42042848467826843, -0.42962491512298584, -0.947830319404602, -0.8110033273696899, -0.7326816916465759, -0.19744229316711426], [-0.1659945398569107, 0.7329683303833008, 0.5501982569694519, 0.007482164539396763, -0.1595231145620346, 0.9871658086776733, -0.9961509704589844, -0.19594769179821014, 0.7899995446205139, 0.4259742498397827, -0.9998341798782349, -0.9994856119155884, -0.9998173117637634, -0.6000000238418579, 0.0020932964980602264, -0.981514573097229, -0.7996853590011597, -0.9175888895988464, -0.9932258129119873, -1.0, -0.9949285387992859, -0.3558284342288971, 0.34837907552719116, -0.7346400618553162, -0.42042848467826843, -0.42962491512298584, -0.947830319404602, -0.8110033273696899, -0.7326816916465759, -0.19744229316711426], [-0.16338102519512177, 0.8541455268859863, 0.3323949873447418, 0.010337167419493198, 0.987899124622345, 0.1547527313232422, -0.9987563490867615, 0.10549352318048477, 0.9142751693725586, 0.1902858018875122, -0.9999228715896606, -0.9996730089187622, -0.9998794794082642, -1.0, -0.06344018876552582, -0.9790631532669067, -0.8256696462631226, -0.7551688551902771, -0.9922053813934326, -1.0, -0.9951063990592957, -0.3777885437011719, -0.0034446401987224817, -0.7346400618553162, -0.42042848467826843, -0.42962491512298584, -0.947830319404602, -0.8110033273696899, -0.7326816916465759, -0.19744229316711426], [-0.16167853772640228, -0.4723763167858124, 0.6444422602653503, 0.0018959454027935863, -0.9999680519104004, 0.00776272127404809, -0.9979628324508667, -0.17036162316799164, -0.6855745315551758, 0.6488807797431946, -1.0000561475753784, -1.0000451803207397, -0.9999821186065674, -0.6000000238418579, -0.0022166750859469175, -0.9797829985618591, -0.8260706067085266, -0.7883399128913879, -0.9939430356025696, -1.0, -0.9957228302955627, -0.18003302812576294, 0.5100473761558533, -0.7346400618553162, -0.42042848467826843, -0.42962491512298584, -0.947830319404602, -0.8110033273696899, -0.7326816916465759, -0.19744229316711426], [-0.157207190990448, -0.6823397278785706, 0.6425856947898865, -0.9998331665992737, 0.004157285206019878, 0.01778797060251236, -0.9994110465049744, -0.16021162271499634, -0.7057551741600037, 0.5906477570533752, -1.000016450881958, -1.0000096559524536, -1.000024437904358, -0.6000000238418579, -0.21603986620903015, -0.980130136013031, -0.8142682909965515, -1.0, -0.9932773113250732, -1.0, -0.9949831962585449, -0.27578094601631165, 0.23350811004638672, -0.7346400618553162, -0.42042848467826843, -0.42962491512298584, -0.947830319404602, -0.8110033273696899, -0.7326816916465759, -0.19744229316711426], [-0.1871737539768219, -0.7325696349143982, 0.5543355345726013, 0.02297695353627205, 0.17621280252933502, 0.984083890914917, -0.99615478515625, -0.1987861841917038, -0.8096306324005127, 0.4293772876262665, -0.9998352527618408, -1.0005252361297607, -1.0000122785568237, -0.6000000238418579, 0.001635842607356608, -0.9816064238548279, -0.8260160684585571, -0.8635498285293579, -0.9935271143913269, -1.0, -0.9943847060203552, -0.3565291166305542, 0.3505147397518158, -0.7346400618553162, -0.42042848467826843, -0.42962491512298584, -0.947830319404602, -0.8110033273696899, -0.7326816916465759, -0.19744229316711426], [-0.23029479384422302, -0.848045289516449, 0.33682313561439514, 0.011183994822204113, -0.9866656064987183, 0.16237567365169525, -0.9987327456474304, 0.020511098206043243, -0.9143561124801636, 0.19267284870147705, -0.9998893737792969, -1.0003231763839722, -0.9999415874481201, -1.0, 0.0611228309571743, -0.9816893935203552, -0.8167170286178589, -0.8659958839416504, -0.9939364790916443, -1.0, -0.9949493408203125, -0.0017414744943380356, 0.36987894773483276, -0.7346400618553162, -0.42042848467826843, -0.42962491512298584, -0.947830319404602, -0.8110033273696899, -0.7326816916465759, -0.19744229316711426], [-0.15075257420539856, -0.02910592593252659, 0.005617870483547449, -0.0028635507915169, 0.01119682565331459, 0.9999332427978516, -0.9907822608947754, -0.12571971118450165, -0.020119190216064453, 0.02003253623843193, -1.0001871585845947, -0.9997965097427368, -0.9993183612823486, -0.20000000298023224, -3.1584902899339795e-05, -0.9692103862762451, -0.8887196183204651, -0.9186463952064514, -0.9936115741729736, -1.0, -0.9943719506263733, -0.24986141920089722, 0.2338055521249771, -0.7346400618553162, -0.42042848467826843, -0.42962491512298584, -0.947830319404602, -0.8110033273696899, -0.7326816916465759, -0.19744229316711426], [-0.12311922013759613, 0.4266413748264313, 0.0036385050043463707, -0.01583966612815857, 0.9998677372932434, -0.0036946877371519804, -0.996296226978302, -0.07028663903474808, 0.3909502327442169, -0.03174407780170441, -1.000050663948059, -1.0000272989273071, -0.9998061060905457, -0.6000000238418579, -0.06278619170188904, -0.9470365643501282, -0.8672252297401428, -1.0, -0.9937361478805542, -0.7980935573577881, -0.9952278733253479, -0.275678426027298, 0.24718351662158966, -0.7346400618553162, -0.42042848467826843, -0.42962491512298584, -0.947830319404602, -0.8110033273696899, -0.7326816916465759, -0.19744229316711426], [-0.04308018460869789, 0.42866235971450806, -0.034962307661771774, -0.9221073389053345, 0.011333392933011055, -0.3867682218551636, -0.9985120892524719, 0.140362948179245, 0.43517205119132996, -0.1321105808019638, -1.0000922679901123, -0.9999775886535645, -0.9999514222145081, -0.6000000238418579, -0.0005326063837856054, -0.9693558216094971, -0.8930402994155884, -0.7970500588417053, -0.9932708740234375, -1.0, -0.9952030181884766, -0.24907484650611877, 0.03441154584288597, -0.7346400618553162, -0.42042848467826843, -0.42962491512298584, -0.947830319404602, 