{"n_joints": 23, "joint_descriptions": [[-0.15511350333690643, -0.015142527408897877, 0.6873428225517273, -0.010174482129514217, -0.0023489976301789284, 0.9999454617500305, -0.9978214502334595, -0.16579921543598175, -0.011770899407565594, 0.796649694442749, -1.00001859664917, -0.9999884366989136, -0.9999816417694092, -0.6000000238418579, -0.0010632298653945327, -0.9909006357192993, -0.8598060607910156, -0.9135168790817261, -0.9926967024803162, -0.9224840402603149, -0.9946000576019287, -0.23852919042110443, 0.24224595725536346, -0.7256478667259216, -0.42086395621299744, -0.43162623047828674, -0.9300059676170349, -0.815434992313385, -0.6880108118057251, -0.22893469035625458], [-0.15747718513011932, -0.005967172794044018, 0.807819664478302, -0.006720942910760641, -0.9999662041664124, 0.004739232361316681, -0.996861457824707, -0.1171218603849411, 0.006560684647411108, 0.9966279864311218, -0.9999433159828186, -0.9998865723609924, -0.9997352957725525, -1.0, -2.105218754877569e-06, -0.9915940165519714, -0.8554728627204895, -0.931633710861206, -0.993458092212677, -1.0, -0.9939027428627014, -0.18804945051670074, 0.05369596555829048, -0.7256478667259216, -0.42086395621299744, -0.43162623047828674, -0.9300059676170349, -0.815434992313385, -0.6880108118057251, -0.22893469035625458], [-0.16811184585094452, 0.4561503529548645, 0.6397360563278198, 0.001130230724811554, 0.9999161958694458, -0.012896494008600712, -0.9973302483558655, -0.19000965356826782, 0.6572170257568359, 0.6419835686683655, -1.0001215934753418, -1.0000358819961548, -0.9999525547027588, -0.6000000238418579, 0.001667940290644765, -0.9797692894935608, -0.777495265007019, -0.9307563900947571, -0.9924356341362, -1.0, -0.994684636592865, -0.5091115832328796, 0.18886302411556244, -0.7256478667259216, -0.42086395621299744, -0.43162623047828674, -0.9300059676170349, -0.815434992313385, -0.6880108118057251, -0.22893469035625458], [-0.16947361826896667, 0.662396252155304, 0.6378175020217896, -0.9999432563781738, -6.984901847317815e-05, 0.01065478753298521, -0.9992060661315918, -0.14922906458377838, 0.6839308738708496, 0.5696161985397339, -1.0000309944152832, -0.999990701675415, -0.9999735355377197, -0.6000000238418579, 0.21444518864154816, -0.9773110151290894, -0.7991226315498352, -0.9544619917869568, -0.9924317598342896, -1.0, -0.9945074319839478, -0.24225382506847382, 0.2676981985569, -0.7256478667259216, -0.42086395621299744, -0.43162623047828674, -0.9300059676170349, -0.815434992313385, -0.6880108118057251, -0.22893469035625458], [-0.1691495031118393, 0.7096086740493774, 0.5310136675834656, 0.01235650572925806, -0.175912007689476, 0.9843283295631409, -0.9948911666870117, -0.1805608570575714, 0.7767495512962341, 0.37993571162223816, -0.9995666742324829, -0.9988216161727905, -0.9997234344482422, -0.6000000238418579, 0.001268619205802679, -0.9770876169204712, -0.7954980134963989, -0.7664282917976379, -0.9925279021263123, -1.0, -0.9939320683479309, -0.3464404344558716, 0.3502684533596039, -0.7256478667259216, -0.42086395621299744, -0.43162623047828674, -0.9300059676170349, -0.815434992313385, -0.6880108118057251, -0.22893469035625458], [-0.16263458132743835, 0.8327561616897583, 0.2693493962287903, -0.005381432361900806, 0.9841402173042297, 0.17731058597564697, -0.9983673691749573, 0.16618366539478302, 0.9062283039093018, 0.09233793616294861, -0.9997608065605164, -0.9992539882659912, -0.9997304081916809, -1.0, -0.0625915601849556, -0.9771949648857117, -0.8005737066268921, -0.9015976786613464, -0.9924200177192688, -1.0, -0.9945811033248901, -0.37699154019355774, 0.003153420053422451, -0.7256478667259216, -0.42086395621299744, -0.43162623047828674, -0.9300059676170349, -0.815434992313385, -0.6880108118057251, -0.22893469035625458], [-0.18993255496025085, -0.48727720975875854, 0.6433039903640747, -0.0025780966971069574, -0.9999929070472717, -0.002745327539741993, -0.9972672462463379, -0.20221048593521118, -0.6849895715713501, 0.64203941822052, -1.0001236200332642, -1.0000371932983398, -0.999951183795929, -0.6000000238418579, -0.0025484405923634768, -0.9769131541252136, -0.8064716458320618, -0.9955027103424072, -0.9922189712524414, -1.0, -0.9944206476211548, -0.1872290074825287, 0.5084438323974609, -0.7256478667259216, -0.42086395621299744, -0.43162623047828674, -0.9300059676170349, -0.815434992313385, -0.6880108118057251, -0.22893469035625458], [-0.19564023613929749, -0.6923919916152954, 0.6392701268196106, -0.9997981786727905, 0.007111021317541599, 0.01879059337079525, -0.9992071390151978, -0.16925403475761414, -0.7237828373908997, 0.5705706477165222, -1.0000330209732056, -1.000016689300537, -1.0000187158584595, -0.6000000238418579, -0.21680915355682373, -0.9773122668266296, -0.8158520460128784, -1.0, -0.9925438165664673, -1.0, -0.9946231842041016, -0.2658120393753052, 0.24322617053985596, -0.7256478667259216, -0.42086395621299744, -0.43162623047828674, -0.9300059676170349, -0.815434992313385, -0.6880108118057251, -0.22893469035625458], [-0.21089577674865723, -0.7328163981437683, 0.5305628180503845, 0.011984716169536114, 0.16233839094638824, 0.9866623878479004, -0.9948990345001221, -0.20256203413009644, -0.7911558747291565, 0.37971997261047363, -0.9995707273483276, -1.0012470483779907, -0.9998819231987, -0.6000000238418579, -0.0006651455769315362, -0.9773809909820557, -0.7989951968193054, -0.8843351602554321, -0.9924482107162476, -0.9698565602302551, -0.9946965575218201, -0.34661656618118286, 0.3411482870578766, -0.7256478667259216, -0.42086395621299744, -0.43162623047828674, -0.9300059676170349, -0.815434992313385, -0.6880108118057251, -0.22893469035625458], [-0.2310633510351181, -0.8443423509597778, 0.2694266736507416, -0.009834758006036282, -0.9859729409217834, 0.16661527752876282, -0.9984354972839355, 0.09699105471372604, -0.9155532717704773, 0.089093878865242, -0.9997541308403015, -1.0007115602493286, -0.9998099207878113, -1.0, 0.06188587099313736, -0.9775547385215759, -0.7958651781082153, -0.9571090936660767, -0.9922739863395691, -0.9901200532913208, -0.9945424199104309, -0.0002541554276831448, 0.3689655661582947, -0.7256478667259216, -0.42086395621299744, -0.43162623047828674, -0.9300059676170349, -0.815434992313385, -0.6880108118057251, -0.22893469035625458], [-0.16000808775424957, -0.02516418695449829, 0.0007457739557139575, 0.006003105081617832, -0.0004556397325359285, 0.9999818801879883, -0.9874237775802612, -0.15706761181354523, -0.021436288952827454, 0.014858219772577286, -1.000051498413086, -0.9995129108428955, -0.9993646144866943, -0.20000000298023224, 0.0014014142798259854, -0.9619899392127991, -0.876510739326477, -0.9966171979904175, -0.9924216866493225, -0.9878430366516113, -0.994551956653595, -0.23975901305675507, 0.24415495991706848, -0.7256478667259216, -0.42086395621299744, -0.43162623047828674, -0.9300059676170349, -0.815434992313385, -0.6880108118057251, -0.22893469035625458], [-0.15322715044021606, 0.4480057954788208, 0.0007788848597556353, -0.00867093913257122, 0.9999578595161438, 0.003022313816472888, -0.9948316812515259, -0.0781901404261589, 0.41638851165771484, -0.033631499856710434, -1.0000218152999878, -0.999947190284729, -0.9997844696044922, -0.6000000238418579, -0.06373473256826401, -0.9449442625045776, -0.8469685316085815, -0.9880214929580688, -0.9922844767570496, -1.0, -0.9945953488349915, -0.2784263491630554, 0.24780374765396118, -0.7256478667259216, -0.42086395621299744, -0.43162623047828674, -0.9300059676170349, -0.815434992313385, -0.6880108118057251, -0.22893469035625458], [-0.06593284010887146, 0.45069625973701477, -0.035193271934986115, -0.9156755208969116, -0.006917198188602924, -0.40185877680778503, -0.998031735420227, 0.12164974212646484, 0.4514543414115906, -0.13154008984565735, -1.0001567602157593, -0.9999386668205261, -0.9999994039535522, -0.6000000238418579, 0.002142653800547123, -0.9621214866638184, -0.886900782585144, -0.9541321992874146, -0.9927504062652588, -1.0, -0.994523286819458, -0.23915141820907593, 0.0381014458835125, -0.7256478667259216, 