{"n_joints": 23, "joint_descriptions": [[-0.12092360854148865, -0.03626837581396103, 0.6866468191146851, -0.011114237830042839, -0.004095933865755796, 0.9999298453330994, -0.998407244682312, -0.11251422017812729, -0.04512149840593338, 0.8015035390853882, -1.000014066696167, -0.9999938607215881, -0.9999894499778748, -0.6000000238418579, 0.002090632915496826, -0.9929111003875732, -0.881289541721344, -0.9298306703567505, -0.9925074577331543, -1.0, -0.9958657026290894, -0.25030410289764404, 0.23930197954177856, -0.7423352003097534, -0.48453253507614136, -0.42413821816444397, -0.9504020810127258, -0.8255655765533447, -0.7151777744293213, -0.3051428496837616], [-0.10491646081209183, -0.03356257453560829, 0.8062782287597656, 0.004547594580799341, -0.9999461770057678, -0.009328091517090797, -0.997843325138092, -0.08261149376630783, -0.03686590865254402, 0.9937160611152649, -0.9999799132347107, -0.9999171495437622, -0.9998498558998108, -1.0, 0.0021364998538047075, -0.9917246103286743, -0.8804165124893188, -0.8782370090484619, -0.9935139417648315, -1.0, -0.9955824613571167, -0.18606245517730713, 0.06115826219320297, -0.7423352003097534, -0.48453253507614136, -0.42413821816444397, -0.9504020810127258, -0.8255655765533447, -0.7151777744293213, -0.3051428496837616], [-0.15959639847278595, 0.4336698055267334, 0.6385325193405151, 0.008646024391055107, 0.9999258518218994, 0.00857681967318058, -0.9981032609939575, -0.16994090378284454, 0.6380910873413086, 0.6350660920143127, -1.0000851154327393, -1.0000202655792236, -0.9999816417694092, -0.6000000238418579, -0.00073603744385764, -0.980059802532196, -0.793359100818634, -0.8568216562271118, -0.9935694336891174, -0.8720951080322266, -0.9953919053077698, -0.5076762437820435, 0.18215180933475494, -0.7423352003097534, -0.48453253507614136, -0.42413821816444397, -0.9504020810127258, -0.8255655765533447, -0.7151777744293213, -0.3051428496837616], [-0.15127557516098022, 0.6378558278083801, 0.6332323551177979, -0.9999324679374695, 0.009178310632705688, -0.007131848018616438, -0.9994416236877441, -0.14237268269062042, 0.6669030785560608, 0.5667524337768555, -1.0000205039978027, -0.9999967813491821, -0.9999849796295166, -0.6000000238418579, 0.212477907538414, -0.9788315296173096, -0.840410053730011, -0.9882765412330627, -0.9940562844276428, -1.0, -0.9946243166923523, -0.23488174378871918, 0.26542600989341736, -0.7423352003097534, -0.48453253507614136, -0.42413821816444397, -0.9504020810127258, -0.8255655765533447, -0.7151777744293213, -0.3051428496837616], [-0.12596847116947174, 0.6990616321563721, 0.5210332870483398, 0.01084537710994482, -0.19819630682468414, 0.9801023602485657, -0.9964486956596375, -0.13224849104881287, 0.760771632194519, 0.37062788009643555, -0.9998196363449097, -0.99920654296875, -0.9998188018798828, -0.6000000238418579, 0.0021408842876553535, -0.977799117565155, -0.7936102151870728, -0.9977545142173767, -0.9926367998123169, -1.0, -0.9945040941238403, -0.3458225727081299, 0.3436829149723053, -0.7423352003097534, -0.48453253507614136, -0.42413821816444397, -0.9504020810127258, -0.8255655765533447, -0.7151777744293213, -0.3051428496837616], [-0.10625270009040833, 0.8184425830841064, 0.25398141145706177, -0.017464540898799896, 0.9803754091262817, 0.19636447727680206, -0.9988025426864624, 0.21337874233722687, 0.8954136967658997, 0.0699775218963623, -0.9998942017555237, -0.9995014667510986, -0.9998363852500916, -1.0, -0.06265106052160263, -0.9787198901176453, -0.8277686238288879, -0.8985903263092041, -0.9936442971229553, -0.8882762789726257, -0.9945387840270996, -0.376709520816803, -0.0005308845429681242, -0.7423352003097534, -0.48453253507614136, -0.42413821816444397, -0.9504020810127258, -0.8255655765533447, -0.7151777744293213, -0.3051428496837616], [-0.16180042922496796, -0.5053519010543823, 0.640177309513092, -0.001857146853581071, -0.9999970197677612, -0.001567331375554204, -0.9981192350387573, -0.17451255023479462, -0.7189751267433167, 0.6442189812660217, -1.000083565711975, -1.0000208616256714, -0.9999812841415405, -0.6000000238418579, 0.0004202450218144804, -0.9796398878097534, -0.8083835244178772, -0.8718956112861633, -0.9943111538887024, -0.9636299014091492, -0.9951959848403931, -0.1910628378391266, 0.5095954537391663, -0.7423352003097534, -0.48453253507614136, -0.42413821816444397, -0.9504020810127258, -0.8255655765533447, -0.7151777744293213, -0.3051428496837616], [-0.16050870716571808, -0.7001444697380066, 0.6378917694091797, -0.9999784231185913, 0.0024154093116521835, -0.0061049750074744225, -0.9994102716445923, -0.13910897076129913, -0.7201207876205444, 0.5680305361747742, -1.0000224113464355, -1.0000073909759521, -1.0000104904174805, -0.6000000238418579, -0.21605373919010162, -0.9778322577476501, -0.8231778144836426, -1.0, -0.9934720993041992, -0.9244053959846497, -0.9951947331428528, -0.27017661929130554, 0.24910280108451843, -0.7423352003097534, -0.48453253507614136, -0.42413821816444397, -0.9504020810127258, -0.8255655765533447, -0.7151777744293213, -0.3051428496837616], [-0.13805007934570312, -0.7284103035926819, 0.5280187129974365, -0.0014705231878906488, 0.16939976811408997, 0.985546350479126, -0.9963699579238892, -0.12374967336654663, -0.7971457839012146, 0.3678848445415497, -0.999811589717865, -1.0008522272109985, -0.9999052882194519, -0.6000000238418579, 0.0005557924741879106, -0.9778261780738831, -0.8255690336227417, -0.9160785675048828, -0.9927018284797668, -1.0, -0.995724618434906, -0.3504035472869873, 0.34915244579315186, -0.7423352003097534, -0.48453253507614136, -0.42413821816444397, -0.9504020810127258, -0.8255655765533447, -0.7151777744293213, -0.3051428496837616], [-0.13357698917388916, -0.8417941331863403, 0.258686900138855, 0.003359759459272027, -0.9874103665351868, 0.1581439971923828, -0.9988259673118591, 0.16977573931217194, -0.912712574005127, 0.07609854638576508, -0.9998860359191895, -1.0005033016204834, -0.999880313873291, -1.0, 0.059663888067007065, -0.9821369051933289, -0.8056287169456482, -0.9827281832695007, -0.9933455586433411, -1.0, -0.9950008988380432, -0.006845512893050909, 0.3802776336669922, -0.7423352003097534, -0.48453253507614136, -0.42413821816444397, -0.9504020810127258, -0.8255655765533447, -0.7151777744293213, -0.3051428496837616], [-0.10055642575025558, -0.03712578862905502, -0.0006539866444654763, 0.015900995582342148, 0.00016491384303662926, 0.9998735785484314, -0.9911537170410156, -0.08940304815769196, -0.04043799266219139, 0.01832038350403309, -1.000064492225647, -0.9996522665023804, -0.9996485710144043, -0.20000000298023224, 0.0009312208858318627, -0.9664599299430847, -0.8924036622047424, -0.7884495854377747, -0.9928387999534607, -1.0, -0.9958074688911438, -0.24250739812850952, 0.24460037052631378, -0.7423352003097534, -0.48453253507614136, -0.42413821816444397, -0.9504020810127258, -0.8255655765533447, -0.7151777744293213, -0.3051428496837616], [-0.07659638673067093, 0.4479248821735382, -0.004904915113002062, -0.0071096462197601795, 0.9998604655265808, -0.015114749781787395, -0.9962549209594727, 0.0011298779863864183, 0.42504143714904785, -0.03916970640420914, -1.000023365020752, -0.9999557733535767, -0.999873161315918, -0.6000000238418579, -0.06272715330123901, -0.9448845982551575, -0.8636166453361511, -0.9894285202026367, -0.9930214285850525, -0.967003583908081, -0.9950647354125977, -0.2786880135536194, 0.2488272339105606, -0.7423352003097534, -0.48453253507614136, -0.42413821816444397, -0.9504020810127258, -0.8255655765533447, -0.7151777744293213, -0.3051428496837616], [-0.011214589700102806, 0.45007607340812683, -0.03574105352163315, -0.9166315197944641, -0.019773822277784348, -0.39924392104148865, -0.9986354112625122, 0.13807840645313263, 0.46335116028785706, -0.13135658204555511, -1.0000994205474854, -0.9999747276306152, -1.0000054836273193, -0.6000000238418579, 1.8382359485258348e-05, -0.965532124042511, -0.8972147107124329, -0.8926501274108887, -0.9937469959259033, -1.0, -0.9958651065826416, -0.2411152869462967, 0.03764181211590767, 