{"n_joints": 23, "joint_descriptions": [[-0.13778245449066162, -0.03285868093371391, 0.6883589625358582, 0.008129877038300037, 0.004467613995075226, 0.9999569654464722, -0.998475193977356, -0.15148033201694489, -0.03913438692688942, 0.7987094521522522, -1.0000073909759521, -0.9999933838844299, -0.9999868869781494, -0.6000000238418579, 0.0006142755155451596, -0.9927557110786438, -0.8713335394859314, -0.8992792367935181, -0.9935030341148376, -0.9665839672088623, -0.9953712224960327, -0.24255335330963135, 0.2412794828414917, -0.7332374453544617, -0.48827600479125977, -0.4168064296245575, -0.9514611959457397, -0.8271546959877014, -0.7372882962226868, -0.28502389788627625], [-0.13170821964740753, -0.03268485888838768, 0.806168258190155, 0.0010120279621332884, -0.9999790191650391, 0.006400690414011478, -0.9978302717208862, -0.09558923542499542, -0.0400870256125927, 0.9962164759635925, -0.9999776482582092, -0.9999712109565735, -0.9998315572738647, -1.0, 0.0013427598169073462, -0.9925268888473511, -0.8774769902229309, -0.9514936804771423, -0.9935579895973206, -1.0, -0.9949724674224854, -0.1874626874923706, 0.052509963512420654, -0.7332374453544617, -0.48827600479125977, -0.4168064296245575, -0.9514611959457397, -0.8271546959877014, -0.7372882962226868, -0.28502389788627625], [-0.140856072306633, 0.44146573543548584, 0.6428937315940857, -0.0036901195999234915, 0.9999474883079529, 0.00956003088504076, -0.9980932474136353, -0.14423823356628418, 0.633717954158783, 0.6385601162910461, -1.0000498294830322, -1.000025987625122, -0.9999711513519287, -0.6000000238418579, -0.0017361360369250178, -0.9802272319793701, -0.8155412077903748, -0.9199647903442383, -0.993137538433075, -1.0, -0.9951719641685486, -0.5085344314575195, 0.19053751230239868, -0.7332374453544617, -0.48827600479125977, -0.4168064296245575, -0.9514611959457397, -0.8271546959877014, -0.7372882962226868, -0.28502389788627625], [-0.1357075273990631, 0.647736132144928, 0.640724241733551, -0.9999961853027344, 0.001605858444236219, -0.0022470566909760237, -0.9994490146636963, -0.10769334435462952, 0.6754907369613647, 0.5851339101791382, -1.0000122785568237, -0.999995231628418, -0.9999825954437256, -0.6000000238418579, 0.21252430975437164, -0.9808806777000427, -0.8257657885551453, -1.0, -0.9931133985519409, -1.0, -0.9947462677955627, -0.23578892648220062, 0.2704719305038452, -0.7332374453544617, -0.48827600479125977, -0.4168064296245575, -0.9514611959457397, -0.8271546959877014, -0.7372882962226868, -0.28502389788627625], [-0.12292380630970001, 0.7026413083076477, 0.5397946834564209, -0.0035326832439750433, -0.1950926035642624, 0.9807784557342529, -0.9963120222091675, -0.12690401077270508, 0.7763350605964661, 0.40757712721824646, -0.9997462630271912, -0.9995258450508118, -0.999851644039154, -0.6000000238418579, -0.00018911960069090128, -0.9790972471237183, -0.8142579197883606, -1.0, -0.9927344918251038, -1.0, -0.9949702024459839, -0.3421611487865448, 0.34188368916511536, -0.7332374453544617, -0.48827600479125977, -0.4168064296245575, -0.9514611959457397, -0.8271546959877014, -0.7372882962226868, -0.28502389788627625], [-0.11981336772441864, 0.8195902109146118, 0.3060559332370758, -0.014781488105654716, 0.9817982912063599, 0.18935050070285797, -0.9988617300987244, 0.1720854490995407, 0.9017637968063354, 0.14729280769824982, -0.9998617768287659, -0.9997155666351318, -0.9998607039451599, -1.0, -0.0634351521730423, -0.9781123995780945, -0.8280300498008728, -0.8832862377166748, -0.9930620789527893, -1.0, -0.9952258467674255, -0.3766389489173889, 9.147243690676987e-05, -0.7332374453544617, -0.48827600479125977, -0.4168064296245575, -0.9514611959457397, -0.8271546959877014, -0.7372882962226868, -0.28502389788627625], [-0.15857940912246704, -0.5009440779685974, 0.6424522995948792, -0.0018198670586571097, -0.9999977946281433, -0.001033682026900351, -0.9981538653373718, -0.16282546520233154, -0.7094456553459167, 0.6460816264152527, -1.0000481605529785, -1.0000253915786743, -0.9999727010726929, -0.6000000238418579, -0.0016710186609998345, -0.9799068570137024, -0.8210217952728271, -0.9894123673439026, -0.9934313297271729, -1.0, -0.9953516125679016, -0.18564914166927338, 0.508855938911438, -0.7332374453544617, -0.48827600479125977, -0.4168064296245575, -0.9514611959457397, -0.8271546959877014, -0.7372882962226868, -0.28502389788627625], [-0.1608523577451706, -0.6953288316726685, 0.6433680653572083, -0.9998494982719421, 0.009702644310891628, 0.014381339773535728, -0.9994513392448425, -0.13935443758964539, -0.7139846682548523, 0.582213819026947, -1.0000132322311401, -1.0000101327896118, -1.0000131130218506, -0.6000000238418579, -0.21622763574123383, -0.9791737198829651, -0.8164675235748291, -1.0, -0.9933316707611084, -0.9110720157623291, -0.995154857635498, -0.2646337151527405, 0.24743790924549103, -0.7332374453544617, -0.48827600479125977, -0.4168064296245575, -0.9514611959457397, -0.8271546959877014, -0.7372882962226868, -0.28502389788627625], [-0.16082361340522766, -0.7397759556770325, 0.545555830001831, 0.011524484492838383, 0.16608719527721405, 0.9860437512397766, -0.9964635372161865, -0.17489081621170044, -0.8015702962875366, 0.41007429361343384, -0.9997488856315613, -1.0004814863204956, -0.9999746680259705, -0.6000000238418579, 0.0003827965119853616, -0.979861319065094, -0.8283988833427429, -0.9000557065010071, -0.9927495718002319, -1.0, -0.9956820011138916, -0.350128710269928, 0.34803256392478943, -0.7332374453544617, -0.48827600479125977, -0.4168064296245575, -0.9514611959457397, -0.8271546959877014, -0.7372882962226868, -0.28502389788627625], [-0.17243346571922302, -0.8437535762786865, 0.3120652735233307, -0.009027044288814068, -0.9861546158790588, 0.16558249294757843, -0.9988194704055786, 0.10592203587293625, -0.9115556478500366, 0.14931291341781616, -0.999841570854187, -1.000291347503662, -0.9999078512191772, -1.0, 0.06023690104484558, -0.9809365272521973, -0.8290879726409912, -0.8728901743888855, -0.9933946132659912, -1.0, -0.9954399466514587, -0.006355875171720982, 0.38225552439689636, -0.7332374453544617, -0.48827600479125977, -0.4168064296245575, -0.9514611959457397, -0.8271546959877014, -0.7372882962226868, -0.28502389788627625], [-0.1331721395254135, -0.03758598491549492, 0.0005551468930207193, 0.007096918299794197, -0.00671642879024148, 0.9999522566795349, -0.9910041689872742, -0.12924468517303467, -0.0412287600338459, 0.01416090689599514, -1.0000567436218262, -0.9998033046722412, -0.9995645880699158, -0.20000000298023224, 0.0023598442785441875, -0.9666030406951904, -0.8916893601417542, -0.7961878776550293, -0.9937707781791687, -1.0, -0.9955769181251526, -0.24224521219730377, 0.23992763459682465, -0.7332374453544617, -0.48827600479125977, -0.4168064296245575, -0.9514611959457397, -0.8271546959877014, -0.7372882962226868, -0.28502389788627625], [-0.1345166563987732, 0.4354343116283417, 0.0021720516961067915, -0.016268493607640266, 0.9998666048049927, -0.0014370197895914316, -0.9964244961738586, -0.047244466841220856, 0.3999178409576416, -0.030974039807915688, -1.0000109672546387, -1.0, -0.999872088432312, -0.6000000238418579, -0.06438757479190826, -0.9501350522041321, -0.8666689395904541, -1.0, -0.9936091303825378, -1.0, -0.995137095451355, -0.2761400043964386, 0.24780163168907166, -0.7332374453544617, -0.48827600479125977, -0.4168064296245575, -0.9514611959457397, -0.8271546959877014, -0.7372882962226868, -0.28502389788627625], [-0.062430817633867264, 0.4300021529197693, -0.029117731377482414, -0.9123321771621704, -0.0200984887778759, -0.4089573323726654, -0.9987158179283142, 0.11641807109117508, 0.436168372631073, -0.1228029727935791, -1.0000685453414917, -0.9999660849571228, -0.9999828338623047, -0.6000000238418579, 0.0018296102061867714, -0.9668931365013123, -0.900094747543335, -0.9199151396751404, -0.9932453036308289, -1.0, -0.9953738451004028, -0.240798681974411, 0.028727909550070763, -0.7332374453544617, -0.48827600479125977, -0.4168064296245575, -0.9514611959457397, -0.8271546959877014, 