{"n_joints": 23, "joint_descriptions": [[-0.07145551592111588, 0.06961189210414886, 0.6894311308860779, -0.00299598160199821, -0.04377853870391846, 0.9990367889404297, -0.996994137763977, -0.10319944471120834, 0.06657372415065765, 0.7901326417922974, -1.00006103515625, -0.9999733567237854, -0.9999838471412659, -0.6000000238418579, -0.00519075570628047, -0.987008273601532, -0.8337141871452332, -0.9813606142997742, -0.9938271045684814, -1.0, -0.9920787811279297, -0.22415713965892792, 0.24358320236206055, -0.6674232482910156, -0.2915278971195221, -0.5524672269821167, -0.9013966917991638, -0.8071415424346924, -0.5858709812164307, -0.19985239207744598], [-0.1267278641462326, 0.06791404634714127, 0.8040848970413208, -0.06043143942952156, -0.9979025721549988, 0.023206138983368874, -0.9952342510223389, -0.04055100306868553, 0.10409464687108994, 0.9885975122451782, -0.9998085498809814, -0.9993599057197571, -0.9995661377906799, -1.0, -0.005860661622136831, -0.9911460280418396, -0.8567173480987549, -0.9556003212928772, -0.9916746020317078, -0.8497950434684753, -0.9931936264038086, -0.18937832117080688, 0.04183316230773926, -0.6674232482910156, -0.2915278971195221, -0.5524672269821167, -0.9013966917991638, -0.8071415424346924, -0.5858709812164307, -0.19985239207744598], [-0.03722306340932846, 0.5419507622718811, 0.6490156054496765, -0.04302254691720009, 0.9990602135658264, -0.005272874608635902, -0.9968501329421997, -0.033272624015808105, 0.7282838821411133, 0.6657463312149048, -1.0003331899642944, -1.000056505203247, -0.9999507069587708, -0.6000000238418579, 0.008718260563910007, -0.9735715389251709, -0.8155580163002014, -1.0, -0.9912945032119751, -1.0, -0.9937747120857239, -0.5068638920783997, 0.19722074270248413, -0.6674232482910156, -0.2915278971195221, -0.5524672269821167, -0.9013966917991638, -0.8071415424346924, -0.5858709812164307, -0.19985239207744598], [-0.006763460114598274, 0.7644474506378174, 0.6614737510681152, -0.9972826242446899, -0.04835893586277962, 0.05557648465037346, -0.9988539814949036, 0.04391027241945267, 0.7912315726280212, 0.5598072409629822, -1.0001142024993896, -0.9999914169311523, -0.9999659061431885, -0.6000000238418579, 0.22284165024757385, -0.9779845476150513, -0.7447788715362549, -0.37963467836380005, -0.990402340888977, -0.4879564046859741, -0.9966995716094971, -0.2709130048751831, 0.2725038230419159, -0.6674232482910156, -0.2915278971195221, -0.5524672269821167, -0.9013966917991638, -0.8071415424346924, -0.5858709812164307, -0.19985239207744598], [-0.04586870223283768, 0.7871571183204651, 0.5472253561019897, 0.0010264068841934204, -0.08515247702598572, 0.9963673949241638, -0.9936317801475525, -0.05690903216600418, 0.840512752532959, 0.3477170467376709, -0.9995113611221313, -0.9962805509567261, -0.99944007396698, -0.6000000238418579, -0.002373181749135256, -0.9816505312919617, -0.8150581121444702, -0.471007764339447, -0.9959810972213745, -0.624627947807312, -0.9960504174232483, -0.3846486210823059, 0.3814353942871094, -0.6674232482910156, -0.2915278971195221, -0.5524672269821167, -0.9013966917991638, -0.8071415424346924, -0.5858709812164307, -0.19985239207744598], [-0.0885162279009819, 0.8943710923194885, 0.22858673334121704, -0.002538322703912854, 0.9905336499214172, 0.13724654912948608, -0.9978691935539246, 0.23788520693778992, 0.9730014801025391, -0.00024412295897491276, -0.999737560749054, -0.9975267648696899, -0.9996030330657959, -1.0, -0.053120456635951996, -0.9850717186927795, -0.6883768439292908, -0.793168306350708, -0.991270124912262, -1.0, -0.995438277721405, -0.3770133852958679, 0.006122388411313295, -0.6674232482910156, -0.2915278971195221, -0.5524672269821167, -0.9013966917991638, -0.8071415424346924, -0.5858709812164307, -0.19985239207744598], [-0.06907931715250015, -0.38419240713119507, 0.6514154076576233, -0.003024352714419365, -0.9999929666519165, -0.0022222709376364946, -0.9963257908821106, -0.060355063527822495, -0.5463618040084839, 0.635513961315155, -1.0003951787948608, -1.0000255107879639, -0.9999266266822815, -0.6000000238418579, -0.003082497278228402, -0.9743215441703796, -0.789196789264679, -0.9723743796348572, -0.9896872639656067, -1.0, -0.9940948486328125, -0.1839064657688141, 0.5085180997848511, -0.6674232482910156, -0.2915278971195221, -0.5524672269821167, -0.9013966917991638, -0.8071415424346924, -0.5858709812164307, -0.19985239207744598], [-0.07805366069078445, -0.6101717352867126, 0.6548547744750977, -0.9991534948348999, 0.021072419360280037, 0.03533000499010086, -0.9989646077156067, -0.04743221402168274, -0.6752331852912903, 0.5768629312515259, -1.0001194477081299, -1.000022530555725, -1.0000202655792236, -0.6000000238418579, -0.21034039556980133, -0.9817251563072205, -0.7696346640586853, -0.5075557231903076, -0.9913904666900635, -1.0, -0.993820071220398, -0.26244232058525085, 0.2145661562681198, -0.6674232482910156, -0.2915278971195221, -0.5524672269821167, -0.9013966917991638, -0.8071415424346924, -0.5858709812164307, -0.19985239207744598], [-0.13713344931602478, -0.6786911487579346, 0.5255610942840576, 0.023280739784240723, 0.19047431647777557, 0.9814161062240601, -0.9929783940315247, -0.1701405644416809, -0.7483417987823486, 0.34884002804756165, -0.9995585083961487, -1.0035037994384766, -0.999323844909668, -0.6000000238418579, 0.0017250138334929943, -0.97977614402771, -0.6821794509887695, -0.9808011651039124, -0.9957144856452942, -0.7351213097572327, -0.9911712408065796, -0.35161593556404114, 0.3472210168838501, -0.6674232482910156, -0.2915278971195221, -0.5524672269821167, -0.9013966917991638, -0.8071415424346924, -0.5858709812164307, -0.19985239207744598], [-0.16301506757736206, -0.8059859871864319, 0.2115260362625122, -0.04180316627025604, -0.977080225944519, 0.2087264358997345, -0.9980512857437134, 0.2606540322303772, -0.9376581311225891, -1.4689040654047858e-05, -0.9997019171714783, -1.0024198293685913, -0.9992266297340393, -1.0, 0.0683174803853035, -0.9686539173126221, -0.8204655647277832, -0.8927667737007141, -0.9914118051528931, -0.5631954073905945, -0.9943645596504211, 0.029035890474915504, 0.34287145733833313, -0.6674232482910156, -0.2915278971195221, -0.5524672269821167, -0.9013966917991638, -0.8071415424346924, -0.5858709812164307, -0.19985239207744598], [-0.07514847815036774, 0.06673956662416458, 0.013684693723917007, 0.007260937709361315, -0.04159032925963402, 0.9991083741188049, -0.9809264540672302, -0.05405830219388008, 0.07121727615594864, 0.020633051171898842, -0.9998965263366699, -0.9983662962913513, -0.999322772026062, -0.20000000298023224, -0.008056052960455418, -0.9580485224723816, -0.8644790053367615, -1.0, -0.9928042888641357, -0.41792815923690796, -0.9915210604667664, -0.24111738801002502, 0.23684349656105042, -0.6674232482910156, -0.2915278971195221, -0.5524672269821167, -0.9013966917991638, -0.8071415424346924, -0.5858709812164307, -0.19985239207744598], [-0.07787538319826126, 0.48975881934165955, 0.017596522346138954, 0.06699080765247345, 0.9977120757102966, 0.009099100716412067, -0.9934852123260498, -0.11322656273841858, 0.447136789560318, -0.0066423905082046986, -0.9999908804893494, -0.9996652603149414, -0.999630331993103, -0.6000000238418579, -0.061398908495903015, -0.948746383190155, -0.8942185640335083, -0.5557074546813965, -0.9922832250595093, -1.0, -0.9940016269683838, -0.28175288438796997, 0.21325525641441345, -0.6674232482910156, -0.2915278971195221, -0.5524672269821167, -0.9013966917991638, -0.8071415424346924, -0.5858709812164307, -0.19985239207744598], [-0.019300853833556175, 0.48593202233314514, -0.03394876420497894, -0.9278265833854675, 0.04930035397410393, -0.3697395622730255, -0.9969915151596069, 0.18856891989707947, 0.4581080675125122, -0.1265074610710144, -1.0005658864974976, -0.9998624324798584, -1.0001498460769653, -0.6000000238418579, -0.002576886210590601, -0.9588059782981873, -0.8102142810821533, -0.9097042083740234, -0.9909769296646118, -1.0, -0.9920547008514404, -0.24709324538707733, 0.020216915756464005, -0.6674232482910156, 