{"n_joints": 23, "joint_descriptions": [[-0.05903550609946251, 0.0007001245976425707, 0.692990779876709, 0.0038716758135706186, 0.010062450543045998, 0.999941885471344, -0.9981802105903625, -0.05528757721185684, -0.005059973336756229, 0.8044901490211487, -1.0000278949737549, -0.9999902248382568, -0.9999901056289673, -0.6000000238418579, -0.00034599643549881876, -0.9912224411964417, -0.8829262256622314, -0.858232855796814, -0.9927247762680054, -1.0, -0.9949657320976257, -0.24286051094532013, 0.24874673783779144, -0.745472252368927, -0.41382288932800293, -0.5349599123001099, -0.9427719116210938, -0.8274021744728088, -0.6700827479362488, -0.31444138288497925], [-0.07355226576328278, -0.009567145258188248, 0.8080095052719116, -0.006274335086345673, -0.9999737739562988, -0.003619173541665077, -0.9974380135536194, -0.025151319801807404, 0.008958715945482254, 0.9983326196670532, -0.9999532103538513, -0.9997769594192505, -0.9998250007629395, -1.0, -0.0008843286777846515, -0.9911644458770752, -0.8695381283760071, -0.9888988137245178, -0.9923162460327148, -1.0, -0.9955408573150635, -0.19501733779907227, 0.058626625686883926, -0.745472252368927, -0.41382288932800293, -0.5349599123001099, -0.9427719116210938, -0.8274021744728088, -0.6700827479362488, -0.31444138288497925], [-0.08049405366182327, 0.4829699695110321, 0.655876636505127, 0.00018299523799214512, 0.9999356269836426, -0.011344547383487225, -0.9980037212371826, -0.07150064408779144, 0.6929289698600769, 0.6621512770652771, -1.0001498460769653, -1.0000194311141968, -0.9999789595603943, -0.6000000238418579, 0.003509386908262968, -0.9793625473976135, -0.801082193851471, -1.0, -0.9940736889839172, -0.91448974609375, -0.9944716095924377, -0.5105209350585938, 0.1815735101699829, -0.745472252368927, -0.41382288932800293, -0.5349599123001099, -0.9427719116210938, -0.8274021744728088, -0.6700827479362488, -0.31444138288497925], [-0.0869155153632164, 0.6969023942947388, 0.657956063747406, -0.9991386532783508, -0.020687175914645195, 0.0359715037047863, -0.9993451237678528, -0.06664000451564789, 0.7237532138824463, 0.5687304735183716, -1.0000418424606323, -0.9999983310699463, -0.9999840259552002, -0.6000000238418579, 0.21711139380931854, -0.9776067733764648, -0.8244687914848328, -0.736029326915741, -0.9938943982124329, -0.7932766675949097, -0.9955616593360901, -0.2498900145292282, 0.2602458894252777, -0.745472252368927, -0.41382288932800293, -0.5349599123001099, -0.9427719116210938, -0.8274021744728088, -0.6700827479362488, -0.31444138288497925], [-0.09291533380746841, 0.7302433252334595, 0.537003755569458, 0.018520181998610497, -0.1569356918334961, 0.9874351620674133, -0.9962074756622314, -0.10978616774082184, 0.7796703577041626, 0.3525128662586212, -0.9998735189437866, -0.9984714388847351, -0.9997198581695557, -0.6000000238418579, 0.0016984491376206279, -0.979647159576416, -0.800282895565033, -0.810954213142395, -0.994114339351654, -0.9392986297607422, -0.9951047301292419, -0.3632549047470093, 0.36021363735198975, -0.745472252368927, -0.41382288932800293, -0.5349599123001099, -0.9427719116210938, -0.8274021744728088, -0.6700827479362488, -0.31444138288497925], [-0.1095178872346878, 0.8467914462089539, 0.223785862326622, -0.031524769961833954, 0.9866774082183838, 0.1596054881811142, -0.9986578226089478, 0.21189053356647491, 0.9287400245666504, 0.008113938383758068, -0.9999229907989502, -0.999019980430603, -0.9997807145118713, -1.0, -0.05838688835501671, -0.9821377396583557, -0.7881573438644409, -0.8824719190597534, -0.9939891695976257, -1.0, -0.9947270154953003, -0.37486740946769714, -0.0008455518400296569, -0.745472252368927, -0.41382288932800293, -0.5349599123001099, -0.9427719116210938, -0.8274021744728088, -0.6700827479362488, -0.31444138288497925], [-0.0759412869811058, -0.44961631298065186, 0.6483836770057678, 0.003237878903746605, -0.999986469745636, -0.004069773480296135, -0.9978700876235962, -0.0825265645980835, -0.6407111883163452, 0.6432338356971741, -1.000164270401001, -1.0000187158584595, -0.9999820590019226, -0.6000000238418579, 0.0008502299315296113, -0.9787190556526184, -0.8138282299041748, -0.8170939087867737, -0.9933519959449768, -0.9236564636230469, -0.9943435788154602, -0.19632500410079956, 0.5096291303634644, -0.745472252368927, -0.41382288932800293, -0.5349599123001099, -0.9427719116210938, -0.8274021744728088, -0.6700827479362488, -0.31444138288497925], [-0.09830466657876968, -0.6633899807929993, 0.6520557403564453, -0.9999890327453613, 0.0015534100821241736, 0.004414900206029415, -0.9993244409561157, -0.08525460213422775, -0.7090754508972168, 0.5728057026863098, -1.0000473260879517, -1.000006914138794, -1.0000094175338745, -0.6000000238418579, -0.21226824820041656, -0.979698896408081, -0.8042611479759216, -0.8523045778274536, -0.9933264851570129, -1.0, -0.9950612783432007, -0.2750754654407501, 0.23515155911445618, -0.745472252368927, -0.41382288932800293, -0.5349599123001099, -0.9427719116210938, -0.8274021744728088, -0.6700827479362488, -0.31444138288497925], [-0.10272832959890366, -0.7108978629112244, 0.5213208794593811, 0.002639361657202244, 0.20098982751369476, 0.9795897603034973, -0.995721697807312, -0.08821404725313187, -0.7763537168502808, 0.3383576571941376, -0.9998307824134827, -1.001638412475586, -0.9997385740280151, -0.6000000238418579, -1.659480039961636e-05, -0.9784864783287048, -0.783502459526062, -0.9354276061058044, -0.9940930008888245, -1.0, -0.9943408370018005, -0.3473680019378662, 0.3500938415527344, -0.745472252368927, -0.41382288932800293, -0.5349599123001099, -0.9427719116210938, -0.8274021744728088, -0.6700827479362488, -0.31444138288497925], [-0.11054044216871262, -0.8220611214637756, 0.21415464580059052, -0.00550695089623332, -0.9818181395530701, 0.18974412977695465, -0.9987733364105225, 0.24579428136348724, -0.9277359843254089, 0.0005718976026400924, -0.9998789429664612, -1.0010008811950684, -0.9997948408126831, -1.0, 0.06321590393781662, -0.9787864685058594, -0.8040722012519836, -1.0, -0.9938477277755737, -0.8612543940544128, -0.994325578212738, 0.008142465725541115, 0.3639315068721771, -0.745472252368927, -0.41382288932800293, -0.5349599123001099, -0.9427719116210938, -0.8274021744728088, -0.6700827479362488, -0.31444138288497925], [-0.03186681494116783, 0.014896166510879993, 0.015959888696670532, 0.008115245029330254, -0.0012070706579834223, 0.9999663233757019, -0.9896530508995056, 0.006244974210858345, 0.010898121632635593, 0.032812122255563736, -1.0000529289245605, -0.9993430376052856, -0.9996522068977356, -0.20000000298023224, -0.0029432466253638268, -0.9651838541030884, -0.8848898410797119, -1.0, -0.992401659488678, -0.7452195286750793, -0.9945902228355408, -0.2411068081855774, 0.23817093670368195, -0.745472252368927, -0.41382288932800293, -0.5349599123001099, -0.9427719116210938, -0.8274021744728088, -0.6700827479362488, -0.31444138288497925], [-0.025946825742721558, 0.477175772190094, 0.010764182545244694, 0.005436382256448269, 0.999984860420227, 0.0008274902938865125, -0.9958670139312744, -0.0016450390685349703, 0.45089027285575867, -0.01955358125269413, -1.0000370740890503, -0.9998764991760254, -0.9998389482498169, -0.6000000238418579, -0.06048845499753952, -0.9459097385406494, -0.879302442073822, -0.8348259925842285, -0.9936283826828003, -1.0, -0.9955659508705139, -0.27388298511505127, 0.23408761620521545, -0.745472252368927, -0.41382288932800293, -0.5349599123001099, -0.9427719116210938, -0.8274021744728088, -0.6700827479362488, -0.31444138288497925], [0.018061695620417595, 0.4874221980571747, -0.031755492091178894, -0.9253485798835754, 0.015072598122060299, -0.37881767749786377, -0.9983052015304565, 0.1777661144733429, 0.4860781729221344, -0.12564603984355927, -1.0002028942108154, -0.9999732375144958, -1.0000461339950562, -0.6000000238418579, -0.0035171189811080694, -0.9678046703338623, -0.8705158829689026, -0.8208938837051392, -0.9929600358009338, -1.0, -0.994952380657196, -0.23998846113681793, 0.03656398504972458, -0.745472252368927, 