{"n_joints": 23, "joint_descriptions": [[-0.12311521172523499, -0.006216719746589661, 0.6895781755447388, 0.0007775549311190844, -0.0006147709209471941, 0.9999995231628418, -0.9977816343307495, -0.1306379735469818, -0.01164710521697998, 0.7989750504493713, -1.0000330209732056, -0.9999886155128479, -0.9999849796295166, -0.6000000238418579, -0.00040001823799684644, -0.9911378622055054, -0.8631381392478943, -0.9473496079444885, -0.992570161819458, -1.0, -0.9947952628135681, -0.24140113592147827, 0.2422408014535904, -0.7013049125671387, -0.4142875075340271, -0.38653695583343506, -0.9303520917892456, -0.8177521228790283, -0.6574754118919373, -0.25831446051597595], [-0.12372652441263199, -0.0070655145682394505, 0.8086124658584595, -0.002182543510571122, -0.9999960660934448, -0.0017578683327883482, -0.9968812465667725, -0.08497326076030731, -0.002719311509281397, 0.9968487620353699, -0.9999445676803589, -0.9997636079788208, -0.9997566342353821, -1.0, 9.928106010193005e-06, -0.9912667274475098, -0.8682989478111267, -0.9540631175041199, -0.9925650358200073, -1.0, -0.994386613368988, -0.18762999773025513, 0.05413501709699631, -0.7013049125671387, -0.4142875075340271, -0.38653695583343506, -0.9303520917892456, -0.8177521228790283, -0.6574754118919373, -0.25831446051597595], [-0.13710777461528778, 0.4677753448486328, 0.6461326479911804, -0.0005304432124830782, 0.9999991059303284, -0.0012079798616468906, -0.9973869323730469, -0.14215576648712158, 0.6690673828125, 0.6467400789260864, -1.0001946687698364, -1.0000274181365967, -0.9999693632125854, -0.6000000238418579, 0.00022145523689687252, -0.9770430326461792, -0.790497899055481, -0.9036107659339905, -0.9925908446311951, -1.0, -0.9946025609970093, -0.5072034597396851, 0.18612976372241974, -0.7013049125671387, -0.4142875075340271, -0.38653695583343506, -0.9303520917892456, -0.8177521228790283, -0.6574754118919373, -0.25831446051597595], [-0.13043764233589172, 0.6782829761505127, 0.6476683616638184, -0.9999958276748657, 0.0005600527510978281, 0.0028422148898243904, -0.9992163777351379, -0.11115290224552155, 0.7039656639099121, 0.5702109336853027, -1.0000509023666382, -0.9999948143959045, -0.9999779462814331, -0.6000000238418579, 0.2151891142129898, -0.9779565334320068, -0.8062904477119446, -0.9628426432609558, -0.9924641251564026, -0.9970565438270569, -0.9947315454483032, -0.24203316867351532, 0.26800572872161865, -0.7013049125671387, -0.4142875075340271, -0.38653695583343506, -0.9303520917892456, -0.8177521228790283, -0.6574754118919373, -0.25831446051597595], [-0.1267758309841156, 0.7239509224891663, 0.5229942202568054, 0.0026397176552563906, -0.17347918450832367, 0.9848340153694153, -0.9950541853904724, -0.13123950362205505, 0.7913845777511597, 0.35072001814842224, -0.9997105598449707, -0.9981210231781006, -0.999599277973175, -0.6000000238418579, 0.0004192449268884957, -0.9773669242858887, -0.7848920226097107, -0.9349175691604614, -0.9927096962928772, -1.0, -0.9946715831756592, -0.34935566782951355, 0.3487130105495453, -0.7013049125671387, -0.4142875075340271, -0.38653695583343506, -0.9303520917892456, -0.8177521228790283, -0.6574754118919373, -0.25831446051597595], [-0.12994836270809174, 0.8395781517028809, 0.22458910942077637, -0.00022791784431319684, 0.9850929975509644, 0.1720225214958191, -0.9983803629875183, 0.22208304703235626, 0.9177567362785339, 0.019308999180793762, -0.9998437166213989, -0.9988101720809937, -0.9996994733810425, -1.0, -0.06154758483171463, -0.9776597619056702, -0.7878209948539734, -0.9351063966751099, -0.9926093220710754, -1.0, -0.9948140382766724, -0.37581443786621094, 0.0010430149268358946, -0.7013049125671387, -0.4142875075340271, -0.38653695583343506, -0.9303520917892456, -0.8177521228790283, -0.6574754118919373, -0.25831446051597595], [-0.14644229412078857, -0.47832122445106506, 0.6464346647262573, -0.0024600052274763584, -0.9999964237213135, -0.001048091915436089, -0.9974029064178467, -0.1475086212158203, -0.6789116859436035, 0.6463742852210999, -1.0001935958862305, -1.0000271797180176, -0.9999671578407288, -0.6000000238418579, -0.002201798604801297, -0.9772563576698303, -0.7959807515144348, -0.9277443289756775, -0.9926822185516357, -1.0, -0.99466472864151, -0.1887311488389969, 0.5084823966026306, -0.7013049125671387, -0.4142875075340271, -0.38653695583343506, -0.9303520917892456, -0.8177521228790283, -0.6574754118919373, -0.25831446051597595], [-0.15132808685302734, -0.6851145029067993, 0.646125078201294, -0.9998178482055664, 0.005659450776875019, 0.018226338550448418, -0.9992114305496216, -0.12866024672985077, -0.717138946056366, 0.568572461605072, -1.0000531673431396, -1.0000109672546387, -1.0000135898590088, -0.6000000238418579, -0.21539710462093353, -0.9769819378852844, -0.7963083982467651, -0.9559118151664734, -0.9926469326019287, -1.0, -0.994489848613739, -0.2674409747123718, 0.24129535257816315, -0.7013049125671387, -0.4142875075340271, -0.38653695583343506, -0.9303520917892456, -0.8177521228790283, -0.6574754118919373, -0.25831446051597595], [-0.15466463565826416, -0.7307058572769165, 0.5222851634025574, 0.011561899445950985, 0.16937407851219177, 0.9854840040206909, -0.9950164556503296, -0.16326947510242462, -0.793104887008667, 0.3496335446834564, -0.9997295141220093, -1.0018881559371948, -0.9997443556785583, -0.6000000238418579, 0.0003189424751326442, -0.9775835275650024, -0.7947719097137451, -0.9275712370872498, -0.9926801919937134, -1.0, -0.9945189952850342, -0.3493620753288269, 0.3501708507537842, -0.7013049125671387, -0.4142875075340271, -0.38653695583343506, -0.9303520917892456, -0.8177521228790283, -0.6574754118919373, -0.25831446051597595], [-0.1701381355524063, -0.8411351442337036, 0.22418740391731262, -0.0038237166590988636, -0.9856551885604858, 0.16872814297676086, -0.9984069466590881, 0.1821306049823761, -0.9215645790100098, 0.018036385998129845, -0.9998273253440857, -1.001196026802063, -0.9997461438179016, -1.0, 0.06204778701066971, -0.9775293469429016, -0.795457124710083, -0.9276084303855896, -0.9925051331520081, -0.9970786571502686, -0.994612455368042, -0.002658550161868334, 0.3745747208595276, -0.7013049125671387, -0.4142875075340271, -0.38653695583343506, -0.9303520917892456, -0.8177521228790283, -0.6574754118919373, -0.25831446051597595], [-0.11332748830318451, -0.011545833200216293, 0.00385383702814579, -7.628053572261706e-05, 0.0005125996540300548, 0.9999998807907104, -0.9870048761367798, -0.10657242685556412, -0.011503675021231174, 0.01872793771326542, -1.000077486038208, -0.9991923570632935, -0.9994878172874451, -0.20000000298023224, 0.0010125628905370831, -0.9625885486602783, -0.8789807558059692, -0.9011743068695068, -0.9929274916648865, -1.0, -0.9946316480636597, -0.2395898997783661, 0.24166586995124817, -0.7013049125671387, -0.4142875075340271, -0.38653695583343506, -0.9303520917892456, -0.8177521228790283, -0.6574754118919373, -0.25831446051597595], [-0.11378082633018494, 0.4588317275047302, 0.002427719533443451, -0.008607571013271809, 0.9999629259109497, 0.00022868503583595157, -0.9949557781219482, -0.05084638670086861, 0.4231164753437042, -0.03065655194222927, -1.0000444650650024, -0.9998604655265808, -0.9997883439064026, -0.6000000238418579, -0.06266294419765472, -0.9437791109085083, -0.8617902994155884, -0.9330198764801025, -0.9925326704978943, -1.0, -0.9945806860923767, -0.276950478553772, 0.24149645864963531, -0.7013049125671387, -0.4142875075340271, -0.38653695583343506, -0.9303520917892456, -0.8177521228790283, -0.6574754118919373, -0.25831446051597595], [-0.051787327975034714, 0.46204930543899536, -0.03290153294801712, -0.9197696447372437, -0.004821963142603636, -0.39242908358573914, -0.9980993270874023, 0.12595142424106598, 0.46214476227760315, -0.12694354355335236, -1.0002297163009644, -0.9999629855155945, -1.0000439882278442, -0.6000000238418579, -1.0390377610747237e-05, -0.9637457132339478, -0.8765621185302734, -0.9066395163536072, -0.9926721453666687, -1.0, -0.9944205284118652, -0.24137522280216217, 0.03226148337125778, 