{"n_joints": 23, "joint_descriptions": [[-0.10504292696714401, -0.04026363417506218, 0.6935274600982666, 0.009570405818521976, -0.004084870684891939, 0.999945878982544, -0.9974408149719238, -0.11171888560056686, -0.044657886028289795, 0.8034840822219849, -1.000066876411438, -0.9999828934669495, -0.9999873638153076, -0.6000000238418579, -0.0011151641374453902, -0.9903101325035095, -0.8617990016937256, -0.7525229454040527, -0.9917105436325073, -1.0, -0.99435955286026, -0.241209477186203, 0.23659992218017578, -0.7118937373161316, -0.38227057456970215, -0.45860350131988525, -0.9184807538986206, -0.8106481432914734, -0.6000949144363403, -0.27594977617263794], [-0.10637085139751434, -0.047273095697164536, 0.8072460889816284, -0.007541290950030088, -0.9999694228172302, -0.00206911563873291, -0.9963220357894897, -0.07405033707618713, -0.04732106253504753, 0.9928420186042786, -0.9998910427093506, -0.9994654059410095, -0.9997084736824036, -1.0, -0.0013897295575588942, -0.9908108115196228, -0.8446140289306641, -0.9041537642478943, -0.9923877716064453, -1.0, -0.9951003789901733, -0.18505150079727173, 0.05294418707489967, -0.7118937373161316, -0.38227057456970215, -0.45860350131988525, -0.9184807538986206, -0.8106481432914734, -0.6000949144363403, -0.27594977617263794], [-0.12632614374160767, 0.434309184551239, 0.6400339007377625, 0.0014858203940093517, 0.9999961256980896, -0.002354381838813424, -0.9968287348747253, -0.13019105792045593, 0.6236636638641357, 0.6350528001785278, -1.0004156827926636, -1.000016450881958, -0.9999623894691467, -0.6000000238418579, -0.0001806487562134862, -0.9789713025093079, -0.7843295335769653, -1.0, -0.9923330545425415, -0.9898881912231445, -0.9942073225975037, -0.5068662166595459, 0.1945255547761917, -0.7118937373161316, -0.38227057456970215, -0.45860350131988525, -0.9184807538986206, -0.8106481432914734, -0.6000949144363403, -0.27594977617263794], [-0.12135710567235947, 0.6500922441482544, 0.634604275226593, -0.99998939037323, 0.0017448336584493518, -0.004260779824107885, -0.9990409016609192, -0.08663145452737808, 0.690312922000885, 0.5432207584381104, -1.000105619430542, -0.9999929666519165, -0.9999768733978271, -0.6000000238418579, 0.2124043107032776, -0.9778506755828857, -0.7832654714584351, -0.9471474289894104, -0.991794228553772, -1.0, -0.9943901896476746, -0.2428198754787445, 0.2677944302558899, -0.7118937373161316, -0.38227057456970215, -0.45860350131988525, -0.9184807538986206, -0.8106481432914734, -0.6000949144363403, -0.27594977617263794], [-0.11393138021230698, 0.710721492767334, 0.4898073673248291, -0.008846921846270561, -0.1970265507698059, 0.9803582429885864, -0.9936190247535706, -0.12012600153684616, 0.7701634168624878, 0.28616929054260254, -0.9995645880699158, -0.9959531426429749, -0.9992550611495972, -0.6000000238418579, -2.4310857043019496e-05, -0.9761606454849243, -0.7992218136787415, -0.7615392208099365, -0.992063045501709, -0.9366055130958557, -0.9941982626914978, -0.3505033850669861, 0.3536510467529297, -0.7118937373161316, -0.38227057456970215, -0.45860350131988525, -0.9184807538986206, -0.8106481432914734, -0.6000949144363403, -0.27594977617263794], [-0.08786656707525253, 0.8294416666030884, 0.13396607339382172, 0.0020355379674583673, 0.9825237393379211, 0.18612618744373322, -0.9980757832527161, 0.31167206168174744, 0.9103617072105408, -0.10946998745203018, -0.9997947216033936, -0.9975004196166992, -0.9994097352027893, -1.0, -0.06173378601670265, -0.97750324010849, -0.7981743216514587, -0.9134719967842102, -0.9923004508018494, -0.9757745265960693, -0.9935908317565918, -0.38054388761520386, 0.0029283782932907343, -0.7118937373161316, -0.38227057456970215, -0.45860350131988525, -0.9184807538986206, -0.8106481432914734, -0.6000949144363403, -0.27594977617263794], [-0.098988376557827, -0.5001322627067566, 0.6429334282875061, 0.006731722969561815, -0.9999762773513794, -0.0014749608235433698, -0.9967073202133179, -0.12469124794006348, -0.6975589990615845, 0.6397510170936584, -1.0004301071166992, -1.000022292137146, -0.9999654293060303, -0.6000000238418579, 0.0029985657893121243, -0.9743620753288269, -0.7632136344909668, -1.0, -0.9924203753471375, -0.9959027767181396, -0.9946035146713257, -0.1895839422941208, 0.5093125104904175, -0.7118937373161316, -0.38227057456970215, -0.45860350131988525, -0.9184807538986206, -0.8106481432914734, -0.6000949144363403, -0.27594977617263794], [-0.10282943397760391, -0.7050927877426147, 0.6470228433609009, -0.9998224377632141, -0.0007307557389140129, -0.018830392509698868, -0.9990478754043579, -0.09562444686889648, -0.7346344590187073, 0.5550509095191956, -1.0001106262207031, -1.0000120401382446, -1.0000110864639282, -0.6000000238418579, -0.21540246903896332, -0.9787247776985168, -0.7795606851577759, -0.9493083953857422, -0.9921562075614929, -1.0, -0.9940033555030823, -0.2679569721221924, 0.2420349270105362, -0.7118937373161316, -0.38227057456970215, -0.45860350131988525, -0.9184807538986206, -0.8106481432914734, -0.6000949144363403, -0.27594977617263794], [-0.07936928421258926, -0.7403098940849304, 0.5051535367965698, -0.021718280389904976, 0.15910650789737701, 0.9870225191116333, -0.9938051104545593, -0.05823278799653053, -0.8005039691925049, 0.3014889657497406, -0.9997201561927795, -1.0040628910064697, -0.9993967413902283, -0.6000000238418579, -0.00019380540470592678, -0.9749596118927002, -0.7635131478309631, -0.887769877910614, -0.9922438859939575, -0.9972019791603088, -0.9942484498023987, -0.34755149483680725, 0.3535161018371582, -0.7118937373161316, -0.38227057456970215, -0.45860350131988525, -0.9184807538986206, -0.8106481432914734, -0.6000949144363403, -0.27594977617263794], [-0.06883689761161804, -0.8490095138549805, 0.15550470352172852, -0.0024247034452855587, -0.9856595396995544, 0.16872870922088623, -0.9980382919311523, 0.34489426016807556, -0.9295116662979126, -0.07902826368808746, -0.9997991919517517, -1.0026001930236816, -0.9994866847991943, -1.0, 0.06372164189815521, -0.9747561812400818, -0.8128806352615356, -0.9576840400695801, -0.9917550683021545, -1.0, -0.9939135909080505, 0.008103511296212673, 0.37585875391960144, -0.7118937373161316, -0.38227057456970215, -0.45860350131988525, -0.9184807538986206, -0.8106481432914734, -0.6000949144363403, -0.27594977617263794], [-0.11203037202358246, -0.038219984620809555, 0.004439404234290123, 0.008446164429187775, 0.003229528432711959, 0.9999591112136841, -0.9858180284500122, -0.10034405440092087, -0.03778920695185661, 0.018678177148103714, -1.0000382661819458, -0.998383641242981, -0.9995366930961609, -0.20000000298023224, 0.00025656528305262327, -0.9568224549293518, -0.878655731678009, -0.7684356570243835, -0.9911948442459106, -1.0, -0.9943692088127136, -0.25011900067329407, 0.24282170832157135, -0.7118937373161316, -0.38227057456970215, -0.45860350131988525, -0.9184807538986206, -0.8106481432914734, -0.6000949144363403, -0.27594977617263794], [-0.11225748062133789, 0.43605706095695496, 0.00303187919780612, -0.00659072445705533, 0.999976634979248, 0.0018113008700311184, -0.9938713312149048, -0.057826559990644455, 0.4114944040775299, -0.023304080590605736, -1.000089406967163, -0.9996255040168762, -0.9996953010559082, -0.6000000238418579, -0.06327919661998749, -0.9419513940811157, -0.8546805381774902, -0.7610321640968323, -0.9917206764221191, -0.9117020964622498, -0.9937383532524109, -0.27611199021339417, 0.24614347517490387, -0.7118937373161316, -0.38227057456970215, -0.45860350131988525, -0.9184807538986206, -0.8106481432914734, -0.6000949144363403, -0.27594977617263794], [-0.04126522317528725, 0.4254663586616516, -0.03459538146853447, -0.9123073816299438, -0.0007583493134006858, -0.4095053970813751, -0.997711181640625, 0.09680785983800888, 0.4244011640548706, -0.12560229003429413, -1.000476360321045, -0.9999546408653259, -1.0001683235168457, -0.6000000238418579, 0.0006626690155826509, -0.9566104412078857, -0.8686344027519226, -0.977095365524292, -0.9916087985038757, -0.9245887994766235, -0.9950953125953674, 