{"n_joints": 23, "joint_descriptions": [[-0.09526345878839493, -0.029563874006271362, 0.6944525241851807, -0.0008631038363091648, 0.006667017936706543, 0.9999774098396301, -0.9976476430892944, -0.1045239046216011, -0.030356723815202713, 0.8059437870979309, -1.0000594854354858, -0.9999857544898987, -0.9999854564666748, -0.6000000238418579, -0.0003688771103043109, -0.990874707698822, -0.86004239320755, -0.7452316880226135, -0.9920455813407898, -1.0, -0.9948268532752991, -0.2424522340297699, 0.23428373038768768, -0.7204282283782959, -0.3874763548374176, -0.4782325327396393, -0.9241433143615723, -0.8180251121520996, -0.6046175360679626, -0.2739294171333313], [-0.10237567126750946, -0.03391505405306816, 0.8075155019760132, -0.004453791305422783, -0.9999901056289673, 0.0001040012066368945, -0.9965827465057373, -0.06812688708305359, -0.03694925084710121, 0.9952279925346375, -0.9999143481254578, -0.999518871307373, -0.9997199177742004, -1.0, -0.0007696622633375227, -0.9909355640411377, -0.8486777544021606, -0.9016595482826233, -0.9925420880317688, -0.988368809223175, -0.9951941967010498, -0.18659038841724396, 0.054131798446178436, -0.7204282283782959, -0.3874763548374176, -0.4782325327396393, -0.9241433143615723, -0.8180251121520996, -0.6046175360679626, -0.2739294171333313], [-0.11995473504066467, 0.44308337569236755, 0.6407710313796997, -0.0013118211645632982, 0.9999954700469971, -0.002708455780521035, -0.9970927238464355, -0.12441468983888626, 0.6322669982910156, 0.6370599269866943, -1.0003750324249268, -1.0000160932540894, -0.9999798536300659, -0.6000000238418579, -3.238587669329718e-05, -0.979232132434845, -0.7875429391860962, -0.9785581231117249, -0.9924984574317932, -0.9738103747367859, -0.9944290518760681, -0.5098045468330383, 0.19610439240932465, -0.7204282283782959, -0.3874763548374176, -0.4782325327396393, -0.9241433143615723, -0.8180251121520996, -0.6046175360679626, -0.2739294171333313], [-0.11836656183004379, 0.6588988304138184, 0.6355282068252563, -0.9999896883964539, -0.004190606065094471, 0.001746887806802988, -0.9991155862808228, -0.08011848479509354, 0.6978465914726257, 0.5442861914634705, -1.000095009803772, -0.9999967217445374, -0.9999772310256958, -0.6000000238418579, 0.2128080427646637, -0.9775909185409546, -0.7990953922271729, -0.944877564907074, -0.9924007654190063, -1.0, -0.9942956566810608, -0.24178217351436615, 0.2679886519908905, -0.7204282283782959, -0.3874763548374176, -0.4782325327396393, -0.9241433143615723, -0.8180251121520996, -0.6046175360679626, -0.2739294171333313], [-0.11222845315933228, 0.7180609107017517, 0.49193501472473145, -0.0001466132525820285, -0.19201865792274475, 0.9813912510871887, -0.994038999080658, -0.12974154949188232, 0.7766177654266357, 0.2926678955554962, -0.999736487865448, -0.9963816404342651, -0.9993454217910767, -0.6000000238418579, 0.000452985375886783, -0.9771207571029663, -0.8072254657745361, -0.7617735862731934, -0.9919695258140564, -0.9731162190437317, -0.9945114850997925, -0.35235822200775146, 0.3561772108078003, -0.7204282283782959, -0.3874763548374176, -0.4782325327396393, -0.9241433143615723, -0.8180251121520996, -0.6046175360679626, -0.2739294171333313], [-0.09775224328041077, 0.8315577507019043, 0.14268054068088531, -0.005572875030338764, 0.9830549955368042, 0.18322622776031494, -0.9982370734214783, 0.3040187656879425, 0.9130315780639648, -0.09595096856355667, -0.9998799562454224, -0.997775137424469, -0.9995185732841492, -1.0, -0.06159183010458946, -0.977266788482666, -0.8076512217521667, -0.9600045680999756, -0.9923043251037598, -0.9271702766418457, -0.9936578273773193, -0.38310062885284424, 0.0016319435089826584, -0.7204282283782959, -0.3874763548374176, -0.4782325327396393, -0.9241433143615723, -0.8180251121520996, -0.6046175360679626, -0.2739294171333313], [-0.10186939686536789, -0.48197656869888306, 0.6419080495834351, -0.005870790220797062, -0.9999822378158569, -0.001055806060321629, -0.9969571828842163, -0.12670162320137024, -0.6785091757774353, 0.6372072696685791, -1.0003786087036133, -1.0000272989273071, -0.9999765753746033, -0.6000000238418579, 0.0031755133531987667, -0.9758331775665283, -0.7750183939933777, -1.0, -0.9927000403404236, -0.9878717064857483, -0.9950037598609924, -0.18865279853343964, 0.507556676864624, -0.7204282283782959, -0.3874763548374176, -0.4782325327396393, -0.9241433143615723, -0.8180251121520996, -0.6046175360679626, -0.2739294171333313], [-0.11137323081493378, -0.6867101788520813, 0.6449874639511108, -0.9998617768287659, 0.000547698640730232, -0.01661873795092106, -0.9991262555122375, -0.1031624972820282, -0.7144252061843872, 0.5530775785446167, -1.0000970363616943, -1.0000097751617432, -1.0000149011611938, -0.6000000238418579, -0.21486720442771912, -0.9789117574691772, -0.7769134044647217, -0.998153567314148, -0.9924895167350769, -0.9866179823875427, -0.9944134950637817, -0.26882654428482056, 0.24050529301166534, -0.7204282283782959, -0.3874763548374176, -0.4782325327396393, -0.9241433143615723, -0.8180251121520996, -0.6046175360679626, -0.2739294171333313], [-0.096623994410038, -0.7250251770019531, 0.5061596632003784, -0.015363647602498531, 0.1680963784456253, 0.9856508374214172, -0.9942739009857178, -0.08098598569631577, -0.7898054122924805, 0.30815938115119934, -0.9996907114982605, -1.003562092781067, -0.9994179606437683, -0.6000000238418579, 0.0002616872079670429, -0.9748533368110657, -0.7648042440414429, -0.9042366147041321, -0.9922881722450256, -0.9879332780838013, -0.9946132302284241, -0.34614017605781555, 0.35064223408699036, -0.7204282283782959, -0.3874763548374176, -0.4782325327396393, -0.9241433143615723, -0.8180251121520996, -0.6046175360679626, -0.2739294171333313], [-0.08650331199169159, -0.8398828506469727, 0.1665605753660202, -0.006343979388475418, -0.9847539663314819, 0.17383715510368347, -0.9981684684753418, 0.3351282477378845, -0.9221657514572144, -0.061654116958379745, -0.9998636841773987, -1.0022916793823242, -0.9995424151420593, -1.0, 0.06328314542770386, -0.9761673212051392, -0.8118106722831726, -0.938780665397644, -0.9919883012771606, -1.0, -0.9938212037086487, 0.00778188044205308, 0.3740374445915222, -0.7204282283782959, -0.3874763548374176, -0.4782325327396393, -0.9241433143615723, -0.8180251121520996, -0.6046175360679626, -0.2739294171333313], [-0.10852765291929245, -0.02197697013616562, 0.001178700476884842, -0.0038476448971778154, -0.0034980049822479486, 0.999986469745636, -0.9868360757827759, -0.10639439523220062, -0.02462182007730007, 0.013963480480015278, -1.0000864267349243, -0.9985557794570923, -0.9995442032814026, -0.20000000298023224, -3.7635796616086736e-05, -0.9591336846351624, -0.8857477307319641, -0.7844140529632568, -0.9913992881774902, -1.0, -0.9944972395896912, -0.24895112216472626, 0.24314405024051666, -0.7204282283782959, -0.3874763548374176, -0.4782325327396393, -0.9241433143615723, -0.8180251121520996, -0.6046175360679626, -0.2739294171333313], [-0.11130410432815552, 0.4455598294734955, -0.001429811236448586, -0.00044610368786379695, 0.9999904036521912, -0.004353008698672056, -0.9942389726638794, -0.0573684386909008, 0.42238491773605347, -0.02815324068069458, -1.0000892877578735, -0.9996630549430847, -0.9997248649597168, -0.6000000238418579, -0.06305548548698425, -0.942063570022583, -0.8638471961021423, -0.7816224694252014, -0.9915851950645447, -0.9358286261558533, -0.9941361546516418, -0.2761741876602173, 0.2487255185842514, -0.7204282283782959, -0.3874763548374176, -0.4782325327396393, -0.9241433143615723, -0.8180251121520996, -0.6046175360679626, -0.2739294171333313], [-0.031025024130940437, 0.4359349310398102, -0.0387689433991909, -0.9162954092025757, 0.009463620372116566, -0.40039122104644775, -0.9979260563850403, 0.11777248233556747, 0.43666496872901917, -0.1307426542043686, -1.0004239082336426, -0.999973475933075, -1.0001391172409058, -0.6000000238418579, 0.0003368522447999567, -0.9573183655738831, -0.874300479888916, -0.9266095161437988, -0.9915229678153992, -0.8996180891990662, 