{"n_joints": 23, "joint_descriptions": [[-0.130624458193779, -0.04237207770347595, 0.6891005039215088, 0.003408578922972083, -0.010097697377204895, 0.999943196773529, -0.9967349767684937, -0.13673996925354004, -0.06246446073055267, 0.7937394976615906, -1.0000931024551392, -0.9999629855155945, -0.999990701675415, -0.6000000238418579, -0.0021479949355125427, -0.9890588521957397, -0.8565381765365601, -0.9081791043281555, -0.9918816685676575, -1.0, -0.9923864603042603, -0.24159732460975647, 0.2496231496334076, -0.6631538271903992, -0.37566953897476196, -0.3428571820259094, -0.8976027965545654, -0.8003407120704651, -0.5779813528060913, -0.2905532419681549], [-0.11916399747133255, -0.05045681074261665, 0.8088172078132629, -0.006172266788780689, -0.9999412894248962, 0.00890381820499897, -0.9953637719154358, -0.08330023288726807, -0.03632872924208641, 0.9912766218185425, -0.9997384548187256, -0.9992308020591736, -0.999666690826416, -1.0, -0.0014056164072826505, -0.9899022579193115, -0.8466082215309143, -0.9323118925094604, -0.9911655187606812, -1.0, -0.9939972758293152, -0.1889307051897049, 0.0551978275179863, -0.6631538271903992, -0.37566953897476196, -0.3428571820259094, -0.8976027965545654, -0.8003407120704651, -0.5779813528060913, -0.2905532419681549], [-0.1422020047903061, 0.4333350658416748, 0.6455726027488708, -0.0007825356442481279, 0.9999997019767761, -0.00018014224770013243, -0.9961451888084412, -0.14995570480823517, 0.6287272572517395, 0.6411339044570923, -1.000548005104065, -1.000000238418579, -0.9999033212661743, -0.6000000238418579, 0.0008990908972918987, -0.9755830764770508, -0.7594515085220337, -1.0, -0.9917340874671936, -1.0, -0.9939855933189392, -0.50035160779953, 0.1828903704881668, -0.6631538271903992, -0.37566953897476196, -0.3428571820259094, -0.8976027965545654, -0.8003407120704651, -0.5779813528060913, -0.2905532419681549], [-0.1326257735490799, 0.6396271586418152, 0.6448129415512085, -0.9999831318855286, 0.0052993763238191605, 0.002379720564931631, -0.9987841248512268, -0.12770728766918182, 0.6725127696990967, 0.5532430410385132, -1.000154733657837, -0.9999801516532898, -0.9999768137931824, -0.6000000238418579, 0.2126835584640503, -0.9770569801330566, -0.7202713489532471, -0.889443576335907, -0.9903031587600708, -0.9858690500259399, -0.9946103692054749, -0.24067217111587524, 0.26850083470344543, -0.6631538271903992, -0.37566953897476196, -0.3428571820259094, -0.8976027965545654, -0.8003407120704651, -0.5779813528060913, -0.2905532419681549], [-0.1367291808128357, 0.6925036907196045, 0.49517306685447693, 0.010384292341768742, -0.1786258965730667, 0.9838622808456421, -0.992678165435791, -0.12094036489725113, 0.760715663433075, 0.27007436752319336, -0.9991019368171692, -0.9943859577178955, -0.9988892078399658, -0.6000000238418579, -7.552452734671533e-05, -0.9743822813034058, -0.7522743940353394, -0.8846244215965271, -0.9926395416259766, -0.9472188353538513, -0.9937082529067993, -0.34338414669036865, 0.3400780260562897, -0.6631538271903992, -0.37566953897476196, -0.3428571820259094, -0.8976027965545654, -0.8003407120704651, -0.5779813528060913, -0.2905532419681549], [-0.13242514431476593, 0.8249374032020569, 0.11614551395177841, -0.0008469144231639802, 0.9831328392028809, 0.1828911155462265, -0.9975361824035645, 0.2629380226135254, 0.9127323031425476, -0.14518532156944275, -0.9993667006492615, -0.996529757976532, -0.9990876317024231, -1.0, -0.06107669696211815, -0.9766673445701599, -0.7486528754234314, -0.6959924101829529, -0.9914529919624329, -1.0, -0.9941451549530029, -0.3669082820415497, -0.0010303746676072478, -0.6631538271903992, -0.37566953897476196, -0.3428571820259094, -0.8976027965545654, -0.8003407120704651, -0.5779813528060913, -0.2905532419681549], [-0.12563318014144897, -0.5207211375236511, 0.6513032913208008, 0.004679584875702858, -0.9999874234199524, -0.001791735296137631, -0.9960858821868896, -0.13642127811908722, -0.7245402336120605, 0.6569192409515381, -1.0005998611450195, -1.0000067949295044, -0.9998952150344849, -0.6000000238418579, 0.00011861504754051566, -0.9716335535049438, -0.7473835349082947, -0.7944122552871704, -0.9909625053405762, -1.0, -0.9927681684494019, -0.18701714277267456, 0.5116387009620667, -0.6631538271903992, -0.37566953897476196, -0.3428571820259094, -0.8976027965545654, -0.8003407120704651, -0.5779813528060913, -0.2905532419681549], [-0.10202369093894958, -0.7295067310333252, 0.6562204957008362, -0.9999788403511047, 0.0012663861270993948, -0.006383271887898445, -0.9987722635269165, -0.0826050341129303, -0.7628095149993896, 0.5652367472648621, -1.000162124633789, -1.0000275373458862, -0.9999998807907104, -0.6000000238418579, -0.21717187762260437, -0.975661039352417, -0.8044948577880859, -0.7154837250709534, -0.9916929006576538, -1.0, -0.9930624961853027, -0.26618289947509766, 0.2434460073709488, -0.6631538271903992, -0.37566953897476196, -0.3428571820259094, -0.8976027965545654, -0.8003407120704651, -0.5779813528060913, -0.2905532419681549], [-0.08015502989292145, -0.7641043663024902, 0.5000246167182922, -0.004378803074359894, 0.16881251335144043, 0.985638439655304, -0.9923881888389587, -0.059267207980155945, -0.8172050714492798, 0.2722373902797699, -0.9990419745445251, -1.0059309005737305, -0.9990708827972412, -0.6000000238418579, 0.00044996943324804306, -0.9772738218307495, -0.7795836925506592, -0.8929578065872192, -0.9915105104446411, -1.0, -0.9931208491325378, -0.3553067743778229, 0.35654282569885254, -0.6631538271903992, -0.37566953897476196, -0.3428571820259094, -0.8976027965545654, -0.8003407120704651, -0.5779813528060913, -0.2905532419681549], [-0.0641632229089737, -0.8552557229995728, 0.11021917313337326, 0.005879029165953398, -0.9876790642738342, 0.15638241171836853, -0.9976386427879333, 0.35444176197052, -0.9334554672241211, -0.1529845893383026, -0.9993606209754944, -1.0036814212799072, -0.9992402195930481, -1.0, 0.06295657902956009, -0.9721518754959106, -0.7888665199279785, -0.8205611109733582, -0.9920203685760498, -1.0, -0.9948287606239319, 0.0009798111859709024, 0.3772321343421936, -0.6631538271903992, -0.37566953897476196, -0.3428571820259094, -0.8976027965545654, -0.8003407120704651, -0.5779813528060913, -0.2905532419681549], [-0.11087673157453537, -0.059659767895936966, 0.02119283750653267, 0.004062172491103411, -0.01117269042879343, 0.9999293088912964, -0.9811716079711914, -0.06271664798259735, -0.052245404571294785, 0.0399508960545063, -0.9997925758361816, -0.9977019429206848, -0.9994664192199707, -0.20000000298023224, 0.0014940465334802866, -0.9531702995300293, -0.8460975289344788, -0.8234447836875916, -0.9915764927864075, -1.0, -0.9937718510627747, -0.24524883925914764, 0.23876789212226868, -0.6631538271903992, -0.37566953897476196, -0.3428571820259094, -0.8976027965545654, -0.8003407120704651, -0.5779813528060913, -0.2905532419681549], [-0.10333549231290817, 0.4183025062084198, 0.026243826374411583, -0.009396443143486977, 0.9999556541442871, -0.0006214305176399648, -0.992881178855896, -0.05383641645312309, 0.38232848048210144, -0.0052249133586883545, -1.0000338554382324, -0.9994627833366394, -0.9996181726455688, -0.6000000238418579, -0.0647287666797638, -0.9367985129356384, -0.8159154653549194, -0.817060112953186, -0.9930376410484314, -0.9576910734176636, -0.9931179285049438, -0.2784441113471985, 0.2325185388326645, -0.6631538271903992, -0.37566953897476196, -0.3428571820259094, -0.8976027965545654, -0.8003407120704651, -0.5779813528060913, -0.2905532419681549], [-0.0654088631272316, 0.4126877784729004, -0.011309650726616383, -0.9095379114151001, -0.014531798660755157, -0.41536685824394226, -0.9969605803489685, 0.07464393973350525, 0.41329488158226013, -0.10153985023498535, -1.0006532669067383, -0.9998970627784729, -1.0002754926681519, -0.6000000238418579, 0.0001522033562650904, -0.9584863781929016, -0.8612452149391174, -1.0, -0.9927099347114563, -1.0, -0.9942084550857544, -0.24205255508422852, 0.03830615058541298, -0.6631538271903992, -0.37566953897476196, 