{"n_joints": 23, "joint_descriptions": [[-0.12200476974248886, -0.004214250948280096, 0.6896190047264099, -0.0011052603367716074, 0.0011103404685854912, 0.9999987483024597, -0.9977767467498779, -0.1299414187669754, -0.008935101330280304, 0.7988808751106262, -1.0000338554382324, -0.9999884963035583, -0.9999849796295166, -0.6000000238418579, -0.00034597545163705945, -0.9911502599716187, -0.862663745880127, -0.9434584379196167, -0.9925416111946106, -1.0, -0.9948369264602661, -0.24147552251815796, 0.24180853366851807, -0.7011516094207764, -0.4146714210510254, -0.38835427165031433, -0.9301797747612, -0.8174784183502197, -0.6551247239112854, -0.25840404629707336], [-0.12224186211824417, -0.004596219398081303, 0.8084840178489685, -0.0008560604183003306, -0.9999986290931702, 0.0014070176985114813, -0.9968779683113098, -0.08321905136108398, -0.0007562540704384446, 0.9968866109848022, -0.9999451637268066, -0.9997565746307373, -0.9997550845146179, -1.0, 8.917459490476176e-05, -0.9912701845169067, -0.8682681918144226, -0.9503906965255737, -0.9925605058670044, -0.9984073638916016, -0.9943759441375732, -0.18737877905368805, 0.05411906540393829, -0.7011516094207764, -0.4146714210510254, -0.38835427165031433, -0.9301797747612, -0.8174784183502197, -0.6551247239112854, -0.25840404629707336], [-0.13653849065303802, 0.4692978262901306, 0.6462060213088989, 0.0009322997648268938, 0.9999991655349731, -0.0008994488161988556, -0.9973800182342529, -0.14153507351875305, 0.6706418991088867, 0.6470487117767334, -1.000199794769287, -1.0000274181365967, -0.9999701380729675, -0.6000000238418579, 0.0002016395446844399, -0.9769726991653442, -0.7905409932136536, -0.8949775695800781, -0.9925917387008667, -1.0, -0.9945950508117676, -0.5072028636932373, 0.18642625212669373, -0.7011516094207764, -0.4146714210510254, -0.38835427165031433, -0.9301797747612, -0.8174784183502197, -0.6551247239112854, -0.25840404629707336], [-0.13060134649276733, 0.6799119710922241, 0.6478254199028015, -0.9999983310699463, -0.0010121928062289953, 0.0015105976490303874, -0.9992160797119141, -0.10956098884344101, 0.7052639126777649, 0.5696722865104675, -1.0000522136688232, -0.9999953508377075, -0.999977707862854, -0.6000000238418579, 0.21520961821079254, -0.9778763651847839, -0.8073849678039551, -0.9672114849090576, -0.9924744963645935, -1.0, -0.9947404265403748, -0.24208711087703705, 0.2680984139442444, -0.7011516094207764, -0.4146714210510254, -0.38835427165031433, -0.9301797747612, -0.8174784183502197, -0.6551247239112854, -0.25840404629707336], [-0.12555256485939026, 0.7252256870269775, 0.5222070217132568, -0.0011693957494571805, -0.1694922000169754, 0.9855308532714844, -0.9950365424156189, -0.12935440242290497, 0.7924331426620483, 0.34914129972457886, -0.9997448921203613, -0.9980664849281311, -0.9995872378349304, -0.6000000238418579, 0.0003817988617811352, -0.9773575663566589, -0.7852893471717834, -0.9331750273704529, -0.9927310347557068, -1.0, -0.9946621060371399, -0.34907233715057373, 0.34914129972457886, -0.7011516094207764, -0.4146714210510254, -0.38835427165031433, -0.9301797747612, -0.8174784183502197, -0.6551247239112854, -0.25840404629707336], [-0.12663531303405762, 0.8396815061569214, 0.22193485498428345, -0.0028712612111121416, 0.9854757785797119, 0.16979175806045532, -0.9983760714530945, 0.22838889062404633, 0.9179211258888245, 0.016013270244002342, -0.9998531937599182, -0.9987782835960388, -0.9996974468231201, -1.0, -0.061569347977638245, -0.977572500705719, -0.7885568737983704, -0.9411972761154175, -0.9925798177719116, -1.0, -0.9947929382324219, -0.376250296831131, 0.0012283192481845617, -0.7011516094207764, -0.4146714210510254, -0.38835427165031433, -0.9301797747612, -0.8174784183502197, -0.6551247239112854, -0.25840404629707336], [-0.1454380452632904, -0.47462013363838196, 0.6462975144386292, 0.0017930623143911362, -0.9999963045120239, 0.0020416968036442995, -0.9973981976509094, -0.1463964879512787, -0.6748378276824951, 0.6460072994232178, -1.0001978874206543, -1.000026822090149, -0.9999674558639526, -0.6000000238418579, -0.0022961730137467384, -0.9773356318473816, -0.796708345413208, -0.9329453706741333, -0.9926419854164124, -1.0, -0.9947037100791931, -0.18862378597259521, 0.5084404945373535, -0.7011516094207764, -0.4146714210510254, -0.38835427165031433, -0.9301797747612, -0.8174784183502197, -0.6551247239112854, -0.25840404629707336], [-0.15126390755176544, -0.6812049150466919, 0.6459179520606995, -0.9997609257698059, 0.005037340335547924, 0.021277105435729027, -0.9992107152938843, -0.12943494319915771, -0.7135293483734131, 0.56767737865448, -1.0000545978546143, -1.0000107288360596, -1.0000132322311401, -0.6000000238418579, -0.21543025970458984, -0.9768968224525452, -0.7949256896972656, -0.9614246487617493, -0.992624044418335, -1.0, -0.9944927096366882, -0.26763632893562317, 0.24119678139686584, -0.7011516094207764, -0.4146714210510254, -0.38835427165031433, -0.9301797747612, -0.8174784183502197, -0.6551247239112854, -0.25840404629707336], [-0.15606145560741425, -0.7273438572883606, 0.5214459300041199, 0.0159455593675375, 0.1710512340068817, 0.9851331114768982, -0.995008111000061, -0.16801407933235168, -0.7901307940483093, 0.3478949964046478, -0.9997220635414124, -1.0019266605377197, -0.9997311234474182, -0.6000000238418579, 0.00024957608547993004, -0.9774461984634399, -0.7938070297241211, -0.9264034628868103, -0.9926763772964478, -1.0, -0.9944984912872314, -0.34966573119163513, 0.34993189573287964, -0.7011516094207764, -0.4146714210510254, -0.38835427165031433, -0.9301797747612, -0.8174784183502197, -0.6551247239112854, -0.25840404629707336], [-0.1766580492258072, -0.839146614074707, 0.22216123342514038, -0.005838796496391296, -0.9851296544075012, 0.17171336710453033, -0.998404324054718, 0.17349648475646973, -0.920077383518219, 0.014711618423461914, -0.9998297095298767, -1.0012260675430298, -0.9997460842132568, -1.0, 0.061925869435071945, -0.9776023030281067, -0.794141411781311, -0.9288774728775024, -0.992514431476593, -1.0, -0.9945682883262634, -0.002742455340921879, 0.3745557963848114, -0.7011516094207764, -0.4146714210510254, -0.38835427165031433, -0.9301797747612, -0.8174784183502197, -0.6551247239112854, -0.25840404629707336], [-0.1130419448018074, -0.008928805589675903, 0.0034361763391643763, -0.0004634953511413187, -0.0010668057948350906, 0.9999993443489075, -0.9869741797447205, -0.10773336887359619, -0.008786316961050034, 0.018410643562674522, -1.0000801086425781, -0.9991713762283325, -0.9994881749153137, -0.20000000298023224, 0.0009364135912619531, -0.9627497792243958, -0.8795575499534607, -0.8995243906974792, -0.9929207563400269, -1.0, -0.9946166276931763, -0.2393456995487213, 0.24181045591831207, -0.7011516094207764, -0.4146714210510254, -0.38835427165031433, -0.9301797747612, -0.8174784183502197, -0.6551247239112854, -0.25840404629707336], [-0.11367695033550262, 0.46019163727760315, 0.0017685769125819206, -0.005885785445570946, 0.9999823570251465, 0.0007958424394018948, -0.9949319958686829, -0.051206182688474655, 0.424683541059494, -0.03134717047214508, -1.0000461339950562, -0.9998562932014465, -0.9997857809066772, -0.6000000238418579, -0.06260965019464493, -0.9438709616661072, -0.8625876307487488, -0.9333255887031555, -0.9924721717834473, -1.0, -0.9946057200431824, -0.2770118713378906, 0.24194693565368652, -0.7011516094207764, -0.4146714210510254, -0.38835427165031433, -0.9301797747612, -0.8174784183502197, -0.6551247239112854, -0.25840404629707336], [-0.05084555968642235, 0.463479220867157, -0.033637885004282, -0.9174329042434692, -0.00886344350874424, -0.3977918028831482, -0.9981018304824829, 0.12777391076087952, 0.46320849657058716, -0.12781377136707306, -1.0002343654632568, -0.9999644160270691, -1.0000464916229248, -0.6000000238418579, -3.681728048832156e-05, -0.9636504650115967, -0.8767223954200745, -0.8984495997428894, -0.9926115274429321, -1.0, -0.9943963885307312, -0.24137842655181885, 0.032421600073575974, -0.7011516094207764, -0.4146714210510254, 