{"n_joints": 23, "joint_descriptions": [[0.03692355751991272, 0.07800586521625519, 0.6523758769035339, 0.0179773960262537, 0.032579872757196426, 0.9993074536323547, -0.9964415431022644, 0.035445570945739746, 0.027093054726719856, 0.770016074180603, -1.0002588033676147, -0.9999701380729675, -1.0000195503234863, -0.6000000238418579, 0.004317170474678278, -0.9923356175422668, -0.8084176778793335, -1.0, -0.9915508031845093, -0.8355616331100464, -0.9889981150627136, -0.23874664306640625, 0.28531384468078613, -0.578598141670227, -0.2889275848865509, -0.14639222621917725, -0.9009215235710144, -0.783440351486206, -0.5139039158821106, -0.4185565114021301], [0.003146205097436905, 0.09589698910713196, 0.7980702519416809, 0.003313317196443677, -0.9999902248382568, -0.0029202839359641075, -0.995722770690918, 0.056741222739219666, 0.14241421222686768, 1.0, -0.9996203184127808, -0.9982746243476868, -0.9993201494216919, -1.0, 0.005995327141135931, -0.9899627566337585, -0.9118123650550842, -1.0, -0.9919756054878235, -1.0, -0.9908759593963623, -0.18295106291770935, 0.05193830654025078, -0.578598141670227, -0.2889275848865509, -0.14639222621917725, -0.9009215235710144, -0.783440351486206, -0.5139039158821106, -0.4185565114021301], [0.038339342921972275, 0.5306363105773926, 0.6594805717468262, -0.003935657907277346, 0.9999611377716064, 0.007891442626714706, -0.9962998628616333, 0.02675737254321575, 0.7582459449768066, 0.6773399114608765, -1.0010486841201782, -0.999893307685852, -0.9999715089797974, -0.6000000238418579, 0.0014735457953065634, -0.9661304354667664, -0.7667341828346252, -0.6722830533981323, -0.9916409254074097, -1.0, -0.9942688941955566, -0.522975742816925, 0.14766716957092285, -0.578598141670227, -0.2889275848865509, -0.14639222621917725, -0.9009215235710144, -0.783440351486206, -0.5139039158821106, -0.4185565114021301], [0.0383976548910141, 0.7104234099388123, 0.6849874258041382, -0.9997149705886841, -0.021485744044184685, 0.010406986810266972, -0.9990428686141968, -0.03279024362564087, 0.7031756639480591, 0.5747371912002563, -1.0003291368484497, -1.0000017881393433, -0.9999501705169678, -0.6000000238418579, 0.21928659081459045, -0.9693386554718018, -0.6228160858154297, -0.962506115436554, -0.9933598637580872, -1.0, -0.9926170706748962, -0.2400740385055542, 0.27040645480155945, -0.578598141670227, -0.2889275848865509, -0.14639222621917725, -0.9009215235710144, -0.783440351486206, -0.5139039158821106, -0.4185565114021301], [0.029783640056848526, 0.719763457775116, 0.4905894696712494, -0.003590245032683015, -0.1802566945552826, 0.9836130738258362, -0.9949891567230225, 0.1090753972530365, 0.8017808198928833, 0.17462895810604095, -0.9992789626121521, -0.9899520874023438, -0.9994102120399475, -0.6000000238418579, -0.0003863684833049774, -0.9739437699317932, -0.6593804955482483, -1.0, -0.990716814994812, -1.0, -0.9937571883201599, -0.36187708377838135, 0.30414026975631714, -0.578598141670227, -0.2889275848865509, -0.14639222621917725, -0.9009215235710144, -0.783440351486206, -0.5139039158821106, -0.4185565114021301], [-0.04075632244348526, 0.851475179195404, -0.027597423642873764, -0.03457288444042206, 0.9927389025688171, 0.1152137890458107, -0.9978542923927307, 0.3691171407699585, 0.9226281642913818, -0.42063263058662415, -1.000074028968811, -0.991957426071167, -0.9982611536979675, -1.0, -0.060625702142715454, -0.9690613150596619, -0.6553127765655518, -0.09257512539625168, -0.9925077557563782, -1.0, -0.9976703524589539, -0.33078718185424805, 0.006893630139529705, -0.578598141670227, -0.2889275848865509, -0.14639222621917725, -0.9009215235710144, -0.783440351486206, -0.5139039158821106, -0.4185565114021301], [-0.043950021266937256, -0.44061362743377686, 0.6482647657394409, 0.023898238316178322, -0.9994418621063232, 0.023342562839388847, -0.9972507953643799, 0.010859065689146519, -0.6511661410331726, 0.6810210943222046, -1.0010402202606201, -0.9999632239341736, -0.9999597072601318, -0.6000000238418579, -0.0022914023138582706, -0.9807656407356262, -0.8380860090255737, -0.2389543354511261, -0.9935654997825623, -1.0, -0.9894112944602966, -0.18774792551994324, 0.5102651119232178, -0.578598141670227, -0.2889275848865509, -0.14639222621917725, -0.9009215235710144, -0.783440351486206, -0.5139039158821106, -0.4185565114021301], [0.04232228919863701, -0.6501977443695068, 0.6390639543533325, -0.9973046779632568, 0.01991446688771248, 0.07061734050512314, -0.9990281462669373, 0.10411271452903748, -0.665597140789032, 0.5300019979476929, -1.0002977848052979, -0.9999640583992004, -0.9999980330467224, -0.6000000238418579, -0.21325699985027313, -0.9664695262908936, -0.9105478525161743, -0.092713862657547, -0.9922301769256592, -0.9948697090148926, -0.9956261515617371, -0.2647459805011749, 0.24424517154693604, -0.578598141670227, -0.2889275848865509, -0.14639222621917725, -0.9009215235710144, -0.783440351486206, -0.5139039158821106, -0.4185565114021301], [-0.012175112031400204, -0.7212712168693542, 0.4046594798564911, 0.024450616911053658, 0.19864755868911743, 0.9797659516334534, -0.9937975406646729, -0.09863481670618057, -0.8054091930389404, 0.09409980475902557, -1.0012829303741455, -1.012976884841919, -0.9972012042999268, -0.6000000238418579, -0.0004774273547809571, -0.9887270927429199, -0.8840290904045105, -0.9781056046485901, -0.9921616315841675, -1.0, -0.995307445526123, -0.3389287292957306, 0.3298843801021576, -0.578598141670227, -0.2889275848865509, -0.14639222621917725, -0.9009215235710144, -0.783440351486206, -0.5139039158821106, -0.4185565114021301], [-0.02166801132261753, -0.8119574189186096, -0.177092507481575, -0.060882240533828735, -0.9814255237579346, 0.18192675709724426, -0.9978784918785095, 0.38931068778038025, -0.8956519365310669, -0.5881595015525818, -1.0004831552505493, -1.0065793991088867, -0.9988481402397156, -1.0, 0.06187635660171509, -0.9813368320465088, -0.702238917350769, -0.8847222328186035, -0.9909423589706421, -1.0, -0.9984624981880188, -0.03223200514912605, 0.3762400448322296, -0.578598141670227, -0.2889275848865509, -0.14639222621917725, -0.9009215235710144, -0.783440351486206, -0.5139039158821106, -0.4185565114021301], [0.06963445246219635, 0.05011996626853943, 0.04249131307005882, -0.028788132593035698, 0.007378790527582169, 0.9995583295822144, -0.9773533940315247, 0.18765194714069366, 0.040494151413440704, 0.04757257550954819, -1.0002739429473877, -0.9940164089202881, -0.9996730089187622, -0.20000000298023224, 0.009189632721245289, -0.9689218997955322, -0.7906876802444458, -1.0, -0.9959108829498291, -0.8624421954154968, -0.9937447309494019, -0.2129889279603958, 0.2416382133960724, -0.578598141670227, -0.2889275848865509, -0.14639222621917725, -0.9009215235710144, -0.783440351486206, -0.5139039158821106, -0.4185565114021301], [-0.020178642123937607, 0.5081226229667664, 0.07220853120088577, -0.0670200064778328, 0.9976477026939392, 0.014399934560060501, -0.9943363070487976, 0.05399808660149574, 0.44300922751426697, 0.01793528161942959, -1.0001435279846191, -0.9988673329353333, -0.999491274356842, -0.6000000238418579, -0.0597073994576931, -0.9399487376213074, -0.7529090642929077, -1.0, -0.9983722567558289, -1.0, -0.9960334897041321, -0.2794717252254486, 0.19654354453086853, -0.578598141670227, -0.2889275848865509, -0.14639222621917725, -0.9009215235710144, -0.783440351486206, -0.5139039158821106, -0.4185565114021301], [-0.08895175904035568, 0.5292539000511169, 0.04380236938595772, -0.9385545253753662, -0.10408087819814682, -0.3290632665157318, -0.9971311092376709, 0.0863686352968216, 0.5325742363929749, -0.05935706943273544, -1.0011042356491089, -0.9999846816062927, -1.000525951385498, -0.6000000238418579, 0.0005796253099106252, -0.9770382046699524, -0.8628501892089844, -0.672308087348938, -0.9978511333465576, -1.0, -0.991182804107666, -0.24061550199985504, 0.01607249118387699, -0.578598141670227, -0.2889275848865509, -0.14639222621917725, -0.9009215235710144, -0.783440351486206, -0.5139039158821106, -0.4185565114021301], [0.14725404977798462, 