{"n_joints": 23, "joint_descriptions": [[-0.004693605471402407, 0.07073882222175598, 0.6587676405906677, 0.022147612646222115, 0.01482325978577137, 0.9996448159217834, -0.9963555932044983, -0.011265304870903492, 0.023446448147296906, 0.7733845114707947, -1.0002061128616333, -0.9999592900276184, -1.0000003576278687, -0.6000000238418579, 0.002815846586599946, -0.991443395614624, -0.8151758313179016, -1.0, -0.9920157790184021, -0.9303116798400879, -0.989356279373169, -0.23927240073680878, 0.279247909784317, -0.585576593875885, -0.29478946328163147, -0.16452021896839142, -0.8941522836685181, -0.7886518239974976, -0.5323482751846313, -0.38951289653778076], [-0.027183523401618004, 0.08381756395101547, 0.8004910945892334, 0.017122196033596992, -0.9997513294219971, 0.014288305304944515, -0.9953038096427917, 0.024958418682217598, 0.12517252564430237, 1.0, -0.9997584819793701, -0.9984162449836731, -0.9997186064720154, -1.0, 0.004517555236816406, -0.9898689389228821, -0.8985434770584106, -1.0, -0.9921724796295166, -0.9666381478309631, -0.9912711381912231, -0.18836666643619537, 0.04992163926362991, -0.585576593875885, -0.29478946328163147, -0.16452021896839142, -0.8941522836685181, -0.7886518239974976, -0.5323482751846313, -0.38951289653778076], [-0.005326344631612301, 0.5347458124160767, 0.6543893218040466, -0.012772124260663986, 0.9999184608459473, -2.6245830667903647e-05, -0.996078610420227, -0.013655821792781353, 0.7585810422897339, 0.6652296185493469, -1.000910997390747, -1.0001037120819092, -0.9998874068260193, -0.6000000238418579, 0.0011080451076850295, -0.9672476649284363, -0.7757391333580017, -0.7599124312400818, -0.9915866851806641, -0.9917623996734619, -0.9940943717956543, -0.5169810056686401, 0.15373487770557404, -0.585576593875885, -0.29478946328163147, -0.16452021896839142, -0.8941522836685181, -0.7886518239974976, -0.5323482751846313, -0.38951289653778076], [-0.009330591186881065, 0.7198472023010254, 0.6730237007141113, -0.9999839663505554, -0.0019486856181174517, 0.005322236567735672, -0.9989247918128967, -0.06723476201295853, 0.7186829447746277, 0.5689935684204102, -1.000283122062683, -1.0000182390213013, -0.9999735951423645, -0.6000000238418579, 0.21778450906276703, -0.9704901576042175, -0.6321578621864319, -1.0, -0.9924901723861694, -1.0, -0.9930317401885986, -0.24173623323440552, 0.26819077134132385, -0.585576593875885, -0.29478946328163147, -0.16452021896839142, -0.8941522836685181, -0.7886518239974976, -0.5323482751846313, -0.38951289653778076], [-0.00642996234819293, 0.7349722385406494, 0.4917182922363281, 0.019043156877160072, -0.17425298690795898, 0.9845167398452759, -0.9943268895149231, 0.07100212574005127, 0.8139527440071106, 0.19739903509616852, -0.99900883436203, -0.9913204312324524, -0.9980921745300293, -0.6000000238418579, 0.0008739433833397925, -0.9729131460189819, -0.6691276431083679, -1.0, -0.9912126064300537, -1.0, -0.9940953254699707, -0.35619956254959106, 0.3101942837238312, -0.585576593875885, -0.29478946328163147, -0.16452021896839142, -0.8941522836685181, -0.7886518239974976, -0.5323482751846313, -0.38951289653778076], [-0.05238443240523338, 0.8662305474281311, 0.011773607693612576, 0.01710975170135498, 0.9896189570426941, 0.14269386231899261, -0.9976695775985718, 0.3634575605392456, 0.9329430460929871, -0.3445155620574951, -0.99957674741745, -0.9934321641921997, -0.9986631274223328, -1.0, -0.0601804181933403, -0.9702093005180359, -0.665245532989502, -0.19958056509494781, -0.9925934672355652, -1.0, -0.9970146417617798, -0.33686506748199463, 0.001728454721160233, -0.585576593875885, -0.29478946328163147, -0.16452021896839142, -0.8941522836685181, -0.7886518239974976, -0.5323482751846313, -0.38951289653778076], [-0.08481356501579285, -0.44568702578544617, 0.6493465304374695, -0.0393478162586689, -0.9991929531097412, -0.008071281015872955, -0.9968929290771484, -0.04079282656311989, -0.6562790870666504, 0.6766698956489563, -1.000907063484192, -1.0000574588775635, -0.9998390078544617, -0.6000000238418579, -0.0025962665677070618, -0.9784550666809082, -0.81717848777771, -0.34456196427345276, -0.992558479309082, -1.0, -0.9897778034210205, -0.19094380736351013, 0.5055545568466187, -0.585576593875885, -0.29478946328163147, -0.16452021896839142, -0.8941522836685181, -0.7886518239974976, -0.5323482751846313, -0.38951289653778076], [-0.00742509076371789, -0.6556907296180725, 0.6445164084434509, -0.9984003901481628, 0.031787823885679245, 0.04675714299082756, -0.9989086389541626, 0.05573168769478798, -0.6757709383964539, 0.5426632761955261, -1.0002639293670654, -1.0000184774398804, -1.0000144243240356, -0.6000000238418579, -0.21443012356758118, -0.9675896167755127, -0.891064465045929, -0.2006199061870575, -0.9917899370193481, -1.0, -0.9949399828910828, -0.26825395226478577, 0.23978687822818756, -0.585576593875885, -0.29478946328163147, -0.16452021896839142, -0.8941522836685181, -0.7886518239974976, -0.5323482751846313, -0.38951289653778076], [-0.045966699719429016, -0.7200433015823364, 0.430715948343277, 0.008211378939449787, 0.1655174195766449, 0.9861726760864258, -0.9931809306144714, -0.09577769786119461, -0.798331618309021, 0.13965122401714325, -1.000388741493225, -1.01090669631958, -0.997183084487915, -0.6000000238418579, 0.0007753344252705574, -0.9865816235542297, -0.8640087246894836, -1.0, -0.9920879006385803, -0.9796371459960938, -0.994621217250824, -0.34464070200920105, 0.33574041724205017, -0.585576593875885, -0.29478946328163147, -0.16452021896839142, -0.8941522836685181, -0.7886518239974976, -0.5323482751846313, -0.38951289653778076], [-0.022403599694371223, -0.808125913143158, -0.10096237808465958, -0.050934650003910065, -0.9798739552497864, 0.19300968945026398, -0.9977210760116577, 0.40957513451576233, -0.8965391516685486, -0.47105956077575684, -1.0000065565109253, -1.0057657957077026, -0.998630702495575, -1.0, 0.06172853335738182, -0.9790584444999695, -0.7129025459289551, -0.91184401512146, -0.9914243221282959, -1.0, -0.9978225827217102, -0.026208421215415, 0.37139594554901123, -0.585576593875885, -0.29478946328163147, -0.16452021896839142, -0.8941522836685181, -0.7886518239974976, -0.5323482751846313, -0.38951289653778076], [0.030243245884776115, 0.04191587120294571, 0.027821945026516914, -0.007824820466339588, -0.01864960789680481, 0.9997954368591309, -0.9768201112747192, 0.1391262710094452, 0.03647049516439438, 0.03779711201786995, -1.000051736831665, -0.9951815605163574, -0.999676525592804, -0.20000000298023224, 0.007859501987695694, -0.9650914072990417, -0.796126663684845, -1.0, -0.9950741529464722, -0.9388807415962219, -0.9935896992683411, -0.21896345913410187, 0.24570073187351227, -0.585576593875885, -0.29478946328163147, -0.16452021896839142, -0.8941522836685181, -0.7886518239974976, -0.5323482751846313, -0.38951289653778076], [-0.036659933626651764, 0.5064521431922913, 0.05118510127067566, -0.04402725026011467, 0.9990243911743164, -0.0034529378172010183, -0.9936559796333313, 0.04576287791132927, 0.44501158595085144, 0.00345326354727149, -1.0000998973846436, -0.9990214109420776, -0.9995084404945374, -0.6000000238418579, -0.06118543818593025, -0.934676468372345, -0.7589800357818604, -1.0, -0.997428834438324, -1.0, -0.9953505992889404, -0.28057000041007996, 0.20259155333042145, -0.585576593875885, -0.29478946328163147, -0.16452021896839142, -0.8941522836685181, -0.7886518239974976, -0.5323482751846313, -0.38951289653778076], [-0.08603741973638535, 0.5231288075447083, 0.01919262483716011, -0.9151761531829834, -0.10900545865297318, -0.38803401589393616, -0.996916651725769, 0.09035442024469376, 0.522663950920105, -0.08143651485443115, -1.00095796585083, -1.0000572204589844, -1.000506043434143, -0.6000000238418579, -8.472399349557236e-05, -0.9733835458755493, -0.8547695279121399, -0.7787102460861206, -0.9969029426574707, -1.0, -0.9915832281112671, -0.24137887358665466, 0.021883592009544373, -0.585576593875885, -0.29478946328163147, -0.16452021896839142, -0.8941522836685181, -0.7886518239974976, -0.5323482751846313, 