{"n_joints": 23, "joint_descriptions": [[-0.05889490991830826, -0.03450818359851837, 0.6798878908157349, -0.0037282707635313272, 0.0014583069132640958, 0.9999920129776001, -0.9977908134460449, -0.06575378030538559, -0.06801647692918777, 0.7902790904045105, -0.9999970197677612, -0.999970018863678, -0.9999651908874512, -0.6000000238418579, 0.00375546352006495, -0.9919452667236328, -0.8605916500091553, -0.8527545928955078, -0.9931938648223877, -1.0, -0.9943317770957947, -0.238832488656044, 0.22366909682750702, -0.6963402628898621, -0.3975059390068054, -0.5935629606246948, -0.9317840933799744, -0.7887129783630371, -0.82381272315979, -0.11376329511404037], [-0.05960961803793907, -0.026355167850852013, 0.8085429072380066, 0.02327120304107666, -0.999718964099884, 0.004525330383330584, -0.996961236000061, -0.017418967559933662, -0.03892459720373154, 0.9923662543296814, -0.9998238682746887, -1.0001192092895508, -0.9995346069335938, -1.0, 0.0014020975213497877, -0.9920907616615295, -0.8626222014427185, -0.914643406867981, -0.9923277497291565, -0.9566782712936401, -0.9944348335266113, -0.18116049468517303, 0.05507553368806839, -0.6963402628898621, -0.3975059390068054, -0.5935629606246948, -0.9317840933799744, -0.7887129783630371, -0.82381272315979, -0.11376329511404037], [-0.07802168279886246, 0.45248013734817505, 0.6389966011047363, 0.0016499478369951248, 0.9999977946281433, -0.0012924777111038566, -0.9973088502883911, -0.07363373041152954, 0.6609737277030945, 0.6392590999603271, -1.000010371208191, -1.0000702142715454, -0.9998258352279663, -0.6000000238418579, -0.005720195360481739, -0.9786819815635681, -0.8042953610420227, -0.9150302410125732, -0.9919472932815552, -0.9896093010902405, -0.9947740435600281, -0.5252832174301147, 0.18608148396015167, -0.6963402628898621, -0.3975059390068054, -0.5935629606246948, -0.9317840933799744, -0.7887129783630371, -0.82381272315979, -0.11376329511404037], [-0.06312955915927887, 0.6688875555992126, 0.6384181380271912, -0.9992333650588989, 0.01180985476821661, -0.037325259298086166, -0.9991970062255859, -0.07225669175386429, 0.6983321309089661, 0.605176568031311, -1.0000008344650269, -0.9999568462371826, -0.9999442100524902, -0.6000000238418579, 0.21588961780071259, -0.9762618541717529, -0.8179426193237305, -1.0, -0.9931736588478088, -1.0, -0.9952667951583862, -0.24120508134365082, 0.2608485519886017, -0.6963402628898621, -0.3975059390068054, -0.5935629606246948, -0.9317840933799744, -0.7887129783630371, -0.82381272315979, -0.11376329511404037], [-0.0459841713309288, 0.7106521129608154, 0.5856564044952393, -0.029564807191491127, -0.17515909671783447, 0.9840961694717407, -0.9954675436019897, -0.06914038956165314, 0.7762019038200378, 0.5061154365539551, -0.9985886216163635, -0.9998685121536255, -0.9998006224632263, -0.6000000238418579, 0.0014975604135543108, -0.9818229675292969, -0.7774268388748169, -0.8988154530525208, -0.9939064383506775, -1.0, -0.9962879419326782, -0.35473883152008057, 0.33044907450675964, -0.6963402628898621, -0.3975059390068054, -0.5935629606246948, -0.9317840933799744, -0.7887129783630371, -0.82381272315979, -0.11376329511404037], [-0.021051529794931412, 0.8419641852378845, 0.45430463552474976, -0.004658577498048544, 0.9899990558624268, 0.14099715650081635, -0.9984349608421326, 0.13032087683677673, 0.9297806620597839, 0.3674810826778412, -0.9991765022277832, -0.9999927878379822, -0.9995650053024292, -1.0, -0.06097071245312691, -0.9764737486839294, -0.8082650303840637, -0.7480849623680115, -0.9915886521339417, -0.9704061150550842, -0.9947074055671692, -0.3755001425743103, -0.018384499475359917, -0.6963402628898621, -0.3975059390068054, -0.5935629606246948, -0.9317840933799744, -0.7887129783630371, -0.82381272315979, -0.11376329511404037], [-0.11184955388307571, -0.5391450524330139, 0.6437031030654907, 0.03028092347085476, -0.9994894862174988, 0.01018735021352768, -0.9974640607833862, -0.12239329516887665, -0.7140562534332275, 0.6453402042388916, -1.0000077486038208, -1.000070333480835, -0.9998331069946289, -0.6000000238418579, -0.002435453003272414, -0.9728529453277588, -0.7578757405281067, -0.9154654145240784, -0.9934743046760559, -1.0, -0.9931896924972534, -0.18912062048912048, 0.49343371391296387, -0.6963402628898621, -0.3975059390068054, -0.5935629606246948, -0.9317840933799744, -0.7887129783630371, -0.82381272315979, -0.11376329511404037], [-0.1533849835395813, -0.7147262692451477, 0.6466416716575623, -0.9995267987251282, 0.012926140800118446, 0.027912968769669533, -0.9993250966072083, -0.1452406942844391, -0.7692427039146423, 0.612781822681427, -1.0000048875808716, -1.000052809715271, -1.0000313520431519, -0.6000000238418579, -0.21621711552143097, -0.9784654378890991, -0.8261532783508301, -0.7968738675117493, -0.9935513734817505, -0.8499681949615479, -0.995540976524353, -0.2674180567264557, 0.2342991828918457, -0.6963402628898621, -0.3975059390068054, -0.5935629606246948, -0.9317840933799744, -0.7887129783630371, -0.82381272315979, -0.11376329511404037], [-0.13247866928577423, -0.7552791237831116, 0.5958426594734192, 0.010727833956480026, 0.17041140794754028, 0.9853146076202393, -0.9956948757171631, -0.1368703842163086, -0.8385143876075745, 0.5161569118499756, -0.9985609650611877, -1.0001416206359863, -1.0001420974731445, -0.6000000238418579, -0.0026419011410325766, -0.9820944666862488, -0.7825411558151245, -1.0, -0.9933383464813232, -0.6411283016204834, -0.9944820404052734, -0.3404078185558319, 0.360774964094162, -0.6963402628898621, -0.3975059390068054, -0.5935629606246948, -0.9317840933799744, -0.7887129783630371, -0.82381272315979, -0.11376329511404037], [-0.1456701159477234, -0.8259523510932922, 0.4639791250228882, -0.044522468000650406, -0.9860382676124573, 0.16045667231082916, -0.9982743263244629, -0.003793406067416072, -0.960004448890686, 0.37475112080574036, -0.9990114569664001, -1.0000401735305786, -0.9996363520622253, -1.0, 0.06295867264270782, -0.977051854133606, -0.8145660161972046, -0.9635523557662964, -0.9934797286987305, -1.0, -0.9952153563499451, 0.0033345790579915047, 0.3630264103412628, -0.6963402628898621, -0.3975059390068054, -0.5935629606246948, -0.9317840933799744, -0.7887129783630371, -0.82381272315979, -0.11376329511404037], [-0.013464545831084251, -0.008258968591690063, 0.0035799997858703136, 0.005865263286978006, 0.0025761520955711603, 0.9999794960021973, -0.98692786693573, 0.021814893931150436, 0.012759615667164326, 0.021442798897624016, -0.9997974038124084, -0.9999619722366333, -0.9985705614089966, -0.20000000298023224, 0.0005360704381018877, -0.9654179811477661, -0.8714025616645813, -0.9682342410087585, -0.9920266270637512, -1.0, -0.9932419657707214, -0.24344968795776367, 0.2395465224981308, -0.6963402628898621, -0.3975059390068054, -0.5935629606246948, -0.9317840933799744, -0.7887129783630371, -0.82381272315979, -0.11376329511404037], [-0.007265976630151272, 0.5095072388648987, -0.0013684387085959315, -0.01385929062962532, 0.9998499751091003, -0.010391343384981155, -0.9950612783432007, 0.06018529087305069, 0.4586485028266907, -0.030787227675318718, -0.9998944401741028, -1.0001239776611328, -0.9996587634086609, -0.6000000238418579, -0.05934217572212219, -0.9471341371536255, -0.8492702841758728, -0.8114267587661743, -0.993364691734314, -0.7440108060836792, -0.9943853616714478, -0.28521934151649475, 0.2467120885848999, -0.6963402628898621, -0.3975059390068054, -0.5935629606246948, -0.9317840933799744, -0.7887129783630371, -0.82381272315979, -0.11376329511404037], [0.028849879279732704, 0.4890856444835663, -0.04045219346880913, -0.9371083378791809, 0.005818350240588188, -0.3489900827407837, -0.9980514049530029, 0.22118797898292542, 0.5221202969551086, -0.12892180681228638, -1.0000535249710083, -0.9997746348381042, -0.9998713135719299, -0.6000000238418579, -0.002776445122435689, -0.9691452383995056, -0.9066894054412842, -0.8033621311187744, -0.9942041635513306, -1.0, -0.9951886534690857, -0.23393259942531586, 0.01606474630534649, -0.6963402628898621, -0.3975059390068054, 