{"n_joints": 23, "joint_descriptions": [[-0.11325236409902573, -0.0005306942039169371, 0.6921595335006714, 0.003519228659570217, 0.002446718281134963, 0.9999908208847046, -0.9983621835708618, -0.11883294582366943, -0.009494265541434288, 0.8006600737571716, -1.0000108480453491, -0.999991774559021, -0.9999890923500061, -0.6000000238418579, -0.0008587407064624131, -0.992188572883606, -0.8693039417266846, -0.9129785299301147, -0.9932484030723572, -0.9922506213188171, -0.9949412941932678, -0.24448560178279877, 0.24597910046577454, -0.7336795330047607, -0.4577270746231079, -0.40381672978401184, -0.9476297497749329, -0.8306191563606262, -0.7188505530357361, -0.31070035696029663], [-0.11617939174175262, -0.001879862044006586, 0.8069192171096802, -0.003740426152944565, -0.9999929070472717, 0.0004566434945445508, -0.9976556301116943, -0.07013845443725586, -0.0019774064421653748, 0.995944619178772, -0.9999585151672363, -0.9999309182167053, -0.9998492002487183, -1.0, 0.0007957142661325634, -0.9921406507492065, -0.8764752149581909, -0.9198961853981018, -0.993380069732666, -1.0, -0.9951820969581604, -0.18763598799705505, 0.053191717714071274, -0.7336795330047607, -0.4577270746231079, -0.40381672978401184, -0.9476297497749329, -0.8306191563606262, -0.7188505530357361, -0.31070035696029663], [-0.12951694428920746, 0.46523991227149963, 0.6467569470405579, 0.002041261876001954, 0.999997079372406, 0.0013082385994493961, -0.9980204701423645, -0.13838611543178558, 0.6662489175796509, 0.6468786001205444, -1.0000702142715454, -1.0000200271606445, -0.9999657869338989, -0.6000000238418579, 0.0015966950450092554, -0.9790120720863342, -0.8079729676246643, -0.8805199265480042, -0.993130624294281, -1.0, -0.9948655962944031, -0.505073070526123, 0.18820467591285706, -0.7336795330047607, -0.4577270746231079, -0.40381672978401184, -0.9476297497749329, -0.8306191563606262, -0.7188505530357361, -0.31070035696029663], [-0.12108778208494186, 0.6717454791069031, 0.6464071869850159, -0.9999618530273438, 0.00043485561036504805, 0.008726147003471851, -0.9994086027145386, -0.08717456459999084, 0.698660671710968, 0.580840528011322, -1.000017523765564, -0.9999926686286926, -0.9999845027923584, -0.6000000238418579, 0.21489958465099335, -0.9793620705604553, -0.8178836107254028, -0.9529422521591187, -0.9934902787208557, -0.9822548627853394, -0.9952269792556763, -0.24222935736179352, 0.2671770453453064, -0.7336795330047607, -0.4577270746231079, -0.40381672978401184, -0.9476297497749329, -0.8306191563606262, -0.7188505530357361, -0.31070035696029663], [-0.11192558705806732, 0.7230902314186096, 0.5369257926940918, 0.008865559473633766, -0.173845112323761, 0.9847331047058105, -0.9961268901824951, -0.11177301406860352, 0.7827901244163513, 0.38436976075172424, -0.9996681809425354, -0.999302089214325, -0.9998345375061035, -0.6000000238418579, -0.00014854861365165561, -0.9787551760673523, -0.8076617121696472, -0.8955689072608948, -0.9932047724723816, -1.0, -0.9947390556335449, -0.34957489371299744, 0.35353729128837585, -0.7336795330047607, -0.4577270746231079, -0.40381672978401184, -0.9476297497749329, -0.8306191563606262, -0.7188505530357361, -0.31070035696029663], [-0.10895444452762604, 0.8413941264152527, 0.2773750424385071, 0.008230737410485744, 0.985634446144104, 0.16869202256202698, -0.9987662434577942, 0.1942174732685089, 0.9183404445648193, 0.09757006913423538, -0.999817967414856, -0.9995826482772827, -0.9998351335525513, -1.0, -0.06167905405163765, -0.9790285229682922, -0.8009098172187805, -0.9398259520530701, -0.9933817386627197, -1.0, -0.995334804058075, -0.373190313577652, 0.004864057060331106, -0.7336795330047607, -0.4577270746231079, -0.40381672978401184, -0.9476297497749329, -0.8306191563606262, -0.7188505530357361, -0.31070035696029663], [-0.14307689666748047, -0.46361082792282104, 0.6430633664131165, 0.003954778425395489, -0.9999479651451111, 0.009401064366102219, -0.9980522394180298, -0.14750072360038757, -0.6667597889900208, 0.6422920227050781, -1.0000706911087036, -1.0000205039978027, -0.999966025352478, -0.6000000238418579, -0.0012944594491273165, -0.9805036187171936, -0.821266233921051, -0.9791037440299988, -0.9933894276618958, -1.0, -0.9954126477241516, -0.18875020742416382, 0.5123721361160278, -0.7336795330047607, -0.4577270746231079, -0.40381672978401184, -0.9476297497749329, -0.8306191563606262, -0.7188505530357361, -0.31070035696029663], [-0.1360999494791031, -0.6682022213935852, 0.6429654955863953, -0.9998485445976257, -0.006866107694804668, 0.015993325039744377, -0.9993882775306702, -0.11879618465900421, -0.7026962637901306, 0.5762805938720703, -1.000019907951355, -1.000011920928955, -1.0000100135803223, -0.6000000238418579, -0.21405600011348724, -0.9793151021003723, -0.8140815496444702, -0.9440770149230957, -0.993445873260498, -1.0, -0.9950394034385681, -0.2676731050014496, 0.24131549894809723, -0.7336795330047607, -0.4577270746231079, -0.40381672978401184, -0.9476297497749329, -0.8306191563606262, -0.7188505530357361, -0.31070035696029663], [-0.15403813123703003, -0.7189860343933105, 0.5353588461875916, 0.022792181000113487, 0.1781008541584015, 0.9837482571601868, -0.9961159825325012, -0.17234446108341217, -0.7861248254776001, 0.3839624524116516, -0.9996696710586548, -1.0007003545761108, -0.9999270439147949, -0.6000000238418579, 0.0007468840340152383, -0.9786842465400696, -0.8074458837509155, -0.9002877473831177, -0.9932597875595093, -1.0, -0.995138943195343, -0.34952512383461, 0.34736618399620056, -0.7336795330047607, -0.4577270746231079, -0.40381672978401184, -0.9476297497749329, -0.8306191563606262, -0.7188505530357361, -0.31070035696029663], [-0.17872938513755798, -0.8341662287712097, 0.2740457057952881, 0.0069573610089719296, -0.983781635761261, 0.1792353391647339, -0.998796284198761, 0.11022629588842392, -0.9122142791748047, 0.09225177019834518, -0.9998053312301636, -1.0004218816757202, -0.9998654127120972, -1.0, 0.06106289103627205, -0.9803715348243713, -0.8180018067359924, -0.9192802906036377, -0.9934502840042114, -1.0, -0.9951813220977783, -0.0026353425346314907, 0.3768673241138458, -0.7336795330047607, -0.4577270746231079, -0.40381672978401184, -0.9476297497749329, -0.8306191563606262, -0.7188505530357361, -0.31070035696029663], [-0.12023232877254486, -0.009637580253183842, 0.004121661651879549, 0.0016443878412246704, 0.0019893127027899027, 0.9999966621398926, -0.9906201958656311, -0.10328441113233566, -0.013502021320164204, 0.019166061654686928, -1.0000078678131104, -0.9997203946113586, -0.9996309280395508, -0.20000000298023224, 0.001117929583415389, -0.9662665128707886, -0.8886237740516663, -0.9082903861999512, -0.9934493899345398, -1.0, -0.9953904151916504, -0.24066680669784546, 0.24225369095802307, -0.7336795330047607, -0.4577270746231079, -0.40381672978401184, -0.9476297497749329, -0.8306191563606262, -0.7188505530357361, -0.31070035696029663], [-0.13052807748317719, 0.45414379239082336, 0.0047557116486132145, -0.004904865752905607, 0.9999770522117615, 0.004666996654123068, -0.9962028861045837, -0.06882886588573456, 0.42281004786491394, -0.026499595493078232, -1.0000063180923462, -0.9999663233757019, -0.9998718500137329, -0.6000000238418579, -0.06430709362030029, -0.9478630423545837, -0.8714807629585266, -0.8805671334266663, -0.9930819272994995, -1.0, -0.9953107237815857, -0.27857279777526855, 0.24038277566432953, -0.7336795330047607, -0.4577270746231079, -0.40381672978401184, -0.9476297497749329, -0.8306191563606262, -0.7188505530357361, -0.31070035696029663], [-0.0537821501493454, 0.450418084859848, -0.031109843403100967, -0.912268877029419, -0.011087301187217236, -0.4094417095184326, -0.9985626935958862, 0.11957991868257523, 0.44918230175971985, -0.12539315223693848, -1.000091314315796, -0.9999576807022095, -0.9999986290931702, -0.6000000238418579, 0.0005083928699605167, -0.965011715888977, -0.8818814754486084, -0.8787991404533386, -0.9930267930030823, -1.0, -0.995158851146698, -0.24075141549110413, 0.03418241813778877, -0.7336795330047607, 