{"n_joints": 23, "joint_descriptions": [[-0.17407944798469543, -0.03921779245138168, 0.684692919254303, 0.009027116000652313, -0.010355780832469463, 0.9999056458473206, -0.9984086751937866, -0.1724017709493637, -0.05586179345846176, 0.7997434139251709, -1.000000238418579, -0.9999876022338867, -0.9999765753746033, -0.6000000238418579, -0.00039669551188126206, -0.9913984537124634, -0.8872213959693909, -1.0, -0.9930184483528137, -0.9669700860977173, -0.9957239627838135, -0.23313632607460022, 0.24074000120162964, -0.7271670699119568, -0.5028501749038696, -0.5308046340942383, -0.9482827186584473, -0.8176734447479248, -0.8231619596481323, -0.19235803186893463], [-0.1757405549287796, -0.0479038842022419, 0.8061366081237793, -0.011803163215517998, -0.9999271035194397, -0.0025414545089006424, -0.9976562857627869, -0.13799618184566498, -0.02775689586997032, 0.9991833567619324, -0.9999364614486694, -1.0000581741333008, -0.9996998310089111, -1.0, -0.0016587551217526197, -0.9914649128913879, -0.8776977062225342, -0.8626931309700012, -0.9937118887901306, -1.0, -0.9953445196151733, -0.18317237496376038, 0.05117041617631912, -0.7271670699119568, -0.5028501749038696, -0.5308046340942383, -0.9482827186584473, -0.8176734447479248, -0.8231619596481323, -0.19235803186893463], [-0.2132415473461151, 0.4691237211227417, 0.6389296054840088, 0.011977581307291985, 0.9998833537101746, 0.009476291947066784, -0.9980992674827576, -0.2018924355506897, 0.659977912902832, 0.639324426651001, -1.0000101327896118, -1.0000479221343994, -0.9999334216117859, -0.6000000238418579, -0.0011454769410192966, -0.9818322062492371, -0.8019331097602844, -1.0, -0.9941418170928955, -1.0, -0.9957923293113708, -0.5085107684135437, 0.18797720968723297, -0.7271670699119568, -0.5028501749038696, -0.5308046340942383, -0.9482827186584473, -0.8176734447479248, -0.8231619596481323, -0.19235803186893463], [-0.22307398915290833, 0.6757436990737915, 0.6406440734863281, -0.9999805092811584, 0.004948083311319351, -0.0038047104608267546, -0.9994049072265625, -0.20147135853767395, 0.7059077620506287, 0.5975165367126465, -1.0000011920928955, -0.9999852180480957, -0.9999669790267944, -0.6000000238418579, 0.21614627540111542, -0.9797011017799377, -0.798452615737915, -0.8328534960746765, -0.9925119280815125, -1.0, -0.995143473148346, -0.24176861345767975, 0.2632425129413605, -0.7271670699119568, -0.5028501749038696, -0.5308046340942383, -0.9482827186584473, -0.8176734447479248, -0.8231619596481323, -0.19235803186893463], [-0.23825879395008087, 0.7120053768157959, 0.5833771228790283, -0.009311621077358723, -0.1710616499185562, 0.9852163195610046, -0.9962553381919861, -0.23800954222679138, 0.7978521585464478, 0.49548524618148804, -0.9993584156036377, -0.9999207854270935, -0.9998876452445984, -0.6000000238418579, 0.0018978366861119866, -0.9792652130126953, -0.8264031410217285, -0.8923338055610657, -0.992855966091156, -0.8758278489112854, -0.995213508605957, -0.3469023108482361, 0.34782424569129944, -0.7271670699119568, -0.5028501749038696, -0.5308046340942383, -0.9482827186584473, -0.8176734447479248, -0.8231619596481323, -0.19235803186893463], [-0.25533661246299744, 0.8274881839752197, 0.4293898642063141, -0.01556363608688116, 0.9853191375732422, 0.17001181840896606, -0.9988245964050293, -0.05961792916059494, 0.9076610207557678, 0.32314005494117737, -0.9996246695518494, -0.9999730587005615, -0.9997923374176025, -1.0, -0.062078703194856644, -0.9814242124557495, -0.8333513736724854, -0.9452122449874878, -0.993760883808136, -0.8746899962425232, -0.9944307804107666, -0.3840956389904022, -0.001094647217541933, -0.7271670699119568, -0.5028501749038696, -0.5308046340942383, -0.9482827186584473, -0.8176734447479248, -0.8231619596481323, -0.19235803186893463], [-0.21869872510433197, -0.5014426112174988, 0.6410331130027771, 0.00321011058986187, -0.9999940395355225, 0.0012799163814634085, -0.9979643821716309, -0.22385162115097046, -0.7221906781196594, 0.6389211416244507, -1.0000094175338745, -1.0000498294830322, -0.9999285340309143, -0.6000000238418579, 0.0010236871894448996, -0.9793955087661743, -0.8151086568832397, -0.7978496551513672, -0.9936928749084473, -1.0, -0.9951096773147583, -0.18810410797595978, 0.5101578831672668, -0.7271670699119568, -0.5028501749038696, -0.5308046340942383, -0.9482827186584473, -0.8176734447479248, -0.8231619596481323, -0.19235803186893463], [-0.225042924284935, -0.7280950546264648, 0.6436020135879517, -0.9999725222587585, 0.0055566392838954926, -0.004901915788650513, -0.9994025230407715, -0.18304964900016785, -0.7611148953437805, 0.6054978370666504, -1.0000035762786865, -1.000025749206543, -1.0000256299972534, -0.6000000238418579, -0.2178501933813095, -0.9787770509719849, -0.8058781027793884, -1.0, -0.9935922026634216, -1.0, -0.9947385787963867, -0.26943108439445496, 0.24789954721927643, -0.7271670699119568, -0.5028501749038696, -0.5308046340942383, -0.9482827186584473, -0.8176734447479248, -0.8231619596481323, -0.19235803186893463], [-0.2308419644832611, -0.7469407916069031, 0.5830535292625427, -0.007398730609565973, 0.1509413719177246, 0.9885150194168091, -0.9962018728256226, -0.22970345616340637, -0.796895444393158, 0.49856799840927124, -0.9993436336517334, -1.0001133680343628, -1.0000641345977783, -0.6000000238418579, 0.0011653926922008395, -0.9794416427612305, -0.8009350299835205, -1.0, -0.9931436777114868, -0.9005005359649658, -0.995176374912262, -0.35483455657958984, 0.3454134166240692, -0.7271670699119568, -0.5028501749038696, -0.5308046340942383, -0.9482827186584473, -0.8176734447479248, -0.8231619596481323, -0.19235803186893463], [-0.22000505030155182, -0.846698522567749, 0.43058398365974426, 0.0034159510396420956, -0.9866911172866821, 0.16256973147392273, -0.9988172054290771, -0.021340301260352135, -0.926213800907135, 0.32701095938682556, -0.9996130466461182, -1.0000433921813965, -0.9998533129692078, -1.0, 0.06340210884809494, -0.9775627255439758, -0.802890419960022, -0.961970329284668, -0.9935334920883179, -1.0, -0.9950229525566101, 0.008045087568461895, 0.378396213054657, -0.7271670699119568, -0.5028501749038696, -0.5308046340942383, -0.9482827186584473, -0.8176734447479248, -0.8231619596481323, -0.19235803186893463], [-0.15677839517593384, -0.019769946113228798, 0.0007296089897863567, 0.010593089275062084, 0.00978569220751524, 0.9998959898948669, -0.9900660514831543, -0.14052534103393555, -0.03731285035610199, 0.016324317082762718, -1.0000134706497192, -0.9999587535858154, -0.9991753101348877, -0.20000000298023224, 0.0026734855491667986, -0.9675237536430359, -0.8852562308311462, -1.0, -0.9924755692481995, -0.959624171257019, -0.9951428771018982, -0.23842675983905792, 0.24356840550899506, -0.7271670699119568, -0.5028501749038696, -0.5308046340942383, -0.9482827186584473, -0.8176734447479248, -0.8231619596481323, -0.19235803186893463], [-0.13332198560237885, 0.4792141616344452, 0.0026359620969742537, 0.0007070450228638947, 0.9999977946281433, -0.00197249511256814, -0.9962185621261597, -0.06855757534503937, 0.4240902066230774, -0.030427010729908943, -0.9999808669090271, -1.0000765323638916, -0.999800980091095, -0.6000000238418579, -0.06347491592168808, -0.9538933634757996, -0.882407546043396, -0.9078933596611023, -0.9940462708473206, -0.961389422416687, -0.9944491386413574, -0.27900588512420654, 0.24887272715568542, -0.7271670699119568, -0.5028501749038696, -0.5308046340942383, -0.9482827186584473, -0.8176734447479248, -0.8231619596481323, -0.19235803186893463], [-0.0674368143081665, 0.48548388481140137, -0.02887028641998768, -0.9142575263977051, -0.01206960715353489, -0.4049536883831024, -0.9985654950141907, 0.11442767828702927, 0.47768816351890564, -0.12045041471719742, -1.000046968460083, -0.9999109506607056, -0.9999275207519531, -0.6000000238418579, -0.0020656029228121042, -0.9650632739067078, -0.8910672068595886, -0.8281380534172058, -0.9930837154388428, -1.0, -0.99498450756073, -0.24744023382663727, 0.03244652599096298, -0.7271670699119568, -0.5028501749038696, -0.5308046340942383, 