{"n_joints": 23, "joint_descriptions": [[-0.20258104801177979, -0.04472807049751282, 0.6867774128913879, 0.007859764620661736, 0.00853110384196043, 0.9999327063560486, -0.9984719157218933, -0.20716743171215057, -0.05194126442074776, 0.8012670278549194, -1.0000004768371582, -0.99998939037323, -0.999978244304657, -0.6000000238418579, -0.0013532195007428527, -0.9913539886474609, -0.8888269662857056, -1.0, -0.9930831789970398, -0.9839875102043152, -0.9958546161651611, -0.23448044061660767, 0.24493853747844696, -0.7352168560028076, -0.5139402747154236, -0.49957695603370667, -0.9504181146621704, -0.82188880443573, -0.8128595352172852, -0.20794254541397095], [-0.2037273347377777, -0.053134046494960785, 0.8056234121322632, 0.003660934278741479, -0.9999687671661377, 0.007001278456300497, -0.9977429509162903, -0.16213424503803253, -0.030502600595355034, 1.0, -0.9999472498893738, -1.000056505203247, -0.9997323155403137, -1.0, -0.0019525745883584023, -0.9913853406906128, -0.8774487376213074, -0.9059710502624512, -0.9936954975128174, -1.0, -0.995309591293335, -0.18621808290481567, 0.05323902890086174, -0.7352168560028076, -0.5139402747154236, -0.49957695603370667, -0.9504181146621704, -0.82188880443573, -0.8128595352172852, -0.20794254541397095], [-0.23778517544269562, 0.46095070242881775, 0.6393786668777466, 0.005018581170588732, 0.999893307685852, -0.013718256726861, -0.9981924891471863, -0.23153439164161682, 0.6476917862892151, 0.6393980979919434, -1.000011682510376, -1.0000427961349487, -0.9999449253082275, -0.6000000238418579, 7.559749064967036e-05, -0.9817023873329163, -0.807354211807251, -1.0, -0.9943999648094177, -1.0, -0.9957795739173889, -0.5045111179351807, 0.18901315331459045, -0.7352168560028076, -0.5139402747154236, -0.49957695603370667, -0.9504181146621704, -0.82188880443573, -0.8128595352172852, -0.20794254541397095], [-0.24530892074108124, 0.6689335107803345, 0.6399832367897034, -0.9999610781669617, -0.0016737810801714659, 0.008659983053803444, -0.9994363188743591, -0.2142331749200821, 0.6999497413635254, 0.5945253372192383, -1.0000022649765015, -0.9999883770942688, -0.9999710917472839, -0.6000000238418579, 0.21539728343486786, -0.9805099964141846, -0.801132082939148, -0.7958783507347107, -0.9924628138542175, -1.0, -0.9950025677680969, -0.24079982936382294, 0.26618891954421997, -0.7352168560028076, -0.5139402747154236, -0.49957695603370667, -0.9504181146621704, -0.82188880443573, -0.8128595352172852, -0.20794254541397095], [-0.2634175717830658, 0.7141413688659668, 0.5789281129837036, 0.00035522886901162565, -0.1764717549085617, 0.9843056201934814, -0.9963119626045227, -0.2556320130825043, 0.7973512411117554, 0.48767271637916565, -0.9994553923606873, -0.9998959898948669, -0.9998872876167297, -0.6000000238418579, 0.001299247145652771, -0.9785969853401184, -0.8326780200004578, -0.8932168483734131, -0.9926319122314453, -0.8889855146408081, -0.9949288368225098, -0.34630459547042847, 0.3521587550640106, -0.7352168560028076, -0.5139402747154236, -0.49957695603370667, -0.9504181146621704, -0.82188880443573, -0.8128595352172852, -0.20794254541397095], [-0.28458333015441895, 0.823220431804657, 0.41681569814682007, -0.0225555207580328, 0.9862058162689209, 0.16397976875305176, -0.9988624453544617, -0.06907512992620468, 0.9060072898864746, 0.30429771542549133, -0.9996855854988098, -0.9999521970748901, -0.9998182654380798, -1.0, -0.0622212179005146, -0.9819433093070984, -0.8307794332504272, -0.9788408279418945, -0.9941062927246094, -0.9082463383674622, -0.994509220123291, -0.3837282657623291, 0.0032028602436184883, -0.7352168560028076, -0.5139402747154236, -0.49957695603370667, -0.9504181146621704, -0.82188880443573, -0.8128595352172852, -0.20794254541397095], [-0.23816116154193878, -0.4902142882347107, 0.6399380564689636, -0.004021776840090752, -0.9999914765357971, -0.0009369125473313034, -0.9980428218841553, -0.2405119240283966, -0.7138708233833313, 0.6382259130477905, -1.0000126361846924, -1.0000438690185547, -0.999940812587738, -0.6000000238418579, 0.0014774679439142346, -0.9806824922561646, -0.825840175151825, -0.8081000447273254, -0.9934589862823486, -1.0, -0.995490312576294, -0.1885623037815094, 0.5140418410301208, -0.7352168560028076, -0.5139402747154236, -0.49957695603370667, -0.9504181146621704, -0.82188880443573, -0.8128595352172852, -0.20794254541397095], [-0.23394952714443207, -0.7185268998146057, 0.6410698890686035, -0.9999968409538269, 0.0024208107497543097, -0.0006318482919596136, -0.9994057416915894, -0.18784169852733612, -0.7433797121047974, 0.6009461879730225, -1.0000040531158447, -1.00002121925354, -1.000024676322937, -0.6000000238418579, -0.2178180068731308, -0.979382336139679, -0.8018394112586975, -1.0, -0.9933538436889648, -1.0, -0.9945878386497498, -0.2671840488910675, 0.2499600648880005, -0.7352168560028076, -0.5139402747154236, -0.49957695603370667, -0.9504181146621704, -0.82188880443573, -0.8128595352172852, -0.20794254541397095], [-0.24975866079330444, -0.737499475479126, 0.5753025412559509, -0.0007539383950643241, 0.1552998572587967, 0.9878671169281006, -0.9962292909622192, -0.25551465153694153, -0.7855680584907532, 0.4870896637439728, -0.999444305896759, -1.000110387802124, -1.0000728368759155, -0.6000000238418579, 0.0019536642357707024, -0.9787265658378601, -0.8087886571884155, -0.9546714425086975, -0.9931293725967407, -0.9715724587440491, -0.9952922463417053, -0.35729724168777466, 0.3423127233982086, -0.7352168560028076, -0.5139402747154236, -0.49957695603370667, -0.9504181146621704, -0.82188880443573, -0.8128595352172852, -0.20794254541397095], [-0.24871353805065155, -0.8429897427558899, 0.4158032536506653, -0.012053212150931358, -0.9891370534896851, 0.1465010941028595, -0.9988850951194763, -0.03930730000138283, -0.9148458242416382, 0.30679816007614136, -0.9996834397315979, -1.000054121017456, -0.9998802542686462, -1.0, 0.06278426200151443, -0.9781796932220459, -0.8077075481414795, -0.9365257024765015, -0.9933273196220398, -1.0, -0.9949377179145813, 0.006324269343167543, 0.38155776262283325, -0.7352168560028076, -0.5139402747154236, -0.49957695603370667, -0.9504181146621704, -0.82188880443573, -0.8128595352172852, -0.20794254541397095], [-0.1945786327123642, -0.0318809375166893, -0.0001205473454319872, 0.016078460961580276, 0.002162916585803032, 0.9998683929443359, -0.9905232787132263, -0.18604405224323273, -0.05551087111234665, 0.013807716779410839, -1.0000325441360474, -0.9999527335166931, -0.9992663860321045, -0.20000000298023224, 0.0029634935781359673, -0.966749906539917, -0.890181303024292, -1.0, -0.9928495287895203, -0.9229658842086792, -0.9955145716667175, -0.23996666073799133, 0.24251817166805267, -0.7352168560028076, -0.5139402747154236, -0.49957695603370667, -0.9504181146621704, -0.82188880443573, -0.8128595352172852, -0.20794254541397095], [-0.1747177243232727, 0.4500046670436859, 0.003132138168439269, -0.02304724045097828, 0.999699592590332, 0.008340689353644848, -0.9963598847389221, -0.1100401058793068, 0.4041909873485565, -0.02970614656805992, -0.9999961853027344, -1.0000672340393066, -0.9998188614845276, -0.6000000238418579, -0.06429324299097061, -0.9532502889633179, -0.8869236707687378, -0.9340491890907288, -0.9938465356826782, -1.0, -0.9946392178535461, -0.27587440609931946, 0.2465732842683792, -0.7352168560028076, -0.5139402747154236, -0.49957695603370667, -0.9504181146621704, -0.82188880443573, -0.8128595352172852, -0.20794254541397095], [-0.10130219161510468, 0.4658621847629547, -0.02704400196671486, -0.9137368202209473, -0.016011280938982964, -0.4059910178184509, -0.9986379742622375, 0.07910392433404922, 0.45528411865234375, -0.12055936455726624, -1.0000464916229248, -0.9999290704727173, -0.9999356865882874, -0.6000000238418579, -0.0021080223377794027, -0.9640542268753052, -0.8865265250205994, -0.8730411529541016, -0.9928120970726013, -0.9779854416847229, -0.9949229955673218, -0.24945741891860962, 0.03618235141038895, -0.7352168560028076, -0.5139402747154236, -0.49957695603370667, -0.9504181146621704, 